clock_period_ns,netlists,engine,workload,zero_density,memory_id,memory_pj_per_bit,five_trit_compute_fj,five_trit_memory_fj,engine_compute_fj,engine_memory_fj,five_trit_total_fj_per_weight,engine_total_fj_per_weight,total_vs_five_trit_pct
2.50,default flow,bitcos_stream5_bank_fed,bitnet,0.4387,sram_8kb_45nm,0.156,296.163,249.600,302.290,243.588,545.763,545.878,+0.02
2.50,default flow,bitcos_stream5_bank_fed,bitnet,0.4387,sram_32kb_45nm,0.313,296.163,500.800,302.290,488.737,796.963,791.027,-0.74
2.50,default flow,bitcos_stream5_bank_fed,bitnet,0.4387,sram_1mb_45nm,1.563,296.163,2500.800,302.290,2440.562,2796.963,2742.852,-1.93
2.50,default flow,bitcos_stream5_bank_fed,bitnet,0.4387,sram_1mb_45nm_cacti,1.058,296.163,1692.800,302.290,1652.025,1988.963,1954.315,-1.74
2.50,default flow,bitcos_stream5_bank_fed,bitnet,0.4387,sram_32kb_7nm,0.133,296.163,212.800,302.290,207.674,508.963,509.964,+0.20
2.50,default flow,bitcos_stream5_bank_fed,bitnet,0.4387,sram_1mb_7nm,0.219,296.163,350.400,302.290,341.960,646.563,644.250,-0.36
2.50,default flow,bitcos_stream5_bank_fed,bitnet,0.4387,hbm2,3.97,296.163,6352.000,302.290,6198.996,6648.163,6501.286,-2.21
2.50,default flow,bitcos_stream5_bank_fed,bitnet,0.4387,hbm2_streamed,3.59,296.163,5744.000,302.290,5605.641,6040.163,5907.931,-2.19
2.50,default flow,bitcos_stream5_bank_fed,bitnet,0.4387,lpddr4_package,12,296.163,19200.000,302.290,18737.520,19496.163,19039.810,-2.34
2.50,default flow,bitcos_stream5_bank_fed,bitnet,0.4387,gddr5,14.0,296.163,22400.000,302.290,21860.440,22696.163,22162.730,-2.35
2.50,default flow,bitcos_stream5_bank_fed,bitnet,0.4387,dram_45nm_horowitz,30.5,296.163,48800.000,302.290,47624.530,49096.163,47926.820,-2.38
2.50,default flow,bitcos_stream5_bank_fed,bitnet,0.4387,ddr3_peak,70,296.163,112000.000,302.290,109302.200,112296.163,109604.490,-2.40
2.50,default flow,bitcos_stream5_bank_fed+repack,bitnet,0.4387,sram_8kb_45nm,0.156,296.163,249.600,345.272,243.588,545.763,588.860,+7.90
2.50,default flow,bitcos_stream5_bank_fed+repack,bitnet,0.4387,sram_32kb_45nm,0.313,296.163,500.800,345.272,488.737,796.963,834.009,+4.65
2.50,default flow,bitcos_stream5_bank_fed+repack,bitnet,0.4387,sram_1mb_45nm,1.563,296.163,2500.800,345.272,2440.562,2796.963,2785.834,-0.40
2.50,default flow,bitcos_stream5_bank_fed+repack,bitnet,0.4387,sram_1mb_45nm_cacti,1.058,296.163,1692.800,345.272,1652.025,1988.963,1997.297,+0.42
2.50,default flow,bitcos_stream5_bank_fed+repack,bitnet,0.4387,sram_32kb_7nm,0.133,296.163,212.800,345.272,207.674,508.963,552.946,+8.64
2.50,default flow,bitcos_stream5_bank_fed+repack,bitnet,0.4387,sram_1mb_7nm,0.219,296.163,350.400,345.272,341.960,646.563,687.232,+6.29
2.50,default flow,bitcos_stream5_bank_fed+repack,bitnet,0.4387,hbm2,3.97,296.163,6352.000,345.272,6198.996,6648.163,6544.268,-1.56
2.50,default flow,bitcos_stream5_bank_fed+repack,bitnet,0.4387,hbm2_streamed,3.59,296.163,5744.000,345.272,5605.641,6040.163,5950.913,-1.48
2.50,default flow,bitcos_stream5_bank_fed+repack,bitnet,0.4387,lpddr4_package,12,296.163,19200.000,345.272,18737.520,19496.163,19082.792,-2.12
2.50,default flow,bitcos_stream5_bank_fed+repack,bitnet,0.4387,gddr5,14.0,296.163,22400.000,345.272,21860.440,22696.163,22205.712,-2.16
2.50,default flow,bitcos_stream5_bank_fed+repack,bitnet,0.4387,dram_45nm_horowitz,30.5,296.163,48800.000,345.272,47624.530,49096.163,47969.802,-2.29
2.50,default flow,bitcos_stream5_bank_fed+repack,bitnet,0.4387,ddr3_peak,70,296.163,112000.000,345.272,109302.200,112296.163,109647.472,-2.36
2.50,default flow,bitcos_stream5_direct,bitnet,0.4387,sram_8kb_45nm,0.156,273.713,249.600,288.181,243.588,523.313,531.769,+1.62
2.50,default flow,bitcos_stream5_direct,bitnet,0.4387,sram_32kb_45nm,0.313,273.713,500.800,288.181,488.737,774.513,776.918,+0.31
2.50,default flow,bitcos_stream5_direct,bitnet,0.4387,sram_1mb_45nm,1.563,273.713,2500.800,288.181,2440.562,2774.513,2728.743,-1.65
2.50,default flow,bitcos_stream5_direct,bitnet,0.4387,sram_1mb_45nm_cacti,1.058,273.713,1692.800,288.181,1652.025,1966.513,1940.206,-1.34
2.50,default flow,bitcos_stream5_direct,bitnet,0.4387,sram_32kb_7nm,0.133,273.713,212.800,288.181,207.674,486.513,495.855,+1.92
2.50,default flow,bitcos_stream5_direct,bitnet,0.4387,sram_1mb_7nm,0.219,273.713,350.400,288.181,341.960,624.113,630.141,+0.97
2.50,default flow,bitcos_stream5_direct,bitnet,0.4387,hbm2,3.97,273.713,6352.000,288.181,6198.996,6625.713,6487.177,-2.09
2.50,default flow,bitcos_stream5_direct,bitnet,0.4387,hbm2_streamed,3.59,273.713,5744.000,288.181,5605.641,6017.713,5893.822,-2.06
2.50,default flow,bitcos_stream5_direct,bitnet,0.4387,lpddr4_package,12,273.713,19200.000,288.181,18737.520,19473.713,19025.701,-2.30
2.50,default flow,bitcos_stream5_direct,bitnet,0.4387,gddr5,14.0,273.713,22400.000,288.181,21860.440,22673.713,22148.621,-2.32
2.50,default flow,bitcos_stream5_direct,bitnet,0.4387,dram_45nm_horowitz,30.5,273.713,48800.000,288.181,47624.530,49073.713,47912.711,-2.37
2.50,default flow,bitcos_stream5_direct,bitnet,0.4387,ddr3_peak,70,273.713,112000.000,288.181,109302.200,112273.713,109590.381,-2.39
2.50,default flow,bitcos_stream5_directiso,bitnet,0.4387,sram_8kb_45nm,0.156,273.713,249.600,282.599,243.588,523.313,526.187,+0.55
2.50,default flow,bitcos_stream5_directiso,bitnet,0.4387,sram_32kb_45nm,0.313,273.713,500.800,282.599,488.737,774.513,771.336,-0.41
2.50,default flow,bitcos_stream5_directiso,bitnet,0.4387,sram_1mb_45nm,1.563,273.713,2500.800,282.599,2440.562,2774.513,2723.161,-1.85
2.50,default flow,bitcos_stream5_directiso,bitnet,0.4387,sram_1mb_45nm_cacti,1.058,273.713,1692.800,282.599,1652.025,1966.513,1934.624,-1.62
2.50,default flow,bitcos_stream5_directiso,bitnet,0.4387,sram_32kb_7nm,0.133,273.713,212.800,282.599,207.674,486.513,490.273,+0.77
2.50,default flow,bitcos_stream5_directiso,bitnet,0.4387,sram_1mb_7nm,0.219,273.713,350.400,282.599,341.960,624.113,624.559,+0.07
2.50,default flow,bitcos_stream5_directiso,bitnet,0.4387,hbm2,3.97,273.713,6352.000,282.599,6198.996,6625.713,6481.595,-2.18
2.50,default flow,bitcos_stream5_directiso,bitnet,0.4387,hbm2_streamed,3.59,273.713,5744.000,282.599,5605.641,6017.713,5888.240,-2.15
2.50,default flow,bitcos_stream5_directiso,bitnet,0.4387,lpddr4_package,12,273.713,19200.000,282.599,18737.520,19473.713,19020.119,-2.33
2.50,default flow,bitcos_stream5_directiso,bitnet,0.4387,gddr5,14.0,273.713,22400.000,282.599,21860.440,22673.713,22143.039,-2.34
2.50,default flow,bitcos_stream5_directiso,bitnet,0.4387,dram_45nm_horowitz,30.5,273.713,48800.000,282.599,47624.530,49073.713,47907.129,-2.38
2.50,default flow,bitcos_stream5_directiso,bitnet,0.4387,ddr3_peak,70,273.713,112000.000,282.599,109302.200,112273.713,109584.799,-2.39
2.50,default flow,bitcos_stream5_fed,bitnet,0.4387,sram_8kb_45nm,0.156,296.163,249.600,366.788,243.588,545.763,610.376,+11.84
2.50,default flow,bitcos_stream5_fed,bitnet,0.4387,sram_32kb_45nm,0.313,296.163,500.800,366.788,488.737,796.963,855.525,+7.35
2.50,default flow,bitcos_stream5_fed,bitnet,0.4387,sram_1mb_45nm,1.563,296.163,2500.800,366.788,2440.562,2796.963,2807.350,+0.37
2.50,default flow,bitcos_stream5_fed,bitnet,0.4387,sram_1mb_45nm_cacti,1.058,296.163,1692.800,366.788,1652.025,1988.963,2018.813,+1.50
2.50,default flow,bitcos_stream5_fed,bitnet,0.4387,sram_32kb_7nm,0.133,296.163,212.800,366.788,207.674,508.963,574.462,+12.87
2.50,default flow,bitcos_stream5_fed,bitnet,0.4387,sram_1mb_7nm,0.219,296.163,350.400,366.788,341.960,646.563,708.748,+9.62
2.50,default flow,bitcos_stream5_fed,bitnet,0.4387,hbm2,3.97,296.163,6352.000,366.788,6198.996,6648.163,6565.784,-1.24
2.50,default flow,bitcos_stream5_fed,bitnet,0.4387,hbm2_streamed,3.59,296.163,5744.000,366.788,5605.641,6040.163,5972.429,-1.12
2.50,default flow,bitcos_stream5_fed,bitnet,0.4387,lpddr4_package,12,296.163,19200.000,366.788,18737.520,19496.163,19104.308,-2.01
2.50,default flow,bitcos_stream5_fed,bitnet,0.4387,gddr5,14.0,296.163,22400.000,366.788,21860.440,22696.163,22227.228,-2.07
2.50,default flow,bitcos_stream5_fed,bitnet,0.4387,dram_45nm_horowitz,30.5,296.163,48800.000,366.788,47624.530,49096.163,47991.318,-2.25
2.50,default flow,bitcos_stream5_fed,bitnet,0.4387,ddr3_peak,70,296.163,112000.000,366.788,109302.200,112296.163,109668.988,-2.34
2.50,default flow,bitcos_stream5_bank_fed,z0.20,0.1991,sram_8kb_45nm,0.156,321.481,249.600,322.260,280.942,571.081,603.202,+5.62
2.50,default flow,bitcos_stream5_bank_fed,z0.20,0.1991,sram_32kb_45nm,0.313,321.481,500.800,322.260,563.685,822.281,885.945,+7.74
2.50,default flow,bitcos_stream5_bank_fed,z0.20,0.1991,sram_1mb_45nm,1.563,321.481,2500.800,322.260,2814.822,2822.281,3137.082,+11.15
2.50,default flow,bitcos_stream5_bank_fed,z0.20,0.1991,sram_1mb_45nm_cacti,1.058,321.481,1692.800,322.260,1905.363,2014.281,2227.623,+10.59
2.50,default flow,bitcos_stream5_bank_fed,z0.20,0.1991,sram_32kb_7nm,0.133,321.481,212.800,322.260,239.521,534.281,561.781,+5.15
2.50,default flow,bitcos_stream5_bank_fed,z0.20,0.1991,sram_1mb_7nm,0.219,321.481,350.400,322.260,394.399,671.881,716.659,+6.66
2.50,default flow,bitcos_stream5_bank_fed,z0.20,0.1991,hbm2,3.97,321.481,6352.000,322.260,7149.613,6673.481,7471.873,+11.96
2.50,default flow,bitcos_stream5_bank_fed,z0.20,0.1991,hbm2_streamed,3.59,321.481,5744.000,322.260,6465.267,6065.481,6787.527,+11.90
2.50,default flow,bitcos_stream5_bank_fed,z0.20,0.1991,lpddr4_package,12,321.481,19200.000,322.260,21610.920,19521.481,21933.180,+12.35
2.50,default flow,bitcos_stream5_bank_fed,z0.20,0.1991,gddr5,14.0,321.481,22400.000,322.260,25212.740,22721.481,25535.000,+12.38
2.50,default flow,bitcos_stream5_bank_fed,z0.20,0.1991,dram_45nm_horowitz,30.5,321.481,48800.000,322.260,54927.755,49121.481,55250.015,+12.48
2.50,default flow,bitcos_stream5_bank_fed,z0.20,0.1991,ddr3_peak,70,321.481,112000.000,322.260,126063.700,112321.481,126385.960,+12.52
2.50,default flow,bitcos_stream5_bank_fed+repack,z0.20,0.1991,sram_8kb_45nm,0.156,321.481,249.600,371.061,280.942,571.081,652.003,+14.17
2.50,default flow,bitcos_stream5_bank_fed+repack,z0.20,0.1991,sram_32kb_45nm,0.313,321.481,500.800,371.061,563.685,822.281,934.746,+13.68
2.50,default flow,bitcos_stream5_bank_fed+repack,z0.20,0.1991,sram_1mb_45nm,1.563,321.481,2500.800,371.061,2814.822,2822.281,3185.883,+12.88
2.50,default flow,bitcos_stream5_bank_fed+repack,z0.20,0.1991,sram_1mb_45nm_cacti,1.058,321.481,1692.800,371.061,1905.363,2014.281,2276.424,+13.01
2.50,default flow,bitcos_stream5_bank_fed+repack,z0.20,0.1991,sram_32kb_7nm,0.133,321.481,212.800,371.061,239.521,534.281,610.582,+14.28
2.50,default flow,bitcos_stream5_bank_fed+repack,z0.20,0.1991,sram_1mb_7nm,0.219,321.481,350.400,371.061,394.399,671.881,765.460,+13.93
2.50,default flow,bitcos_stream5_bank_fed+repack,z0.20,0.1991,hbm2,3.97,321.481,6352.000,371.061,7149.613,6673.481,7520.674,+12.69
2.50,default flow,bitcos_stream5_bank_fed+repack,z0.20,0.1991,hbm2_streamed,3.59,321.481,5744.000,371.061,6465.267,6065.481,6836.328,+12.71
2.50,default flow,bitcos_stream5_bank_fed+repack,z0.20,0.1991,lpddr4_package,12,321.481,19200.000,371.061,21610.920,19521.481,21981.981,+12.60
2.50,default flow,bitcos_stream5_bank_fed+repack,z0.20,0.1991,gddr5,14.0,321.481,22400.000,371.061,25212.740,22721.481,25583.801,+12.60
2.50,default flow,bitcos_stream5_bank_fed+repack,z0.20,0.1991,dram_45nm_horowitz,30.5,321.481,48800.000,371.061,54927.755,49121.481,55298.816,+12.58
2.50,default flow,bitcos_stream5_bank_fed+repack,z0.20,0.1991,ddr3_peak,70,321.481,112000.000,371.061,126063.700,112321.481,126434.761,+12.57
2.50,default flow,bitcos_stream5_direct,z0.20,0.1991,sram_8kb_45nm,0.156,298.703,249.600,300.098,280.942,548.303,581.040,+5.97
2.50,default flow,bitcos_stream5_direct,z0.20,0.1991,sram_32kb_45nm,0.313,298.703,500.800,300.098,563.685,799.503,863.783,+8.04
2.50,default flow,bitcos_stream5_direct,z0.20,0.1991,sram_1mb_45nm,1.563,298.703,2500.800,300.098,2814.822,2799.503,3114.920,+11.27
2.50,default flow,bitcos_stream5_direct,z0.20,0.1991,sram_1mb_45nm_cacti,1.058,298.703,1692.800,300.098,1905.363,1991.503,2205.461,+10.74
2.50,default flow,bitcos_stream5_direct,z0.20,0.1991,sram_32kb_7nm,0.133,298.703,212.800,300.098,239.521,511.503,539.619,+5.50
2.50,default flow,bitcos_stream5_direct,z0.20,0.1991,sram_1mb_7nm,0.219,298.703,350.400,300.098,394.399,649.103,694.497,+6.99
2.50,default flow,bitcos_stream5_direct,z0.20,0.1991,hbm2,3.97,298.703,6352.000,300.098,7149.613,6650.703,7449.711,+12.01
2.50,default flow,bitcos_stream5_direct,z0.20,0.1991,hbm2_streamed,3.59,298.703,5744.000,300.098,6465.267,6042.703,6765.365,+11.96
2.50,default flow,bitcos_stream5_direct,z0.20,0.1991,lpddr4_package,12,298.703,19200.000,300.098,21610.920,19498.703,21911.018,+12.37
2.50,default flow,bitcos_stream5_direct,z0.20,0.1991,gddr5,14.0,298.703,22400.000,300.098,25212.740,22698.703,25512.838,+12.40
2.50,default flow,bitcos_stream5_direct,z0.20,0.1991,dram_45nm_horowitz,30.5,298.703,48800.000,300.098,54927.755,49098.703,55227.853,+12.48
2.50,default flow,bitcos_stream5_direct,z0.20,0.1991,ddr3_peak,70,298.703,112000.000,300.098,126063.700,112298.703,126363.798,+12.52
2.50,default flow,bitcos_stream5_directiso,z0.20,0.1991,sram_8kb_45nm,0.156,298.703,249.600,296.125,280.942,548.303,577.067,+5.25
2.50,default flow,bitcos_stream5_directiso,z0.20,0.1991,sram_32kb_45nm,0.313,298.703,500.800,296.125,563.685,799.503,859.810,+7.54
2.50,default flow,bitcos_stream5_directiso,z0.20,0.1991,sram_1mb_45nm,1.563,298.703,2500.800,296.125,2814.822,2799.503,3110.947,+11.12
2.50,default flow,bitcos_stream5_directiso,z0.20,0.1991,sram_1mb_45nm_cacti,1.058,298.703,1692.800,296.125,1905.363,1991.503,2201.488,+10.54
2.50,default flow,bitcos_stream5_directiso,z0.20,0.1991,sram_32kb_7nm,0.133,298.703,212.800,296.125,239.521,511.503,535.646,+4.72
2.50,default flow,bitcos_stream5_directiso,z0.20,0.1991,sram_1mb_7nm,0.219,298.703,350.400,296.125,394.399,649.103,690.524,+6.38
2.50,default flow,bitcos_stream5_directiso,z0.20,0.1991,hbm2,3.97,298.703,6352.000,296.125,7149.613,6650.703,7445.738,+11.95
2.50,default flow,bitcos_stream5_directiso,z0.20,0.1991,hbm2_streamed,3.59,298.703,5744.000,296.125,6465.267,6042.703,6761.392,+11.89
2.50,default flow,bitcos_stream5_directiso,z0.20,0.1991,lpddr4_package,12,298.703,19200.000,296.125,21610.920,19498.703,21907.045,+12.35
2.50,default flow,bitcos_stream5_directiso,z0.20,0.1991,gddr5,14.0,298.703,22400.000,296.125,25212.740,22698.703,25508.865,+12.38
2.50,default flow,bitcos_stream5_directiso,z0.20,0.1991,dram_45nm_horowitz,30.5,298.703,48800.000,296.125,54927.755,49098.703,55223.880,+12.48
2.50,default flow,bitcos_stream5_directiso,z0.20,0.1991,ddr3_peak,70,298.703,112000.000,296.125,126063.700,112298.703,126359.825,+12.52
2.50,default flow,bitcos_stream5_fed,z0.20,0.1991,sram_8kb_45nm,0.156,321.481,249.600,382.677,280.942,571.081,663.619,+16.20
2.50,default flow,bitcos_stream5_fed,z0.20,0.1991,sram_32kb_45nm,0.313,321.481,500.800,382.677,563.685,822.281,946.362,+15.09
2.50,default flow,bitcos_stream5_fed,z0.20,0.1991,sram_1mb_45nm,1.563,321.481,2500.800,382.677,2814.822,2822.281,3197.499,+13.29
2.50,default flow,bitcos_stream5_fed,z0.20,0.1991,sram_1mb_45nm_cacti,1.058,321.481,1692.800,382.677,1905.363,2014.281,2288.040,+13.59
2.50,default flow,bitcos_stream5_fed,z0.20,0.1991,sram_32kb_7nm,0.133,321.481,212.800,382.677,239.521,534.281,622.198,+16.46
2.50,default flow,bitcos_stream5_fed,z0.20,0.1991,sram_1mb_7nm,0.219,321.481,350.400,382.677,394.399,671.881,777.076,+15.66
2.50,default flow,bitcos_stream5_fed,z0.20,0.1991,hbm2,3.97,321.481,6352.000,382.677,7149.613,6673.481,7532.290,+12.87
2.50,default flow,bitcos_stream5_fed,z0.20,0.1991,hbm2_streamed,3.59,321.481,5744.000,382.677,6465.267,6065.481,6847.944,+12.90
2.50,default flow,bitcos_stream5_fed,z0.20,0.1991,lpddr4_package,12,321.481,19200.000,382.677,21610.920,19521.481,21993.597,+12.66
2.50,default flow,bitcos_stream5_fed,z0.20,0.1991,gddr5,14.0,321.481,22400.000,382.677,25212.740,22721.481,25595.417,+12.65
2.50,default flow,bitcos_stream5_fed,z0.20,0.1991,dram_45nm_horowitz,30.5,321.481,48800.000,382.677,54927.755,49121.481,55310.432,+12.60
2.50,default flow,bitcos_stream5_fed,z0.20,0.1991,ddr3_peak,70,321.481,112000.000,382.677,126063.700,112321.481,126446.377,+12.58
2.50,default flow,bitcos_stream5_bank_fed,z0.30,0.2995,sram_8kb_45nm,0.156,316.230,249.600,318.829,265.281,565.830,584.110,+3.23
2.50,default flow,bitcos_stream5_bank_fed,z0.30,0.2995,sram_32kb_45nm,0.313,316.230,500.800,318.829,532.263,817.030,851.092,+4.17
2.50,default flow,bitcos_stream5_bank_fed,z0.30,0.2995,sram_1mb_45nm,1.563,316.230,2500.800,318.829,2657.913,2817.030,2976.742,+5.67
2.50,default flow,bitcos_stream5_bank_fed,z0.30,0.2995,sram_1mb_45nm_cacti,1.058,316.230,1692.800,318.829,1799.150,2009.030,2117.979,+5.42
2.50,default flow,bitcos_stream5_bank_fed,z0.30,0.2995,sram_32kb_7nm,0.133,316.230,212.800,318.829,226.169,529.030,544.998,+3.02
2.50,default flow,bitcos_stream5_bank_fed,z0.30,0.2995,sram_1mb_7nm,0.219,316.230,350.400,318.829,372.414,666.630,691.243,+3.69
2.50,default flow,bitcos_stream5_bank_fed,z0.30,0.2995,hbm2,3.97,316.230,6352.000,318.829,6751.064,6668.230,7069.893,+6.02
2.50,default flow,bitcos_stream5_bank_fed,z0.30,0.2995,hbm2_streamed,3.59,316.230,5744.000,318.829,6104.867,6060.230,6423.696,+6.00
2.50,default flow,bitcos_stream5_bank_fed,z0.30,0.2995,lpddr4_package,12,316.230,19200.000,318.829,20406.240,19516.230,20725.069,+6.19
2.50,default flow,bitcos_stream5_bank_fed,z0.30,0.2995,gddr5,14.0,316.230,22400.000,318.829,23807.280,22716.230,24126.109,+6.21
2.50,default flow,bitcos_stream5_bank_fed,z0.30,0.2995,dram_45nm_horowitz,30.5,316.230,48800.000,318.829,51865.860,49116.230,52184.689,+6.25
2.50,default flow,bitcos_stream5_bank_fed,z0.30,0.2995,ddr3_peak,70,316.230,112000.000,318.829,119036.400,112316.230,119355.229,+6.27
2.50,default flow,bitcos_stream5_bank_fed+repack,z0.30,0.2995,sram_8kb_45nm,0.156,316.230,249.600,364.534,265.281,565.830,629.815,+11.31
2.50,default flow,bitcos_stream5_bank_fed+repack,z0.30,0.2995,sram_32kb_45nm,0.313,316.230,500.800,364.534,532.263,817.030,896.797,+9.76
2.50,default flow,bitcos_stream5_bank_fed+repack,z0.30,0.2995,sram_1mb_45nm,1.563,316.230,2500.800,364.534,2657.913,2817.030,3022.447,+7.29
2.50,default flow,bitcos_stream5_bank_fed+repack,z0.30,0.2995,sram_1mb_45nm_cacti,1.058,316.230,1692.800,364.534,1799.150,2009.030,2163.684,+7.70
2.50,default flow,bitcos_stream5_bank_fed+repack,z0.30,0.2995,sram_32kb_7nm,0.133,316.230,212.800,364.534,226.169,529.030,590.703,+11.66
2.50,default flow,bitcos_stream5_bank_fed+repack,z0.30,0.2995,sram_1mb_7nm,0.219,316.230,350.400,364.534,372.414,666.630,736.948,+10.55
2.50,default flow,bitcos_stream5_bank_fed+repack,z0.30,0.2995,hbm2,3.97,316.230,6352.000,364.534,6751.064,6668.230,7115.598,+6.71
2.50,default flow,bitcos_stream5_bank_fed+repack,z0.30,0.2995,hbm2_streamed,3.59,316.230,5744.000,364.534,6104.867,6060.230,6469.401,+6.75
2.50,default flow,bitcos_stream5_bank_fed+repack,z0.30,0.2995,lpddr4_package,12,316.230,19200.000,364.534,20406.240,19516.230,20770.774,+6.43
2.50,default flow,bitcos_stream5_bank_fed+repack,z0.30,0.2995,gddr5,14.0,316.230,22400.000,364.534,23807.280,22716.230,24171.814,+6.41
2.50,default flow,bitcos_stream5_bank_fed+repack,z0.30,0.2995,dram_45nm_horowitz,30.5,316.230,48800.000,364.534,51865.860,49116.230,52230.394,+6.34
2.50,default flow,bitcos_stream5_bank_fed+repack,z0.30,0.2995,ddr3_peak,70,316.230,112000.000,364.534,119036.400,112316.230,119400.934,+6.31
2.50,default flow,bitcos_stream5_direct,z0.30,0.2995,sram_8kb_45nm,0.156,293.786,249.600,300.997,265.281,543.386,566.278,+4.21
2.50,default flow,bitcos_stream5_direct,z0.30,0.2995,sram_32kb_45nm,0.313,293.786,500.800,300.997,532.263,794.586,833.260,+4.87
2.50,default flow,bitcos_stream5_direct,z0.30,0.2995,sram_1mb_45nm,1.563,293.786,2500.800,300.997,2657.913,2794.586,2958.910,+5.88
2.50,default flow,bitcos_stream5_direct,z0.30,0.2995,sram_1mb_45nm_cacti,1.058,293.786,1692.800,300.997,1799.150,1986.586,2100.147,+5.72
2.50,default flow,bitcos_stream5_direct,z0.30,0.2995,sram_32kb_7nm,0.133,293.786,212.800,300.997,226.169,506.586,527.166,+4.06
2.50,default flow,bitcos_stream5_direct,z0.30,0.2995,sram_1mb_7nm,0.219,293.786,350.400,300.997,372.414,644.186,673.411,+4.54
2.50,default flow,bitcos_stream5_direct,z0.30,0.2995,hbm2,3.97,293.786,6352.000,300.997,6751.064,6645.786,7052.061,+6.11
2.50,default flow,bitcos_stream5_direct,z0.30,0.2995,hbm2_streamed,3.59,293.786,5744.000,300.997,6104.867,6037.786,6405.864,+6.10
2.50,default flow,bitcos_stream5_direct,z0.30,0.2995,lpddr4_package,12,293.786,19200.000,300.997,20406.240,19493.786,20707.237,+6.22
2.50,default flow,bitcos_stream5_direct,z0.30,0.2995,gddr5,14.0,293.786,22400.000,300.997,23807.280,22693.786,24108.277,+6.23
2.50,default flow,bitcos_stream5_direct,z0.30,0.2995,dram_45nm_horowitz,30.5,293.786,48800.000,300.997,51865.860,49093.786,52166.857,+6.26
2.50,default flow,bitcos_stream5_direct,z0.30,0.2995,ddr3_peak,70,293.786,112000.000,300.997,119036.400,112293.786,119337.397,+6.27
2.50,default flow,bitcos_stream5_directiso,z0.30,0.2995,sram_8kb_45nm,0.156,293.786,249.600,296.274,265.281,543.386,561.555,+3.34
2.50,default flow,bitcos_stream5_directiso,z0.30,0.2995,sram_32kb_45nm,0.313,293.786,500.800,296.274,532.263,794.586,828.537,+4.27
2.50,default flow,bitcos_stream5_directiso,z0.30,0.2995,sram_1mb_45nm,1.563,293.786,2500.800,296.274,2657.913,2794.586,2954.187,+5.71
2.50,default flow,bitcos_stream5_directiso,z0.30,0.2995,sram_1mb_45nm_cacti,1.058,293.786,1692.800,296.274,1799.150,1986.586,2095.424,+5.48
2.50,default flow,bitcos_stream5_directiso,z0.30,0.2995,sram_32kb_7nm,0.133,293.786,212.800,296.274,226.169,506.586,522.443,+3.13
2.50,default flow,bitcos_stream5_directiso,z0.30,0.2995,sram_1mb_7nm,0.219,293.786,350.400,296.274,372.414,644.186,668.688,+3.80
2.50,default flow,bitcos_stream5_directiso,z0.30,0.2995,hbm2,3.97,293.786,6352.000,296.274,6751.064,6645.786,7047.338,+6.04
2.50,default flow,bitcos_stream5_directiso,z0.30,0.2995,hbm2_streamed,3.59,293.786,5744.000,296.274,6104.867,6037.786,6401.141,+6.02
2.50,default flow,bitcos_stream5_directiso,z0.30,0.2995,lpddr4_package,12,293.786,19200.000,296.274,20406.240,19493.786,20702.514,+6.20
2.50,default flow,bitcos_stream5_directiso,z0.30,0.2995,gddr5,14.0,293.786,22400.000,296.274,23807.280,22693.786,24103.554,+6.21
2.50,default flow,bitcos_stream5_directiso,z0.30,0.2995,dram_45nm_horowitz,30.5,293.786,48800.000,296.274,51865.860,49093.786,52162.134,+6.25
2.50,default flow,bitcos_stream5_directiso,z0.30,0.2995,ddr3_peak,70,293.786,112000.000,296.274,119036.400,112293.786,119332.674,+6.27
2.50,default flow,bitcos_stream5_fed,z0.30,0.2995,sram_8kb_45nm,0.156,316.230,249.600,382.612,265.281,565.830,647.893,+14.50
2.50,default flow,bitcos_stream5_fed,z0.30,0.2995,sram_32kb_45nm,0.313,316.230,500.800,382.612,532.263,817.030,914.875,+11.98
2.50,default flow,bitcos_stream5_fed,z0.30,0.2995,sram_1mb_45nm,1.563,316.230,2500.800,382.612,2657.913,2817.030,3040.525,+7.93
2.50,default flow,bitcos_stream5_fed,z0.30,0.2995,sram_1mb_45nm_cacti,1.058,316.230,1692.800,382.612,1799.150,2009.030,2181.762,+8.60
2.50,default flow,bitcos_stream5_fed,z0.30,0.2995,sram_32kb_7nm,0.133,316.230,212.800,382.612,226.169,529.030,608.781,+15.07
2.50,default flow,bitcos_stream5_fed,z0.30,0.2995,sram_1mb_7nm,0.219,316.230,350.400,382.612,372.414,666.630,755.026,+13.26
2.50,default flow,bitcos_stream5_fed,z0.30,0.2995,hbm2,3.97,316.230,6352.000,382.612,6751.064,6668.230,7133.676,+6.98
2.50,default flow,bitcos_stream5_fed,z0.30,0.2995,hbm2_streamed,3.59,316.230,5744.000,382.612,6104.867,6060.230,6487.479,+7.05
2.50,default flow,bitcos_stream5_fed,z0.30,0.2995,lpddr4_package,12,316.230,19200.000,382.612,20406.240,19516.230,20788.852,+6.52
2.50,default flow,bitcos_stream5_fed,z0.30,0.2995,gddr5,14.0,316.230,22400.000,382.612,23807.280,22716.230,24189.892,+6.49
2.50,default flow,bitcos_stream5_fed,z0.30,0.2995,dram_45nm_horowitz,30.5,316.230,48800.000,382.612,51865.860,49116.230,52248.472,+6.38
2.50,default flow,bitcos_stream5_fed,z0.30,0.2995,ddr3_peak,70,316.230,112000.000,382.612,119036.400,112316.230,119419.012,+6.32
2.50,default flow,bitcos_stream5_bank_fed,z0.4221,0.4225,sram_8kb_45nm,0.156,308.428,249.600,313.816,246.085,558.028,559.901,+0.34
2.50,default flow,bitcos_stream5_bank_fed,z0.4221,0.4225,sram_32kb_45nm,0.313,308.428,500.800,313.816,493.748,809.228,807.564,-0.21
2.50,default flow,bitcos_stream5_bank_fed,z0.4221,0.4225,sram_1mb_45nm,1.563,308.428,2500.800,313.816,2465.586,2809.228,2779.402,-1.06
2.50,default flow,bitcos_stream5_bank_fed,z0.4221,0.4225,sram_1mb_45nm_cacti,1.058,308.428,1692.800,313.816,1668.963,2001.228,1982.779,-0.92
2.50,default flow,bitcos_stream5_bank_fed,z0.4221,0.4225,sram_32kb_7nm,0.133,308.428,212.800,313.816,209.804,521.228,523.620,+0.46
2.50,default flow,bitcos_stream5_bank_fed,z0.4221,0.4225,sram_1mb_7nm,0.219,308.428,350.400,313.816,345.466,658.828,659.282,+0.07
2.50,default flow,bitcos_stream5_bank_fed,z0.4221,0.4225,hbm2,3.97,308.428,6352.000,313.816,6262.556,6660.428,6576.372,-1.26
2.50,default flow,bitcos_stream5_bank_fed,z0.4221,0.4225,hbm2_streamed,3.59,308.428,5744.000,313.816,5663.117,6052.428,5976.933,-1.25
2.50,default flow,bitcos_stream5_bank_fed,z0.4221,0.4225,lpddr4_package,12,308.428,19200.000,313.816,18929.640,19508.428,19243.456,-1.36
2.50,default flow,bitcos_stream5_bank_fed,z0.4221,0.4225,gddr5,14.0,308.428,22400.000,313.816,22084.580,22708.428,22398.396,-1.37
2.50,default flow,bitcos_stream5_bank_fed,z0.4221,0.4225,dram_45nm_horowitz,30.5,308.428,48800.000,313.816,48112.835,49108.428,48426.651,-1.39
2.50,default flow,bitcos_stream5_bank_fed,z0.4221,0.4225,ddr3_peak,70,308.428,112000.000,313.816,110422.900,112308.428,110736.716,-1.40
2.50,default flow,bitcos_stream5_bank_fed+repack,z0.4221,0.4225,sram_8kb_45nm,0.156,308.428,249.600,357.365,246.085,558.028,603.450,+8.14
2.50,default flow,bitcos_stream5_bank_fed+repack,z0.4221,0.4225,sram_32kb_45nm,0.313,308.428,500.800,357.365,493.748,809.228,851.113,+5.18
2.50,default flow,bitcos_stream5_bank_fed+repack,z0.4221,0.4225,sram_1mb_45nm,1.563,308.428,2500.800,357.365,2465.586,2809.228,2822.951,+0.49
2.50,default flow,bitcos_stream5_bank_fed+repack,z0.4221,0.4225,sram_1mb_45nm_cacti,1.058,308.428,1692.800,357.365,1668.963,2001.228,2026.328,+1.25
2.50,default flow,bitcos_stream5_bank_fed+repack,z0.4221,0.4225,sram_32kb_7nm,0.133,308.428,212.800,357.365,209.804,521.228,567.169,+8.81
2.50,default flow,bitcos_stream5_bank_fed+repack,z0.4221,0.4225,sram_1mb_7nm,0.219,308.428,350.400,357.365,345.466,658.828,702.831,+6.68
2.50,default flow,bitcos_stream5_bank_fed+repack,z0.4221,0.4225,hbm2,3.97,308.428,6352.000,357.365,6262.556,6660.428,6619.921,-0.61
2.50,default flow,bitcos_stream5_bank_fed+repack,z0.4221,0.4225,hbm2_streamed,3.59,308.428,5744.000,357.365,5663.117,6052.428,6020.482,-0.53
2.50,default flow,bitcos_stream5_bank_fed+repack,z0.4221,0.4225,lpddr4_package,12,308.428,19200.000,357.365,18929.640,19508.428,19287.005,-1.14
2.50,default flow,bitcos_stream5_bank_fed+repack,z0.4221,0.4225,gddr5,14.0,308.428,22400.000,357.365,22084.580,22708.428,22441.945,-1.17
2.50,default flow,bitcos_stream5_bank_fed+repack,z0.4221,0.4225,dram_45nm_horowitz,30.5,308.428,48800.000,357.365,48112.835,49108.428,48470.200,-1.30
2.50,default flow,bitcos_stream5_bank_fed+repack,z0.4221,0.4225,ddr3_peak,70,308.428,112000.000,357.365,110422.900,112308.428,110780.265,-1.36
2.50,default flow,bitcos_stream5_direct,z0.4221,0.4225,sram_8kb_45nm,0.156,286.280,249.600,299.960,246.085,535.880,546.045,+1.90
2.50,default flow,bitcos_stream5_direct,z0.4221,0.4225,sram_32kb_45nm,0.313,286.280,500.800,299.960,493.748,787.080,793.708,+0.84
2.50,default flow,bitcos_stream5_direct,z0.4221,0.4225,sram_1mb_45nm,1.563,286.280,2500.800,299.960,2465.586,2787.080,2765.546,-0.77
2.50,default flow,bitcos_stream5_direct,z0.4221,0.4225,sram_1mb_45nm_cacti,1.058,286.280,1692.800,299.960,1668.963,1979.080,1968.923,-0.51
2.50,default flow,bitcos_stream5_direct,z0.4221,0.4225,sram_32kb_7nm,0.133,286.280,212.800,299.960,209.804,499.080,509.764,+2.14
2.50,default flow,bitcos_stream5_direct,z0.4221,0.4225,sram_1mb_7nm,0.219,286.280,350.400,299.960,345.466,636.680,645.426,+1.37
2.50,default flow,bitcos_stream5_direct,z0.4221,0.4225,hbm2,3.97,286.280,6352.000,299.960,6262.556,6638.280,6562.516,-1.14
2.50,default flow,bitcos_stream5_direct,z0.4221,0.4225,hbm2_streamed,3.59,286.280,5744.000,299.960,5663.117,6030.280,5963.077,-1.11
2.50,default flow,bitcos_stream5_direct,z0.4221,0.4225,lpddr4_package,12,286.280,19200.000,299.960,18929.640,19486.280,19229.600,-1.32
2.50,default flow,bitcos_stream5_direct,z0.4221,0.4225,gddr5,14.0,286.280,22400.000,299.960,22084.580,22686.280,22384.540,-1.33
2.50,default flow,bitcos_stream5_direct,z0.4221,0.4225,dram_45nm_horowitz,30.5,286.280,48800.000,299.960,48112.835,49086.280,48412.795,-1.37
2.50,default flow,bitcos_stream5_direct,z0.4221,0.4225,ddr3_peak,70,286.280,112000.000,299.960,110422.900,112286.280,110722.860,-1.39
2.50,default flow,bitcos_stream5_directiso,z0.4221,0.4225,sram_8kb_45nm,0.156,286.280,249.600,294.406,246.085,535.880,540.491,+0.86
2.50,default flow,bitcos_stream5_directiso,z0.4221,0.4225,sram_32kb_45nm,0.313,286.280,500.800,294.406,493.748,787.080,788.154,+0.14
2.50,default flow,bitcos_stream5_directiso,z0.4221,0.4225,sram_1mb_45nm,1.563,286.280,2500.800,294.406,2465.586,2787.080,2759.992,-0.97
2.50,default flow,bitcos_stream5_directiso,z0.4221,0.4225,sram_1mb_45nm_cacti,1.058,286.280,1692.800,294.406,1668.963,1979.080,1963.369,-0.79
2.50,default flow,bitcos_stream5_directiso,z0.4221,0.4225,sram_32kb_7nm,0.133,286.280,212.800,294.406,209.804,499.080,504.210,+1.03
2.50,default flow,bitcos_stream5_directiso,z0.4221,0.4225,sram_1mb_7nm,0.219,286.280,350.400,294.406,345.466,636.680,639.872,+0.50
2.50,default flow,bitcos_stream5_directiso,z0.4221,0.4225,hbm2,3.97,286.280,6352.000,294.406,6262.556,6638.280,6556.962,-1.22
2.50,default flow,bitcos_stream5_directiso,z0.4221,0.4225,hbm2_streamed,3.59,286.280,5744.000,294.406,5663.117,6030.280,5957.523,-1.21
2.50,default flow,bitcos_stream5_directiso,z0.4221,0.4225,lpddr4_package,12,286.280,19200.000,294.406,18929.640,19486.280,19224.046,-1.35
2.50,default flow,bitcos_stream5_directiso,z0.4221,0.4225,gddr5,14.0,286.280,22400.000,294.406,22084.580,22686.280,22378.986,-1.35
2.50,default flow,bitcos_stream5_directiso,z0.4221,0.4225,dram_45nm_horowitz,30.5,286.280,48800.000,294.406,48112.835,49086.280,48407.241,-1.38
2.50,default flow,bitcos_stream5_directiso,z0.4221,0.4225,ddr3_peak,70,286.280,112000.000,294.406,110422.900,112286.280,110717.306,-1.40
2.50,default flow,bitcos_stream5_fed,z0.4221,0.4225,sram_8kb_45nm,0.156,308.428,249.600,379.697,246.085,558.028,625.782,+12.14
2.50,default flow,bitcos_stream5_fed,z0.4221,0.4225,sram_32kb_45nm,0.313,308.428,500.800,379.697,493.748,809.228,873.445,+7.94
2.50,default flow,bitcos_stream5_fed,z0.4221,0.4225,sram_1mb_45nm,1.563,308.428,2500.800,379.697,2465.586,2809.228,2845.283,+1.28
2.50,default flow,bitcos_stream5_fed,z0.4221,0.4225,sram_1mb_45nm_cacti,1.058,308.428,1692.800,379.697,1668.963,2001.228,2048.660,+2.37
2.50,default flow,bitcos_stream5_fed,z0.4221,0.4225,sram_32kb_7nm,0.133,308.428,212.800,379.697,209.804,521.228,589.501,+13.10
2.50,default flow,bitcos_stream5_fed,z0.4221,0.4225,sram_1mb_7nm,0.219,308.428,350.400,379.697,345.466,658.828,725.163,+10.07
2.50,default flow,bitcos_stream5_fed,z0.4221,0.4225,hbm2,3.97,308.428,6352.000,379.697,6262.556,6660.428,6642.253,-0.27
2.50,default flow,bitcos_stream5_fed,z0.4221,0.4225,hbm2_streamed,3.59,308.428,5744.000,379.697,5663.117,6052.428,6042.814,-0.16
2.50,default flow,bitcos_stream5_fed,z0.4221,0.4225,lpddr4_package,12,308.428,19200.000,379.697,18929.640,19508.428,19309.337,-1.02
2.50,default flow,bitcos_stream5_fed,z0.4221,0.4225,gddr5,14.0,308.428,22400.000,379.697,22084.580,22708.428,22464.277,-1.08
2.50,default flow,bitcos_stream5_fed,z0.4221,0.4225,dram_45nm_horowitz,30.5,308.428,48800.000,379.697,48112.835,49108.428,48492.532,-1.25
2.50,default flow,bitcos_stream5_fed,z0.4221,0.4225,ddr3_peak,70,308.428,112000.000,379.697,110422.900,112308.428,110802.597,-1.34
2.50,default flow,bitcos_stream5_bank_fed,z0.50,0.5004,sram_8kb_45nm,0.156,297.955,249.600,305.807,233.939,547.555,539.746,-1.43
2.50,default flow,bitcos_stream5_bank_fed,z0.50,0.5004,sram_32kb_45nm,0.313,297.955,500.800,305.807,469.378,798.755,775.185,-2.95
2.50,default flow,bitcos_stream5_bank_fed,z0.50,0.5004,sram_1mb_45nm,1.563,297.955,2500.800,305.807,2343.890,2798.755,2649.697,-5.33
2.50,default flow,bitcos_stream5_bank_fed,z0.50,0.5004,sram_1mb_45nm_cacti,1.058,297.955,1692.800,305.807,1586.587,1990.755,1892.394,-4.94
2.50,default flow,bitcos_stream5_bank_fed,z0.50,0.5004,sram_32kb_7nm,0.133,297.955,212.800,305.807,199.448,510.755,505.255,-1.08
2.50,default flow,bitcos_stream5_bank_fed,z0.50,0.5004,sram_1mb_7nm,0.219,297.955,350.400,305.807,328.415,648.355,634.222,-2.18
2.50,default flow,bitcos_stream5_bank_fed,z0.50,0.5004,hbm2,3.97,297.955,6352.000,305.807,5953.452,6649.955,6259.259,-5.88
2.50,default flow,bitcos_stream5_bank_fed,z0.50,0.5004,hbm2_streamed,3.59,297.955,5744.000,305.807,5383.600,6041.955,5689.407,-5.84
2.50,default flow,bitcos_stream5_bank_fed,z0.50,0.5004,lpddr4_package,12,297.955,19200.000,305.807,17995.320,19497.955,18301.127,-6.14
2.50,default flow,bitcos_stream5_bank_fed,z0.50,0.5004,gddr5,14.0,297.955,22400.000,305.807,20994.540,22697.955,21300.347,-6.16
2.50,default flow,bitcos_stream5_bank_fed,z0.50,0.5004,dram_45nm_horowitz,30.5,297.955,48800.000,305.807,45738.105,49097.955,46043.912,-6.22
2.50,default flow,bitcos_stream5_bank_fed,z0.50,0.5004,ddr3_peak,70,297.955,112000.000,305.807,104972.700,112297.955,105278.507,-6.25
2.50,default flow,bitcos_stream5_bank_fed+repack,z0.50,0.5004,sram_8kb_45nm,0.156,297.955,249.600,348.960,233.939,547.555,582.899,+6.45
2.50,default flow,bitcos_stream5_bank_fed+repack,z0.50,0.5004,sram_32kb_45nm,0.313,297.955,500.800,348.960,469.378,798.755,818.338,+2.45
2.50,default flow,bitcos_stream5_bank_fed+repack,z0.50,0.5004,sram_1mb_45nm,1.563,297.955,2500.800,348.960,2343.890,2798.755,2692.850,-3.78
2.50,default flow,bitcos_stream5_bank_fed+repack,z0.50,0.5004,sram_1mb_45nm_cacti,1.058,297.955,1692.800,348.960,1586.587,1990.755,1935.547,-2.77
2.50,default flow,bitcos_stream5_bank_fed+repack,z0.50,0.5004,sram_32kb_7nm,0.133,297.955,212.800,348.960,199.448,510.755,548.408,+7.37
2.50,default flow,bitcos_stream5_bank_fed+repack,z0.50,0.5004,sram_1mb_7nm,0.219,297.955,350.400,348.960,328.415,648.355,677.375,+4.48
2.50,default flow,bitcos_stream5_bank_fed+repack,z0.50,0.5004,hbm2,3.97,297.955,6352.000,348.960,5953.452,6649.955,6302.412,-5.23
2.50,default flow,bitcos_stream5_bank_fed+repack,z0.50,0.5004,hbm2_streamed,3.59,297.955,5744.000,348.960,5383.600,6041.955,5732.560,-5.12
2.50,default flow,bitcos_stream5_bank_fed+repack,z0.50,0.5004,lpddr4_package,12,297.955,19200.000,348.960,17995.320,19497.955,18344.280,-5.92
2.50,default flow,bitcos_stream5_bank_fed+repack,z0.50,0.5004,gddr5,14.0,297.955,22400.000,348.960,20994.540,22697.955,21343.500,-5.97
2.50,default flow,bitcos_stream5_bank_fed+repack,z0.50,0.5004,dram_45nm_horowitz,30.5,297.955,48800.000,348.960,45738.105,49097.955,46087.065,-6.13
2.50,default flow,bitcos_stream5_bank_fed+repack,z0.50,0.5004,ddr3_peak,70,297.955,112000.000,348.960,104972.700,112297.955,105321.660,-6.21
2.50,default flow,bitcos_stream5_direct,z0.50,0.5004,sram_8kb_45nm,0.156,275.847,249.600,293.759,233.939,525.447,527.698,+0.43
2.50,default flow,bitcos_stream5_direct,z0.50,0.5004,sram_32kb_45nm,0.313,275.847,500.800,293.759,469.378,776.647,763.137,-1.74
2.50,default flow,bitcos_stream5_direct,z0.50,0.5004,sram_1mb_45nm,1.563,275.847,2500.800,293.759,2343.890,2776.647,2637.649,-5.01
2.50,default flow,bitcos_stream5_direct,z0.50,0.5004,sram_1mb_45nm_cacti,1.058,275.847,1692.800,293.759,1586.587,1968.647,1880.346,-4.49
2.50,default flow,bitcos_stream5_direct,z0.50,0.5004,sram_32kb_7nm,0.133,275.847,212.800,293.759,199.448,488.647,493.207,+0.93
2.50,default flow,bitcos_stream5_direct,z0.50,0.5004,sram_1mb_7nm,0.219,275.847,350.400,293.759,328.415,626.247,622.174,-0.65
2.50,default flow,bitcos_stream5_direct,z0.50,0.5004,hbm2,3.97,275.847,6352.000,293.759,5953.452,6627.847,6247.211,-5.74
2.50,default flow,bitcos_stream5_direct,z0.50,0.5004,hbm2_streamed,3.59,275.847,5744.000,293.759,5383.600,6019.847,5677.359,-5.69
2.50,default flow,bitcos_stream5_direct,z0.50,0.5004,lpddr4_package,12,275.847,19200.000,293.759,17995.320,19475.847,18289.079,-6.09
2.50,default flow,bitcos_stream5_direct,z0.50,0.5004,gddr5,14.0,275.847,22400.000,293.759,20994.540,22675.847,21288.299,-6.12
2.50,default flow,bitcos_stream5_direct,z0.50,0.5004,dram_45nm_horowitz,30.5,275.847,48800.000,293.759,45738.105,49075.847,46031.864,-6.20
2.50,default flow,bitcos_stream5_direct,z0.50,0.5004,ddr3_peak,70,275.847,112000.000,293.759,104972.700,112275.847,105266.459,-6.24
2.50,default flow,bitcos_stream5_directiso,z0.50,0.5004,sram_8kb_45nm,0.156,275.847,249.600,287.488,233.939,525.447,521.427,-0.77
2.50,default flow,bitcos_stream5_directiso,z0.50,0.5004,sram_32kb_45nm,0.313,275.847,500.800,287.488,469.378,776.647,756.866,-2.55
2.50,default flow,bitcos_stream5_directiso,z0.50,0.5004,sram_1mb_45nm,1.563,275.847,2500.800,287.488,2343.890,2776.647,2631.378,-5.23
2.50,default flow,bitcos_stream5_directiso,z0.50,0.5004,sram_1mb_45nm_cacti,1.058,275.847,1692.800,287.488,1586.587,1968.647,1874.075,-4.80
2.50,default flow,bitcos_stream5_directiso,z0.50,0.5004,sram_32kb_7nm,0.133,275.847,212.800,287.488,199.448,488.647,486.936,-0.35
2.50,default flow,bitcos_stream5_directiso,z0.50,0.5004,sram_1mb_7nm,0.219,275.847,350.400,287.488,328.415,626.247,615.903,-1.65
2.50,default flow,bitcos_stream5_directiso,z0.50,0.5004,hbm2,3.97,275.847,6352.000,287.488,5953.452,6627.847,6240.940,-5.84
2.50,default flow,bitcos_stream5_directiso,z0.50,0.5004,hbm2_streamed,3.59,275.847,5744.000,287.488,5383.600,6019.847,5671.088,-5.79
2.50,default flow,bitcos_stream5_directiso,z0.50,0.5004,lpddr4_package,12,275.847,19200.000,287.488,17995.320,19475.847,18282.808,-6.13
2.50,default flow,bitcos_stream5_directiso,z0.50,0.5004,gddr5,14.0,275.847,22400.000,287.488,20994.540,22675.847,21282.028,-6.15
2.50,default flow,bitcos_stream5_directiso,z0.50,0.5004,dram_45nm_horowitz,30.5,275.847,48800.000,287.488,45738.105,49075.847,46025.593,-6.22
2.50,default flow,bitcos_stream5_directiso,z0.50,0.5004,ddr3_peak,70,275.847,112000.000,287.488,104972.700,112275.847,105260.188,-6.25
2.50,default flow,bitcos_stream5_fed,z0.50,0.5004,sram_8kb_45nm,0.156,297.955,249.600,371.813,233.939,547.555,605.752,+10.63
2.50,default flow,bitcos_stream5_fed,z0.50,0.5004,sram_32kb_45nm,0.313,297.955,500.800,371.813,469.378,798.755,841.191,+5.31
2.50,default flow,bitcos_stream5_fed,z0.50,0.5004,sram_1mb_45nm,1.563,297.955,2500.800,371.813,2343.890,2798.755,2715.703,-2.97
2.50,default flow,bitcos_stream5_fed,z0.50,0.5004,sram_1mb_45nm_cacti,1.058,297.955,1692.800,371.813,1586.587,1990.755,1958.400,-1.63
2.50,default flow,bitcos_stream5_fed,z0.50,0.5004,sram_32kb_7nm,0.133,297.955,212.800,371.813,199.448,510.755,571.261,+11.85
2.50,default flow,bitcos_stream5_fed,z0.50,0.5004,sram_1mb_7nm,0.219,297.955,350.400,371.813,328.415,648.355,700.228,+8.00
2.50,default flow,bitcos_stream5_fed,z0.50,0.5004,hbm2,3.97,297.955,6352.000,371.813,5953.452,6649.955,6325.265,-4.88
2.50,default flow,bitcos_stream5_fed,z0.50,0.5004,hbm2_streamed,3.59,297.955,5744.000,371.813,5383.600,6041.955,5755.413,-4.74
2.50,default flow,bitcos_stream5_fed,z0.50,0.5004,lpddr4_package,12,297.955,19200.000,371.813,17995.320,19497.955,18367.133,-5.80
2.50,default flow,bitcos_stream5_fed,z0.50,0.5004,gddr5,14.0,297.955,22400.000,371.813,20994.540,22697.955,21366.353,-5.87
2.50,default flow,bitcos_stream5_fed,z0.50,0.5004,dram_45nm_horowitz,30.5,297.955,48800.000,371.813,45738.105,49097.955,46109.918,-6.09
2.50,default flow,bitcos_stream5_fed,z0.50,0.5004,ddr3_peak,70,297.955,112000.000,371.813,104972.700,112297.955,105344.513,-6.19
2.50,default flow,bitcos_stream5_bank_fed,z0.60,0.6006,sram_8kb_45nm,0.156,279.766,249.600,290.959,218.319,529.366,509.278,-3.79
2.50,default flow,bitcos_stream5_bank_fed,z0.60,0.6006,sram_32kb_45nm,0.313,279.766,500.800,290.959,438.037,780.566,728.996,-6.61
2.50,default flow,bitcos_stream5_bank_fed,z0.60,0.6006,sram_1mb_45nm,1.563,279.766,2500.800,290.959,2187.387,2780.566,2478.346,-10.87
2.50,default flow,bitcos_stream5_bank_fed,z0.60,0.6006,sram_1mb_45nm_cacti,1.058,279.766,1692.800,290.959,1480.650,1972.566,1771.609,-10.19
2.50,default flow,bitcos_stream5_bank_fed,z0.60,0.6006,sram_32kb_7nm,0.133,279.766,212.800,290.959,186.131,492.566,477.090,-3.14
2.50,default flow,bitcos_stream5_bank_fed,z0.60,0.6006,sram_1mb_7nm,0.219,279.766,350.400,290.959,306.486,630.166,597.445,-5.19
2.50,default flow,bitcos_stream5_bank_fed,z0.60,0.6006,hbm2,3.97,279.766,6352.000,290.959,5555.936,6631.766,5846.895,-11.84
2.50,default flow,bitcos_stream5_bank_fed,z0.60,0.6006,hbm2_streamed,3.59,279.766,5744.000,290.959,5024.133,6023.766,5315.092,-11.76
2.50,default flow,bitcos_stream5_bank_fed,z0.60,0.6006,lpddr4_package,12,279.766,19200.000,290.959,16793.760,19479.766,17084.719,-12.30
2.50,default flow,bitcos_stream5_bank_fed,z0.60,0.6006,gddr5,14.0,279.766,22400.000,290.959,19592.720,22679.766,19883.679,-12.33
2.50,default flow,bitcos_stream5_bank_fed,z0.60,0.6006,dram_45nm_horowitz,30.5,279.766,48800.000,290.959,42684.140,49079.766,42975.099,-12.44
2.50,default flow,bitcos_stream5_bank_fed,z0.60,0.6006,ddr3_peak,70,279.766,112000.000,290.959,97963.600,112279.766,98254.559,-12.49
2.50,default flow,bitcos_stream5_bank_fed+repack,z0.60,0.6006,sram_8kb_45nm,0.156,279.766,249.600,334.758,218.319,529.366,553.077,+4.48
2.50,default flow,bitcos_stream5_bank_fed+repack,z0.60,0.6006,sram_32kb_45nm,0.313,279.766,500.800,334.758,438.037,780.566,772.795,-1.00
2.50,default flow,bitcos_stream5_bank_fed+repack,z0.60,0.6006,sram_1mb_45nm,1.563,279.766,2500.800,334.758,2187.387,2780.566,2522.145,-9.29
2.50,default flow,bitcos_stream5_bank_fed+repack,z0.60,0.6006,sram_1mb_45nm_cacti,1.058,279.766,1692.800,334.758,1480.650,1972.566,1815.408,-7.97
2.50,default flow,bitcos_stream5_bank_fed+repack,z0.60,0.6006,sram_32kb_7nm,0.133,279.766,212.800,334.758,186.131,492.566,520.889,+5.75
2.50,default flow,bitcos_stream5_bank_fed+repack,z0.60,0.6006,sram_1mb_7nm,0.219,279.766,350.400,334.758,306.486,630.166,641.244,+1.76
2.50,default flow,bitcos_stream5_bank_fed+repack,z0.60,0.6006,hbm2,3.97,279.766,6352.000,334.758,5555.936,6631.766,5890.694,-11.17
2.50,default flow,bitcos_stream5_bank_fed+repack,z0.60,0.6006,hbm2_streamed,3.59,279.766,5744.000,334.758,5024.133,6023.766,5358.891,-11.04
2.50,default flow,bitcos_stream5_bank_fed+repack,z0.60,0.6006,lpddr4_package,12,279.766,19200.000,334.758,16793.760,19479.766,17128.518,-12.07
2.50,default flow,bitcos_stream5_bank_fed+repack,z0.60,0.6006,gddr5,14.0,279.766,22400.000,334.758,19592.720,22679.766,19927.478,-12.14
2.50,default flow,bitcos_stream5_bank_fed+repack,z0.60,0.6006,dram_45nm_horowitz,30.5,279.766,48800.000,334.758,42684.140,49079.766,43018.898,-12.35
2.50,default flow,bitcos_stream5_bank_fed+repack,z0.60,0.6006,ddr3_peak,70,279.766,112000.000,334.758,97963.600,112279.766,98298.358,-12.45
2.50,default flow,bitcos_stream5_direct,z0.60,0.6006,sram_8kb_45nm,0.156,257.592,249.600,280.010,218.319,507.192,498.329,-1.75
2.50,default flow,bitcos_stream5_direct,z0.60,0.6006,sram_32kb_45nm,0.313,257.592,500.800,280.010,438.037,758.392,718.047,-5.32
2.50,default flow,bitcos_stream5_direct,z0.60,0.6006,sram_1mb_45nm,1.563,257.592,2500.800,280.010,2187.387,2758.392,2467.397,-10.55
2.50,default flow,bitcos_stream5_direct,z0.60,0.6006,sram_1mb_45nm_cacti,1.058,257.592,1692.800,280.010,1480.650,1950.392,1760.660,-9.73
2.50,default flow,bitcos_stream5_direct,z0.60,0.6006,sram_32kb_7nm,0.133,257.592,212.800,280.010,186.131,470.392,466.141,-0.90
2.50,default flow,bitcos_stream5_direct,z0.60,0.6006,sram_1mb_7nm,0.219,257.592,350.400,280.010,306.486,607.992,586.496,-3.54
2.50,default flow,bitcos_stream5_direct,z0.60,0.6006,hbm2,3.97,257.592,6352.000,280.010,5555.936,6609.592,5835.946,-11.70
2.50,default flow,bitcos_stream5_direct,z0.60,0.6006,hbm2_streamed,3.59,257.592,5744.000,280.010,5024.133,6001.592,5304.143,-11.62
2.50,default flow,bitcos_stream5_direct,z0.60,0.6006,lpddr4_package,12,257.592,19200.000,280.010,16793.760,19457.592,17073.770,-12.25
2.50,default flow,bitcos_stream5_direct,z0.60,0.6006,gddr5,14.0,257.592,22400.000,280.010,19592.720,22657.592,19872.730,-12.29
2.50,default flow,bitcos_stream5_direct,z0.60,0.6006,dram_45nm_horowitz,30.5,257.592,48800.000,280.010,42684.140,49057.592,42964.150,-12.42
2.50,default flow,bitcos_stream5_direct,z0.60,0.6006,ddr3_peak,70,257.592,112000.000,280.010,97963.600,112257.592,98243.610,-12.48
2.50,default flow,bitcos_stream5_directiso,z0.60,0.6006,sram_8kb_45nm,0.156,257.592,249.600,273.014,218.319,507.192,491.333,-3.13
2.50,default flow,bitcos_stream5_directiso,z0.60,0.6006,sram_32kb_45nm,0.313,257.592,500.800,273.014,438.037,758.392,711.051,-6.24
2.50,default flow,bitcos_stream5_directiso,z0.60,0.6006,sram_1mb_45nm,1.563,257.592,2500.800,273.014,2187.387,2758.392,2460.401,-10.80
2.50,default flow,bitcos_stream5_directiso,z0.60,0.6006,sram_1mb_45nm_cacti,1.058,257.592,1692.800,273.014,1480.650,1950.392,1753.664,-10.09
2.50,default flow,bitcos_stream5_directiso,z0.60,0.6006,sram_32kb_7nm,0.133,257.592,212.800,273.014,186.131,470.392,459.145,-2.39
2.50,default flow,bitcos_stream5_directiso,z0.60,0.6006,sram_1mb_7nm,0.219,257.592,350.400,273.014,306.486,607.992,579.500,-4.69
2.50,default flow,bitcos_stream5_directiso,z0.60,0.6006,hbm2,3.97,257.592,6352.000,273.014,5555.936,6609.592,5828.950,-11.81
2.50,default flow,bitcos_stream5_directiso,z0.60,0.6006,hbm2_streamed,3.59,257.592,5744.000,273.014,5024.133,6001.592,5297.147,-11.74
2.50,default flow,bitcos_stream5_directiso,z0.60,0.6006,lpddr4_package,12,257.592,19200.000,273.014,16793.760,19457.592,17066.774,-12.29
2.50,default flow,bitcos_stream5_directiso,z0.60,0.6006,gddr5,14.0,257.592,22400.000,273.014,19592.720,22657.592,19865.734,-12.32
2.50,default flow,bitcos_stream5_directiso,z0.60,0.6006,dram_45nm_horowitz,30.5,257.592,48800.000,273.014,42684.140,49057.592,42957.154,-12.44
2.50,default flow,bitcos_stream5_directiso,z0.60,0.6006,ddr3_peak,70,257.592,112000.000,273.014,97963.600,112257.592,98236.614,-12.49
2.50,default flow,bitcos_stream5_fed,z0.60,0.6006,sram_8kb_45nm,0.156,279.766,249.600,355.737,218.319,529.366,574.056,+8.44
2.50,default flow,bitcos_stream5_fed,z0.60,0.6006,sram_32kb_45nm,0.313,279.766,500.800,355.737,438.037,780.566,793.774,+1.69
2.50,default flow,bitcos_stream5_fed,z0.60,0.6006,sram_1mb_45nm,1.563,279.766,2500.800,355.737,2187.387,2780.566,2543.124,-8.54
2.50,default flow,bitcos_stream5_fed,z0.60,0.6006,sram_1mb_45nm_cacti,1.058,279.766,1692.800,355.737,1480.650,1972.566,1836.387,-6.90
2.50,default flow,bitcos_stream5_fed,z0.60,0.6006,sram_32kb_7nm,0.133,279.766,212.800,355.737,186.131,492.566,541.868,+10.01
2.50,default flow,bitcos_stream5_fed,z0.60,0.6006,sram_1mb_7nm,0.219,279.766,350.400,355.737,306.486,630.166,662.223,+5.09
2.50,default flow,bitcos_stream5_fed,z0.60,0.6006,hbm2,3.97,279.766,6352.000,355.737,5555.936,6631.766,5911.673,-10.86
2.50,default flow,bitcos_stream5_fed,z0.60,0.6006,hbm2_streamed,3.59,279.766,5744.000,355.737,5024.133,6023.766,5379.870,-10.69
2.50,default flow,bitcos_stream5_fed,z0.60,0.6006,lpddr4_package,12,279.766,19200.000,355.737,16793.760,19479.766,17149.497,-11.96
2.50,default flow,bitcos_stream5_fed,z0.60,0.6006,gddr5,14.0,279.766,22400.000,355.737,19592.720,22679.766,19948.457,-12.04
2.50,default flow,bitcos_stream5_fed,z0.60,0.6006,dram_45nm_horowitz,30.5,279.766,48800.000,355.737,42684.140,49079.766,43039.877,-12.31
2.50,default flow,bitcos_stream5_fed,z0.60,0.6006,ddr3_peak,70,279.766,112000.000,355.737,97963.600,112279.766,98319.337,-12.43
2.50,default flow,bitcos_stream5_bank_fed,z0.70,0.6993,sram_8kb_45nm,0.156,256.255,249.600,270.364,202.922,505.855,473.286,-6.44
2.50,default flow,bitcos_stream5_bank_fed,z0.70,0.6993,sram_32kb_45nm,0.313,256.255,500.800,270.364,407.144,757.055,677.508,-10.51
2.50,default flow,bitcos_stream5_bank_fed,z0.70,0.6993,sram_1mb_45nm,1.563,256.255,2500.800,270.364,2033.119,2757.055,2303.483,-16.45
2.50,default flow,bitcos_stream5_bank_fed,z0.70,0.6993,sram_1mb_45nm_cacti,1.058,256.255,1692.800,270.364,1376.225,1949.055,1646.589,-15.52
2.50,default flow,bitcos_stream5_bank_fed,z0.70,0.6993,sram_32kb_7nm,0.133,256.255,212.800,270.364,173.004,469.055,443.368,-5.48
2.50,default flow,bitcos_stream5_bank_fed,z0.70,0.6993,sram_1mb_7nm,0.219,256.255,350.400,270.364,284.871,606.655,555.235,-8.48
2.50,default flow,bitcos_stream5_bank_fed,z0.70,0.6993,hbm2,3.97,256.255,6352.000,270.364,5164.097,6608.255,5434.461,-17.76
2.50,default flow,bitcos_stream5_bank_fed,z0.70,0.6993,hbm2_streamed,3.59,256.255,5744.000,270.364,4669.800,6000.255,4940.164,-17.67
2.50,default flow,bitcos_stream5_bank_fed,z0.70,0.6993,lpddr4_package,12,256.255,19200.000,270.364,15609.360,19456.255,15879.724,-18.38
2.50,default flow,bitcos_stream5_bank_fed,z0.70,0.6993,gddr5,14.0,256.255,22400.000,270.364,18210.920,22656.255,18481.284,-18.43
2.50,default flow,bitcos_stream5_bank_fed,z0.70,0.6993,dram_45nm_horowitz,30.5,256.255,48800.000,270.364,39673.790,49056.255,39944.154,-18.57
2.50,default flow,bitcos_stream5_bank_fed,z0.70,0.6993,ddr3_peak,70,256.255,112000.000,270.364,91054.600,112256.255,91324.964,-18.65
2.50,default flow,bitcos_stream5_bank_fed+repack,z0.70,0.6993,sram_8kb_45nm,0.156,256.255,249.600,316.047,202.922,505.855,518.969,+2.59
2.50,default flow,bitcos_stream5_bank_fed+repack,z0.70,0.6993,sram_32kb_45nm,0.313,256.255,500.800,316.047,407.144,757.055,723.191,-4.47
2.50,default flow,bitcos_stream5_bank_fed+repack,z0.70,0.6993,sram_1mb_45nm,1.563,256.255,2500.800,316.047,2033.119,2757.055,2349.166,-14.79
2.50,default flow,bitcos_stream5_bank_fed+repack,z0.70,0.6993,sram_1mb_45nm_cacti,1.058,256.255,1692.800,316.047,1376.225,1949.055,1692.272,-13.17
2.50,default flow,bitcos_stream5_bank_fed+repack,z0.70,0.6993,sram_32kb_7nm,0.133,256.255,212.800,316.047,173.004,469.055,489.051,+4.26
2.50,default flow,bitcos_stream5_bank_fed+repack,z0.70,0.6993,sram_1mb_7nm,0.219,256.255,350.400,316.047,284.871,606.655,600.918,-0.95
2.50,default flow,bitcos_stream5_bank_fed+repack,z0.70,0.6993,hbm2,3.97,256.255,6352.000,316.047,5164.097,6608.255,5480.144,-17.07
2.50,default flow,bitcos_stream5_bank_fed+repack,z0.70,0.6993,hbm2_streamed,3.59,256.255,5744.000,316.047,4669.800,6000.255,4985.847,-16.91
2.50,default flow,bitcos_stream5_bank_fed+repack,z0.70,0.6993,lpddr4_package,12,256.255,19200.000,316.047,15609.360,19456.255,15925.407,-18.15
2.50,default flow,bitcos_stream5_bank_fed+repack,z0.70,0.6993,gddr5,14.0,256.255,22400.000,316.047,18210.920,22656.255,18526.967,-18.23
2.50,default flow,bitcos_stream5_bank_fed+repack,z0.70,0.6993,dram_45nm_horowitz,30.5,256.255,48800.000,316.047,39673.790,49056.255,39989.837,-18.48
2.50,default flow,bitcos_stream5_bank_fed+repack,z0.70,0.6993,ddr3_peak,70,256.255,112000.000,316.047,91054.600,112256.255,91370.647,-18.61
2.50,default flow,bitcos_stream5_direct,z0.70,0.6993,sram_8kb_45nm,0.156,233.879,249.600,259.146,202.922,483.479,462.068,-4.43
2.50,default flow,bitcos_stream5_direct,z0.70,0.6993,sram_32kb_45nm,0.313,233.879,500.800,259.146,407.144,734.679,666.290,-9.31
2.50,default flow,bitcos_stream5_direct,z0.70,0.6993,sram_1mb_45nm,1.563,233.879,2500.800,259.146,2033.119,2734.679,2292.265,-16.18
2.50,default flow,bitcos_stream5_direct,z0.70,0.6993,sram_1mb_45nm_cacti,1.058,233.879,1692.800,259.146,1376.225,1926.679,1635.371,-15.12
2.50,default flow,bitcos_stream5_direct,z0.70,0.6993,sram_32kb_7nm,0.133,233.879,212.800,259.146,173.004,446.679,432.150,-3.25
2.50,default flow,bitcos_stream5_direct,z0.70,0.6993,sram_1mb_7nm,0.219,233.879,350.400,259.146,284.871,584.279,544.017,-6.89
2.50,default flow,bitcos_stream5_direct,z0.70,0.6993,hbm2,3.97,233.879,6352.000,259.146,5164.097,6585.879,5423.243,-17.65
2.50,default flow,bitcos_stream5_direct,z0.70,0.6993,hbm2_streamed,3.59,233.879,5744.000,259.146,4669.800,5977.879,4928.946,-17.55
2.50,default flow,bitcos_stream5_direct,z0.70,0.6993,lpddr4_package,12,233.879,19200.000,259.146,15609.360,19433.879,15868.506,-18.35
2.50,default flow,bitcos_stream5_direct,z0.70,0.6993,gddr5,14.0,233.879,22400.000,259.146,18210.920,22633.879,18470.066,-18.40
2.50,default flow,bitcos_stream5_direct,z0.70,0.6993,dram_45nm_horowitz,30.5,233.879,48800.000,259.146,39673.790,49033.879,39932.936,-18.56
2.50,default flow,bitcos_stream5_direct,z0.70,0.6993,ddr3_peak,70,233.879,112000.000,259.146,91054.600,112233.879,91313.746,-18.64
2.50,default flow,bitcos_stream5_directiso,z0.70,0.6993,sram_8kb_45nm,0.156,233.879,249.600,252.030,202.922,483.479,454.952,-5.90
2.50,default flow,bitcos_stream5_directiso,z0.70,0.6993,sram_32kb_45nm,0.313,233.879,500.800,252.030,407.144,734.679,659.174,-10.28
2.50,default flow,bitcos_stream5_directiso,z0.70,0.6993,sram_1mb_45nm,1.563,233.879,2500.800,252.030,2033.119,2734.679,2285.149,-16.44
2.50,default flow,bitcos_stream5_directiso,z0.70,0.6993,sram_1mb_45nm_cacti,1.058,233.879,1692.800,252.030,1376.225,1926.679,1628.255,-15.49
2.50,default flow,bitcos_stream5_directiso,z0.70,0.6993,sram_32kb_7nm,0.133,233.879,212.800,252.030,173.004,446.679,425.034,-4.85
2.50,default flow,bitcos_stream5_directiso,z0.70,0.6993,sram_1mb_7nm,0.219,233.879,350.400,252.030,284.871,584.279,536.901,-8.11
2.50,default flow,bitcos_stream5_directiso,z0.70,0.6993,hbm2,3.97,233.879,6352.000,252.030,5164.097,6585.879,5416.127,-17.76
2.50,default flow,bitcos_stream5_directiso,z0.70,0.6993,hbm2_streamed,3.59,233.879,5744.000,252.030,4669.800,5977.879,4921.830,-17.67
2.50,default flow,bitcos_stream5_directiso,z0.70,0.6993,lpddr4_package,12,233.879,19200.000,252.030,15609.360,19433.879,15861.390,-18.38
2.50,default flow,bitcos_stream5_directiso,z0.70,0.6993,gddr5,14.0,233.879,22400.000,252.030,18210.920,22633.879,18462.950,-18.43
2.50,default flow,bitcos_stream5_directiso,z0.70,0.6993,dram_45nm_horowitz,30.5,233.879,48800.000,252.030,39673.790,49033.879,39925.820,-18.58
2.50,default flow,bitcos_stream5_directiso,z0.70,0.6993,ddr3_peak,70,233.879,112000.000,252.030,91054.600,112233.879,91306.630,-18.65
2.50,default flow,bitcos_stream5_fed,z0.70,0.6993,sram_8kb_45nm,0.156,256.255,249.600,332.541,202.922,505.855,535.463,+5.85
2.50,default flow,bitcos_stream5_fed,z0.70,0.6993,sram_32kb_45nm,0.313,256.255,500.800,332.541,407.144,757.055,739.685,-2.29
2.50,default flow,bitcos_stream5_fed,z0.70,0.6993,sram_1mb_45nm,1.563,256.255,2500.800,332.541,2033.119,2757.055,2365.660,-14.20
2.50,default flow,bitcos_stream5_fed,z0.70,0.6993,sram_1mb_45nm_cacti,1.058,256.255,1692.800,332.541,1376.225,1949.055,1708.766,-12.33
2.50,default flow,bitcos_stream5_fed,z0.70,0.6993,sram_32kb_7nm,0.133,256.255,212.800,332.541,173.004,469.055,505.545,+7.78
2.50,default flow,bitcos_stream5_fed,z0.70,0.6993,sram_1mb_7nm,0.219,256.255,350.400,332.541,284.871,606.655,617.412,+1.77
2.50,default flow,bitcos_stream5_fed,z0.70,0.6993,hbm2,3.97,256.255,6352.000,332.541,5164.097,6608.255,5496.638,-16.82
2.50,default flow,bitcos_stream5_fed,z0.70,0.6993,hbm2_streamed,3.59,256.255,5744.000,332.541,4669.800,6000.255,5002.341,-16.63
2.50,default flow,bitcos_stream5_fed,z0.70,0.6993,lpddr4_package,12,256.255,19200.000,332.541,15609.360,19456.255,15941.901,-18.06
2.50,default flow,bitcos_stream5_fed,z0.70,0.6993,gddr5,14.0,256.255,22400.000,332.541,18210.920,22656.255,18543.461,-18.15
2.50,default flow,bitcos_stream5_fed,z0.70,0.6993,dram_45nm_horowitz,30.5,256.255,48800.000,332.541,39673.790,49056.255,40006.331,-18.45
2.50,default flow,bitcos_stream5_fed,z0.70,0.6993,ddr3_peak,70,256.255,112000.000,332.541,91054.600,112256.255,91387.141,-18.59
1.60,smallest meeting clock,bitcos_stream5_bank_fed,bitnet,0.4387,sram_8kb_45nm,0.156,327.976,249.600,329.006,243.588,577.576,572.594,-0.86
1.60,smallest meeting clock,bitcos_stream5_bank_fed,bitnet,0.4387,sram_32kb_45nm,0.313,327.976,500.800,329.006,488.737,828.776,817.743,-1.33
1.60,smallest meeting clock,bitcos_stream5_bank_fed,bitnet,0.4387,sram_1mb_45nm,1.563,327.976,2500.800,329.006,2440.562,2828.776,2769.568,-2.09
1.60,smallest meeting clock,bitcos_stream5_bank_fed,bitnet,0.4387,sram_1mb_45nm_cacti,1.058,327.976,1692.800,329.006,1652.025,2020.776,1981.031,-1.97
1.60,smallest meeting clock,bitcos_stream5_bank_fed,bitnet,0.4387,sram_32kb_7nm,0.133,327.976,212.800,329.006,207.674,540.776,536.680,-0.76
1.60,smallest meeting clock,bitcos_stream5_bank_fed,bitnet,0.4387,sram_1mb_7nm,0.219,327.976,350.400,329.006,341.960,678.376,670.966,-1.09
1.60,smallest meeting clock,bitcos_stream5_bank_fed,bitnet,0.4387,hbm2,3.97,327.976,6352.000,329.006,6198.996,6679.976,6528.002,-2.28
1.60,smallest meeting clock,bitcos_stream5_bank_fed,bitnet,0.4387,hbm2_streamed,3.59,327.976,5744.000,329.006,5605.641,6071.976,5934.647,-2.26
1.60,smallest meeting clock,bitcos_stream5_bank_fed,bitnet,0.4387,lpddr4_package,12,327.976,19200.000,329.006,18737.520,19527.976,19066.526,-2.36
1.60,smallest meeting clock,bitcos_stream5_bank_fed,bitnet,0.4387,gddr5,14.0,327.976,22400.000,329.006,21860.440,22727.976,22189.446,-2.37
1.60,smallest meeting clock,bitcos_stream5_bank_fed,bitnet,0.4387,dram_45nm_horowitz,30.5,327.976,48800.000,329.006,47624.530,49127.976,47953.536,-2.39
1.60,smallest meeting clock,bitcos_stream5_bank_fed,bitnet,0.4387,ddr3_peak,70,327.976,112000.000,329.006,109302.200,112327.976,109631.206,-2.40
1.60,smallest meeting clock,bitcos_stream5_bank_fed+repack,bitnet,0.4387,sram_8kb_45nm,0.156,327.976,249.600,371.168,243.588,577.576,614.756,+6.44
1.60,smallest meeting clock,bitcos_stream5_bank_fed+repack,bitnet,0.4387,sram_32kb_45nm,0.313,327.976,500.800,371.168,488.737,828.776,859.905,+3.76
1.60,smallest meeting clock,bitcos_stream5_bank_fed+repack,bitnet,0.4387,sram_1mb_45nm,1.563,327.976,2500.800,371.168,2440.562,2828.776,2811.730,-0.60
1.60,smallest meeting clock,bitcos_stream5_bank_fed+repack,bitnet,0.4387,sram_1mb_45nm_cacti,1.058,327.976,1692.800,371.168,1652.025,2020.776,2023.193,+0.12
1.60,smallest meeting clock,bitcos_stream5_bank_fed+repack,bitnet,0.4387,sram_32kb_7nm,0.133,327.976,212.800,371.168,207.674,540.776,578.842,+7.04
1.60,smallest meeting clock,bitcos_stream5_bank_fed+repack,bitnet,0.4387,sram_1mb_7nm,0.219,327.976,350.400,371.168,341.960,678.376,713.128,+5.12
1.60,smallest meeting clock,bitcos_stream5_bank_fed+repack,bitnet,0.4387,hbm2,3.97,327.976,6352.000,371.168,6198.996,6679.976,6570.164,-1.64
1.60,smallest meeting clock,bitcos_stream5_bank_fed+repack,bitnet,0.4387,hbm2_streamed,3.59,327.976,5744.000,371.168,5605.641,6071.976,5976.809,-1.57
1.60,smallest meeting clock,bitcos_stream5_bank_fed+repack,bitnet,0.4387,lpddr4_package,12,327.976,19200.000,371.168,18737.520,19527.976,19108.688,-2.15
1.60,smallest meeting clock,bitcos_stream5_bank_fed+repack,bitnet,0.4387,gddr5,14.0,327.976,22400.000,371.168,21860.440,22727.976,22231.608,-2.18
1.60,smallest meeting clock,bitcos_stream5_bank_fed+repack,bitnet,0.4387,dram_45nm_horowitz,30.5,327.976,48800.000,371.168,47624.530,49127.976,47995.698,-2.30
1.60,smallest meeting clock,bitcos_stream5_bank_fed+repack,bitnet,0.4387,ddr3_peak,70,327.976,112000.000,371.168,109302.200,112327.976,109673.368,-2.36
1.60,smallest meeting clock,bitcos_stream5_direct,bitnet,0.4387,sram_8kb_45nm,0.156,314.723,249.600,319.219,243.588,564.323,562.807,-0.27
1.60,smallest meeting clock,bitcos_stream5_direct,bitnet,0.4387,sram_32kb_45nm,0.313,314.723,500.800,319.219,488.737,815.523,807.956,-0.93
1.60,smallest meeting clock,bitcos_stream5_direct,bitnet,0.4387,sram_1mb_45nm,1.563,314.723,2500.800,319.219,2440.562,2815.523,2759.781,-1.98
1.60,smallest meeting clock,bitcos_stream5_direct,bitnet,0.4387,sram_1mb_45nm_cacti,1.058,314.723,1692.800,319.219,1652.025,2007.523,1971.244,-1.81
1.60,smallest meeting clock,bitcos_stream5_direct,bitnet,0.4387,sram_32kb_7nm,0.133,314.723,212.800,319.219,207.674,527.523,526.893,-0.12
1.60,smallest meeting clock,bitcos_stream5_direct,bitnet,0.4387,sram_1mb_7nm,0.219,314.723,350.400,319.219,341.960,665.123,661.179,-0.59
1.60,smallest meeting clock,bitcos_stream5_direct,bitnet,0.4387,hbm2,3.97,314.723,6352.000,319.219,6198.996,6666.723,6518.215,-2.23
1.60,smallest meeting clock,bitcos_stream5_direct,bitnet,0.4387,hbm2_streamed,3.59,314.723,5744.000,319.219,5605.641,6058.723,5924.860,-2.21
1.60,smallest meeting clock,bitcos_stream5_direct,bitnet,0.4387,lpddr4_package,12,314.723,19200.000,319.219,18737.520,19514.723,19056.739,-2.35
1.60,smallest meeting clock,bitcos_stream5_direct,bitnet,0.4387,gddr5,14.0,314.723,22400.000,319.219,21860.440,22714.723,22179.659,-2.36
1.60,smallest meeting clock,bitcos_stream5_direct,bitnet,0.4387,dram_45nm_horowitz,30.5,314.723,48800.000,319.219,47624.530,49114.723,47943.749,-2.38
1.60,smallest meeting clock,bitcos_stream5_direct,bitnet,0.4387,ddr3_peak,70,314.723,112000.000,319.219,109302.200,112314.723,109621.419,-2.40
1.60,smallest meeting clock,bitcos_stream5_directiso,bitnet,0.4387,sram_8kb_45nm,0.156,314.723,249.600,319.342,243.588,564.323,562.930,-0.25
1.60,smallest meeting clock,bitcos_stream5_directiso,bitnet,0.4387,sram_32kb_45nm,0.313,314.723,500.800,319.342,488.737,815.523,808.079,-0.91
1.60,smallest meeting clock,bitcos_stream5_directiso,bitnet,0.4387,sram_1mb_45nm,1.563,314.723,2500.800,319.342,2440.562,2815.523,2759.904,-1.98
1.60,smallest meeting clock,bitcos_stream5_directiso,bitnet,0.4387,sram_1mb_45nm_cacti,1.058,314.723,1692.800,319.342,1652.025,2007.523,1971.367,-1.80
1.60,smallest meeting clock,bitcos_stream5_directiso,bitnet,0.4387,sram_32kb_7nm,0.133,314.723,212.800,319.342,207.674,527.523,527.016,-0.10
1.60,smallest meeting clock,bitcos_stream5_directiso,bitnet,0.4387,sram_1mb_7nm,0.219,314.723,350.400,319.342,341.960,665.123,661.302,-0.57
1.60,smallest meeting clock,bitcos_stream5_directiso,bitnet,0.4387,hbm2,3.97,314.723,6352.000,319.342,6198.996,6666.723,6518.338,-2.23
1.60,smallest meeting clock,bitcos_stream5_directiso,bitnet,0.4387,hbm2_streamed,3.59,314.723,5744.000,319.342,5605.641,6058.723,5924.983,-2.21
1.60,smallest meeting clock,bitcos_stream5_directiso,bitnet,0.4387,lpddr4_package,12,314.723,19200.000,319.342,18737.520,19514.723,19056.862,-2.35
1.60,smallest meeting clock,bitcos_stream5_directiso,bitnet,0.4387,gddr5,14.0,314.723,22400.000,319.342,21860.440,22714.723,22179.782,-2.36
1.60,smallest meeting clock,bitcos_stream5_directiso,bitnet,0.4387,dram_45nm_horowitz,30.5,314.723,48800.000,319.342,47624.530,49114.723,47943.872,-2.38
1.60,smallest meeting clock,bitcos_stream5_directiso,bitnet,0.4387,ddr3_peak,70,314.723,112000.000,319.342,109302.200,112314.723,109621.542,-2.40
1.60,smallest meeting clock,bitcos_stream5_fed,bitnet,0.4387,sram_8kb_45nm,0.156,327.976,249.600,399.705,243.588,577.576,643.293,+11.38
1.60,smallest meeting clock,bitcos_stream5_fed,bitnet,0.4387,sram_32kb_45nm,0.313,327.976,500.800,399.705,488.737,828.776,888.442,+7.20
1.60,smallest meeting clock,bitcos_stream5_fed,bitnet,0.4387,sram_1mb_45nm,1.563,327.976,2500.800,399.705,2440.562,2828.776,2840.267,+0.41
1.60,smallest meeting clock,bitcos_stream5_fed,bitnet,0.4387,sram_1mb_45nm_cacti,1.058,327.976,1692.800,399.705,1652.025,2020.776,2051.730,+1.53
1.60,smallest meeting clock,bitcos_stream5_fed,bitnet,0.4387,sram_32kb_7nm,0.133,327.976,212.800,399.705,207.674,540.776,607.379,+12.32
1.60,smallest meeting clock,bitcos_stream5_fed,bitnet,0.4387,sram_1mb_7nm,0.219,327.976,350.400,399.705,341.960,678.376,741.665,+9.33
1.60,smallest meeting clock,bitcos_stream5_fed,bitnet,0.4387,hbm2,3.97,327.976,6352.000,399.705,6198.996,6679.976,6598.701,-1.22
1.60,smallest meeting clock,bitcos_stream5_fed,bitnet,0.4387,hbm2_streamed,3.59,327.976,5744.000,399.705,5605.641,6071.976,6005.346,-1.10
1.60,smallest meeting clock,bitcos_stream5_fed,bitnet,0.4387,lpddr4_package,12,327.976,19200.000,399.705,18737.520,19527.976,19137.225,-2.00
1.60,smallest meeting clock,bitcos_stream5_fed,bitnet,0.4387,gddr5,14.0,327.976,22400.000,399.705,21860.440,22727.976,22260.145,-2.06
1.60,smallest meeting clock,bitcos_stream5_fed,bitnet,0.4387,dram_45nm_horowitz,30.5,327.976,48800.000,399.705,47624.530,49127.976,48024.235,-2.25
1.60,smallest meeting clock,bitcos_stream5_fed,bitnet,0.4387,ddr3_peak,70,327.976,112000.000,399.705,109302.200,112327.976,109701.905,-2.34
1.60,smallest meeting clock,bitcos_stream5_bank_fed,z0.20,0.1991,sram_8kb_45nm,0.156,358.140,249.600,350.460,280.942,607.740,631.402,+3.89
1.60,smallest meeting clock,bitcos_stream5_bank_fed,z0.20,0.1991,sram_32kb_45nm,0.313,358.140,500.800,350.460,563.685,858.940,914.145,+6.43
1.60,smallest meeting clock,bitcos_stream5_bank_fed,z0.20,0.1991,sram_1mb_45nm,1.563,358.140,2500.800,350.460,2814.822,2858.940,3165.282,+10.72
1.60,smallest meeting clock,bitcos_stream5_bank_fed,z0.20,0.1991,sram_1mb_45nm_cacti,1.058,358.140,1692.800,350.460,1905.363,2050.940,2255.823,+9.99
1.60,smallest meeting clock,bitcos_stream5_bank_fed,z0.20,0.1991,sram_32kb_7nm,0.133,358.140,212.800,350.460,239.521,570.940,589.981,+3.34
1.60,smallest meeting clock,bitcos_stream5_bank_fed,z0.20,0.1991,sram_1mb_7nm,0.219,358.140,350.400,350.460,394.399,708.540,744.859,+5.13
1.60,smallest meeting clock,bitcos_stream5_bank_fed,z0.20,0.1991,hbm2,3.97,358.140,6352.000,350.460,7149.613,6710.140,7500.073,+11.77
1.60,smallest meeting clock,bitcos_stream5_bank_fed,z0.20,0.1991,hbm2_streamed,3.59,358.140,5744.000,350.460,6465.267,6102.140,6815.727,+11.69
1.60,smallest meeting clock,bitcos_stream5_bank_fed,z0.20,0.1991,lpddr4_package,12,358.140,19200.000,350.460,21610.920,19558.140,21961.380,+12.29
1.60,smallest meeting clock,bitcos_stream5_bank_fed,z0.20,0.1991,gddr5,14.0,358.140,22400.000,350.460,25212.740,22758.140,25563.200,+12.33
1.60,smallest meeting clock,bitcos_stream5_bank_fed,z0.20,0.1991,dram_45nm_horowitz,30.5,358.140,48800.000,350.460,54927.755,49158.140,55278.215,+12.45
1.60,smallest meeting clock,bitcos_stream5_bank_fed,z0.20,0.1991,ddr3_peak,70,358.140,112000.000,350.460,126063.700,112358.140,126414.160,+12.51
1.60,smallest meeting clock,bitcos_stream5_bank_fed+repack,z0.20,0.1991,sram_8kb_45nm,0.156,358.140,249.600,398.432,280.942,607.740,679.374,+11.79
1.60,smallest meeting clock,bitcos_stream5_bank_fed+repack,z0.20,0.1991,sram_32kb_45nm,0.313,358.140,500.800,398.432,563.685,858.940,962.117,+12.01
1.60,smallest meeting clock,bitcos_stream5_bank_fed+repack,z0.20,0.1991,sram_1mb_45nm,1.563,358.140,2500.800,398.432,2814.822,2858.940,3213.254,+12.39
1.60,smallest meeting clock,bitcos_stream5_bank_fed+repack,z0.20,0.1991,sram_1mb_45nm_cacti,1.058,358.140,1692.800,398.432,1905.363,2050.940,2303.795,+12.33
1.60,smallest meeting clock,bitcos_stream5_bank_fed+repack,z0.20,0.1991,sram_32kb_7nm,0.133,358.140,212.800,398.432,239.521,570.940,637.953,+11.74
1.60,smallest meeting clock,bitcos_stream5_bank_fed+repack,z0.20,0.1991,sram_1mb_7nm,0.219,358.140,350.400,398.432,394.399,708.540,792.831,+11.90
1.60,smallest meeting clock,bitcos_stream5_bank_fed+repack,z0.20,0.1991,hbm2,3.97,358.140,6352.000,398.432,7149.613,6710.140,7548.045,+12.49
1.60,smallest meeting clock,bitcos_stream5_bank_fed+repack,z0.20,0.1991,hbm2_streamed,3.59,358.140,5744.000,398.432,6465.267,6102.140,6863.699,+12.48
1.60,smallest meeting clock,bitcos_stream5_bank_fed+repack,z0.20,0.1991,lpddr4_package,12,358.140,19200.000,398.432,21610.920,19558.140,22009.352,+12.53
1.60,smallest meeting clock,bitcos_stream5_bank_fed+repack,z0.20,0.1991,gddr5,14.0,358.140,22400.000,398.432,25212.740,22758.140,25611.172,+12.54
1.60,smallest meeting clock,bitcos_stream5_bank_fed+repack,z0.20,0.1991,dram_45nm_horowitz,30.5,358.140,48800.000,398.432,54927.755,49158.140,55326.187,+12.55
1.60,smallest meeting clock,bitcos_stream5_bank_fed+repack,z0.20,0.1991,ddr3_peak,70,358.140,112000.000,398.432,126063.700,112358.140,126462.132,+12.55
1.60,smallest meeting clock,bitcos_stream5_direct,z0.20,0.1991,sram_8kb_45nm,0.156,346.120,249.600,335.625,280.942,595.720,616.567,+3.50
1.60,smallest meeting clock,bitcos_stream5_direct,z0.20,0.1991,sram_32kb_45nm,0.313,346.120,500.800,335.625,563.685,846.920,899.310,+6.19
1.60,smallest meeting clock,bitcos_stream5_direct,z0.20,0.1991,sram_1mb_45nm,1.563,346.120,2500.800,335.625,2814.822,2846.920,3150.447,+10.66
1.60,smallest meeting clock,bitcos_stream5_direct,z0.20,0.1991,sram_1mb_45nm_cacti,1.058,346.120,1692.800,335.625,1905.363,2038.920,2240.988,+9.91
1.60,smallest meeting clock,bitcos_stream5_direct,z0.20,0.1991,sram_32kb_7nm,0.133,346.120,212.800,335.625,239.521,558.920,575.146,+2.90
1.60,smallest meeting clock,bitcos_stream5_direct,z0.20,0.1991,sram_1mb_7nm,0.219,346.120,350.400,335.625,394.399,696.520,730.024,+4.81
1.60,smallest meeting clock,bitcos_stream5_direct,z0.20,0.1991,hbm2,3.97,346.120,6352.000,335.625,7149.613,6698.120,7485.238,+11.75
1.60,smallest meeting clock,bitcos_stream5_direct,z0.20,0.1991,hbm2_streamed,3.59,346.120,5744.000,335.625,6465.267,6090.120,6800.892,+11.67
1.60,smallest meeting clock,bitcos_stream5_direct,z0.20,0.1991,lpddr4_package,12,346.120,19200.000,335.625,21610.920,19546.120,21946.545,+12.28
1.60,smallest meeting clock,bitcos_stream5_direct,z0.20,0.1991,gddr5,14.0,346.120,22400.000,335.625,25212.740,22746.120,25548.365,+12.32
1.60,smallest meeting clock,bitcos_stream5_direct,z0.20,0.1991,dram_45nm_horowitz,30.5,346.120,48800.000,335.625,54927.755,49146.120,55263.380,+12.45
1.60,smallest meeting clock,bitcos_stream5_direct,z0.20,0.1991,ddr3_peak,70,346.120,112000.000,335.625,126063.700,112346.120,126399.325,+12.51
1.60,smallest meeting clock,bitcos_stream5_directiso,z0.20,0.1991,sram_8kb_45nm,0.156,346.120,249.600,338.427,280.942,595.720,619.369,+3.97
1.60,smallest meeting clock,bitcos_stream5_directiso,z0.20,0.1991,sram_32kb_45nm,0.313,346.120,500.800,338.427,563.685,846.920,902.112,+6.52
1.60,smallest meeting clock,bitcos_stream5_directiso,z0.20,0.1991,sram_1mb_45nm,1.563,346.120,2500.800,338.427,2814.822,2846.920,3153.249,+10.76
1.60,smallest meeting clock,bitcos_stream5_directiso,z0.20,0.1991,sram_1mb_45nm_cacti,1.058,346.120,1692.800,338.427,1905.363,2038.920,2243.790,+10.05
1.60,smallest meeting clock,bitcos_stream5_directiso,z0.20,0.1991,sram_32kb_7nm,0.133,346.120,212.800,338.427,239.521,558.920,577.948,+3.40
1.60,smallest meeting clock,bitcos_stream5_directiso,z0.20,0.1991,sram_1mb_7nm,0.219,346.120,350.400,338.427,394.399,696.520,732.826,+5.21
1.60,smallest meeting clock,bitcos_stream5_directiso,z0.20,0.1991,hbm2,3.97,346.120,6352.000,338.427,7149.613,6698.120,7488.040,+11.79
1.60,smallest meeting clock,bitcos_stream5_directiso,z0.20,0.1991,hbm2_streamed,3.59,346.120,5744.000,338.427,6465.267,6090.120,6803.694,+11.72
1.60,smallest meeting clock,bitcos_stream5_directiso,z0.20,0.1991,lpddr4_package,12,346.120,19200.000,338.427,21610.920,19546.120,21949.347,+12.30
1.60,smallest meeting clock,bitcos_stream5_directiso,z0.20,0.1991,gddr5,14.0,346.120,22400.000,338.427,25212.740,22746.120,25551.167,+12.33
1.60,smallest meeting clock,bitcos_stream5_directiso,z0.20,0.1991,dram_45nm_horowitz,30.5,346.120,48800.000,338.427,54927.755,49146.120,55266.182,+12.45
1.60,smallest meeting clock,bitcos_stream5_directiso,z0.20,0.1991,ddr3_peak,70,346.120,112000.000,338.427,126063.700,112346.120,126402.127,+12.51
1.60,smallest meeting clock,bitcos_stream5_fed,z0.20,0.1991,sram_8kb_45nm,0.156,358.140,249.600,420.608,280.942,607.740,701.550,+15.44
1.60,smallest meeting clock,bitcos_stream5_fed,z0.20,0.1991,sram_32kb_45nm,0.313,358.140,500.800,420.608,563.685,858.940,984.293,+14.59
1.60,smallest meeting clock,bitcos_stream5_fed,z0.20,0.1991,sram_1mb_45nm,1.563,358.140,2500.800,420.608,2814.822,2858.940,3235.430,+13.17
1.60,smallest meeting clock,bitcos_stream5_fed,z0.20,0.1991,sram_1mb_45nm_cacti,1.058,358.140,1692.800,420.608,1905.363,2050.940,2325.971,+13.41
1.60,smallest meeting clock,bitcos_stream5_fed,z0.20,0.1991,sram_32kb_7nm,0.133,358.140,212.800,420.608,239.521,570.940,660.129,+15.62
1.60,smallest meeting clock,bitcos_stream5_fed,z0.20,0.1991,sram_1mb_7nm,0.219,358.140,350.400,420.608,394.399,708.540,815.007,+15.03
1.60,smallest meeting clock,bitcos_stream5_fed,z0.20,0.1991,hbm2,3.97,358.140,6352.000,420.608,7149.613,6710.140,7570.221,+12.82
1.60,smallest meeting clock,bitcos_stream5_fed,z0.20,0.1991,hbm2_streamed,3.59,358.140,5744.000,420.608,6465.267,6102.140,6885.875,+12.84
1.60,smallest meeting clock,bitcos_stream5_fed,z0.20,0.1991,lpddr4_package,12,358.140,19200.000,420.608,21610.920,19558.140,22031.528,+12.65
1.60,smallest meeting clock,bitcos_stream5_fed,z0.20,0.1991,gddr5,14.0,358.140,22400.000,420.608,25212.740,22758.140,25633.348,+12.63
1.60,smallest meeting clock,bitcos_stream5_fed,z0.20,0.1991,dram_45nm_horowitz,30.5,358.140,48800.000,420.608,54927.755,49158.140,55348.363,+12.59
1.60,smallest meeting clock,bitcos_stream5_fed,z0.20,0.1991,ddr3_peak,70,358.140,112000.000,420.608,126063.700,112358.140,126484.308,+12.57
1.60,smallest meeting clock,bitcos_stream5_bank_fed,z0.30,0.2995,sram_8kb_45nm,0.156,351.806,249.600,347.303,265.281,601.406,612.584,+1.86
1.60,smallest meeting clock,bitcos_stream5_bank_fed,z0.30,0.2995,sram_32kb_45nm,0.313,351.806,500.800,347.303,532.263,852.606,879.566,+3.16
1.60,smallest meeting clock,bitcos_stream5_bank_fed,z0.30,0.2995,sram_1mb_45nm,1.563,351.806,2500.800,347.303,2657.913,2852.606,3005.216,+5.35
1.60,smallest meeting clock,bitcos_stream5_bank_fed,z0.30,0.2995,sram_1mb_45nm_cacti,1.058,351.806,1692.800,347.303,1799.150,2044.606,2146.453,+4.98
1.60,smallest meeting clock,bitcos_stream5_bank_fed,z0.30,0.2995,sram_32kb_7nm,0.133,351.806,212.800,347.303,226.169,564.606,573.472,+1.57
1.60,smallest meeting clock,bitcos_stream5_bank_fed,z0.30,0.2995,sram_1mb_7nm,0.219,351.806,350.400,347.303,372.414,702.206,719.717,+2.49
1.60,smallest meeting clock,bitcos_stream5_bank_fed,z0.30,0.2995,hbm2,3.97,351.806,6352.000,347.303,6751.064,6703.806,7098.367,+5.89
1.60,smallest meeting clock,bitcos_stream5_bank_fed,z0.30,0.2995,hbm2_streamed,3.59,351.806,5744.000,347.303,6104.867,6095.806,6452.170,+5.85
1.60,smallest meeting clock,bitcos_stream5_bank_fed,z0.30,0.2995,lpddr4_package,12,351.806,19200.000,347.303,20406.240,19551.806,20753.543,+6.15
1.60,smallest meeting clock,bitcos_stream5_bank_fed,z0.30,0.2995,gddr5,14.0,351.806,22400.000,347.303,23807.280,22751.806,24154.583,+6.17
1.60,smallest meeting clock,bitcos_stream5_bank_fed,z0.30,0.2995,dram_45nm_horowitz,30.5,351.806,48800.000,347.303,51865.860,49151.806,52213.163,+6.23
1.60,smallest meeting clock,bitcos_stream5_bank_fed,z0.30,0.2995,ddr3_peak,70,351.806,112000.000,347.303,119036.400,112351.806,119383.703,+6.26
1.60,smallest meeting clock,bitcos_stream5_bank_fed+repack,z0.30,0.2995,sram_8kb_45nm,0.156,351.806,249.600,392.182,265.281,601.406,657.463,+9.32
1.60,smallest meeting clock,bitcos_stream5_bank_fed+repack,z0.30,0.2995,sram_32kb_45nm,0.313,351.806,500.800,392.182,532.263,852.606,924.445,+8.43
1.60,smallest meeting clock,bitcos_stream5_bank_fed+repack,z0.30,0.2995,sram_1mb_45nm,1.563,351.806,2500.800,392.182,2657.913,2852.606,3050.095,+6.92
1.60,smallest meeting clock,bitcos_stream5_bank_fed+repack,z0.30,0.2995,sram_1mb_45nm_cacti,1.058,351.806,1692.800,392.182,1799.150,2044.606,2191.332,+7.18
1.60,smallest meeting clock,bitcos_stream5_bank_fed+repack,z0.30,0.2995,sram_32kb_7nm,0.133,351.806,212.800,392.182,226.169,564.606,618.351,+9.52
1.60,smallest meeting clock,bitcos_stream5_bank_fed+repack,z0.30,0.2995,sram_1mb_7nm,0.219,351.806,350.400,392.182,372.414,702.206,764.596,+8.88
1.60,smallest meeting clock,bitcos_stream5_bank_fed+repack,z0.30,0.2995,hbm2,3.97,351.806,6352.000,392.182,6751.064,6703.806,7143.246,+6.56
1.60,smallest meeting clock,bitcos_stream5_bank_fed+repack,z0.30,0.2995,hbm2_streamed,3.59,351.806,5744.000,392.182,6104.867,6095.806,6497.049,+6.58
1.60,smallest meeting clock,bitcos_stream5_bank_fed+repack,z0.30,0.2995,lpddr4_package,12,351.806,19200.000,392.182,20406.240,19551.806,20798.422,+6.38
1.60,smallest meeting clock,bitcos_stream5_bank_fed+repack,z0.30,0.2995,gddr5,14.0,351.806,22400.000,392.182,23807.280,22751.806,24199.462,+6.36
1.60,smallest meeting clock,bitcos_stream5_bank_fed+repack,z0.30,0.2995,dram_45nm_horowitz,30.5,351.806,48800.000,392.182,51865.860,49151.806,52258.042,+6.32
1.60,smallest meeting clock,bitcos_stream5_bank_fed+repack,z0.30,0.2995,ddr3_peak,70,351.806,112000.000,392.182,119036.400,112351.806,119428.582,+6.30
1.60,smallest meeting clock,bitcos_stream5_direct,z0.30,0.2995,sram_8kb_45nm,0.156,339.574,249.600,334.808,265.281,589.174,600.089,+1.85
1.60,smallest meeting clock,bitcos_stream5_direct,z0.30,0.2995,sram_32kb_45nm,0.313,339.574,500.800,334.808,532.263,840.374,867.071,+3.18
1.60,smallest meeting clock,bitcos_stream5_direct,z0.30,0.2995,sram_1mb_45nm,1.563,339.574,2500.800,334.808,2657.913,2840.374,2992.721,+5.36
1.60,smallest meeting clock,bitcos_stream5_direct,z0.30,0.2995,sram_1mb_45nm_cacti,1.058,339.574,1692.800,334.808,1799.150,2032.374,2133.958,+5.00
1.60,smallest meeting clock,bitcos_stream5_direct,z0.30,0.2995,sram_32kb_7nm,0.133,339.574,212.800,334.808,226.169,552.374,560.977,+1.56
1.60,smallest meeting clock,bitcos_stream5_direct,z0.30,0.2995,sram_1mb_7nm,0.219,339.574,350.400,334.808,372.414,689.974,707.222,+2.50
1.60,smallest meeting clock,bitcos_stream5_direct,z0.30,0.2995,hbm2,3.97,339.574,6352.000,334.808,6751.064,6691.574,7085.872,+5.89
1.60,smallest meeting clock,bitcos_stream5_direct,z0.30,0.2995,hbm2_streamed,3.59,339.574,5744.000,334.808,6104.867,6083.574,6439.675,+5.85
1.60,smallest meeting clock,bitcos_stream5_direct,z0.30,0.2995,lpddr4_package,12,339.574,19200.000,334.808,20406.240,19539.574,20741.048,+6.15
1.60,smallest meeting clock,bitcos_stream5_direct,z0.30,0.2995,gddr5,14.0,339.574,22400.000,334.808,23807.280,22739.574,24142.088,+6.17
1.60,smallest meeting clock,bitcos_stream5_direct,z0.30,0.2995,dram_45nm_horowitz,30.5,339.574,48800.000,334.808,51865.860,49139.574,52200.668,+6.23
1.60,smallest meeting clock,bitcos_stream5_direct,z0.30,0.2995,ddr3_peak,70,339.574,112000.000,334.808,119036.400,112339.574,119371.208,+6.26
1.60,smallest meeting clock,bitcos_stream5_directiso,z0.30,0.2995,sram_8kb_45nm,0.156,339.574,249.600,336.722,265.281,589.174,602.003,+2.18
1.60,smallest meeting clock,bitcos_stream5_directiso,z0.30,0.2995,sram_32kb_45nm,0.313,339.574,500.800,336.722,532.263,840.374,868.985,+3.40
1.60,smallest meeting clock,bitcos_stream5_directiso,z0.30,0.2995,sram_1mb_45nm,1.563,339.574,2500.800,336.722,2657.913,2840.374,2994.635,+5.43
1.60,smallest meeting clock,bitcos_stream5_directiso,z0.30,0.2995,sram_1mb_45nm_cacti,1.058,339.574,1692.800,336.722,1799.150,2032.374,2135.872,+5.09
1.60,smallest meeting clock,bitcos_stream5_directiso,z0.30,0.2995,sram_32kb_7nm,0.133,339.574,212.800,336.722,226.169,552.374,562.891,+1.90
1.60,smallest meeting clock,bitcos_stream5_directiso,z0.30,0.2995,sram_1mb_7nm,0.219,339.574,350.400,336.722,372.414,689.974,709.136,+2.78
1.60,smallest meeting clock,bitcos_stream5_directiso,z0.30,0.2995,hbm2,3.97,339.574,6352.000,336.722,6751.064,6691.574,7087.786,+5.92
1.60,smallest meeting clock,bitcos_stream5_directiso,z0.30,0.2995,hbm2_streamed,3.59,339.574,5744.000,336.722,6104.867,6083.574,6441.589,+5.88
1.60,smallest meeting clock,bitcos_stream5_directiso,z0.30,0.2995,lpddr4_package,12,339.574,19200.000,336.722,20406.240,19539.574,20742.962,+6.16
1.60,smallest meeting clock,bitcos_stream5_directiso,z0.30,0.2995,gddr5,14.0,339.574,22400.000,336.722,23807.280,22739.574,24144.002,+6.18
1.60,smallest meeting clock,bitcos_stream5_directiso,z0.30,0.2995,dram_45nm_horowitz,30.5,339.574,48800.000,336.722,51865.860,49139.574,52202.582,+6.23
1.60,smallest meeting clock,bitcos_stream5_directiso,z0.30,0.2995,ddr3_peak,70,339.574,112000.000,336.722,119036.400,112339.574,119373.122,+6.26
1.60,smallest meeting clock,bitcos_stream5_fed,z0.30,0.2995,sram_8kb_45nm,0.156,351.806,249.600,418.384,265.281,601.406,683.665,+13.68
1.60,smallest meeting clock,bitcos_stream5_fed,z0.30,0.2995,sram_32kb_45nm,0.313,351.806,500.800,418.384,532.263,852.606,950.647,+11.50
1.60,smallest meeting clock,bitcos_stream5_fed,z0.30,0.2995,sram_1mb_45nm,1.563,351.806,2500.800,418.384,2657.913,2852.606,3076.297,+7.84
1.60,smallest meeting clock,bitcos_stream5_fed,z0.30,0.2995,sram_1mb_45nm_cacti,1.058,351.806,1692.800,418.384,1799.150,2044.606,2217.534,+8.46
1.60,smallest meeting clock,bitcos_stream5_fed,z0.30,0.2995,sram_32kb_7nm,0.133,351.806,212.800,418.384,226.169,564.606,644.553,+14.16
1.60,smallest meeting clock,bitcos_stream5_fed,z0.30,0.2995,sram_1mb_7nm,0.219,351.806,350.400,418.384,372.414,702.206,790.798,+12.62
1.60,smallest meeting clock,bitcos_stream5_fed,z0.30,0.2995,hbm2,3.97,351.806,6352.000,418.384,6751.064,6703.806,7169.448,+6.95
1.60,smallest meeting clock,bitcos_stream5_fed,z0.30,0.2995,hbm2_streamed,3.59,351.806,5744.000,418.384,6104.867,6095.806,6523.251,+7.01
1.60,smallest meeting clock,bitcos_stream5_fed,z0.30,0.2995,lpddr4_package,12,351.806,19200.000,418.384,20406.240,19551.806,20824.624,+6.51
1.60,smallest meeting clock,bitcos_stream5_fed,z0.30,0.2995,gddr5,14.0,351.806,22400.000,418.384,23807.280,22751.806,24225.664,+6.48
1.60,smallest meeting clock,bitcos_stream5_fed,z0.30,0.2995,dram_45nm_horowitz,30.5,351.806,48800.000,418.384,51865.860,49151.806,52284.244,+6.37
1.60,smallest meeting clock,bitcos_stream5_fed,z0.30,0.2995,ddr3_peak,70,351.806,112000.000,418.384,119036.400,112351.806,119454.784,+6.32
1.60,smallest meeting clock,bitcos_stream5_bank_fed,z0.4221,0.4225,sram_8kb_45nm,0.156,341.486,249.600,341.563,246.085,591.086,587.648,-0.58
1.60,smallest meeting clock,bitcos_stream5_bank_fed,z0.4221,0.4225,sram_32kb_45nm,0.313,341.486,500.800,341.563,493.748,842.286,835.311,-0.83
1.60,smallest meeting clock,bitcos_stream5_bank_fed,z0.4221,0.4225,sram_1mb_45nm,1.563,341.486,2500.800,341.563,2465.586,2842.286,2807.149,-1.24
1.60,smallest meeting clock,bitcos_stream5_bank_fed,z0.4221,0.4225,sram_1mb_45nm_cacti,1.058,341.486,1692.800,341.563,1668.963,2034.286,2010.526,-1.17
1.60,smallest meeting clock,bitcos_stream5_bank_fed,z0.4221,0.4225,sram_32kb_7nm,0.133,341.486,212.800,341.563,209.804,554.286,551.367,-0.53
1.60,smallest meeting clock,bitcos_stream5_bank_fed,z0.4221,0.4225,sram_1mb_7nm,0.219,341.486,350.400,341.563,345.466,691.886,687.029,-0.70
1.60,smallest meeting clock,bitcos_stream5_bank_fed,z0.4221,0.4225,hbm2,3.97,341.486,6352.000,341.563,6262.556,6693.486,6604.119,-1.34
1.60,smallest meeting clock,bitcos_stream5_bank_fed,z0.4221,0.4225,hbm2_streamed,3.59,341.486,5744.000,341.563,5663.117,6085.486,6004.680,-1.33
1.60,smallest meeting clock,bitcos_stream5_bank_fed,z0.4221,0.4225,lpddr4_package,12,341.486,19200.000,341.563,18929.640,19541.486,19271.203,-1.38
1.60,smallest meeting clock,bitcos_stream5_bank_fed,z0.4221,0.4225,gddr5,14.0,341.486,22400.000,341.563,22084.580,22741.486,22426.143,-1.39
1.60,smallest meeting clock,bitcos_stream5_bank_fed,z0.4221,0.4225,dram_45nm_horowitz,30.5,341.486,48800.000,341.563,48112.835,49141.486,48454.398,-1.40
1.60,smallest meeting clock,bitcos_stream5_bank_fed,z0.4221,0.4225,ddr3_peak,70,341.486,112000.000,341.563,110422.900,112341.486,110764.463,-1.40
1.60,smallest meeting clock,bitcos_stream5_bank_fed+repack,z0.4221,0.4225,sram_8kb_45nm,0.156,341.486,249.600,384.291,246.085,591.086,630.376,+6.65
1.60,smallest meeting clock,bitcos_stream5_bank_fed+repack,z0.4221,0.4225,sram_32kb_45nm,0.313,341.486,500.800,384.291,493.748,842.286,878.039,+4.24
1.60,smallest meeting clock,bitcos_stream5_bank_fed+repack,z0.4221,0.4225,sram_1mb_45nm,1.563,341.486,2500.800,384.291,2465.586,2842.286,2849.877,+0.27
1.60,smallest meeting clock,bitcos_stream5_bank_fed+repack,z0.4221,0.4225,sram_1mb_45nm_cacti,1.058,341.486,1692.800,384.291,1668.963,2034.286,2053.254,+0.93
1.60,smallest meeting clock,bitcos_stream5_bank_fed+repack,z0.4221,0.4225,sram_32kb_7nm,0.133,341.486,212.800,384.291,209.804,554.286,594.095,+7.18
1.60,smallest meeting clock,bitcos_stream5_bank_fed+repack,z0.4221,0.4225,sram_1mb_7nm,0.219,341.486,350.400,384.291,345.466,691.886,729.757,+5.47
1.60,smallest meeting clock,bitcos_stream5_bank_fed+repack,z0.4221,0.4225,hbm2,3.97,341.486,6352.000,384.291,6262.556,6693.486,6646.847,-0.70
1.60,smallest meeting clock,bitcos_stream5_bank_fed+repack,z0.4221,0.4225,hbm2_streamed,3.59,341.486,5744.000,384.291,5663.117,6085.486,6047.408,-0.63
1.60,smallest meeting clock,bitcos_stream5_bank_fed+repack,z0.4221,0.4225,lpddr4_package,12,341.486,19200.000,384.291,18929.640,19541.486,19313.931,-1.16
1.60,smallest meeting clock,bitcos_stream5_bank_fed+repack,z0.4221,0.4225,gddr5,14.0,341.486,22400.000,384.291,22084.580,22741.486,22468.871,-1.20
1.60,smallest meeting clock,bitcos_stream5_bank_fed+repack,z0.4221,0.4225,dram_45nm_horowitz,30.5,341.486,48800.000,384.291,48112.835,49141.486,48497.126,-1.31
1.60,smallest meeting clock,bitcos_stream5_bank_fed+repack,z0.4221,0.4225,ddr3_peak,70,341.486,112000.000,384.291,110422.900,112341.486,110807.191,-1.37
1.60,smallest meeting clock,bitcos_stream5_direct,z0.4221,0.4225,sram_8kb_45nm,0.156,328.936,249.600,332.048,246.085,578.536,578.133,-0.07
1.60,smallest meeting clock,bitcos_stream5_direct,z0.4221,0.4225,sram_32kb_45nm,0.313,328.936,500.800,332.048,493.748,829.736,825.796,-0.47
1.60,smallest meeting clock,bitcos_stream5_direct,z0.4221,0.4225,sram_1mb_45nm,1.563,328.936,2500.800,332.048,2465.586,2829.736,2797.634,-1.13
1.60,smallest meeting clock,bitcos_stream5_direct,z0.4221,0.4225,sram_1mb_45nm_cacti,1.058,328.936,1692.800,332.048,1668.963,2021.736,2001.011,-1.03
1.60,smallest meeting clock,bitcos_stream5_direct,z0.4221,0.4225,sram_32kb_7nm,0.133,328.936,212.800,332.048,209.804,541.736,541.852,+0.02
1.60,smallest meeting clock,bitcos_stream5_direct,z0.4221,0.4225,sram_1mb_7nm,0.219,328.936,350.400,332.048,345.466,679.336,677.514,-0.27
1.60,smallest meeting clock,bitcos_stream5_direct,z0.4221,0.4225,hbm2,3.97,328.936,6352.000,332.048,6262.556,6680.936,6594.604,-1.29
1.60,smallest meeting clock,bitcos_stream5_direct,z0.4221,0.4225,hbm2_streamed,3.59,328.936,5744.000,332.048,5663.117,6072.936,5995.165,-1.28
1.60,smallest meeting clock,bitcos_stream5_direct,z0.4221,0.4225,lpddr4_package,12,328.936,19200.000,332.048,18929.640,19528.936,19261.688,-1.37
1.60,smallest meeting clock,bitcos_stream5_direct,z0.4221,0.4225,gddr5,14.0,328.936,22400.000,332.048,22084.580,22728.936,22416.628,-1.37
1.60,smallest meeting clock,bitcos_stream5_direct,z0.4221,0.4225,dram_45nm_horowitz,30.5,328.936,48800.000,332.048,48112.835,49128.936,48444.883,-1.39
1.60,smallest meeting clock,bitcos_stream5_direct,z0.4221,0.4225,ddr3_peak,70,328.936,112000.000,332.048,110422.900,112328.936,110754.948,-1.40
1.60,smallest meeting clock,bitcos_stream5_directiso,z0.4221,0.4225,sram_8kb_45nm,0.156,328.936,249.600,332.233,246.085,578.536,578.318,-0.04
1.60,smallest meeting clock,bitcos_stream5_directiso,z0.4221,0.4225,sram_32kb_45nm,0.313,328.936,500.800,332.233,493.748,829.736,825.981,-0.45
1.60,smallest meeting clock,bitcos_stream5_directiso,z0.4221,0.4225,sram_1mb_45nm,1.563,328.936,2500.800,332.233,2465.586,2829.736,2797.819,-1.13
1.60,smallest meeting clock,bitcos_stream5_directiso,z0.4221,0.4225,sram_1mb_45nm_cacti,1.058,328.936,1692.800,332.233,1668.963,2021.736,2001.196,-1.02
1.60,smallest meeting clock,bitcos_stream5_directiso,z0.4221,0.4225,sram_32kb_7nm,0.133,328.936,212.800,332.233,209.804,541.736,542.037,+0.06
1.60,smallest meeting clock,bitcos_stream5_directiso,z0.4221,0.4225,sram_1mb_7nm,0.219,328.936,350.400,332.233,345.466,679.336,677.699,-0.24
1.60,smallest meeting clock,bitcos_stream5_directiso,z0.4221,0.4225,hbm2,3.97,328.936,6352.000,332.233,6262.556,6680.936,6594.789,-1.29
1.60,smallest meeting clock,bitcos_stream5_directiso,z0.4221,0.4225,hbm2_streamed,3.59,328.936,5744.000,332.233,5663.117,6072.936,5995.350,-1.28
1.60,smallest meeting clock,bitcos_stream5_directiso,z0.4221,0.4225,lpddr4_package,12,328.936,19200.000,332.233,18929.640,19528.936,19261.873,-1.37
1.60,smallest meeting clock,bitcos_stream5_directiso,z0.4221,0.4225,gddr5,14.0,328.936,22400.000,332.233,22084.580,22728.936,22416.813,-1.37
1.60,smallest meeting clock,bitcos_stream5_directiso,z0.4221,0.4225,dram_45nm_horowitz,30.5,328.936,48800.000,332.233,48112.835,49128.936,48445.068,-1.39
1.60,smallest meeting clock,bitcos_stream5_directiso,z0.4221,0.4225,ddr3_peak,70,328.936,112000.000,332.233,110422.900,112328.936,110755.133,-1.40
1.60,smallest meeting clock,bitcos_stream5_fed,z0.4221,0.4225,sram_8kb_45nm,0.156,341.486,249.600,413.005,246.085,591.086,659.090,+11.50
1.60,smallest meeting clock,bitcos_stream5_fed,z0.4221,0.4225,sram_32kb_45nm,0.313,341.486,500.800,413.005,493.748,842.286,906.753,+7.65
1.60,smallest meeting clock,bitcos_stream5_fed,z0.4221,0.4225,sram_1mb_45nm,1.563,341.486,2500.800,413.005,2465.586,2842.286,2878.591,+1.28
1.60,smallest meeting clock,bitcos_stream5_fed,z0.4221,0.4225,sram_1mb_45nm_cacti,1.058,341.486,1692.800,413.005,1668.963,2034.286,2081.968,+2.34
1.60,smallest meeting clock,bitcos_stream5_fed,z0.4221,0.4225,sram_32kb_7nm,0.133,341.486,212.800,413.005,209.804,554.286,622.809,+12.36
1.60,smallest meeting clock,bitcos_stream5_fed,z0.4221,0.4225,sram_1mb_7nm,0.219,341.486,350.400,413.005,345.466,691.886,758.471,+9.62
1.60,smallest meeting clock,bitcos_stream5_fed,z0.4221,0.4225,hbm2,3.97,341.486,6352.000,413.005,6262.556,6693.486,6675.561,-0.27
1.60,smallest meeting clock,bitcos_stream5_fed,z0.4221,0.4225,hbm2_streamed,3.59,341.486,5744.000,413.005,5663.117,6085.486,6076.122,-0.15
1.60,smallest meeting clock,bitcos_stream5_fed,z0.4221,0.4225,lpddr4_package,12,341.486,19200.000,413.005,18929.640,19541.486,19342.645,-1.02
1.60,smallest meeting clock,bitcos_stream5_fed,z0.4221,0.4225,gddr5,14.0,341.486,22400.000,413.005,22084.580,22741.486,22497.585,-1.07
1.60,smallest meeting clock,bitcos_stream5_fed,z0.4221,0.4225,dram_45nm_horowitz,30.5,341.486,48800.000,413.005,48112.835,49141.486,48525.840,-1.25
1.60,smallest meeting clock,bitcos_stream5_fed,z0.4221,0.4225,ddr3_peak,70,341.486,112000.000,413.005,110422.900,112341.486,110835.905,-1.34
1.60,smallest meeting clock,bitcos_stream5_bank_fed,z0.50,0.5004,sram_8kb_45nm,0.156,328.992,249.600,332.548,233.939,578.592,566.487,-2.09
1.60,smallest meeting clock,bitcos_stream5_bank_fed,z0.50,0.5004,sram_32kb_45nm,0.313,328.992,500.800,332.548,469.378,829.792,801.926,-3.36
1.60,smallest meeting clock,bitcos_stream5_bank_fed,z0.50,0.5004,sram_1mb_45nm,1.563,328.992,2500.800,332.548,2343.890,2829.792,2676.438,-5.42
1.60,smallest meeting clock,bitcos_stream5_bank_fed,z0.50,0.5004,sram_1mb_45nm_cacti,1.058,328.992,1692.800,332.548,1586.587,2021.792,1919.135,-5.08
1.60,smallest meeting clock,bitcos_stream5_bank_fed,z0.50,0.5004,sram_32kb_7nm,0.133,328.992,212.800,332.548,199.448,541.792,531.996,-1.81
1.60,smallest meeting clock,bitcos_stream5_bank_fed,z0.50,0.5004,sram_1mb_7nm,0.219,328.992,350.400,332.548,328.415,679.392,660.963,-2.71
1.60,smallest meeting clock,bitcos_stream5_bank_fed,z0.50,0.5004,hbm2,3.97,328.992,6352.000,332.548,5953.452,6680.992,6286.000,-5.91
1.60,smallest meeting clock,bitcos_stream5_bank_fed,z0.50,0.5004,hbm2_streamed,3.59,328.992,5744.000,332.548,5383.600,6072.992,5716.148,-5.88
1.60,smallest meeting clock,bitcos_stream5_bank_fed,z0.50,0.5004,lpddr4_package,12,328.992,19200.000,332.548,17995.320,19528.992,18327.868,-6.15
1.60,smallest meeting clock,bitcos_stream5_bank_fed,z0.50,0.5004,gddr5,14.0,328.992,22400.000,332.548,20994.540,22728.992,21327.088,-6.17
1.60,smallest meeting clock,bitcos_stream5_bank_fed,z0.50,0.5004,dram_45nm_horowitz,30.5,328.992,48800.000,332.548,45738.105,49128.992,46070.653,-6.23
1.60,smallest meeting clock,bitcos_stream5_bank_fed,z0.50,0.5004,ddr3_peak,70,328.992,112000.000,332.548,104972.700,112328.992,105305.248,-6.25
1.60,smallest meeting clock,bitcos_stream5_bank_fed+repack,z0.50,0.5004,sram_8kb_45nm,0.156,328.992,249.600,374.884,233.939,578.592,608.823,+5.22
1.60,smallest meeting clock,bitcos_stream5_bank_fed+repack,z0.50,0.5004,sram_32kb_45nm,0.313,328.992,500.800,374.884,469.378,829.792,844.262,+1.74
1.60,smallest meeting clock,bitcos_stream5_bank_fed+repack,z0.50,0.5004,sram_1mb_45nm,1.563,328.992,2500.800,374.884,2343.890,2829.792,2718.774,-3.92
1.60,smallest meeting clock,bitcos_stream5_bank_fed+repack,z0.50,0.5004,sram_1mb_45nm_cacti,1.058,328.992,1692.800,374.884,1586.587,2021.792,1961.471,-2.98
1.60,smallest meeting clock,bitcos_stream5_bank_fed+repack,z0.50,0.5004,sram_32kb_7nm,0.133,328.992,212.800,374.884,199.448,541.792,574.332,+6.01
1.60,smallest meeting clock,bitcos_stream5_bank_fed+repack,z0.50,0.5004,sram_1mb_7nm,0.219,328.992,350.400,374.884,328.415,679.392,703.299,+3.52
1.60,smallest meeting clock,bitcos_stream5_bank_fed+repack,z0.50,0.5004,hbm2,3.97,328.992,6352.000,374.884,5953.452,6680.992,6328.336,-5.28
1.60,smallest meeting clock,bitcos_stream5_bank_fed+repack,z0.50,0.5004,hbm2_streamed,3.59,328.992,5744.000,374.884,5383.600,6072.992,5758.484,-5.18
1.60,smallest meeting clock,bitcos_stream5_bank_fed+repack,z0.50,0.5004,lpddr4_package,12,328.992,19200.000,374.884,17995.320,19528.992,18370.204,-5.93
1.60,smallest meeting clock,bitcos_stream5_bank_fed+repack,z0.50,0.5004,gddr5,14.0,328.992,22400.000,374.884,20994.540,22728.992,21369.424,-5.98
1.60,smallest meeting clock,bitcos_stream5_bank_fed+repack,z0.50,0.5004,dram_45nm_horowitz,30.5,328.992,48800.000,374.884,45738.105,49128.992,46112.989,-6.14
1.60,smallest meeting clock,bitcos_stream5_bank_fed+repack,z0.50,0.5004,ddr3_peak,70,328.992,112000.000,374.884,104972.700,112328.992,105347.584,-6.22
1.60,smallest meeting clock,bitcos_stream5_direct,z0.50,0.5004,sram_8kb_45nm,0.156,315.859,249.600,324.650,233.939,565.459,558.589,-1.21
1.60,smallest meeting clock,bitcos_stream5_direct,z0.50,0.5004,sram_32kb_45nm,0.313,315.859,500.800,324.650,469.378,816.659,794.028,-2.77
1.60,smallest meeting clock,bitcos_stream5_direct,z0.50,0.5004,sram_1mb_45nm,1.563,315.859,2500.800,324.650,2343.890,2816.659,2668.540,-5.26
1.60,smallest meeting clock,bitcos_stream5_direct,z0.50,0.5004,sram_1mb_45nm_cacti,1.058,315.859,1692.800,324.650,1586.587,2008.659,1911.237,-4.85
1.60,smallest meeting clock,bitcos_stream5_direct,z0.50,0.5004,sram_32kb_7nm,0.133,315.859,212.800,324.650,199.448,528.659,524.098,-0.86
1.60,smallest meeting clock,bitcos_stream5_direct,z0.50,0.5004,sram_1mb_7nm,0.219,315.859,350.400,324.650,328.415,666.259,653.065,-1.98
1.60,smallest meeting clock,bitcos_stream5_direct,z0.50,0.5004,hbm2,3.97,315.859,6352.000,324.650,5953.452,6667.859,6278.102,-5.85
1.60,smallest meeting clock,bitcos_stream5_direct,z0.50,0.5004,hbm2_streamed,3.59,315.859,5744.000,324.650,5383.600,6059.859,5708.250,-5.80
1.60,smallest meeting clock,bitcos_stream5_direct,z0.50,0.5004,lpddr4_package,12,315.859,19200.000,324.650,17995.320,19515.859,18319.970,-6.13
1.60,smallest meeting clock,bitcos_stream5_direct,z0.50,0.5004,gddr5,14.0,315.859,22400.000,324.650,20994.540,22715.859,21319.190,-6.15
1.60,smallest meeting clock,bitcos_stream5_direct,z0.50,0.5004,dram_45nm_horowitz,30.5,315.859,48800.000,324.650,45738.105,49115.859,46062.755,-6.22
1.60,smallest meeting clock,bitcos_stream5_direct,z0.50,0.5004,ddr3_peak,70,315.859,112000.000,324.650,104972.700,112315.859,105297.350,-6.25
1.60,smallest meeting clock,bitcos_stream5_directiso,z0.50,0.5004,sram_8kb_45nm,0.156,315.859,249.600,323.285,233.939,565.459,557.224,-1.46
1.60,smallest meeting clock,bitcos_stream5_directiso,z0.50,0.5004,sram_32kb_45nm,0.313,315.859,500.800,323.285,469.378,816.659,792.663,-2.94
1.60,smallest meeting clock,bitcos_stream5_directiso,z0.50,0.5004,sram_1mb_45nm,1.563,315.859,2500.800,323.285,2343.890,2816.659,2667.175,-5.31
1.60,smallest meeting clock,bitcos_stream5_directiso,z0.50,0.5004,sram_1mb_45nm_cacti,1.058,315.859,1692.800,323.285,1586.587,2008.659,1909.872,-4.92
1.60,smallest meeting clock,bitcos_stream5_directiso,z0.50,0.5004,sram_32kb_7nm,0.133,315.859,212.800,323.285,199.448,528.659,522.733,-1.12
1.60,smallest meeting clock,bitcos_stream5_directiso,z0.50,0.5004,sram_1mb_7nm,0.219,315.859,350.400,323.285,328.415,666.259,651.700,-2.19
1.60,smallest meeting clock,bitcos_stream5_directiso,z0.50,0.5004,hbm2,3.97,315.859,6352.000,323.285,5953.452,6667.859,6276.737,-5.87
1.60,smallest meeting clock,bitcos_stream5_directiso,z0.50,0.5004,hbm2_streamed,3.59,315.859,5744.000,323.285,5383.600,6059.859,5706.885,-5.82
1.60,smallest meeting clock,bitcos_stream5_directiso,z0.50,0.5004,lpddr4_package,12,315.859,19200.000,323.285,17995.320,19515.859,18318.605,-6.13
1.60,smallest meeting clock,bitcos_stream5_directiso,z0.50,0.5004,gddr5,14.0,315.859,22400.000,323.285,20994.540,22715.859,21317.825,-6.15
1.60,smallest meeting clock,bitcos_stream5_directiso,z0.50,0.5004,dram_45nm_horowitz,30.5,315.859,48800.000,323.285,45738.105,49115.859,46061.390,-6.22
1.60,smallest meeting clock,bitcos_stream5_directiso,z0.50,0.5004,ddr3_peak,70,315.859,112000.000,323.285,104972.700,112315.859,105295.985,-6.25
1.60,smallest meeting clock,bitcos_stream5_fed,z0.50,0.5004,sram_8kb_45nm,0.156,328.992,249.600,403.707,233.939,578.592,637.646,+10.21
1.60,smallest meeting clock,bitcos_stream5_fed,z0.50,0.5004,sram_32kb_45nm,0.313,328.992,500.800,403.707,469.378,829.792,873.085,+5.22
1.60,smallest meeting clock,bitcos_stream5_fed,z0.50,0.5004,sram_1mb_45nm,1.563,328.992,2500.800,403.707,2343.890,2829.792,2747.597,-2.90
1.60,smallest meeting clock,bitcos_stream5_fed,z0.50,0.5004,sram_1mb_45nm_cacti,1.058,328.992,1692.800,403.707,1586.587,2021.792,1990.294,-1.56
1.60,smallest meeting clock,bitcos_stream5_fed,z0.50,0.5004,sram_32kb_7nm,0.133,328.992,212.800,403.707,199.448,541.792,603.155,+11.33
1.60,smallest meeting clock,bitcos_stream5_fed,z0.50,0.5004,sram_1mb_7nm,0.219,328.992,350.400,403.707,328.415,679.392,732.122,+7.76
1.60,smallest meeting clock,bitcos_stream5_fed,z0.50,0.5004,hbm2,3.97,328.992,6352.000,403.707,5953.452,6680.992,6357.159,-4.85
1.60,smallest meeting clock,bitcos_stream5_fed,z0.50,0.5004,hbm2_streamed,3.59,328.992,5744.000,403.707,5383.600,6072.992,5787.307,-4.70
1.60,smallest meeting clock,bitcos_stream5_fed,z0.50,0.5004,lpddr4_package,12,328.992,19200.000,403.707,17995.320,19528.992,18399.027,-5.79
1.60,smallest meeting clock,bitcos_stream5_fed,z0.50,0.5004,gddr5,14.0,328.992,22400.000,403.707,20994.540,22728.992,21398.247,-5.85
1.60,smallest meeting clock,bitcos_stream5_fed,z0.50,0.5004,dram_45nm_horowitz,30.5,328.992,48800.000,403.707,45738.105,49128.992,46141.812,-6.08
1.60,smallest meeting clock,bitcos_stream5_fed,z0.50,0.5004,ddr3_peak,70,328.992,112000.000,403.707,104972.700,112328.992,105376.407,-6.19
1.60,smallest meeting clock,bitcos_stream5_bank_fed,z0.60,0.6006,sram_8kb_45nm,0.156,307.131,249.600,315.565,218.319,556.731,533.884,-4.10
1.60,smallest meeting clock,bitcos_stream5_bank_fed,z0.60,0.6006,sram_32kb_45nm,0.313,307.131,500.800,315.565,438.037,807.931,753.602,-6.72
1.60,smallest meeting clock,bitcos_stream5_bank_fed,z0.60,0.6006,sram_1mb_45nm,1.563,307.131,2500.800,315.565,2187.387,2807.931,2502.952,-10.86
1.60,smallest meeting clock,bitcos_stream5_bank_fed,z0.60,0.6006,sram_1mb_45nm_cacti,1.058,307.131,1692.800,315.565,1480.650,1999.931,1796.215,-10.19
1.60,smallest meeting clock,bitcos_stream5_bank_fed,z0.60,0.6006,sram_32kb_7nm,0.133,307.131,212.800,315.565,186.131,519.931,501.696,-3.51
1.60,smallest meeting clock,bitcos_stream5_bank_fed,z0.60,0.6006,sram_1mb_7nm,0.219,307.131,350.400,315.565,306.486,657.531,622.051,-5.40
1.60,smallest meeting clock,bitcos_stream5_bank_fed,z0.60,0.6006,hbm2,3.97,307.131,6352.000,315.565,5555.936,6659.131,5871.501,-11.83
1.60,smallest meeting clock,bitcos_stream5_bank_fed,z0.60,0.6006,hbm2_streamed,3.59,307.131,5744.000,315.565,5024.133,6051.131,5339.698,-11.76
1.60,smallest meeting clock,bitcos_stream5_bank_fed,z0.60,0.6006,lpddr4_package,12,307.131,19200.000,315.565,16793.760,19507.131,17109.325,-12.29
1.60,smallest meeting clock,bitcos_stream5_bank_fed,z0.60,0.6006,gddr5,14.0,307.131,22400.000,315.565,19592.720,22707.131,19908.285,-12.33
1.60,smallest meeting clock,bitcos_stream5_bank_fed,z0.60,0.6006,dram_45nm_horowitz,30.5,307.131,48800.000,315.565,42684.140,49107.131,42999.705,-12.44
1.60,smallest meeting clock,bitcos_stream5_bank_fed,z0.60,0.6006,ddr3_peak,70,307.131,112000.000,315.565,97963.600,112307.131,98279.165,-12.49
1.60,smallest meeting clock,bitcos_stream5_bank_fed+repack,z0.60,0.6006,sram_8kb_45nm,0.156,307.131,249.600,358.553,218.319,556.731,576.872,+3.62
1.60,smallest meeting clock,bitcos_stream5_bank_fed+repack,z0.60,0.6006,sram_32kb_45nm,0.313,307.131,500.800,358.553,438.037,807.931,796.590,-1.40
1.60,smallest meeting clock,bitcos_stream5_bank_fed+repack,z0.60,0.6006,sram_1mb_45nm,1.563,307.131,2500.800,358.553,2187.387,2807.931,2545.940,-9.33
1.60,smallest meeting clock,bitcos_stream5_bank_fed+repack,z0.60,0.6006,sram_1mb_45nm_cacti,1.058,307.131,1692.800,358.553,1480.650,1999.931,1839.203,-8.04
1.60,smallest meeting clock,bitcos_stream5_bank_fed+repack,z0.60,0.6006,sram_32kb_7nm,0.133,307.131,212.800,358.553,186.131,519.931,544.684,+4.76
1.60,smallest meeting clock,bitcos_stream5_bank_fed+repack,z0.60,0.6006,sram_1mb_7nm,0.219,307.131,350.400,358.553,306.486,657.531,665.039,+1.14
1.60,smallest meeting clock,bitcos_stream5_bank_fed+repack,z0.60,0.6006,hbm2,3.97,307.131,6352.000,358.553,5555.936,6659.131,5914.489,-11.18
1.60,smallest meeting clock,bitcos_stream5_bank_fed+repack,z0.60,0.6006,hbm2_streamed,3.59,307.131,5744.000,358.553,5024.133,6051.131,5382.686,-11.05
1.60,smallest meeting clock,bitcos_stream5_bank_fed+repack,z0.60,0.6006,lpddr4_package,12,307.131,19200.000,358.553,16793.760,19507.131,17152.313,-12.07
1.60,smallest meeting clock,bitcos_stream5_bank_fed+repack,z0.60,0.6006,gddr5,14.0,307.131,22400.000,358.553,19592.720,22707.131,19951.273,-12.14
1.60,smallest meeting clock,bitcos_stream5_bank_fed+repack,z0.60,0.6006,dram_45nm_horowitz,30.5,307.131,48800.000,358.553,42684.140,49107.131,43042.693,-12.35
1.60,smallest meeting clock,bitcos_stream5_bank_fed+repack,z0.60,0.6006,ddr3_peak,70,307.131,112000.000,358.553,97963.600,112307.131,98322.153,-12.45
1.60,smallest meeting clock,bitcos_stream5_direct,z0.60,0.6006,sram_8kb_45nm,0.156,293.128,249.600,309.343,218.319,542.728,527.662,-2.78
1.60,smallest meeting clock,bitcos_stream5_direct,z0.60,0.6006,sram_32kb_45nm,0.313,293.128,500.800,309.343,438.037,793.928,747.380,-5.86
1.60,smallest meeting clock,bitcos_stream5_direct,z0.60,0.6006,sram_1mb_45nm,1.563,293.128,2500.800,309.343,2187.387,2793.928,2496.730,-10.64
1.60,smallest meeting clock,bitcos_stream5_direct,z0.60,0.6006,sram_1mb_45nm_cacti,1.058,293.128,1692.800,309.343,1480.650,1985.928,1789.993,-9.87
1.60,smallest meeting clock,bitcos_stream5_direct,z0.60,0.6006,sram_32kb_7nm,0.133,293.128,212.800,309.343,186.131,505.928,495.474,-2.07
1.60,smallest meeting clock,bitcos_stream5_direct,z0.60,0.6006,sram_1mb_7nm,0.219,293.128,350.400,309.343,306.486,643.528,615.829,-4.30
1.60,smallest meeting clock,bitcos_stream5_direct,z0.60,0.6006,hbm2,3.97,293.128,6352.000,309.343,5555.936,6645.128,5865.279,-11.74
1.60,smallest meeting clock,bitcos_stream5_direct,z0.60,0.6006,hbm2_streamed,3.59,293.128,5744.000,309.343,5024.133,6037.128,5333.476,-11.66
1.60,smallest meeting clock,bitcos_stream5_direct,z0.60,0.6006,lpddr4_package,12,293.128,19200.000,309.343,16793.760,19493.128,17103.103,-12.26
1.60,smallest meeting clock,bitcos_stream5_direct,z0.60,0.6006,gddr5,14.0,293.128,22400.000,309.343,19592.720,22693.128,19902.063,-12.30
1.60,smallest meeting clock,bitcos_stream5_direct,z0.60,0.6006,dram_45nm_horowitz,30.5,293.128,48800.000,309.343,42684.140,49093.128,42993.483,-12.42
1.60,smallest meeting clock,bitcos_stream5_direct,z0.60,0.6006,ddr3_peak,70,293.128,112000.000,309.343,97963.600,112293.128,98272.943,-12.49
1.60,smallest meeting clock,bitcos_stream5_directiso,z0.60,0.6006,sram_8kb_45nm,0.156,293.128,249.600,305.784,218.319,542.728,524.103,-3.43
1.60,smallest meeting clock,bitcos_stream5_directiso,z0.60,0.6006,sram_32kb_45nm,0.313,293.128,500.800,305.784,438.037,793.928,743.821,-6.31
1.60,smallest meeting clock,bitcos_stream5_directiso,z0.60,0.6006,sram_1mb_45nm,1.563,293.128,2500.800,305.784,2187.387,2793.928,2493.171,-10.76
1.60,smallest meeting clock,bitcos_stream5_directiso,z0.60,0.6006,sram_1mb_45nm_cacti,1.058,293.128,1692.800,305.784,1480.650,1985.928,1786.434,-10.05
1.60,smallest meeting clock,bitcos_stream5_directiso,z0.60,0.6006,sram_32kb_7nm,0.133,293.128,212.800,305.784,186.131,505.928,491.915,-2.77
1.60,smallest meeting clock,bitcos_stream5_directiso,z0.60,0.6006,sram_1mb_7nm,0.219,293.128,350.400,305.784,306.486,643.528,612.270,-4.86
1.60,smallest meeting clock,bitcos_stream5_directiso,z0.60,0.6006,hbm2,3.97,293.128,6352.000,305.784,5555.936,6645.128,5861.720,-11.79
1.60,smallest meeting clock,bitcos_stream5_directiso,z0.60,0.6006,hbm2_streamed,3.59,293.128,5744.000,305.784,5024.133,6037.128,5329.917,-11.71
1.60,smallest meeting clock,bitcos_stream5_directiso,z0.60,0.6006,lpddr4_package,12,293.128,19200.000,305.784,16793.760,19493.128,17099.544,-12.28
1.60,smallest meeting clock,bitcos_stream5_directiso,z0.60,0.6006,gddr5,14.0,293.128,22400.000,305.784,19592.720,22693.128,19898.504,-12.31
1.60,smallest meeting clock,bitcos_stream5_directiso,z0.60,0.6006,dram_45nm_horowitz,30.5,293.128,48800.000,305.784,42684.140,49093.128,42989.924,-12.43
1.60,smallest meeting clock,bitcos_stream5_directiso,z0.60,0.6006,ddr3_peak,70,293.128,112000.000,305.784,97963.600,112293.128,98269.384,-12.49
1.60,smallest meeting clock,bitcos_stream5_fed,z0.60,0.6006,sram_8kb_45nm,0.156,307.131,249.600,385.884,218.319,556.731,604.203,+8.53
1.60,smallest meeting clock,bitcos_stream5_fed,z0.60,0.6006,sram_32kb_45nm,0.313,307.131,500.800,385.884,438.037,807.931,823.921,+1.98
1.60,smallest meeting clock,bitcos_stream5_fed,z0.60,0.6006,sram_1mb_45nm,1.563,307.131,2500.800,385.884,2187.387,2807.931,2573.271,-8.36
1.60,smallest meeting clock,bitcos_stream5_fed,z0.60,0.6006,sram_1mb_45nm_cacti,1.058,307.131,1692.800,385.884,1480.650,1999.931,1866.534,-6.67
1.60,smallest meeting clock,bitcos_stream5_fed,z0.60,0.6006,sram_32kb_7nm,0.133,307.131,212.800,385.884,186.131,519.931,572.015,+10.02
1.60,smallest meeting clock,bitcos_stream5_fed,z0.60,0.6006,sram_1mb_7nm,0.219,307.131,350.400,385.884,306.486,657.531,692.370,+5.30
1.60,smallest meeting clock,bitcos_stream5_fed,z0.60,0.6006,hbm2,3.97,307.131,6352.000,385.884,5555.936,6659.131,5941.820,-10.77
1.60,smallest meeting clock,bitcos_stream5_fed,z0.60,0.6006,hbm2_streamed,3.59,307.131,5744.000,385.884,5024.133,6051.131,5410.017,-10.59
1.60,smallest meeting clock,bitcos_stream5_fed,z0.60,0.6006,lpddr4_package,12,307.131,19200.000,385.884,16793.760,19507.131,17179.644,-11.93
1.60,smallest meeting clock,bitcos_stream5_fed,z0.60,0.6006,gddr5,14.0,307.131,22400.000,385.884,19592.720,22707.131,19978.604,-12.02
1.60,smallest meeting clock,bitcos_stream5_fed,z0.60,0.6006,dram_45nm_horowitz,30.5,307.131,48800.000,385.884,42684.140,49107.131,43070.024,-12.29
1.60,smallest meeting clock,bitcos_stream5_fed,z0.60,0.6006,ddr3_peak,70,307.131,112000.000,385.884,97963.600,112307.131,98349.484,-12.43
1.60,smallest meeting clock,bitcos_stream5_bank_fed,z0.70,0.6993,sram_8kb_45nm,0.156,279.010,249.600,291.966,202.922,528.610,494.888,-6.38
1.60,smallest meeting clock,bitcos_stream5_bank_fed,z0.70,0.6993,sram_32kb_45nm,0.313,279.010,500.800,291.966,407.144,779.810,699.110,-10.35
1.60,smallest meeting clock,bitcos_stream5_bank_fed,z0.70,0.6993,sram_1mb_45nm,1.563,279.010,2500.800,291.966,2033.119,2779.810,2325.085,-16.36
1.60,smallest meeting clock,bitcos_stream5_bank_fed,z0.70,0.6993,sram_1mb_45nm_cacti,1.058,279.010,1692.800,291.966,1376.225,1971.810,1668.191,-15.40
1.60,smallest meeting clock,bitcos_stream5_bank_fed,z0.70,0.6993,sram_32kb_7nm,0.133,279.010,212.800,291.966,173.004,491.810,464.970,-5.46
1.60,smallest meeting clock,bitcos_stream5_bank_fed,z0.70,0.6993,sram_1mb_7nm,0.219,279.010,350.400,291.966,284.871,629.410,576.837,-8.35
1.60,smallest meeting clock,bitcos_stream5_bank_fed,z0.70,0.6993,hbm2,3.97,279.010,6352.000,291.966,5164.097,6631.010,5456.063,-17.72
1.60,smallest meeting clock,bitcos_stream5_bank_fed,z0.70,0.6993,hbm2_streamed,3.59,279.010,5744.000,291.966,4669.800,6023.010,4961.766,-17.62
1.60,smallest meeting clock,bitcos_stream5_bank_fed,z0.70,0.6993,lpddr4_package,12,279.010,19200.000,291.966,15609.360,19479.010,15901.326,-18.37
1.60,smallest meeting clock,bitcos_stream5_bank_fed,z0.70,0.6993,gddr5,14.0,279.010,22400.000,291.966,18210.920,22679.010,18502.886,-18.41
1.60,smallest meeting clock,bitcos_stream5_bank_fed,z0.70,0.6993,dram_45nm_horowitz,30.5,279.010,48800.000,291.966,39673.790,49079.010,39965.756,-18.57
1.60,smallest meeting clock,bitcos_stream5_bank_fed,z0.70,0.6993,ddr3_peak,70,279.010,112000.000,291.966,91054.600,112279.010,91346.566,-18.64
1.60,smallest meeting clock,bitcos_stream5_bank_fed+repack,z0.70,0.6993,sram_8kb_45nm,0.156,279.010,249.600,336.846,202.922,528.610,539.768,+2.11
1.60,smallest meeting clock,bitcos_stream5_bank_fed+repack,z0.70,0.6993,sram_32kb_45nm,0.313,279.010,500.800,336.846,407.144,779.810,743.990,-4.59
1.60,smallest meeting clock,bitcos_stream5_bank_fed+repack,z0.70,0.6993,sram_1mb_45nm,1.563,279.010,2500.800,336.846,2033.119,2779.810,2369.965,-14.74
1.60,smallest meeting clock,bitcos_stream5_bank_fed+repack,z0.70,0.6993,sram_1mb_45nm_cacti,1.058,279.010,1692.800,336.846,1376.225,1971.810,1713.071,-13.12
1.60,smallest meeting clock,bitcos_stream5_bank_fed+repack,z0.70,0.6993,sram_32kb_7nm,0.133,279.010,212.800,336.846,173.004,491.810,509.850,+3.67
1.60,smallest meeting clock,bitcos_stream5_bank_fed+repack,z0.70,0.6993,sram_1mb_7nm,0.219,279.010,350.400,336.846,284.871,629.410,621.717,-1.22
1.60,smallest meeting clock,bitcos_stream5_bank_fed+repack,z0.70,0.6993,hbm2,3.97,279.010,6352.000,336.846,5164.097,6631.010,5500.943,-17.04
1.60,smallest meeting clock,bitcos_stream5_bank_fed+repack,z0.70,0.6993,hbm2_streamed,3.59,279.010,5744.000,336.846,4669.800,6023.010,5006.646,-16.87
1.60,smallest meeting clock,bitcos_stream5_bank_fed+repack,z0.70,0.6993,lpddr4_package,12,279.010,19200.000,336.846,15609.360,19479.010,15946.206,-18.14
1.60,smallest meeting clock,bitcos_stream5_bank_fed+repack,z0.70,0.6993,gddr5,14.0,279.010,22400.000,336.846,18210.920,22679.010,18547.766,-18.22
1.60,smallest meeting clock,bitcos_stream5_bank_fed+repack,z0.70,0.6993,dram_45nm_horowitz,30.5,279.010,48800.000,336.846,39673.790,49079.010,40010.636,-18.48
1.60,smallest meeting clock,bitcos_stream5_bank_fed+repack,z0.70,0.6993,ddr3_peak,70,279.010,112000.000,336.846,91054.600,112279.010,91391.446,-18.60
1.60,smallest meeting clock,bitcos_stream5_direct,z0.70,0.6993,sram_8kb_45nm,0.156,264.124,249.600,286.596,202.922,513.724,489.518,-4.71
1.60,smallest meeting clock,bitcos_stream5_direct,z0.70,0.6993,sram_32kb_45nm,0.313,264.124,500.800,286.596,407.144,764.924,693.740,-9.31
1.60,smallest meeting clock,bitcos_stream5_direct,z0.70,0.6993,sram_1mb_45nm,1.563,264.124,2500.800,286.596,2033.119,2764.924,2319.715,-16.10
1.60,smallest meeting clock,bitcos_stream5_direct,z0.70,0.6993,sram_1mb_45nm_cacti,1.058,264.124,1692.800,286.596,1376.225,1956.924,1662.821,-15.03
1.60,smallest meeting clock,bitcos_stream5_direct,z0.70,0.6993,sram_32kb_7nm,0.133,264.124,212.800,286.596,173.004,476.924,459.600,-3.63
1.60,smallest meeting clock,bitcos_stream5_direct,z0.70,0.6993,sram_1mb_7nm,0.219,264.124,350.400,286.596,284.871,614.524,571.467,-7.01
1.60,smallest meeting clock,bitcos_stream5_direct,z0.70,0.6993,hbm2,3.97,264.124,6352.000,286.596,5164.097,6616.124,5450.693,-17.62
1.60,smallest meeting clock,bitcos_stream5_direct,z0.70,0.6993,hbm2_streamed,3.59,264.124,5744.000,286.596,4669.800,6008.124,4956.396,-17.51
1.60,smallest meeting clock,bitcos_stream5_direct,z0.70,0.6993,lpddr4_package,12,264.124,19200.000,286.596,15609.360,19464.124,15895.956,-18.33
1.60,smallest meeting clock,bitcos_stream5_direct,z0.70,0.6993,gddr5,14.0,264.124,22400.000,286.596,18210.920,22664.124,18497.516,-18.38
1.60,smallest meeting clock,bitcos_stream5_direct,z0.70,0.6993,dram_45nm_horowitz,30.5,264.124,48800.000,286.596,39673.790,49064.124,39960.386,-18.55
1.60,smallest meeting clock,bitcos_stream5_direct,z0.70,0.6993,ddr3_peak,70,264.124,112000.000,286.596,91054.600,112264.124,91341.196,-18.64
1.60,smallest meeting clock,bitcos_stream5_directiso,z0.70,0.6993,sram_8kb_45nm,0.156,264.124,249.600,281.203,202.922,513.724,484.125,-5.76
1.60,smallest meeting clock,bitcos_stream5_directiso,z0.70,0.6993,sram_32kb_45nm,0.313,264.124,500.800,281.203,407.144,764.924,688.347,-10.01
1.60,smallest meeting clock,bitcos_stream5_directiso,z0.70,0.6993,sram_1mb_45nm,1.563,264.124,2500.800,281.203,2033.119,2764.924,2314.322,-16.30
1.60,smallest meeting clock,bitcos_stream5_directiso,z0.70,0.6993,sram_1mb_45nm_cacti,1.058,264.124,1692.800,281.203,1376.225,1956.924,1657.428,-15.30
1.60,smallest meeting clock,bitcos_stream5_directiso,z0.70,0.6993,sram_32kb_7nm,0.133,264.124,212.800,281.203,173.004,476.924,454.207,-4.76
1.60,smallest meeting clock,bitcos_stream5_directiso,z0.70,0.6993,sram_1mb_7nm,0.219,264.124,350.400,281.203,284.871,614.524,566.074,-7.88
1.60,smallest meeting clock,bitcos_stream5_directiso,z0.70,0.6993,hbm2,3.97,264.124,6352.000,281.203,5164.097,6616.124,5445.300,-17.70
1.60,smallest meeting clock,bitcos_stream5_directiso,z0.70,0.6993,hbm2_streamed,3.59,264.124,5744.000,281.203,4669.800,6008.124,4951.003,-17.59
1.60,smallest meeting clock,bitcos_stream5_directiso,z0.70,0.6993,lpddr4_package,12,264.124,19200.000,281.203,15609.360,19464.124,15890.563,-18.36
1.60,smallest meeting clock,bitcos_stream5_directiso,z0.70,0.6993,gddr5,14.0,264.124,22400.000,281.203,18210.920,22664.124,18492.123,-18.41
1.60,smallest meeting clock,bitcos_stream5_directiso,z0.70,0.6993,dram_45nm_horowitz,30.5,264.124,48800.000,281.203,39673.790,49064.124,39954.993,-18.57
1.60,smallest meeting clock,bitcos_stream5_directiso,z0.70,0.6993,ddr3_peak,70,264.124,112000.000,281.203,91054.600,112264.124,91335.803,-18.64
1.60,smallest meeting clock,bitcos_stream5_fed,z0.70,0.6993,sram_8kb_45nm,0.156,279.010,249.600,360.748,202.922,528.610,563.670,+6.63
1.60,smallest meeting clock,bitcos_stream5_fed,z0.70,0.6993,sram_32kb_45nm,0.313,279.010,500.800,360.748,407.144,779.810,767.892,-1.53
1.60,smallest meeting clock,bitcos_stream5_fed,z0.70,0.6993,sram_1mb_45nm,1.563,279.010,2500.800,360.748,2033.119,2779.810,2393.867,-13.88
1.60,smallest meeting clock,bitcos_stream5_fed,z0.70,0.6993,sram_1mb_45nm_cacti,1.058,279.010,1692.800,360.748,1376.225,1971.810,1736.973,-11.91
1.60,smallest meeting clock,bitcos_stream5_fed,z0.70,0.6993,sram_32kb_7nm,0.133,279.010,212.800,360.748,173.004,491.810,533.752,+8.53
1.60,smallest meeting clock,bitcos_stream5_fed,z0.70,0.6993,sram_1mb_7nm,0.219,279.010,350.400,360.748,284.871,629.410,645.619,+2.58
1.60,smallest meeting clock,bitcos_stream5_fed,z0.70,0.6993,hbm2,3.97,279.010,6352.000,360.748,5164.097,6631.010,5524.845,-16.68
1.60,smallest meeting clock,bitcos_stream5_fed,z0.70,0.6993,hbm2_streamed,3.59,279.010,5744.000,360.748,4669.800,6023.010,5030.548,-16.48
1.60,smallest meeting clock,bitcos_stream5_fed,z0.70,0.6993,lpddr4_package,12,279.010,19200.000,360.748,15609.360,19479.010,15970.108,-18.01
1.60,smallest meeting clock,bitcos_stream5_fed,z0.70,0.6993,gddr5,14.0,279.010,22400.000,360.748,18210.920,22679.010,18571.668,-18.11
1.60,smallest meeting clock,bitcos_stream5_fed,z0.70,0.6993,dram_45nm_horowitz,30.5,279.010,48800.000,360.748,39673.790,49079.010,40034.538,-18.43
1.60,smallest meeting clock,bitcos_stream5_fed,z0.70,0.6993,ddr3_peak,70,279.010,112000.000,360.748,91054.600,112279.010,91415.348,-18.58
2.00,smallest meeting clock,bitcos_stream5_bank_fed,bitnet,0.4387,sram_8kb_45nm,0.156,277.569,249.600,305.882,243.588,527.169,549.470,+4.23
2.00,smallest meeting clock,bitcos_stream5_bank_fed,bitnet,0.4387,sram_32kb_45nm,0.313,277.569,500.800,305.882,488.737,778.369,794.619,+2.09
2.00,smallest meeting clock,bitcos_stream5_bank_fed,bitnet,0.4387,sram_1mb_45nm,1.563,277.569,2500.800,305.882,2440.562,2778.369,2746.444,-1.15
2.00,smallest meeting clock,bitcos_stream5_bank_fed,bitnet,0.4387,sram_1mb_45nm_cacti,1.058,277.569,1692.800,305.882,1652.025,1970.369,1957.907,-0.63
2.00,smallest meeting clock,bitcos_stream5_bank_fed,bitnet,0.4387,sram_32kb_7nm,0.133,277.569,212.800,305.882,207.674,490.369,513.556,+4.73
2.00,smallest meeting clock,bitcos_stream5_bank_fed,bitnet,0.4387,sram_1mb_7nm,0.219,277.569,350.400,305.882,341.960,627.969,647.842,+3.16
2.00,smallest meeting clock,bitcos_stream5_bank_fed,bitnet,0.4387,hbm2,3.97,277.569,6352.000,305.882,6198.996,6629.569,6504.878,-1.88
2.00,smallest meeting clock,bitcos_stream5_bank_fed,bitnet,0.4387,hbm2_streamed,3.59,277.569,5744.000,305.882,5605.641,6021.569,5911.523,-1.83
2.00,smallest meeting clock,bitcos_stream5_bank_fed,bitnet,0.4387,lpddr4_package,12,277.569,19200.000,305.882,18737.520,19477.569,19043.402,-2.23
2.00,smallest meeting clock,bitcos_stream5_bank_fed,bitnet,0.4387,gddr5,14.0,277.569,22400.000,305.882,21860.440,22677.569,22166.322,-2.25
2.00,smallest meeting clock,bitcos_stream5_bank_fed,bitnet,0.4387,dram_45nm_horowitz,30.5,277.569,48800.000,305.882,47624.530,49077.569,47930.412,-2.34
2.00,smallest meeting clock,bitcos_stream5_bank_fed,bitnet,0.4387,ddr3_peak,70,277.569,112000.000,305.882,109302.200,112277.569,109608.082,-2.38
2.00,smallest meeting clock,bitcos_stream5_bank_fed+repack,bitnet,0.4387,sram_8kb_45nm,0.156,277.569,249.600,348.409,243.588,527.169,591.997,+12.30
2.00,smallest meeting clock,bitcos_stream5_bank_fed+repack,bitnet,0.4387,sram_32kb_45nm,0.313,277.569,500.800,348.409,488.737,778.369,837.146,+7.55
2.00,smallest meeting clock,bitcos_stream5_bank_fed+repack,bitnet,0.4387,sram_1mb_45nm,1.563,277.569,2500.800,348.409,2440.562,2778.369,2788.971,+0.38
2.00,smallest meeting clock,bitcos_stream5_bank_fed+repack,bitnet,0.4387,sram_1mb_45nm_cacti,1.058,277.569,1692.800,348.409,1652.025,1970.369,2000.434,+1.53
2.00,smallest meeting clock,bitcos_stream5_bank_fed+repack,bitnet,0.4387,sram_32kb_7nm,0.133,277.569,212.800,348.409,207.674,490.369,556.083,+13.40
2.00,smallest meeting clock,bitcos_stream5_bank_fed+repack,bitnet,0.4387,sram_1mb_7nm,0.219,277.569,350.400,348.409,341.960,627.969,690.369,+9.94
2.00,smallest meeting clock,bitcos_stream5_bank_fed+repack,bitnet,0.4387,hbm2,3.97,277.569,6352.000,348.409,6198.996,6629.569,6547.405,-1.24
2.00,smallest meeting clock,bitcos_stream5_bank_fed+repack,bitnet,0.4387,hbm2_streamed,3.59,277.569,5744.000,348.409,5605.641,6021.569,5954.050,-1.12
2.00,smallest meeting clock,bitcos_stream5_bank_fed+repack,bitnet,0.4387,lpddr4_package,12,277.569,19200.000,348.409,18737.520,19477.569,19085.929,-2.01
2.00,smallest meeting clock,bitcos_stream5_bank_fed+repack,bitnet,0.4387,gddr5,14.0,277.569,22400.000,348.409,21860.440,22677.569,22208.849,-2.07
2.00,smallest meeting clock,bitcos_stream5_bank_fed+repack,bitnet,0.4387,dram_45nm_horowitz,30.5,277.569,48800.000,348.409,47624.530,49077.569,47972.939,-2.25
2.00,smallest meeting clock,bitcos_stream5_bank_fed+repack,bitnet,0.4387,ddr3_peak,70,277.569,112000.000,348.409,109302.200,112277.569,109650.609,-2.34
2.00,smallest meeting clock,bitcos_stream5_direct,bitnet,0.4387,sram_8kb_45nm,0.156,253.007,249.600,288.529,243.588,502.607,532.117,+5.87
2.00,smallest meeting clock,bitcos_stream5_direct,bitnet,0.4387,sram_32kb_45nm,0.313,253.007,500.800,288.529,488.737,753.807,777.266,+3.11
2.00,smallest meeting clock,bitcos_stream5_direct,bitnet,0.4387,sram_1mb_45nm,1.563,253.007,2500.800,288.529,2440.562,2753.807,2729.091,-0.90
2.00,smallest meeting clock,bitcos_stream5_direct,bitnet,0.4387,sram_1mb_45nm_cacti,1.058,253.007,1692.800,288.529,1652.025,1945.807,1940.554,-0.27
2.00,smallest meeting clock,bitcos_stream5_direct,bitnet,0.4387,sram_32kb_7nm,0.133,253.007,212.800,288.529,207.674,465.807,496.203,+6.53
2.00,smallest meeting clock,bitcos_stream5_direct,bitnet,0.4387,sram_1mb_7nm,0.219,253.007,350.400,288.529,341.960,603.407,630.489,+4.49
2.00,smallest meeting clock,bitcos_stream5_direct,bitnet,0.4387,hbm2,3.97,253.007,6352.000,288.529,6198.996,6605.007,6487.525,-1.78
2.00,smallest meeting clock,bitcos_stream5_direct,bitnet,0.4387,hbm2_streamed,3.59,253.007,5744.000,288.529,5605.641,5997.007,5894.170,-1.71
2.00,smallest meeting clock,bitcos_stream5_direct,bitnet,0.4387,lpddr4_package,12,253.007,19200.000,288.529,18737.520,19453.007,19026.049,-2.19
2.00,smallest meeting clock,bitcos_stream5_direct,bitnet,0.4387,gddr5,14.0,253.007,22400.000,288.529,21860.440,22653.007,22148.969,-2.23
2.00,smallest meeting clock,bitcos_stream5_direct,bitnet,0.4387,dram_45nm_horowitz,30.5,253.007,48800.000,288.529,47624.530,49053.007,47913.059,-2.32
2.00,smallest meeting clock,bitcos_stream5_direct,bitnet,0.4387,ddr3_peak,70,253.007,112000.000,288.529,109302.200,112253.007,109590.729,-2.37
2.00,smallest meeting clock,bitcos_stream5_directiso,bitnet,0.4387,sram_8kb_45nm,0.156,253.007,249.600,285.186,243.588,502.607,528.774,+5.21
2.00,smallest meeting clock,bitcos_stream5_directiso,bitnet,0.4387,sram_32kb_45nm,0.313,253.007,500.800,285.186,488.737,753.807,773.923,+2.67
2.00,smallest meeting clock,bitcos_stream5_directiso,bitnet,0.4387,sram_1mb_45nm,1.563,253.007,2500.800,285.186,2440.562,2753.807,2725.748,-1.02
2.00,smallest meeting clock,bitcos_stream5_directiso,bitnet,0.4387,sram_1mb_45nm_cacti,1.058,253.007,1692.800,285.186,1652.025,1945.807,1937.211,-0.44
2.00,smallest meeting clock,bitcos_stream5_directiso,bitnet,0.4387,sram_32kb_7nm,0.133,253.007,212.800,285.186,207.674,465.807,492.860,+5.81
2.00,smallest meeting clock,bitcos_stream5_directiso,bitnet,0.4387,sram_1mb_7nm,0.219,253.007,350.400,285.186,341.960,603.407,627.146,+3.93
2.00,smallest meeting clock,bitcos_stream5_directiso,bitnet,0.4387,hbm2,3.97,253.007,6352.000,285.186,6198.996,6605.007,6484.182,-1.83
2.00,smallest meeting clock,bitcos_stream5_directiso,bitnet,0.4387,hbm2_streamed,3.59,253.007,5744.000,285.186,5605.641,5997.007,5890.827,-1.77
2.00,smallest meeting clock,bitcos_stream5_directiso,bitnet,0.4387,lpddr4_package,12,253.007,19200.000,285.186,18737.520,19453.007,19022.706,-2.21
2.00,smallest meeting clock,bitcos_stream5_directiso,bitnet,0.4387,gddr5,14.0,253.007,22400.000,285.186,21860.440,22653.007,22145.626,-2.24
2.00,smallest meeting clock,bitcos_stream5_directiso,bitnet,0.4387,dram_45nm_horowitz,30.5,253.007,48800.000,285.186,47624.530,49053.007,47909.716,-2.33
2.00,smallest meeting clock,bitcos_stream5_directiso,bitnet,0.4387,ddr3_peak,70,253.007,112000.000,285.186,109302.200,112253.007,109587.386,-2.37
2.00,smallest meeting clock,bitcos_stream5_fed,bitnet,0.4387,sram_8kb_45nm,0.156,277.569,249.600,366.366,243.588,527.169,609.954,+15.70
2.00,smallest meeting clock,bitcos_stream5_fed,bitnet,0.4387,sram_32kb_45nm,0.313,277.569,500.800,366.366,488.737,778.369,855.103,+9.86
2.00,smallest meeting clock,bitcos_stream5_fed,bitnet,0.4387,sram_1mb_45nm,1.563,277.569,2500.800,366.366,2440.562,2778.369,2806.928,+1.03
2.00,smallest meeting clock,bitcos_stream5_fed,bitnet,0.4387,sram_1mb_45nm_cacti,1.058,277.569,1692.800,366.366,1652.025,1970.369,2018.391,+2.44
2.00,smallest meeting clock,bitcos_stream5_fed,bitnet,0.4387,sram_32kb_7nm,0.133,277.569,212.800,366.366,207.674,490.369,574.040,+17.06
2.00,smallest meeting clock,bitcos_stream5_fed,bitnet,0.4387,sram_1mb_7nm,0.219,277.569,350.400,366.366,341.960,627.969,708.326,+12.80
2.00,smallest meeting clock,bitcos_stream5_fed,bitnet,0.4387,hbm2,3.97,277.569,6352.000,366.366,6198.996,6629.569,6565.362,-0.97
2.00,smallest meeting clock,bitcos_stream5_fed,bitnet,0.4387,hbm2_streamed,3.59,277.569,5744.000,366.366,5605.641,6021.569,5972.007,-0.82
2.00,smallest meeting clock,bitcos_stream5_fed,bitnet,0.4387,lpddr4_package,12,277.569,19200.000,366.366,18737.520,19477.569,19103.886,-1.92
2.00,smallest meeting clock,bitcos_stream5_fed,bitnet,0.4387,gddr5,14.0,277.569,22400.000,366.366,21860.440,22677.569,22226.806,-1.99
2.00,smallest meeting clock,bitcos_stream5_fed,bitnet,0.4387,dram_45nm_horowitz,30.5,277.569,48800.000,366.366,47624.530,49077.569,47990.896,-2.21
2.00,smallest meeting clock,bitcos_stream5_fed,bitnet,0.4387,ddr3_peak,70,277.569,112000.000,366.366,109302.200,112277.569,109668.566,-2.32
2.00,smallest meeting clock,bitcos_stream5_bank_fed,z0.20,0.1991,sram_8kb_45nm,0.156,300.041,249.600,323.833,280.942,549.641,604.775,+10.03
2.00,smallest meeting clock,bitcos_stream5_bank_fed,z0.20,0.1991,sram_32kb_45nm,0.313,300.041,500.800,323.833,563.685,800.841,887.518,+10.82
2.00,smallest meeting clock,bitcos_stream5_bank_fed,z0.20,0.1991,sram_1mb_45nm,1.563,300.041,2500.800,323.833,2814.822,2800.841,3138.655,+12.06
2.00,smallest meeting clock,bitcos_stream5_bank_fed,z0.20,0.1991,sram_1mb_45nm_cacti,1.058,300.041,1692.800,323.833,1905.363,1992.841,2229.196,+11.86
2.00,smallest meeting clock,bitcos_stream5_bank_fed,z0.20,0.1991,sram_32kb_7nm,0.133,300.041,212.800,323.833,239.521,512.841,563.354,+9.85
2.00,smallest meeting clock,bitcos_stream5_bank_fed,z0.20,0.1991,sram_1mb_7nm,0.219,300.041,350.400,323.833,394.399,650.441,718.232,+10.42
2.00,smallest meeting clock,bitcos_stream5_bank_fed,z0.20,0.1991,hbm2,3.97,300.041,6352.000,323.833,7149.613,6652.041,7473.446,+12.35
2.00,smallest meeting clock,bitcos_stream5_bank_fed,z0.20,0.1991,hbm2_streamed,3.59,300.041,5744.000,323.833,6465.267,6044.041,6789.100,+12.33
2.00,smallest meeting clock,bitcos_stream5_bank_fed,z0.20,0.1991,lpddr4_package,12,300.041,19200.000,323.833,21610.920,19500.041,21934.753,+12.49
2.00,smallest meeting clock,bitcos_stream5_bank_fed,z0.20,0.1991,gddr5,14.0,300.041,22400.000,323.833,25212.740,22700.041,25536.573,+12.50
2.00,smallest meeting clock,bitcos_stream5_bank_fed,z0.20,0.1991,dram_45nm_horowitz,30.5,300.041,48800.000,323.833,54927.755,49100.041,55251.588,+12.53
2.00,smallest meeting clock,bitcos_stream5_bank_fed,z0.20,0.1991,ddr3_peak,70,300.041,112000.000,323.833,126063.700,112300.041,126387.533,+12.54
2.00,smallest meeting clock,bitcos_stream5_bank_fed+repack,z0.20,0.1991,sram_8kb_45nm,0.156,300.041,249.600,372.174,280.942,549.641,653.116,+18.83
2.00,smallest meeting clock,bitcos_stream5_bank_fed+repack,z0.20,0.1991,sram_32kb_45nm,0.313,300.041,500.800,372.174,563.685,800.841,935.859,+16.86
2.00,smallest meeting clock,bitcos_stream5_bank_fed+repack,z0.20,0.1991,sram_1mb_45nm,1.563,300.041,2500.800,372.174,2814.822,2800.841,3186.996,+13.79
2.00,smallest meeting clock,bitcos_stream5_bank_fed+repack,z0.20,0.1991,sram_1mb_45nm_cacti,1.058,300.041,1692.800,372.174,1905.363,1992.841,2277.537,+14.29
2.00,smallest meeting clock,bitcos_stream5_bank_fed+repack,z0.20,0.1991,sram_32kb_7nm,0.133,300.041,212.800,372.174,239.521,512.841,611.695,+19.28
2.00,smallest meeting clock,bitcos_stream5_bank_fed+repack,z0.20,0.1991,sram_1mb_7nm,0.219,300.041,350.400,372.174,394.399,650.441,766.573,+17.85
2.00,smallest meeting clock,bitcos_stream5_bank_fed+repack,z0.20,0.1991,hbm2,3.97,300.041,6352.000,372.174,7149.613,6652.041,7521.787,+13.07
2.00,smallest meeting clock,bitcos_stream5_bank_fed+repack,z0.20,0.1991,hbm2_streamed,3.59,300.041,5744.000,372.174,6465.267,6044.041,6837.441,+13.13
2.00,smallest meeting clock,bitcos_stream5_bank_fed+repack,z0.20,0.1991,lpddr4_package,12,300.041,19200.000,372.174,21610.920,19500.041,21983.094,+12.73
2.00,smallest meeting clock,bitcos_stream5_bank_fed+repack,z0.20,0.1991,gddr5,14.0,300.041,22400.000,372.174,25212.740,22700.041,25584.914,+12.71
2.00,smallest meeting clock,bitcos_stream5_bank_fed+repack,z0.20,0.1991,dram_45nm_horowitz,30.5,300.041,48800.000,372.174,54927.755,49100.041,55299.929,+12.63
2.00,smallest meeting clock,bitcos_stream5_bank_fed+repack,z0.20,0.1991,ddr3_peak,70,300.041,112000.000,372.174,126063.700,112300.041,126435.874,+12.59
2.00,smallest meeting clock,bitcos_stream5_direct,z0.20,0.1991,sram_8kb_45nm,0.156,275.001,249.600,302.107,280.942,524.601,583.049,+11.14
2.00,smallest meeting clock,bitcos_stream5_direct,z0.20,0.1991,sram_32kb_45nm,0.313,275.001,500.800,302.107,563.685,775.801,865.792,+11.60
2.00,smallest meeting clock,bitcos_stream5_direct,z0.20,0.1991,sram_1mb_45nm,1.563,275.001,2500.800,302.107,2814.822,2775.801,3116.929,+12.29
2.00,smallest meeting clock,bitcos_stream5_direct,z0.20,0.1991,sram_1mb_45nm_cacti,1.058,275.001,1692.800,302.107,1905.363,1967.801,2207.470,+12.18
2.00,smallest meeting clock,bitcos_stream5_direct,z0.20,0.1991,sram_32kb_7nm,0.133,275.001,212.800,302.107,239.521,487.801,541.628,+11.03
2.00,smallest meeting clock,bitcos_stream5_direct,z0.20,0.1991,sram_1mb_7nm,0.219,275.001,350.400,302.107,394.399,625.401,696.506,+11.37
2.00,smallest meeting clock,bitcos_stream5_direct,z0.20,0.1991,hbm2,3.97,275.001,6352.000,302.107,7149.613,6627.001,7451.720,+12.44
2.00,smallest meeting clock,bitcos_stream5_direct,z0.20,0.1991,hbm2_streamed,3.59,275.001,5744.000,302.107,6465.267,6019.001,6767.374,+12.43
2.00,smallest meeting clock,bitcos_stream5_direct,z0.20,0.1991,lpddr4_package,12,275.001,19200.000,302.107,21610.920,19475.001,21913.027,+12.52
2.00,smallest meeting clock,bitcos_stream5_direct,z0.20,0.1991,gddr5,14.0,275.001,22400.000,302.107,25212.740,22675.001,25514.847,+12.52
2.00,smallest meeting clock,bitcos_stream5_direct,z0.20,0.1991,dram_45nm_horowitz,30.5,275.001,48800.000,302.107,54927.755,49075.001,55229.862,+12.54
2.00,smallest meeting clock,bitcos_stream5_direct,z0.20,0.1991,ddr3_peak,70,275.001,112000.000,302.107,126063.700,112275.001,126365.807,+12.55
2.00,smallest meeting clock,bitcos_stream5_directiso,z0.20,0.1991,sram_8kb_45nm,0.156,275.001,249.600,300.382,280.942,524.601,581.324,+10.81
2.00,smallest meeting clock,bitcos_stream5_directiso,z0.20,0.1991,sram_32kb_45nm,0.313,275.001,500.800,300.382,563.685,775.801,864.067,+11.38
2.00,smallest meeting clock,bitcos_stream5_directiso,z0.20,0.1991,sram_1mb_45nm,1.563,275.001,2500.800,300.382,2814.822,2775.801,3115.204,+12.23
2.00,smallest meeting clock,bitcos_stream5_directiso,z0.20,0.1991,sram_1mb_45nm_cacti,1.058,275.001,1692.800,300.382,1905.363,1967.801,2205.745,+12.09
2.00,smallest meeting clock,bitcos_stream5_directiso,z0.20,0.1991,sram_32kb_7nm,0.133,275.001,212.800,300.382,239.521,487.801,539.903,+10.68
2.00,smallest meeting clock,bitcos_stream5_directiso,z0.20,0.1991,sram_1mb_7nm,0.219,275.001,350.400,300.382,394.399,625.401,694.781,+11.09
2.00,smallest meeting clock,bitcos_stream5_directiso,z0.20,0.1991,hbm2,3.97,275.001,6352.000,300.382,7149.613,6627.001,7449.995,+12.42
2.00,smallest meeting clock,bitcos_stream5_directiso,z0.20,0.1991,hbm2_streamed,3.59,275.001,5744.000,300.382,6465.267,6019.001,6765.649,+12.40
2.00,smallest meeting clock,bitcos_stream5_directiso,z0.20,0.1991,lpddr4_package,12,275.001,19200.000,300.382,21610.920,19475.001,21911.302,+12.51
2.00,smallest meeting clock,bitcos_stream5_directiso,z0.20,0.1991,gddr5,14.0,275.001,22400.000,300.382,25212.740,22675.001,25513.122,+12.52
2.00,smallest meeting clock,bitcos_stream5_directiso,z0.20,0.1991,dram_45nm_horowitz,30.5,275.001,48800.000,300.382,54927.755,49075.001,55228.137,+12.54
2.00,smallest meeting clock,bitcos_stream5_directiso,z0.20,0.1991,ddr3_peak,70,275.001,112000.000,300.382,126063.700,112275.001,126364.082,+12.55
2.00,smallest meeting clock,bitcos_stream5_fed,z0.20,0.1991,sram_8kb_45nm,0.156,300.041,249.600,381.927,280.942,549.641,662.869,+20.60
2.00,smallest meeting clock,bitcos_stream5_fed,z0.20,0.1991,sram_32kb_45nm,0.313,300.041,500.800,381.927,563.685,800.841,945.612,+18.08
2.00,smallest meeting clock,bitcos_stream5_fed,z0.20,0.1991,sram_1mb_45nm,1.563,300.041,2500.800,381.927,2814.822,2800.841,3196.749,+14.14
2.00,smallest meeting clock,bitcos_stream5_fed,z0.20,0.1991,sram_1mb_45nm_cacti,1.058,300.041,1692.800,381.927,1905.363,1992.841,2287.290,+14.78
2.00,smallest meeting clock,bitcos_stream5_fed,z0.20,0.1991,sram_32kb_7nm,0.133,300.041,212.800,381.927,239.521,512.841,621.448,+21.18
2.00,smallest meeting clock,bitcos_stream5_fed,z0.20,0.1991,sram_1mb_7nm,0.219,300.041,350.400,381.927,394.399,650.441,776.326,+19.35
2.00,smallest meeting clock,bitcos_stream5_fed,z0.20,0.1991,hbm2,3.97,300.041,6352.000,381.927,7149.613,6652.041,7531.540,+13.22
2.00,smallest meeting clock,bitcos_stream5_fed,z0.20,0.1991,hbm2_streamed,3.59,300.041,5744.000,381.927,6465.267,6044.041,6847.194,+13.29
2.00,smallest meeting clock,bitcos_stream5_fed,z0.20,0.1991,lpddr4_package,12,300.041,19200.000,381.927,21610.920,19500.041,21992.847,+12.78
2.00,smallest meeting clock,bitcos_stream5_fed,z0.20,0.1991,gddr5,14.0,300.041,22400.000,381.927,25212.740,22700.041,25594.667,+12.75
2.00,smallest meeting clock,bitcos_stream5_fed,z0.20,0.1991,dram_45nm_horowitz,30.5,300.041,48800.000,381.927,54927.755,49100.041,55309.682,+12.65
2.00,smallest meeting clock,bitcos_stream5_fed,z0.20,0.1991,ddr3_peak,70,300.041,112000.000,381.927,126063.700,112300.041,126445.627,+12.60
2.00,smallest meeting clock,bitcos_stream5_bank_fed,z0.30,0.2995,sram_8kb_45nm,0.156,295.771,249.600,321.609,265.281,545.371,586.890,+7.61
2.00,smallest meeting clock,bitcos_stream5_bank_fed,z0.30,0.2995,sram_32kb_45nm,0.313,295.771,500.800,321.609,532.263,796.571,853.872,+7.19
2.00,smallest meeting clock,bitcos_stream5_bank_fed,z0.30,0.2995,sram_1mb_45nm,1.563,295.771,2500.800,321.609,2657.913,2796.571,2979.522,+6.54
2.00,smallest meeting clock,bitcos_stream5_bank_fed,z0.30,0.2995,sram_1mb_45nm_cacti,1.058,295.771,1692.800,321.609,1799.150,1988.571,2120.759,+6.65
2.00,smallest meeting clock,bitcos_stream5_bank_fed,z0.30,0.2995,sram_32kb_7nm,0.133,295.771,212.800,321.609,226.169,508.571,547.778,+7.71
2.00,smallest meeting clock,bitcos_stream5_bank_fed,z0.30,0.2995,sram_1mb_7nm,0.219,295.771,350.400,321.609,372.414,646.171,694.023,+7.41
2.00,smallest meeting clock,bitcos_stream5_bank_fed,z0.30,0.2995,hbm2,3.97,295.771,6352.000,321.609,6751.064,6647.771,7072.673,+6.39
2.00,smallest meeting clock,bitcos_stream5_bank_fed,z0.30,0.2995,hbm2_streamed,3.59,295.771,5744.000,321.609,6104.867,6039.771,6426.476,+6.40
2.00,smallest meeting clock,bitcos_stream5_bank_fed,z0.30,0.2995,lpddr4_package,12,295.771,19200.000,321.609,20406.240,19495.771,20727.849,+6.32
2.00,smallest meeting clock,bitcos_stream5_bank_fed,z0.30,0.2995,gddr5,14.0,295.771,22400.000,321.609,23807.280,22695.771,24128.889,+6.31
2.00,smallest meeting clock,bitcos_stream5_bank_fed,z0.30,0.2995,dram_45nm_horowitz,30.5,295.771,48800.000,321.609,51865.860,49095.771,52187.469,+6.30
2.00,smallest meeting clock,bitcos_stream5_bank_fed,z0.30,0.2995,ddr3_peak,70,295.771,112000.000,321.609,119036.400,112295.771,119358.009,+6.29
2.00,smallest meeting clock,bitcos_stream5_bank_fed+repack,z0.30,0.2995,sram_8kb_45nm,0.156,295.771,249.600,366.855,265.281,545.371,632.136,+15.91
2.00,smallest meeting clock,bitcos_stream5_bank_fed+repack,z0.30,0.2995,sram_32kb_45nm,0.313,295.771,500.800,366.855,532.263,796.571,899.118,+12.87
2.00,smallest meeting clock,bitcos_stream5_bank_fed+repack,z0.30,0.2995,sram_1mb_45nm,1.563,295.771,2500.800,366.855,2657.913,2796.571,3024.768,+8.16
2.00,smallest meeting clock,bitcos_stream5_bank_fed+repack,z0.30,0.2995,sram_1mb_45nm_cacti,1.058,295.771,1692.800,366.855,1799.150,1988.571,2166.005,+8.92
2.00,smallest meeting clock,bitcos_stream5_bank_fed+repack,z0.30,0.2995,sram_32kb_7nm,0.133,295.771,212.800,366.855,226.169,508.571,593.024,+16.61
2.00,smallest meeting clock,bitcos_stream5_bank_fed+repack,z0.30,0.2995,sram_1mb_7nm,0.219,295.771,350.400,366.855,372.414,646.171,739.269,+14.41
2.00,smallest meeting clock,bitcos_stream5_bank_fed+repack,z0.30,0.2995,hbm2,3.97,295.771,6352.000,366.855,6751.064,6647.771,7117.919,+7.07
2.00,smallest meeting clock,bitcos_stream5_bank_fed+repack,z0.30,0.2995,hbm2_streamed,3.59,295.771,5744.000,366.855,6104.867,6039.771,6471.722,+7.15
2.00,smallest meeting clock,bitcos_stream5_bank_fed+repack,z0.30,0.2995,lpddr4_package,12,295.771,19200.000,366.855,20406.240,19495.771,20773.095,+6.55
2.00,smallest meeting clock,bitcos_stream5_bank_fed+repack,z0.30,0.2995,gddr5,14.0,295.771,22400.000,366.855,23807.280,22695.771,24174.135,+6.51
2.00,smallest meeting clock,bitcos_stream5_bank_fed+repack,z0.30,0.2995,dram_45nm_horowitz,30.5,295.771,48800.000,366.855,51865.860,49095.771,52232.715,+6.39
2.00,smallest meeting clock,bitcos_stream5_bank_fed+repack,z0.30,0.2995,ddr3_peak,70,295.771,112000.000,366.855,119036.400,112295.771,119403.255,+6.33
2.00,smallest meeting clock,bitcos_stream5_direct,z0.30,0.2995,sram_8kb_45nm,0.156,270.831,249.600,301.874,265.281,520.431,567.155,+8.98
2.00,smallest meeting clock,bitcos_stream5_direct,z0.30,0.2995,sram_32kb_45nm,0.313,270.831,500.800,301.874,532.263,771.631,834.137,+8.10
2.00,smallest meeting clock,bitcos_stream5_direct,z0.30,0.2995,sram_1mb_45nm,1.563,270.831,2500.800,301.874,2657.913,2771.631,2959.787,+6.79
2.00,smallest meeting clock,bitcos_stream5_direct,z0.30,0.2995,sram_1mb_45nm_cacti,1.058,270.831,1692.800,301.874,1799.150,1963.631,2101.024,+7.00
2.00,smallest meeting clock,bitcos_stream5_direct,z0.30,0.2995,sram_32kb_7nm,0.133,270.831,212.800,301.874,226.169,483.631,528.043,+9.18
2.00,smallest meeting clock,bitcos_stream5_direct,z0.30,0.2995,sram_1mb_7nm,0.219,270.831,350.400,301.874,372.414,621.231,674.288,+8.54
2.00,smallest meeting clock,bitcos_stream5_direct,z0.30,0.2995,hbm2,3.97,270.831,6352.000,301.874,6751.064,6622.831,7052.938,+6.49
2.00,smallest meeting clock,bitcos_stream5_direct,z0.30,0.2995,hbm2_streamed,3.59,270.831,5744.000,301.874,6104.867,6014.831,6406.741,+6.52
2.00,smallest meeting clock,bitcos_stream5_direct,z0.30,0.2995,lpddr4_package,12,270.831,19200.000,301.874,20406.240,19470.831,20708.114,+6.35
2.00,smallest meeting clock,bitcos_stream5_direct,z0.30,0.2995,gddr5,14.0,270.831,22400.000,301.874,23807.280,22670.831,24109.154,+6.34
2.00,smallest meeting clock,bitcos_stream5_direct,z0.30,0.2995,dram_45nm_horowitz,30.5,270.831,48800.000,301.874,51865.860,49070.831,52167.734,+6.31
2.00,smallest meeting clock,bitcos_stream5_direct,z0.30,0.2995,ddr3_peak,70,270.831,112000.000,301.874,119036.400,112270.831,119338.274,+6.29
2.00,smallest meeting clock,bitcos_stream5_directiso,z0.30,0.2995,sram_8kb_45nm,0.156,270.831,249.600,299.559,265.281,520.431,564.840,+8.53
2.00,smallest meeting clock,bitcos_stream5_directiso,z0.30,0.2995,sram_32kb_45nm,0.313,270.831,500.800,299.559,532.263,771.631,831.822,+7.80
2.00,smallest meeting clock,bitcos_stream5_directiso,z0.30,0.2995,sram_1mb_45nm,1.563,270.831,2500.800,299.559,2657.913,2771.631,2957.472,+6.71
2.00,smallest meeting clock,bitcos_stream5_directiso,z0.30,0.2995,sram_1mb_45nm_cacti,1.058,270.831,1692.800,299.559,1799.150,1963.631,2098.709,+6.88
2.00,smallest meeting clock,bitcos_stream5_directiso,z0.30,0.2995,sram_32kb_7nm,0.133,270.831,212.800,299.559,226.169,483.631,525.728,+8.70
2.00,smallest meeting clock,bitcos_stream5_directiso,z0.30,0.2995,sram_1mb_7nm,0.219,270.831,350.400,299.559,372.414,621.231,671.973,+8.17
2.00,smallest meeting clock,bitcos_stream5_directiso,z0.30,0.2995,hbm2,3.97,270.831,6352.000,299.559,6751.064,6622.831,7050.623,+6.46
2.00,smallest meeting clock,bitcos_stream5_directiso,z0.30,0.2995,hbm2_streamed,3.59,270.831,5744.000,299.559,6104.867,6014.831,6404.426,+6.48
2.00,smallest meeting clock,bitcos_stream5_directiso,z0.30,0.2995,lpddr4_package,12,270.831,19200.000,299.559,20406.240,19470.831,20705.799,+6.34
2.00,smallest meeting clock,bitcos_stream5_directiso,z0.30,0.2995,gddr5,14.0,270.831,22400.000,299.559,23807.280,22670.831,24106.839,+6.33
2.00,smallest meeting clock,bitcos_stream5_directiso,z0.30,0.2995,dram_45nm_horowitz,30.5,270.831,48800.000,299.559,51865.860,49070.831,52165.419,+6.31
2.00,smallest meeting clock,bitcos_stream5_directiso,z0.30,0.2995,ddr3_peak,70,270.831,112000.000,299.559,119036.400,112270.831,119335.959,+6.29
2.00,smallest meeting clock,bitcos_stream5_fed,z0.30,0.2995,sram_8kb_45nm,0.156,295.771,249.600,381.835,265.281,545.371,647.116,+18.66
2.00,smallest meeting clock,bitcos_stream5_fed,z0.30,0.2995,sram_32kb_45nm,0.313,295.771,500.800,381.835,532.263,796.571,914.098,+14.75
2.00,smallest meeting clock,bitcos_stream5_fed,z0.30,0.2995,sram_1mb_45nm,1.563,295.771,2500.800,381.835,2657.913,2796.571,3039.748,+8.70
2.00,smallest meeting clock,bitcos_stream5_fed,z0.30,0.2995,sram_1mb_45nm_cacti,1.058,295.771,1692.800,381.835,1799.150,1988.571,2180.985,+9.68
2.00,smallest meeting clock,bitcos_stream5_fed,z0.30,0.2995,sram_32kb_7nm,0.133,295.771,212.800,381.835,226.169,508.571,608.004,+19.55
2.00,smallest meeting clock,bitcos_stream5_fed,z0.30,0.2995,sram_1mb_7nm,0.219,295.771,350.400,381.835,372.414,646.171,754.249,+16.73
2.00,smallest meeting clock,bitcos_stream5_fed,z0.30,0.2995,hbm2,3.97,295.771,6352.000,381.835,6751.064,6647.771,7132.899,+7.30
2.00,smallest meeting clock,bitcos_stream5_fed,z0.30,0.2995,hbm2_streamed,3.59,295.771,5744.000,381.835,6104.867,6039.771,6486.702,+7.40
2.00,smallest meeting clock,bitcos_stream5_fed,z0.30,0.2995,lpddr4_package,12,295.771,19200.000,381.835,20406.240,19495.771,20788.075,+6.63
2.00,smallest meeting clock,bitcos_stream5_fed,z0.30,0.2995,gddr5,14.0,295.771,22400.000,381.835,23807.280,22695.771,24189.115,+6.58
2.00,smallest meeting clock,bitcos_stream5_fed,z0.30,0.2995,dram_45nm_horowitz,30.5,295.771,48800.000,381.835,51865.860,49095.771,52247.695,+6.42
2.00,smallest meeting clock,bitcos_stream5_fed,z0.30,0.2995,ddr3_peak,70,295.771,112000.000,381.835,119036.400,112295.771,119418.235,+6.34
2.00,smallest meeting clock,bitcos_stream5_bank_fed,z0.4221,0.4225,sram_8kb_45nm,0.156,289.181,249.600,317.332,246.085,538.781,563.417,+4.57
2.00,smallest meeting clock,bitcos_stream5_bank_fed,z0.4221,0.4225,sram_32kb_45nm,0.313,289.181,500.800,317.332,493.748,789.981,811.080,+2.67
2.00,smallest meeting clock,bitcos_stream5_bank_fed,z0.4221,0.4225,sram_1mb_45nm,1.563,289.181,2500.800,317.332,2465.586,2789.981,2782.918,-0.25
2.00,smallest meeting clock,bitcos_stream5_bank_fed,z0.4221,0.4225,sram_1mb_45nm_cacti,1.058,289.181,1692.800,317.332,1668.963,1981.981,1986.295,+0.22
2.00,smallest meeting clock,bitcos_stream5_bank_fed,z0.4221,0.4225,sram_32kb_7nm,0.133,289.181,212.800,317.332,209.804,501.981,527.136,+5.01
2.00,smallest meeting clock,bitcos_stream5_bank_fed,z0.4221,0.4225,sram_1mb_7nm,0.219,289.181,350.400,317.332,345.466,639.581,662.798,+3.63
2.00,smallest meeting clock,bitcos_stream5_bank_fed,z0.4221,0.4225,hbm2,3.97,289.181,6352.000,317.332,6262.556,6641.181,6579.888,-0.92
2.00,smallest meeting clock,bitcos_stream5_bank_fed,z0.4221,0.4225,hbm2_streamed,3.59,289.181,5744.000,317.332,5663.117,6033.181,5980.449,-0.87
2.00,smallest meeting clock,bitcos_stream5_bank_fed,z0.4221,0.4225,lpddr4_package,12,289.181,19200.000,317.332,18929.640,19489.181,19246.972,-1.24
2.00,smallest meeting clock,bitcos_stream5_bank_fed,z0.4221,0.4225,gddr5,14.0,289.181,22400.000,317.332,22084.580,22689.181,22401.912,-1.27
2.00,smallest meeting clock,bitcos_stream5_bank_fed,z0.4221,0.4225,dram_45nm_horowitz,30.5,289.181,48800.000,317.332,48112.835,49089.181,48430.167,-1.34
2.00,smallest meeting clock,bitcos_stream5_bank_fed,z0.4221,0.4225,ddr3_peak,70,289.181,112000.000,317.332,110422.900,112289.181,110740.232,-1.38
2.00,smallest meeting clock,bitcos_stream5_bank_fed+repack,z0.4221,0.4225,sram_8kb_45nm,0.156,289.181,249.600,360.425,246.085,538.781,606.510,+12.57
2.00,smallest meeting clock,bitcos_stream5_bank_fed+repack,z0.4221,0.4225,sram_32kb_45nm,0.313,289.181,500.800,360.425,493.748,789.981,854.173,+8.13
2.00,smallest meeting clock,bitcos_stream5_bank_fed+repack,z0.4221,0.4225,sram_1mb_45nm,1.563,289.181,2500.800,360.425,2465.586,2789.981,2826.011,+1.29
2.00,smallest meeting clock,bitcos_stream5_bank_fed+repack,z0.4221,0.4225,sram_1mb_45nm_cacti,1.058,289.181,1692.800,360.425,1668.963,1981.981,2029.388,+2.39
2.00,smallest meeting clock,bitcos_stream5_bank_fed+repack,z0.4221,0.4225,sram_32kb_7nm,0.133,289.181,212.800,360.425,209.804,501.981,570.229,+13.60
2.00,smallest meeting clock,bitcos_stream5_bank_fed+repack,z0.4221,0.4225,sram_1mb_7nm,0.219,289.181,350.400,360.425,345.466,639.581,705.891,+10.37
2.00,smallest meeting clock,bitcos_stream5_bank_fed+repack,z0.4221,0.4225,hbm2,3.97,289.181,6352.000,360.425,6262.556,6641.181,6622.981,-0.27
2.00,smallest meeting clock,bitcos_stream5_bank_fed+repack,z0.4221,0.4225,hbm2_streamed,3.59,289.181,5744.000,360.425,5663.117,6033.181,6023.542,-0.16
2.00,smallest meeting clock,bitcos_stream5_bank_fed+repack,z0.4221,0.4225,lpddr4_package,12,289.181,19200.000,360.425,18929.640,19489.181,19290.065,-1.02
2.00,smallest meeting clock,bitcos_stream5_bank_fed+repack,z0.4221,0.4225,gddr5,14.0,289.181,22400.000,360.425,22084.580,22689.181,22445.005,-1.08
2.00,smallest meeting clock,bitcos_stream5_bank_fed+repack,z0.4221,0.4225,dram_45nm_horowitz,30.5,289.181,48800.000,360.425,48112.835,49089.181,48473.260,-1.25
2.00,smallest meeting clock,bitcos_stream5_bank_fed+repack,z0.4221,0.4225,ddr3_peak,70,289.181,112000.000,360.425,110422.900,112289.181,110783.325,-1.34
2.00,smallest meeting clock,bitcos_stream5_direct,z0.4221,0.4225,sram_8kb_45nm,0.156,264.380,249.600,300.199,246.085,513.980,546.284,+6.29
2.00,smallest meeting clock,bitcos_stream5_direct,z0.4221,0.4225,sram_32kb_45nm,0.313,264.380,500.800,300.199,493.748,765.180,793.947,+3.76
2.00,smallest meeting clock,bitcos_stream5_direct,z0.4221,0.4225,sram_1mb_45nm,1.563,264.380,2500.800,300.199,2465.586,2765.180,2765.785,+0.02
2.00,smallest meeting clock,bitcos_stream5_direct,z0.4221,0.4225,sram_1mb_45nm_cacti,1.058,264.380,1692.800,300.199,1668.963,1957.180,1969.162,+0.61
2.00,smallest meeting clock,bitcos_stream5_direct,z0.4221,0.4225,sram_32kb_7nm,0.133,264.380,212.800,300.199,209.804,477.180,510.003,+6.88
2.00,smallest meeting clock,bitcos_stream5_direct,z0.4221,0.4225,sram_1mb_7nm,0.219,264.380,350.400,300.199,345.466,614.780,645.665,+5.02
2.00,smallest meeting clock,bitcos_stream5_direct,z0.4221,0.4225,hbm2,3.97,264.380,6352.000,300.199,6262.556,6616.380,6562.755,-0.81
2.00,smallest meeting clock,bitcos_stream5_direct,z0.4221,0.4225,hbm2_streamed,3.59,264.380,5744.000,300.199,5663.117,6008.380,5963.316,-0.75
2.00,smallest meeting clock,bitcos_stream5_direct,z0.4221,0.4225,lpddr4_package,12,264.380,19200.000,300.199,18929.640,19464.380,19229.839,-1.20
2.00,smallest meeting clock,bitcos_stream5_direct,z0.4221,0.4225,gddr5,14.0,264.380,22400.000,300.199,22084.580,22664.380,22384.779,-1.23
2.00,smallest meeting clock,bitcos_stream5_direct,z0.4221,0.4225,dram_45nm_horowitz,30.5,264.380,48800.000,300.199,48112.835,49064.380,48413.034,-1.33
2.00,smallest meeting clock,bitcos_stream5_direct,z0.4221,0.4225,ddr3_peak,70,264.380,112000.000,300.199,110422.900,112264.380,110723.099,-1.37
2.00,smallest meeting clock,bitcos_stream5_directiso,z0.4221,0.4225,sram_8kb_45nm,0.156,264.380,249.600,296.860,246.085,513.980,542.945,+5.64
2.00,smallest meeting clock,bitcos_stream5_directiso,z0.4221,0.4225,sram_32kb_45nm,0.313,264.380,500.800,296.860,493.748,765.180,790.608,+3.32
2.00,smallest meeting clock,bitcos_stream5_directiso,z0.4221,0.4225,sram_1mb_45nm,1.563,264.380,2500.800,296.860,2465.586,2765.180,2762.446,-0.10
2.00,smallest meeting clock,bitcos_stream5_directiso,z0.4221,0.4225,sram_1mb_45nm_cacti,1.058,264.380,1692.800,296.860,1668.963,1957.180,1965.823,+0.44
2.00,smallest meeting clock,bitcos_stream5_directiso,z0.4221,0.4225,sram_32kb_7nm,0.133,264.380,212.800,296.860,209.804,477.180,506.664,+6.18
2.00,smallest meeting clock,bitcos_stream5_directiso,z0.4221,0.4225,sram_1mb_7nm,0.219,264.380,350.400,296.860,345.466,614.780,642.326,+4.48
2.00,smallest meeting clock,bitcos_stream5_directiso,z0.4221,0.4225,hbm2,3.97,264.380,6352.000,296.860,6262.556,6616.380,6559.416,-0.86
2.00,smallest meeting clock,bitcos_stream5_directiso,z0.4221,0.4225,hbm2_streamed,3.59,264.380,5744.000,296.860,5663.117,6008.380,5959.977,-0.81
2.00,smallest meeting clock,bitcos_stream5_directiso,z0.4221,0.4225,lpddr4_package,12,264.380,19200.000,296.860,18929.640,19464.380,19226.500,-1.22
2.00,smallest meeting clock,bitcos_stream5_directiso,z0.4221,0.4225,gddr5,14.0,264.380,22400.000,296.860,22084.580,22664.380,22381.440,-1.25
2.00,smallest meeting clock,bitcos_stream5_directiso,z0.4221,0.4225,dram_45nm_horowitz,30.5,264.380,48800.000,296.860,48112.835,49064.380,48409.695,-1.33
2.00,smallest meeting clock,bitcos_stream5_directiso,z0.4221,0.4225,ddr3_peak,70,264.380,112000.000,296.860,110422.900,112264.380,110719.760,-1.38
2.00,smallest meeting clock,bitcos_stream5_fed,z0.4221,0.4225,sram_8kb_45nm,0.156,289.181,249.600,378.793,246.085,538.781,624.878,+15.98
2.00,smallest meeting clock,bitcos_stream5_fed,z0.4221,0.4225,sram_32kb_45nm,0.313,289.181,500.800,378.793,493.748,789.981,872.541,+10.45
2.00,smallest meeting clock,bitcos_stream5_fed,z0.4221,0.4225,sram_1mb_45nm,1.563,289.181,2500.800,378.793,2465.586,2789.981,2844.379,+1.95
2.00,smallest meeting clock,bitcos_stream5_fed,z0.4221,0.4225,sram_1mb_45nm_cacti,1.058,289.181,1692.800,378.793,1668.963,1981.981,2047.756,+3.32
2.00,smallest meeting clock,bitcos_stream5_fed,z0.4221,0.4225,sram_32kb_7nm,0.133,289.181,212.800,378.793,209.804,501.981,588.597,+17.25
2.00,smallest meeting clock,bitcos_stream5_fed,z0.4221,0.4225,sram_1mb_7nm,0.219,289.181,350.400,378.793,345.466,639.581,724.259,+13.24
2.00,smallest meeting clock,bitcos_stream5_fed,z0.4221,0.4225,hbm2,3.97,289.181,6352.000,378.793,6262.556,6641.181,6641.349,+0.00
2.00,smallest meeting clock,bitcos_stream5_fed,z0.4221,0.4225,hbm2_streamed,3.59,289.181,5744.000,378.793,5663.117,6033.181,6041.910,+0.14
2.00,smallest meeting clock,bitcos_stream5_fed,z0.4221,0.4225,lpddr4_package,12,289.181,19200.000,378.793,18929.640,19489.181,19308.433,-0.93
2.00,smallest meeting clock,bitcos_stream5_fed,z0.4221,0.4225,gddr5,14.0,289.181,22400.000,378.793,22084.580,22689.181,22463.373,-1.00
2.00,smallest meeting clock,bitcos_stream5_fed,z0.4221,0.4225,dram_45nm_horowitz,30.5,289.181,48800.000,378.793,48112.835,49089.181,48491.628,-1.22
2.00,smallest meeting clock,bitcos_stream5_fed,z0.4221,0.4225,ddr3_peak,70,289.181,112000.000,378.793,110422.900,112289.181,110801.693,-1.32
2.00,smallest meeting clock,bitcos_stream5_bank_fed,z0.50,0.5004,sram_8kb_45nm,0.156,279.867,249.600,309.553,233.939,529.467,543.492,+2.65
2.00,smallest meeting clock,bitcos_stream5_bank_fed,z0.50,0.5004,sram_32kb_45nm,0.313,279.867,500.800,309.553,469.378,780.667,778.931,-0.22
2.00,smallest meeting clock,bitcos_stream5_bank_fed,z0.50,0.5004,sram_1mb_45nm,1.563,279.867,2500.800,309.553,2343.890,2780.667,2653.443,-4.58
2.00,smallest meeting clock,bitcos_stream5_bank_fed,z0.50,0.5004,sram_1mb_45nm_cacti,1.058,279.867,1692.800,309.553,1586.587,1972.667,1896.140,-3.88
2.00,smallest meeting clock,bitcos_stream5_bank_fed,z0.50,0.5004,sram_32kb_7nm,0.133,279.867,212.800,309.553,199.448,492.667,509.001,+3.32
2.00,smallest meeting clock,bitcos_stream5_bank_fed,z0.50,0.5004,sram_1mb_7nm,0.219,279.867,350.400,309.553,328.415,630.267,637.968,+1.22
2.00,smallest meeting clock,bitcos_stream5_bank_fed,z0.50,0.5004,hbm2,3.97,279.867,6352.000,309.553,5953.452,6631.867,6263.005,-5.56
2.00,smallest meeting clock,bitcos_stream5_bank_fed,z0.50,0.5004,hbm2_streamed,3.59,279.867,5744.000,309.553,5383.600,6023.867,5693.153,-5.49
2.00,smallest meeting clock,bitcos_stream5_bank_fed,z0.50,0.5004,lpddr4_package,12,279.867,19200.000,309.553,17995.320,19479.867,18304.873,-6.03
2.00,smallest meeting clock,bitcos_stream5_bank_fed,z0.50,0.5004,gddr5,14.0,279.867,22400.000,309.553,20994.540,22679.867,21304.093,-6.07
2.00,smallest meeting clock,bitcos_stream5_bank_fed,z0.50,0.5004,dram_45nm_horowitz,30.5,279.867,48800.000,309.553,45738.105,49079.867,46047.658,-6.18
2.00,smallest meeting clock,bitcos_stream5_bank_fed,z0.50,0.5004,ddr3_peak,70,279.867,112000.000,309.553,104972.700,112279.867,105282.253,-6.23
2.00,smallest meeting clock,bitcos_stream5_bank_fed+repack,z0.50,0.5004,sram_8kb_45nm,0.156,279.867,249.600,352.252,233.939,529.467,586.191,+10.71
2.00,smallest meeting clock,bitcos_stream5_bank_fed+repack,z0.50,0.5004,sram_32kb_45nm,0.313,279.867,500.800,352.252,469.378,780.667,821.630,+5.25
2.00,smallest meeting clock,bitcos_stream5_bank_fed+repack,z0.50,0.5004,sram_1mb_45nm,1.563,279.867,2500.800,352.252,2343.890,2780.667,2696.142,-3.04
2.00,smallest meeting clock,bitcos_stream5_bank_fed+repack,z0.50,0.5004,sram_1mb_45nm_cacti,1.058,279.867,1692.800,352.252,1586.587,1972.667,1938.839,-1.71
2.00,smallest meeting clock,bitcos_stream5_bank_fed+repack,z0.50,0.5004,sram_32kb_7nm,0.133,279.867,212.800,352.252,199.448,492.667,551.700,+11.98
2.00,smallest meeting clock,bitcos_stream5_bank_fed+repack,z0.50,0.5004,sram_1mb_7nm,0.219,279.867,350.400,352.252,328.415,630.267,680.667,+8.00
2.00,smallest meeting clock,bitcos_stream5_bank_fed+repack,z0.50,0.5004,hbm2,3.97,279.867,6352.000,352.252,5953.452,6631.867,6305.704,-4.92
2.00,smallest meeting clock,bitcos_stream5_bank_fed+repack,z0.50,0.5004,hbm2_streamed,3.59,279.867,5744.000,352.252,5383.600,6023.867,5735.852,-4.78
2.00,smallest meeting clock,bitcos_stream5_bank_fed+repack,z0.50,0.5004,lpddr4_package,12,279.867,19200.000,352.252,17995.320,19479.867,18347.572,-5.81
2.00,smallest meeting clock,bitcos_stream5_bank_fed+repack,z0.50,0.5004,gddr5,14.0,279.867,22400.000,352.252,20994.540,22679.867,21346.792,-5.88
2.00,smallest meeting clock,bitcos_stream5_bank_fed+repack,z0.50,0.5004,dram_45nm_horowitz,30.5,279.867,48800.000,352.252,45738.105,49079.867,46090.357,-6.09
2.00,smallest meeting clock,bitcos_stream5_bank_fed+repack,z0.50,0.5004,ddr3_peak,70,279.867,112000.000,352.252,104972.700,112279.867,105324.952,-6.19
2.00,smallest meeting clock,bitcos_stream5_direct,z0.50,0.5004,sram_8kb_45nm,0.156,255.203,249.600,293.977,233.939,504.803,527.916,+4.58
2.00,smallest meeting clock,bitcos_stream5_direct,z0.50,0.5004,sram_32kb_45nm,0.313,255.203,500.800,293.977,469.378,756.003,763.355,+0.97
2.00,smallest meeting clock,bitcos_stream5_direct,z0.50,0.5004,sram_1mb_45nm,1.563,255.203,2500.800,293.977,2343.890,2756.003,2637.867,-4.29
2.00,smallest meeting clock,bitcos_stream5_direct,z0.50,0.5004,sram_1mb_45nm_cacti,1.058,255.203,1692.800,293.977,1586.587,1948.003,1880.564,-3.46
2.00,smallest meeting clock,bitcos_stream5_direct,z0.50,0.5004,sram_32kb_7nm,0.133,255.203,212.800,293.977,199.448,468.003,493.425,+5.43
2.00,smallest meeting clock,bitcos_stream5_direct,z0.50,0.5004,sram_1mb_7nm,0.219,255.203,350.400,293.977,328.415,605.603,622.392,+2.77
2.00,smallest meeting clock,bitcos_stream5_direct,z0.50,0.5004,hbm2,3.97,255.203,6352.000,293.977,5953.452,6607.203,6247.429,-5.45
2.00,smallest meeting clock,bitcos_stream5_direct,z0.50,0.5004,hbm2_streamed,3.59,255.203,5744.000,293.977,5383.600,5999.203,5677.577,-5.36
2.00,smallest meeting clock,bitcos_stream5_direct,z0.50,0.5004,lpddr4_package,12,255.203,19200.000,293.977,17995.320,19455.203,18289.297,-5.99
2.00,smallest meeting clock,bitcos_stream5_direct,z0.50,0.5004,gddr5,14.0,255.203,22400.000,293.977,20994.540,22655.203,21288.517,-6.03
2.00,smallest meeting clock,bitcos_stream5_direct,z0.50,0.5004,dram_45nm_horowitz,30.5,255.203,48800.000,293.977,45738.105,49055.203,46032.082,-6.16
2.00,smallest meeting clock,bitcos_stream5_direct,z0.50,0.5004,ddr3_peak,70,255.203,112000.000,293.977,104972.700,112255.203,105266.677,-6.23
2.00,smallest meeting clock,bitcos_stream5_directiso,z0.50,0.5004,sram_8kb_45nm,0.156,255.203,249.600,289.619,233.939,504.803,523.558,+3.72
2.00,smallest meeting clock,bitcos_stream5_directiso,z0.50,0.5004,sram_32kb_45nm,0.313,255.203,500.800,289.619,469.378,756.003,758.997,+0.40
2.00,smallest meeting clock,bitcos_stream5_directiso,z0.50,0.5004,sram_1mb_45nm,1.563,255.203,2500.800,289.619,2343.890,2756.003,2633.509,-4.44
2.00,smallest meeting clock,bitcos_stream5_directiso,z0.50,0.5004,sram_1mb_45nm_cacti,1.058,255.203,1692.800,289.619,1586.587,1948.003,1876.206,-3.69
2.00,smallest meeting clock,bitcos_stream5_directiso,z0.50,0.5004,sram_32kb_7nm,0.133,255.203,212.800,289.619,199.448,468.003,489.067,+4.50
2.00,smallest meeting clock,bitcos_stream5_directiso,z0.50,0.5004,sram_1mb_7nm,0.219,255.203,350.400,289.619,328.415,605.603,618.034,+2.05
2.00,smallest meeting clock,bitcos_stream5_directiso,z0.50,0.5004,hbm2,3.97,255.203,6352.000,289.619,5953.452,6607.203,6243.071,-5.51
2.00,smallest meeting clock,bitcos_stream5_directiso,z0.50,0.5004,hbm2_streamed,3.59,255.203,5744.000,289.619,5383.600,5999.203,5673.219,-5.43
2.00,smallest meeting clock,bitcos_stream5_directiso,z0.50,0.5004,lpddr4_package,12,255.203,19200.000,289.619,17995.320,19455.203,18284.939,-6.02
2.00,smallest meeting clock,bitcos_stream5_directiso,z0.50,0.5004,gddr5,14.0,255.203,22400.000,289.619,20994.540,22655.203,21284.159,-6.05
2.00,smallest meeting clock,bitcos_stream5_directiso,z0.50,0.5004,dram_45nm_horowitz,30.5,255.203,48800.000,289.619,45738.105,49055.203,46027.724,-6.17
2.00,smallest meeting clock,bitcos_stream5_directiso,z0.50,0.5004,ddr3_peak,70,255.203,112000.000,289.619,104972.700,112255.203,105262.319,-6.23
2.00,smallest meeting clock,bitcos_stream5_fed,z0.50,0.5004,sram_8kb_45nm,0.156,279.867,249.600,370.999,233.939,529.467,604.938,+14.25
2.00,smallest meeting clock,bitcos_stream5_fed,z0.50,0.5004,sram_32kb_45nm,0.313,279.867,500.800,370.999,469.378,780.667,840.377,+7.65
2.00,smallest meeting clock,bitcos_stream5_fed,z0.50,0.5004,sram_1mb_45nm,1.563,279.867,2500.800,370.999,2343.890,2780.667,2714.889,-2.37
2.00,smallest meeting clock,bitcos_stream5_fed,z0.50,0.5004,sram_1mb_45nm_cacti,1.058,279.867,1692.800,370.999,1586.587,1972.667,1957.586,-0.76
2.00,smallest meeting clock,bitcos_stream5_fed,z0.50,0.5004,sram_32kb_7nm,0.133,279.867,212.800,370.999,199.448,492.667,570.447,+15.79
2.00,smallest meeting clock,bitcos_stream5_fed,z0.50,0.5004,sram_1mb_7nm,0.219,279.867,350.400,370.999,328.415,630.267,699.414,+10.97
2.00,smallest meeting clock,bitcos_stream5_fed,z0.50,0.5004,hbm2,3.97,279.867,6352.000,370.999,5953.452,6631.867,6324.451,-4.64
2.00,smallest meeting clock,bitcos_stream5_fed,z0.50,0.5004,hbm2_streamed,3.59,279.867,5744.000,370.999,5383.600,6023.867,5754.599,-4.47
2.00,smallest meeting clock,bitcos_stream5_fed,z0.50,0.5004,lpddr4_package,12,279.867,19200.000,370.999,17995.320,19479.867,18366.319,-5.72
2.00,smallest meeting clock,bitcos_stream5_fed,z0.50,0.5004,gddr5,14.0,279.867,22400.000,370.999,20994.540,22679.867,21365.539,-5.80
2.00,smallest meeting clock,bitcos_stream5_fed,z0.50,0.5004,dram_45nm_horowitz,30.5,279.867,48800.000,370.999,45738.105,49079.867,46109.104,-6.05
2.00,smallest meeting clock,bitcos_stream5_fed,z0.50,0.5004,ddr3_peak,70,279.867,112000.000,370.999,104972.700,112279.867,105343.699,-6.18
2.00,smallest meeting clock,bitcos_stream5_bank_fed,z0.60,0.6006,sram_8kb_45nm,0.156,263.266,249.600,294.451,218.319,512.866,512.770,-0.02
2.00,smallest meeting clock,bitcos_stream5_bank_fed,z0.60,0.6006,sram_32kb_45nm,0.313,263.266,500.800,294.451,438.037,764.066,732.488,-4.13
2.00,smallest meeting clock,bitcos_stream5_bank_fed,z0.60,0.6006,sram_1mb_45nm,1.563,263.266,2500.800,294.451,2187.387,2764.066,2481.838,-10.21
2.00,smallest meeting clock,bitcos_stream5_bank_fed,z0.60,0.6006,sram_1mb_45nm_cacti,1.058,263.266,1692.800,294.451,1480.650,1956.066,1775.101,-9.25
2.00,smallest meeting clock,bitcos_stream5_bank_fed,z0.60,0.6006,sram_32kb_7nm,0.133,263.266,212.800,294.451,186.131,476.066,480.582,+0.95
2.00,smallest meeting clock,bitcos_stream5_bank_fed,z0.60,0.6006,sram_1mb_7nm,0.219,263.266,350.400,294.451,306.486,613.666,600.937,-2.07
2.00,smallest meeting clock,bitcos_stream5_bank_fed,z0.60,0.6006,hbm2,3.97,263.266,6352.000,294.451,5555.936,6615.266,5850.387,-11.56
2.00,smallest meeting clock,bitcos_stream5_bank_fed,z0.60,0.6006,hbm2_streamed,3.59,263.266,5744.000,294.451,5024.133,6007.266,5318.584,-11.46
2.00,smallest meeting clock,bitcos_stream5_bank_fed,z0.60,0.6006,lpddr4_package,12,263.266,19200.000,294.451,16793.760,19463.266,17088.211,-12.20
2.00,smallest meeting clock,bitcos_stream5_bank_fed,z0.60,0.6006,gddr5,14.0,263.266,22400.000,294.451,19592.720,22663.266,19887.171,-12.25
2.00,smallest meeting clock,bitcos_stream5_bank_fed,z0.60,0.6006,dram_45nm_horowitz,30.5,263.266,48800.000,294.451,42684.140,49063.266,42978.591,-12.40
2.00,smallest meeting clock,bitcos_stream5_bank_fed,z0.60,0.6006,ddr3_peak,70,263.266,112000.000,294.451,97963.600,112263.266,98258.051,-12.48
2.00,smallest meeting clock,bitcos_stream5_bank_fed+repack,z0.60,0.6006,sram_8kb_45nm,0.156,263.266,249.600,337.800,218.319,512.866,556.119,+8.43
2.00,smallest meeting clock,bitcos_stream5_bank_fed+repack,z0.60,0.6006,sram_32kb_45nm,0.313,263.266,500.800,337.800,438.037,764.066,775.837,+1.54
2.00,smallest meeting clock,bitcos_stream5_bank_fed+repack,z0.60,0.6006,sram_1mb_45nm,1.563,263.266,2500.800,337.800,2187.387,2764.066,2525.187,-8.64
2.00,smallest meeting clock,bitcos_stream5_bank_fed+repack,z0.60,0.6006,sram_1mb_45nm_cacti,1.058,263.266,1692.800,337.800,1480.650,1956.066,1818.450,-7.04
2.00,smallest meeting clock,bitcos_stream5_bank_fed+repack,z0.60,0.6006,sram_32kb_7nm,0.133,263.266,212.800,337.800,186.131,476.066,523.931,+10.05
2.00,smallest meeting clock,bitcos_stream5_bank_fed+repack,z0.60,0.6006,sram_1mb_7nm,0.219,263.266,350.400,337.800,306.486,613.666,644.286,+4.99
2.00,smallest meeting clock,bitcos_stream5_bank_fed+repack,z0.60,0.6006,hbm2,3.97,263.266,6352.000,337.800,5555.936,6615.266,5893.736,-10.91
2.00,smallest meeting clock,bitcos_stream5_bank_fed+repack,z0.60,0.6006,hbm2_streamed,3.59,263.266,5744.000,337.800,5024.133,6007.266,5361.933,-10.74
2.00,smallest meeting clock,bitcos_stream5_bank_fed+repack,z0.60,0.6006,lpddr4_package,12,263.266,19200.000,337.800,16793.760,19463.266,17131.560,-11.98
2.00,smallest meeting clock,bitcos_stream5_bank_fed+repack,z0.60,0.6006,gddr5,14.0,263.266,22400.000,337.800,19592.720,22663.266,19930.520,-12.06
2.00,smallest meeting clock,bitcos_stream5_bank_fed+repack,z0.60,0.6006,dram_45nm_horowitz,30.5,263.266,48800.000,337.800,42684.140,49063.266,43021.940,-12.31
2.00,smallest meeting clock,bitcos_stream5_bank_fed+repack,z0.60,0.6006,ddr3_peak,70,263.266,112000.000,337.800,97963.600,112263.266,98301.400,-12.44
2.00,smallest meeting clock,bitcos_stream5_direct,z0.60,0.6006,sram_8kb_45nm,0.156,238.808,249.600,280.601,218.319,488.408,498.920,+2.15
2.00,smallest meeting clock,bitcos_stream5_direct,z0.60,0.6006,sram_32kb_45nm,0.313,238.808,500.800,280.601,438.037,739.608,718.638,-2.84
2.00,smallest meeting clock,bitcos_stream5_direct,z0.60,0.6006,sram_1mb_45nm,1.563,238.808,2500.800,280.601,2187.387,2739.608,2467.988,-9.91
2.00,smallest meeting clock,bitcos_stream5_direct,z0.60,0.6006,sram_1mb_45nm_cacti,1.058,238.808,1692.800,280.601,1480.650,1931.608,1761.251,-8.82
2.00,smallest meeting clock,bitcos_stream5_direct,z0.60,0.6006,sram_32kb_7nm,0.133,238.808,212.800,280.601,186.131,451.608,466.732,+3.35
2.00,smallest meeting clock,bitcos_stream5_direct,z0.60,0.6006,sram_1mb_7nm,0.219,238.808,350.400,280.601,306.486,589.208,587.087,-0.36
2.00,smallest meeting clock,bitcos_stream5_direct,z0.60,0.6006,hbm2,3.97,238.808,6352.000,280.601,5555.936,6590.808,5836.537,-11.44
2.00,smallest meeting clock,bitcos_stream5_direct,z0.60,0.6006,hbm2_streamed,3.59,238.808,5744.000,280.601,5024.133,5982.808,5304.734,-11.33
2.00,smallest meeting clock,bitcos_stream5_direct,z0.60,0.6006,lpddr4_package,12,238.808,19200.000,280.601,16793.760,19438.808,17074.361,-12.16
2.00,smallest meeting clock,bitcos_stream5_direct,z0.60,0.6006,gddr5,14.0,238.808,22400.000,280.601,19592.720,22638.808,19873.321,-12.22
2.00,smallest meeting clock,bitcos_stream5_direct,z0.60,0.6006,dram_45nm_horowitz,30.5,238.808,48800.000,280.601,42684.140,49038.808,42964.741,-12.39
2.00,smallest meeting clock,bitcos_stream5_direct,z0.60,0.6006,ddr3_peak,70,238.808,112000.000,280.601,97963.600,112238.808,98244.201,-12.47
2.00,smallest meeting clock,bitcos_stream5_directiso,z0.60,0.6006,sram_8kb_45nm,0.156,238.808,249.600,274.904,218.319,488.408,493.223,+0.99
2.00,smallest meeting clock,bitcos_stream5_directiso,z0.60,0.6006,sram_32kb_45nm,0.313,238.808,500.800,274.904,438.037,739.608,712.941,-3.61
2.00,smallest meeting clock,bitcos_stream5_directiso,z0.60,0.6006,sram_1mb_45nm,1.563,238.808,2500.800,274.904,2187.387,2739.608,2462.291,-10.12
2.00,smallest meeting clock,bitcos_stream5_directiso,z0.60,0.6006,sram_1mb_45nm_cacti,1.058,238.808,1692.800,274.904,1480.650,1931.608,1755.554,-9.11
2.00,smallest meeting clock,bitcos_stream5_directiso,z0.60,0.6006,sram_32kb_7nm,0.133,238.808,212.800,274.904,186.131,451.608,461.035,+2.09
2.00,smallest meeting clock,bitcos_stream5_directiso,z0.60,0.6006,sram_1mb_7nm,0.219,238.808,350.400,274.904,306.486,589.208,581.390,-1.33
2.00,smallest meeting clock,bitcos_stream5_directiso,z0.60,0.6006,hbm2,3.97,238.808,6352.000,274.904,5555.936,6590.808,5830.840,-11.53
2.00,smallest meeting clock,bitcos_stream5_directiso,z0.60,0.6006,hbm2_streamed,3.59,238.808,5744.000,274.904,5024.133,5982.808,5299.037,-11.43
2.00,smallest meeting clock,bitcos_stream5_directiso,z0.60,0.6006,lpddr4_package,12,238.808,19200.000,274.904,16793.760,19438.808,17068.664,-12.19
2.00,smallest meeting clock,bitcos_stream5_directiso,z0.60,0.6006,gddr5,14.0,238.808,22400.000,274.904,19592.720,22638.808,19867.624,-12.24
2.00,smallest meeting clock,bitcos_stream5_directiso,z0.60,0.6006,dram_45nm_horowitz,30.5,238.808,48800.000,274.904,42684.140,49038.808,42959.044,-12.40
2.00,smallest meeting clock,bitcos_stream5_directiso,z0.60,0.6006,ddr3_peak,70,238.808,112000.000,274.904,97963.600,112238.808,98238.504,-12.47
2.00,smallest meeting clock,bitcos_stream5_fed,z0.60,0.6006,sram_8kb_45nm,0.156,263.266,249.600,354.906,218.319,512.866,573.225,+11.77
2.00,smallest meeting clock,bitcos_stream5_fed,z0.60,0.6006,sram_32kb_45nm,0.313,263.266,500.800,354.906,438.037,764.066,792.943,+3.78
2.00,smallest meeting clock,bitcos_stream5_fed,z0.60,0.6006,sram_1mb_45nm,1.563,263.266,2500.800,354.906,2187.387,2764.066,2542.293,-8.02
2.00,smallest meeting clock,bitcos_stream5_fed,z0.60,0.6006,sram_1mb_45nm_cacti,1.058,263.266,1692.800,354.906,1480.650,1956.066,1835.556,-6.16
2.00,smallest meeting clock,bitcos_stream5_fed,z0.60,0.6006,sram_32kb_7nm,0.133,263.266,212.800,354.906,186.131,476.066,541.037,+13.65
2.00,smallest meeting clock,bitcos_stream5_fed,z0.60,0.6006,sram_1mb_7nm,0.219,263.266,350.400,354.906,306.486,613.666,661.392,+7.78
2.00,smallest meeting clock,bitcos_stream5_fed,z0.60,0.6006,hbm2,3.97,263.266,6352.000,354.906,5555.936,6615.266,5910.842,-10.65
2.00,smallest meeting clock,bitcos_stream5_fed,z0.60,0.6006,hbm2_streamed,3.59,263.266,5744.000,354.906,5024.133,6007.266,5379.039,-10.46
2.00,smallest meeting clock,bitcos_stream5_fed,z0.60,0.6006,lpddr4_package,12,263.266,19200.000,354.906,16793.760,19463.266,17148.666,-11.89
2.00,smallest meeting clock,bitcos_stream5_fed,z0.60,0.6006,gddr5,14.0,263.266,22400.000,354.906,19592.720,22663.266,19947.626,-11.98
2.00,smallest meeting clock,bitcos_stream5_fed,z0.60,0.6006,dram_45nm_horowitz,30.5,263.266,48800.000,354.906,42684.140,49063.266,43039.046,-12.28
2.00,smallest meeting clock,bitcos_stream5_fed,z0.60,0.6006,ddr3_peak,70,263.266,112000.000,354.906,97963.600,112263.266,98318.506,-12.42
2.00,smallest meeting clock,bitcos_stream5_bank_fed,z0.70,0.6993,sram_8kb_45nm,0.156,241.684,249.600,273.243,202.922,491.284,476.165,-3.08
2.00,smallest meeting clock,bitcos_stream5_bank_fed,z0.70,0.6993,sram_32kb_45nm,0.313,241.684,500.800,273.243,407.144,742.484,680.387,-8.36
2.00,smallest meeting clock,bitcos_stream5_bank_fed,z0.70,0.6993,sram_1mb_45nm,1.563,241.684,2500.800,273.243,2033.119,2742.484,2306.362,-15.90
2.00,smallest meeting clock,bitcos_stream5_bank_fed,z0.70,0.6993,sram_1mb_45nm_cacti,1.058,241.684,1692.800,273.243,1376.225,1934.484,1649.468,-14.73
2.00,smallest meeting clock,bitcos_stream5_bank_fed,z0.70,0.6993,sram_32kb_7nm,0.133,241.684,212.800,273.243,173.004,454.484,446.247,-1.81
2.00,smallest meeting clock,bitcos_stream5_bank_fed,z0.70,0.6993,sram_1mb_7nm,0.219,241.684,350.400,273.243,284.871,592.084,558.114,-5.74
2.00,smallest meeting clock,bitcos_stream5_bank_fed,z0.70,0.6993,hbm2,3.97,241.684,6352.000,273.243,5164.097,6593.684,5437.340,-17.54
2.00,smallest meeting clock,bitcos_stream5_bank_fed,z0.70,0.6993,hbm2_streamed,3.59,241.684,5744.000,273.243,4669.800,5985.684,4943.043,-17.42
2.00,smallest meeting clock,bitcos_stream5_bank_fed,z0.70,0.6993,lpddr4_package,12,241.684,19200.000,273.243,15609.360,19441.684,15882.603,-18.31
2.00,smallest meeting clock,bitcos_stream5_bank_fed,z0.70,0.6993,gddr5,14.0,241.684,22400.000,273.243,18210.920,22641.684,18484.163,-18.36
2.00,smallest meeting clock,bitcos_stream5_bank_fed,z0.70,0.6993,dram_45nm_horowitz,30.5,241.684,48800.000,273.243,39673.790,49041.684,39947.033,-18.54
2.00,smallest meeting clock,bitcos_stream5_bank_fed,z0.70,0.6993,ddr3_peak,70,241.684,112000.000,273.243,91054.600,112241.684,91327.843,-18.63
2.00,smallest meeting clock,bitcos_stream5_bank_fed+repack,z0.70,0.6993,sram_8kb_45nm,0.156,241.684,249.600,318.480,202.922,491.284,521.402,+6.13
2.00,smallest meeting clock,bitcos_stream5_bank_fed+repack,z0.70,0.6993,sram_32kb_45nm,0.313,241.684,500.800,318.480,407.144,742.484,725.624,-2.27
2.00,smallest meeting clock,bitcos_stream5_bank_fed+repack,z0.70,0.6993,sram_1mb_45nm,1.563,241.684,2500.800,318.480,2033.119,2742.484,2351.599,-14.25
2.00,smallest meeting clock,bitcos_stream5_bank_fed+repack,z0.70,0.6993,sram_1mb_45nm_cacti,1.058,241.684,1692.800,318.480,1376.225,1934.484,1694.705,-12.39
2.00,smallest meeting clock,bitcos_stream5_bank_fed+repack,z0.70,0.6993,sram_32kb_7nm,0.133,241.684,212.800,318.480,173.004,454.484,491.484,+8.14
2.00,smallest meeting clock,bitcos_stream5_bank_fed+repack,z0.70,0.6993,sram_1mb_7nm,0.219,241.684,350.400,318.480,284.871,592.084,603.351,+1.90
2.00,smallest meeting clock,bitcos_stream5_bank_fed+repack,z0.70,0.6993,hbm2,3.97,241.684,6352.000,318.480,5164.097,6593.684,5482.577,-16.85
2.00,smallest meeting clock,bitcos_stream5_bank_fed+repack,z0.70,0.6993,hbm2_streamed,3.59,241.684,5744.000,318.480,4669.800,5985.684,4988.280,-16.66
2.00,smallest meeting clock,bitcos_stream5_bank_fed+repack,z0.70,0.6993,lpddr4_package,12,241.684,19200.000,318.480,15609.360,19441.684,15927.840,-18.07
2.00,smallest meeting clock,bitcos_stream5_bank_fed+repack,z0.70,0.6993,gddr5,14.0,241.684,22400.000,318.480,18210.920,22641.684,18529.400,-18.16
2.00,smallest meeting clock,bitcos_stream5_bank_fed+repack,z0.70,0.6993,dram_45nm_horowitz,30.5,241.684,48800.000,318.480,39673.790,49041.684,39992.270,-18.45
2.00,smallest meeting clock,bitcos_stream5_bank_fed+repack,z0.70,0.6993,ddr3_peak,70,241.684,112000.000,318.480,91054.600,112241.684,91373.080,-18.59
2.00,smallest meeting clock,bitcos_stream5_direct,z0.70,0.6993,sram_8kb_45nm,0.156,217.626,249.600,260.605,202.922,467.226,463.527,-0.79
2.00,smallest meeting clock,bitcos_stream5_direct,z0.70,0.6993,sram_32kb_45nm,0.313,217.626,500.800,260.605,407.144,718.426,667.749,-7.05
2.00,smallest meeting clock,bitcos_stream5_direct,z0.70,0.6993,sram_1mb_45nm,1.563,217.626,2500.800,260.605,2033.119,2718.426,2293.724,-15.62
2.00,smallest meeting clock,bitcos_stream5_direct,z0.70,0.6993,sram_1mb_45nm_cacti,1.058,217.626,1692.800,260.605,1376.225,1910.426,1636.830,-14.32
2.00,smallest meeting clock,bitcos_stream5_direct,z0.70,0.6993,sram_32kb_7nm,0.133,217.626,212.800,260.605,173.004,430.426,433.609,+0.74
2.00,smallest meeting clock,bitcos_stream5_direct,z0.70,0.6993,sram_1mb_7nm,0.219,217.626,350.400,260.605,284.871,568.026,545.476,-3.97
2.00,smallest meeting clock,bitcos_stream5_direct,z0.70,0.6993,hbm2,3.97,217.626,6352.000,260.605,5164.097,6569.626,5424.702,-17.43
2.00,smallest meeting clock,bitcos_stream5_direct,z0.70,0.6993,hbm2_streamed,3.59,217.626,5744.000,260.605,4669.800,5961.626,4930.405,-17.30
2.00,smallest meeting clock,bitcos_stream5_direct,z0.70,0.6993,lpddr4_package,12,217.626,19200.000,260.605,15609.360,19417.626,15869.965,-18.27
2.00,smallest meeting clock,bitcos_stream5_direct,z0.70,0.6993,gddr5,14.0,217.626,22400.000,260.605,18210.920,22617.626,18471.525,-18.33
2.00,smallest meeting clock,bitcos_stream5_direct,z0.70,0.6993,dram_45nm_horowitz,30.5,217.626,48800.000,260.605,39673.790,49017.626,39934.395,-18.53
2.00,smallest meeting clock,bitcos_stream5_direct,z0.70,0.6993,ddr3_peak,70,217.626,112000.000,260.605,91054.600,112217.626,91315.205,-18.63
2.00,smallest meeting clock,bitcos_stream5_directiso,z0.70,0.6993,sram_8kb_45nm,0.156,217.626,249.600,253.940,202.922,467.226,456.862,-2.22
2.00,smallest meeting clock,bitcos_stream5_directiso,z0.70,0.6993,sram_32kb_45nm,0.313,217.626,500.800,253.940,407.144,718.426,661.084,-7.98
2.00,smallest meeting clock,bitcos_stream5_directiso,z0.70,0.6993,sram_1mb_45nm,1.563,217.626,2500.800,253.940,2033.119,2718.426,2287.059,-15.87
2.00,smallest meeting clock,bitcos_stream5_directiso,z0.70,0.6993,sram_1mb_45nm_cacti,1.058,217.626,1692.800,253.940,1376.225,1910.426,1630.165,-14.67
2.00,smallest meeting clock,bitcos_stream5_directiso,z0.70,0.6993,sram_32kb_7nm,0.133,217.626,212.800,253.940,173.004,430.426,426.944,-0.81
2.00,smallest meeting clock,bitcos_stream5_directiso,z0.70,0.6993,sram_1mb_7nm,0.219,217.626,350.400,253.940,284.871,568.026,538.811,-5.14
2.00,smallest meeting clock,bitcos_stream5_directiso,z0.70,0.6993,hbm2,3.97,217.626,6352.000,253.940,5164.097,6569.626,5418.037,-17.53
2.00,smallest meeting clock,bitcos_stream5_directiso,z0.70,0.6993,hbm2_streamed,3.59,217.626,5744.000,253.940,4669.800,5961.626,4923.740,-17.41
2.00,smallest meeting clock,bitcos_stream5_directiso,z0.70,0.6993,lpddr4_package,12,217.626,19200.000,253.940,15609.360,19417.626,15863.300,-18.30
2.00,smallest meeting clock,bitcos_stream5_directiso,z0.70,0.6993,gddr5,14.0,217.626,22400.000,253.940,18210.920,22617.626,18464.860,-18.36
2.00,smallest meeting clock,bitcos_stream5_directiso,z0.70,0.6993,dram_45nm_horowitz,30.5,217.626,48800.000,253.940,39673.790,49017.626,39927.730,-18.54
2.00,smallest meeting clock,bitcos_stream5_directiso,z0.70,0.6993,ddr3_peak,70,217.626,112000.000,253.940,91054.600,112217.626,91308.540,-18.63
2.00,smallest meeting clock,bitcos_stream5_fed,z0.70,0.6993,sram_8kb_45nm,0.156,241.684,249.600,331.746,202.922,491.284,534.668,+8.83
2.00,smallest meeting clock,bitcos_stream5_fed,z0.70,0.6993,sram_32kb_45nm,0.313,241.684,500.800,331.746,407.144,742.484,738.890,-0.48
2.00,smallest meeting clock,bitcos_stream5_fed,z0.70,0.6993,sram_1mb_45nm,1.563,241.684,2500.800,331.746,2033.119,2742.484,2364.865,-13.77
2.00,smallest meeting clock,bitcos_stream5_fed,z0.70,0.6993,sram_1mb_45nm_cacti,1.058,241.684,1692.800,331.746,1376.225,1934.484,1707.971,-11.71
2.00,smallest meeting clock,bitcos_stream5_fed,z0.70,0.6993,sram_32kb_7nm,0.133,241.684,212.800,331.746,173.004,454.484,504.750,+11.06
2.00,smallest meeting clock,bitcos_stream5_fed,z0.70,0.6993,sram_1mb_7nm,0.219,241.684,350.400,331.746,284.871,592.084,616.617,+4.14
2.00,smallest meeting clock,bitcos_stream5_fed,z0.70,0.6993,hbm2,3.97,241.684,6352.000,331.746,5164.097,6593.684,5495.843,-16.65
2.00,smallest meeting clock,bitcos_stream5_fed,z0.70,0.6993,hbm2_streamed,3.59,241.684,5744.000,331.746,4669.800,5985.684,5001.546,-16.44
2.00,smallest meeting clock,bitcos_stream5_fed,z0.70,0.6993,lpddr4_package,12,241.684,19200.000,331.746,15609.360,19441.684,15941.106,-18.01
2.00,smallest meeting clock,bitcos_stream5_fed,z0.70,0.6993,gddr5,14.0,241.684,22400.000,331.746,18210.920,22641.684,18542.666,-18.10
2.00,smallest meeting clock,bitcos_stream5_fed,z0.70,0.6993,dram_45nm_horowitz,30.5,241.684,48800.000,331.746,39673.790,49041.684,40005.536,-18.43
2.00,smallest meeting clock,bitcos_stream5_fed,z0.70,0.6993,ddr3_peak,70,241.684,112000.000,331.746,91054.600,112241.684,91386.346,-18.58
2.50,smallest meeting clock,bitcos_stream5_bank_fed,bitnet,0.4387,sram_8kb_45nm,0.156,271.074,249.600,302.290,243.588,520.674,545.878,+4.84
2.50,smallest meeting clock,bitcos_stream5_bank_fed,bitnet,0.4387,sram_32kb_45nm,0.313,271.074,500.800,302.290,488.737,771.874,791.027,+2.48
2.50,smallest meeting clock,bitcos_stream5_bank_fed,bitnet,0.4387,sram_1mb_45nm,1.563,271.074,2500.800,302.290,2440.562,2771.874,2742.852,-1.05
2.50,smallest meeting clock,bitcos_stream5_bank_fed,bitnet,0.4387,sram_1mb_45nm_cacti,1.058,271.074,1692.800,302.290,1652.025,1963.874,1954.315,-0.49
2.50,smallest meeting clock,bitcos_stream5_bank_fed,bitnet,0.4387,sram_32kb_7nm,0.133,271.074,212.800,302.290,207.674,483.874,509.964,+5.39
2.50,smallest meeting clock,bitcos_stream5_bank_fed,bitnet,0.4387,sram_1mb_7nm,0.219,271.074,350.400,302.290,341.960,621.474,644.250,+3.66
2.50,smallest meeting clock,bitcos_stream5_bank_fed,bitnet,0.4387,hbm2,3.97,271.074,6352.000,302.290,6198.996,6623.074,6501.286,-1.84
2.50,smallest meeting clock,bitcos_stream5_bank_fed,bitnet,0.4387,hbm2_streamed,3.59,271.074,5744.000,302.290,5605.641,6015.074,5907.931,-1.78
2.50,smallest meeting clock,bitcos_stream5_bank_fed,bitnet,0.4387,lpddr4_package,12,271.074,19200.000,302.290,18737.520,19471.074,19039.810,-2.21
2.50,smallest meeting clock,bitcos_stream5_bank_fed,bitnet,0.4387,gddr5,14.0,271.074,22400.000,302.290,21860.440,22671.074,22162.730,-2.24
2.50,smallest meeting clock,bitcos_stream5_bank_fed,bitnet,0.4387,dram_45nm_horowitz,30.5,271.074,48800.000,302.290,47624.530,49071.074,47926.820,-2.33
2.50,smallest meeting clock,bitcos_stream5_bank_fed,bitnet,0.4387,ddr3_peak,70,271.074,112000.000,302.290,109302.200,112271.074,109604.490,-2.38
2.50,smallest meeting clock,bitcos_stream5_bank_fed+repack,bitnet,0.4387,sram_8kb_45nm,0.156,271.074,249.600,345.272,243.588,520.674,588.860,+13.10
2.50,smallest meeting clock,bitcos_stream5_bank_fed+repack,bitnet,0.4387,sram_32kb_45nm,0.313,271.074,500.800,345.272,488.737,771.874,834.009,+8.05
2.50,smallest meeting clock,bitcos_stream5_bank_fed+repack,bitnet,0.4387,sram_1mb_45nm,1.563,271.074,2500.800,345.272,2440.562,2771.874,2785.834,+0.50
2.50,smallest meeting clock,bitcos_stream5_bank_fed+repack,bitnet,0.4387,sram_1mb_45nm_cacti,1.058,271.074,1692.800,345.272,1652.025,1963.874,1997.297,+1.70
2.50,smallest meeting clock,bitcos_stream5_bank_fed+repack,bitnet,0.4387,sram_32kb_7nm,0.133,271.074,212.800,345.272,207.674,483.874,552.946,+14.27
2.50,smallest meeting clock,bitcos_stream5_bank_fed+repack,bitnet,0.4387,sram_1mb_7nm,0.219,271.074,350.400,345.272,341.960,621.474,687.232,+10.58
2.50,smallest meeting clock,bitcos_stream5_bank_fed+repack,bitnet,0.4387,hbm2,3.97,271.074,6352.000,345.272,6198.996,6623.074,6544.268,-1.19
2.50,smallest meeting clock,bitcos_stream5_bank_fed+repack,bitnet,0.4387,hbm2_streamed,3.59,271.074,5744.000,345.272,5605.641,6015.074,5950.913,-1.07
2.50,smallest meeting clock,bitcos_stream5_bank_fed+repack,bitnet,0.4387,lpddr4_package,12,271.074,19200.000,345.272,18737.520,19471.074,19082.792,-1.99
2.50,smallest meeting clock,bitcos_stream5_bank_fed+repack,bitnet,0.4387,gddr5,14.0,271.074,22400.000,345.272,21860.440,22671.074,22205.712,-2.05
2.50,smallest meeting clock,bitcos_stream5_bank_fed+repack,bitnet,0.4387,dram_45nm_horowitz,30.5,271.074,48800.000,345.272,47624.530,49071.074,47969.802,-2.24
2.50,smallest meeting clock,bitcos_stream5_bank_fed+repack,bitnet,0.4387,ddr3_peak,70,271.074,112000.000,345.272,109302.200,112271.074,109647.472,-2.34
2.50,smallest meeting clock,bitcos_stream5_direct,bitnet,0.4387,sram_8kb_45nm,0.156,249.092,249.600,288.181,243.588,498.692,531.769,+6.63
2.50,smallest meeting clock,bitcos_stream5_direct,bitnet,0.4387,sram_32kb_45nm,0.313,249.092,500.800,288.181,488.737,749.892,776.918,+3.60
2.50,smallest meeting clock,bitcos_stream5_direct,bitnet,0.4387,sram_1mb_45nm,1.563,249.092,2500.800,288.181,2440.562,2749.892,2728.743,-0.77
2.50,smallest meeting clock,bitcos_stream5_direct,bitnet,0.4387,sram_1mb_45nm_cacti,1.058,249.092,1692.800,288.181,1652.025,1941.892,1940.206,-0.09
2.50,smallest meeting clock,bitcos_stream5_direct,bitnet,0.4387,sram_32kb_7nm,0.133,249.092,212.800,288.181,207.674,461.892,495.855,+7.35
2.50,smallest meeting clock,bitcos_stream5_direct,bitnet,0.4387,sram_1mb_7nm,0.219,249.092,350.400,288.181,341.960,599.492,630.141,+5.11
2.50,smallest meeting clock,bitcos_stream5_direct,bitnet,0.4387,hbm2,3.97,249.092,6352.000,288.181,6198.996,6601.092,6487.177,-1.73
2.50,smallest meeting clock,bitcos_stream5_direct,bitnet,0.4387,hbm2_streamed,3.59,249.092,5744.000,288.181,5605.641,5993.092,5893.822,-1.66
2.50,smallest meeting clock,bitcos_stream5_direct,bitnet,0.4387,lpddr4_package,12,249.092,19200.000,288.181,18737.520,19449.092,19025.701,-2.18
2.50,smallest meeting clock,bitcos_stream5_direct,bitnet,0.4387,gddr5,14.0,249.092,22400.000,288.181,21860.440,22649.092,22148.621,-2.21
2.50,smallest meeting clock,bitcos_stream5_direct,bitnet,0.4387,dram_45nm_horowitz,30.5,249.092,48800.000,288.181,47624.530,49049.092,47912.711,-2.32
2.50,smallest meeting clock,bitcos_stream5_direct,bitnet,0.4387,ddr3_peak,70,249.092,112000.000,288.181,109302.200,112249.092,109590.381,-2.37
2.50,smallest meeting clock,bitcos_stream5_directiso,bitnet,0.4387,sram_8kb_45nm,0.156,249.092,249.600,282.599,243.588,498.692,526.187,+5.51
2.50,smallest meeting clock,bitcos_stream5_directiso,bitnet,0.4387,sram_32kb_45nm,0.313,249.092,500.800,282.599,488.737,749.892,771.336,+2.86
2.50,smallest meeting clock,bitcos_stream5_directiso,bitnet,0.4387,sram_1mb_45nm,1.563,249.092,2500.800,282.599,2440.562,2749.892,2723.161,-0.97
2.50,smallest meeting clock,bitcos_stream5_directiso,bitnet,0.4387,sram_1mb_45nm_cacti,1.058,249.092,1692.800,282.599,1652.025,1941.892,1934.624,-0.37
2.50,smallest meeting clock,bitcos_stream5_directiso,bitnet,0.4387,sram_32kb_7nm,0.133,249.092,212.800,282.599,207.674,461.892,490.273,+6.14
2.50,smallest meeting clock,bitcos_stream5_directiso,bitnet,0.4387,sram_1mb_7nm,0.219,249.092,350.400,282.599,341.960,599.492,624.559,+4.18
2.50,smallest meeting clock,bitcos_stream5_directiso,bitnet,0.4387,hbm2,3.97,249.092,6352.000,282.599,6198.996,6601.092,6481.595,-1.81
2.50,smallest meeting clock,bitcos_stream5_directiso,bitnet,0.4387,hbm2_streamed,3.59,249.092,5744.000,282.599,5605.641,5993.092,5888.240,-1.75
2.50,smallest meeting clock,bitcos_stream5_directiso,bitnet,0.4387,lpddr4_package,12,249.092,19200.000,282.599,18737.520,19449.092,19020.119,-2.21
2.50,smallest meeting clock,bitcos_stream5_directiso,bitnet,0.4387,gddr5,14.0,249.092,22400.000,282.599,21860.440,22649.092,22143.039,-2.23
2.50,smallest meeting clock,bitcos_stream5_directiso,bitnet,0.4387,dram_45nm_horowitz,30.5,249.092,48800.000,282.599,47624.530,49049.092,47907.129,-2.33
2.50,smallest meeting clock,bitcos_stream5_directiso,bitnet,0.4387,ddr3_peak,70,249.092,112000.000,282.599,109302.200,112249.092,109584.799,-2.37
2.50,smallest meeting clock,bitcos_stream5_fed,bitnet,0.4387,sram_8kb_45nm,0.156,271.074,249.600,366.788,243.588,520.674,610.376,+17.23
2.50,smallest meeting clock,bitcos_stream5_fed,bitnet,0.4387,sram_32kb_45nm,0.313,271.074,500.800,366.788,488.737,771.874,855.525,+10.84
2.50,smallest meeting clock,bitcos_stream5_fed,bitnet,0.4387,sram_1mb_45nm,1.563,271.074,2500.800,366.788,2440.562,2771.874,2807.350,+1.28
2.50,smallest meeting clock,bitcos_stream5_fed,bitnet,0.4387,sram_1mb_45nm_cacti,1.058,271.074,1692.800,366.788,1652.025,1963.874,2018.813,+2.80
2.50,smallest meeting clock,bitcos_stream5_fed,bitnet,0.4387,sram_32kb_7nm,0.133,271.074,212.800,366.788,207.674,483.874,574.462,+18.72
2.50,smallest meeting clock,bitcos_stream5_fed,bitnet,0.4387,sram_1mb_7nm,0.219,271.074,350.400,366.788,341.960,621.474,708.748,+14.04
2.50,smallest meeting clock,bitcos_stream5_fed,bitnet,0.4387,hbm2,3.97,271.074,6352.000,366.788,6198.996,6623.074,6565.784,-0.87
2.50,smallest meeting clock,bitcos_stream5_fed,bitnet,0.4387,hbm2_streamed,3.59,271.074,5744.000,366.788,5605.641,6015.074,5972.429,-0.71
2.50,smallest meeting clock,bitcos_stream5_fed,bitnet,0.4387,lpddr4_package,12,271.074,19200.000,366.788,18737.520,19471.074,19104.308,-1.88
2.50,smallest meeting clock,bitcos_stream5_fed,bitnet,0.4387,gddr5,14.0,271.074,22400.000,366.788,21860.440,22671.074,22227.228,-1.96
2.50,smallest meeting clock,bitcos_stream5_fed,bitnet,0.4387,dram_45nm_horowitz,30.5,271.074,48800.000,366.788,47624.530,49071.074,47991.318,-2.20
2.50,smallest meeting clock,bitcos_stream5_fed,bitnet,0.4387,ddr3_peak,70,271.074,112000.000,366.788,109302.200,112271.074,109668.988,-2.32
2.50,smallest meeting clock,bitcos_stream5_bank_fed,z0.20,0.1991,sram_8kb_45nm,0.156,292.201,249.600,322.260,280.942,541.801,603.202,+11.33
2.50,smallest meeting clock,bitcos_stream5_bank_fed,z0.20,0.1991,sram_32kb_45nm,0.313,292.201,500.800,322.260,563.685,793.001,885.945,+11.72
2.50,smallest meeting clock,bitcos_stream5_bank_fed,z0.20,0.1991,sram_1mb_45nm,1.563,292.201,2500.800,322.260,2814.822,2793.001,3137.082,+12.32
2.50,smallest meeting clock,bitcos_stream5_bank_fed,z0.20,0.1991,sram_1mb_45nm_cacti,1.058,292.201,1692.800,322.260,1905.363,1985.001,2227.623,+12.22
2.50,smallest meeting clock,bitcos_stream5_bank_fed,z0.20,0.1991,sram_32kb_7nm,0.133,292.201,212.800,322.260,239.521,505.001,561.781,+11.24
2.50,smallest meeting clock,bitcos_stream5_bank_fed,z0.20,0.1991,sram_1mb_7nm,0.219,292.201,350.400,322.260,394.399,642.601,716.659,+11.52
2.50,smallest meeting clock,bitcos_stream5_bank_fed,z0.20,0.1991,hbm2,3.97,292.201,6352.000,322.260,7149.613,6644.201,7471.873,+12.46
2.50,smallest meeting clock,bitcos_stream5_bank_fed,z0.20,0.1991,hbm2_streamed,3.59,292.201,5744.000,322.260,6465.267,6036.201,6787.527,+12.45
2.50,smallest meeting clock,bitcos_stream5_bank_fed,z0.20,0.1991,lpddr4_package,12,292.201,19200.000,322.260,21610.920,19492.201,21933.180,+12.52
2.50,smallest meeting clock,bitcos_stream5_bank_fed,z0.20,0.1991,gddr5,14.0,292.201,22400.000,322.260,25212.740,22692.201,25535.000,+12.53
2.50,smallest meeting clock,bitcos_stream5_bank_fed,z0.20,0.1991,dram_45nm_horowitz,30.5,292.201,48800.000,322.260,54927.755,49092.201,55250.015,+12.54
2.50,smallest meeting clock,bitcos_stream5_bank_fed,z0.20,0.1991,ddr3_peak,70,292.201,112000.000,322.260,126063.700,112292.201,126385.960,+12.55
2.50,smallest meeting clock,bitcos_stream5_bank_fed+repack,z0.20,0.1991,sram_8kb_45nm,0.156,292.201,249.600,371.061,280.942,541.801,652.003,+20.34
2.50,smallest meeting clock,bitcos_stream5_bank_fed+repack,z0.20,0.1991,sram_32kb_45nm,0.313,292.201,500.800,371.061,563.685,793.001,934.746,+17.87
2.50,smallest meeting clock,bitcos_stream5_bank_fed+repack,z0.20,0.1991,sram_1mb_45nm,1.563,292.201,2500.800,371.061,2814.822,2793.001,3185.883,+14.07
2.50,smallest meeting clock,bitcos_stream5_bank_fed+repack,z0.20,0.1991,sram_1mb_45nm_cacti,1.058,292.201,1692.800,371.061,1905.363,1985.001,2276.424,+14.68
2.50,smallest meeting clock,bitcos_stream5_bank_fed+repack,z0.20,0.1991,sram_32kb_7nm,0.133,292.201,212.800,371.061,239.521,505.001,610.582,+20.91
2.50,smallest meeting clock,bitcos_stream5_bank_fed+repack,z0.20,0.1991,sram_1mb_7nm,0.219,292.201,350.400,371.061,394.399,642.601,765.460,+19.12
2.50,smallest meeting clock,bitcos_stream5_bank_fed+repack,z0.20,0.1991,hbm2,3.97,292.201,6352.000,371.061,7149.613,6644.201,7520.674,+13.19
2.50,smallest meeting clock,bitcos_stream5_bank_fed+repack,z0.20,0.1991,hbm2_streamed,3.59,292.201,5744.000,371.061,6465.267,6036.201,6836.328,+13.26
2.50,smallest meeting clock,bitcos_stream5_bank_fed+repack,z0.20,0.1991,lpddr4_package,12,292.201,19200.000,371.061,21610.920,19492.201,21981.981,+12.77
2.50,smallest meeting clock,bitcos_stream5_bank_fed+repack,z0.20,0.1991,gddr5,14.0,292.201,22400.000,371.061,25212.740,22692.201,25583.801,+12.74
2.50,smallest meeting clock,bitcos_stream5_bank_fed+repack,z0.20,0.1991,dram_45nm_horowitz,30.5,292.201,48800.000,371.061,54927.755,49092.201,55298.816,+12.64
2.50,smallest meeting clock,bitcos_stream5_bank_fed+repack,z0.20,0.1991,ddr3_peak,70,292.201,112000.000,371.061,126063.700,112292.201,126434.761,+12.59
2.50,smallest meeting clock,bitcos_stream5_direct,z0.20,0.1991,sram_8kb_45nm,0.156,270.032,249.600,300.098,280.942,519.632,581.040,+11.82
2.50,smallest meeting clock,bitcos_stream5_direct,z0.20,0.1991,sram_32kb_45nm,0.313,270.032,500.800,300.098,563.685,770.832,863.783,+12.06
2.50,smallest meeting clock,bitcos_stream5_direct,z0.20,0.1991,sram_1mb_45nm,1.563,270.032,2500.800,300.098,2814.822,2770.832,3114.920,+12.42
2.50,smallest meeting clock,bitcos_stream5_direct,z0.20,0.1991,sram_1mb_45nm_cacti,1.058,270.032,1692.800,300.098,1905.363,1962.832,2205.461,+12.36
2.50,smallest meeting clock,bitcos_stream5_direct,z0.20,0.1991,sram_32kb_7nm,0.133,270.032,212.800,300.098,239.521,482.832,539.619,+11.76
2.50,smallest meeting clock,bitcos_stream5_direct,z0.20,0.1991,sram_1mb_7nm,0.219,270.032,350.400,300.098,394.399,620.432,694.497,+11.94
2.50,smallest meeting clock,bitcos_stream5_direct,z0.20,0.1991,hbm2,3.97,270.032,6352.000,300.098,7149.613,6622.032,7449.711,+12.50
2.50,smallest meeting clock,bitcos_stream5_direct,z0.20,0.1991,hbm2_streamed,3.59,270.032,5744.000,300.098,6465.267,6014.032,6765.365,+12.49
2.50,smallest meeting clock,bitcos_stream5_direct,z0.20,0.1991,lpddr4_package,12,270.032,19200.000,300.098,21610.920,19470.032,21911.018,+12.54
2.50,smallest meeting clock,bitcos_stream5_direct,z0.20,0.1991,gddr5,14.0,270.032,22400.000,300.098,25212.740,22670.032,25512.838,+12.54
2.50,smallest meeting clock,bitcos_stream5_direct,z0.20,0.1991,dram_45nm_horowitz,30.5,270.032,48800.000,300.098,54927.755,49070.032,55227.853,+12.55
2.50,smallest meeting clock,bitcos_stream5_direct,z0.20,0.1991,ddr3_peak,70,270.032,112000.000,300.098,126063.700,112270.032,126363.798,+12.55
2.50,smallest meeting clock,bitcos_stream5_directiso,z0.20,0.1991,sram_8kb_45nm,0.156,270.032,249.600,296.125,280.942,519.632,577.067,+11.05
2.50,smallest meeting clock,bitcos_stream5_directiso,z0.20,0.1991,sram_32kb_45nm,0.313,270.032,500.800,296.125,563.685,770.832,859.810,+11.54
2.50,smallest meeting clock,bitcos_stream5_directiso,z0.20,0.1991,sram_1mb_45nm,1.563,270.032,2500.800,296.125,2814.822,2770.832,3110.947,+12.27
2.50,smallest meeting clock,bitcos_stream5_directiso,z0.20,0.1991,sram_1mb_45nm_cacti,1.058,270.032,1692.800,296.125,1905.363,1962.832,2201.488,+12.16
2.50,smallest meeting clock,bitcos_stream5_directiso,z0.20,0.1991,sram_32kb_7nm,0.133,270.032,212.800,296.125,239.521,482.832,535.646,+10.94
2.50,smallest meeting clock,bitcos_stream5_directiso,z0.20,0.1991,sram_1mb_7nm,0.219,270.032,350.400,296.125,394.399,620.432,690.524,+11.30
2.50,smallest meeting clock,bitcos_stream5_directiso,z0.20,0.1991,hbm2,3.97,270.032,6352.000,296.125,7149.613,6622.032,7445.738,+12.44
2.50,smallest meeting clock,bitcos_stream5_directiso,z0.20,0.1991,hbm2_streamed,3.59,270.032,5744.000,296.125,6465.267,6014.032,6761.392,+12.43
2.50,smallest meeting clock,bitcos_stream5_directiso,z0.20,0.1991,lpddr4_package,12,270.032,19200.000,296.125,21610.920,19470.032,21907.045,+12.52
2.50,smallest meeting clock,bitcos_stream5_directiso,z0.20,0.1991,gddr5,14.0,270.032,22400.000,296.125,25212.740,22670.032,25508.865,+12.52
2.50,smallest meeting clock,bitcos_stream5_directiso,z0.20,0.1991,dram_45nm_horowitz,30.5,270.032,48800.000,296.125,54927.755,49070.032,55223.880,+12.54
2.50,smallest meeting clock,bitcos_stream5_directiso,z0.20,0.1991,ddr3_peak,70,270.032,112000.000,296.125,126063.700,112270.032,126359.825,+12.55
2.50,smallest meeting clock,bitcos_stream5_fed,z0.20,0.1991,sram_8kb_45nm,0.156,292.201,249.600,382.677,280.942,541.801,663.619,+22.48
2.50,smallest meeting clock,bitcos_stream5_fed,z0.20,0.1991,sram_32kb_45nm,0.313,292.201,500.800,382.677,563.685,793.001,946.362,+19.34
2.50,smallest meeting clock,bitcos_stream5_fed,z0.20,0.1991,sram_1mb_45nm,1.563,292.201,2500.800,382.677,2814.822,2793.001,3197.499,+14.48
2.50,smallest meeting clock,bitcos_stream5_fed,z0.20,0.1991,sram_1mb_45nm_cacti,1.058,292.201,1692.800,382.677,1905.363,1985.001,2288.040,+15.27
2.50,smallest meeting clock,bitcos_stream5_fed,z0.20,0.1991,sram_32kb_7nm,0.133,292.201,212.800,382.677,239.521,505.001,622.198,+23.21
2.50,smallest meeting clock,bitcos_stream5_fed,z0.20,0.1991,sram_1mb_7nm,0.219,292.201,350.400,382.677,394.399,642.601,777.076,+20.93
2.50,smallest meeting clock,bitcos_stream5_fed,z0.20,0.1991,hbm2,3.97,292.201,6352.000,382.677,7149.613,6644.201,7532.290,+13.37
2.50,smallest meeting clock,bitcos_stream5_fed,z0.20,0.1991,hbm2_streamed,3.59,292.201,5744.000,382.677,6465.267,6036.201,6847.944,+13.45
2.50,smallest meeting clock,bitcos_stream5_fed,z0.20,0.1991,lpddr4_package,12,292.201,19200.000,382.677,21610.920,19492.201,21993.597,+12.83
2.50,smallest meeting clock,bitcos_stream5_fed,z0.20,0.1991,gddr5,14.0,292.201,22400.000,382.677,25212.740,22692.201,25595.417,+12.79
2.50,smallest meeting clock,bitcos_stream5_fed,z0.20,0.1991,dram_45nm_horowitz,30.5,292.201,48800.000,382.677,54927.755,49092.201,55310.432,+12.67
2.50,smallest meeting clock,bitcos_stream5_fed,z0.20,0.1991,ddr3_peak,70,292.201,112000.000,382.677,126063.700,112292.201,126446.377,+12.60
2.50,smallest meeting clock,bitcos_stream5_bank_fed,z0.30,0.2995,sram_8kb_45nm,0.156,287.872,249.600,318.829,265.281,537.472,584.110,+8.68
2.50,smallest meeting clock,bitcos_stream5_bank_fed,z0.30,0.2995,sram_32kb_45nm,0.313,287.872,500.800,318.829,532.263,788.672,851.092,+7.91
2.50,smallest meeting clock,bitcos_stream5_bank_fed,z0.30,0.2995,sram_1mb_45nm,1.563,287.872,2500.800,318.829,2657.913,2788.672,2976.742,+6.74
2.50,smallest meeting clock,bitcos_stream5_bank_fed,z0.30,0.2995,sram_1mb_45nm_cacti,1.058,287.872,1692.800,318.829,1799.150,1980.672,2117.979,+6.93
2.50,smallest meeting clock,bitcos_stream5_bank_fed,z0.30,0.2995,sram_32kb_7nm,0.133,287.872,212.800,318.829,226.169,500.672,544.998,+8.85
2.50,smallest meeting clock,bitcos_stream5_bank_fed,z0.30,0.2995,sram_1mb_7nm,0.219,287.872,350.400,318.829,372.414,638.272,691.243,+8.30
2.50,smallest meeting clock,bitcos_stream5_bank_fed,z0.30,0.2995,hbm2,3.97,287.872,6352.000,318.829,6751.064,6639.872,7069.893,+6.48
2.50,smallest meeting clock,bitcos_stream5_bank_fed,z0.30,0.2995,hbm2_streamed,3.59,287.872,5744.000,318.829,6104.867,6031.872,6423.696,+6.50
2.50,smallest meeting clock,bitcos_stream5_bank_fed,z0.30,0.2995,lpddr4_package,12,287.872,19200.000,318.829,20406.240,19487.872,20725.069,+6.35
2.50,smallest meeting clock,bitcos_stream5_bank_fed,z0.30,0.2995,gddr5,14.0,287.872,22400.000,318.829,23807.280,22687.872,24126.109,+6.34
2.50,smallest meeting clock,bitcos_stream5_bank_fed,z0.30,0.2995,dram_45nm_horowitz,30.5,287.872,48800.000,318.829,51865.860,49087.872,52184.689,+6.31
2.50,smallest meeting clock,bitcos_stream5_bank_fed,z0.30,0.2995,ddr3_peak,70,287.872,112000.000,318.829,119036.400,112287.872,119355.229,+6.29
2.50,smallest meeting clock,bitcos_stream5_bank_fed+repack,z0.30,0.2995,sram_8kb_45nm,0.156,287.872,249.600,364.534,265.281,537.472,629.815,+17.18
2.50,smallest meeting clock,bitcos_stream5_bank_fed+repack,z0.30,0.2995,sram_32kb_45nm,0.313,287.872,500.800,364.534,532.263,788.672,896.797,+13.71
2.50,smallest meeting clock,bitcos_stream5_bank_fed+repack,z0.30,0.2995,sram_1mb_45nm,1.563,287.872,2500.800,364.534,2657.913,2788.672,3022.447,+8.38
2.50,smallest meeting clock,bitcos_stream5_bank_fed+repack,z0.30,0.2995,sram_1mb_45nm_cacti,1.058,287.872,1692.800,364.534,1799.150,1980.672,2163.684,+9.24
2.50,smallest meeting clock,bitcos_stream5_bank_fed+repack,z0.30,0.2995,sram_32kb_7nm,0.133,287.872,212.800,364.534,226.169,500.672,590.703,+17.98
2.50,smallest meeting clock,bitcos_stream5_bank_fed+repack,z0.30,0.2995,sram_1mb_7nm,0.219,287.872,350.400,364.534,372.414,638.272,736.948,+15.46
2.50,smallest meeting clock,bitcos_stream5_bank_fed+repack,z0.30,0.2995,hbm2,3.97,287.872,6352.000,364.534,6751.064,6639.872,7115.598,+7.16
2.50,smallest meeting clock,bitcos_stream5_bank_fed+repack,z0.30,0.2995,hbm2_streamed,3.59,287.872,5744.000,364.534,6104.867,6031.872,6469.401,+7.25
2.50,smallest meeting clock,bitcos_stream5_bank_fed+repack,z0.30,0.2995,lpddr4_package,12,287.872,19200.000,364.534,20406.240,19487.872,20770.774,+6.58
2.50,smallest meeting clock,bitcos_stream5_bank_fed+repack,z0.30,0.2995,gddr5,14.0,287.872,22400.000,364.534,23807.280,22687.872,24171.814,+6.54
2.50,smallest meeting clock,bitcos_stream5_bank_fed+repack,z0.30,0.2995,dram_45nm_horowitz,30.5,287.872,48800.000,364.534,51865.860,49087.872,52230.394,+6.40
2.50,smallest meeting clock,bitcos_stream5_bank_fed+repack,z0.30,0.2995,ddr3_peak,70,287.872,112000.000,364.534,119036.400,112287.872,119400.934,+6.33
2.50,smallest meeting clock,bitcos_stream5_direct,z0.30,0.2995,sram_8kb_45nm,0.156,265.922,249.600,300.997,265.281,515.522,566.278,+9.85
2.50,smallest meeting clock,bitcos_stream5_direct,z0.30,0.2995,sram_32kb_45nm,0.313,265.922,500.800,300.997,532.263,766.722,833.260,+8.68
2.50,smallest meeting clock,bitcos_stream5_direct,z0.30,0.2995,sram_1mb_45nm,1.563,265.922,2500.800,300.997,2657.913,2766.722,2958.910,+6.95
2.50,smallest meeting clock,bitcos_stream5_direct,z0.30,0.2995,sram_1mb_45nm_cacti,1.058,265.922,1692.800,300.997,1799.150,1958.722,2100.147,+7.22
2.50,smallest meeting clock,bitcos_stream5_direct,z0.30,0.2995,sram_32kb_7nm,0.133,265.922,212.800,300.997,226.169,478.722,527.166,+10.12
2.50,smallest meeting clock,bitcos_stream5_direct,z0.30,0.2995,sram_1mb_7nm,0.219,265.922,350.400,300.997,372.414,616.322,673.411,+9.26
2.50,smallest meeting clock,bitcos_stream5_direct,z0.30,0.2995,hbm2,3.97,265.922,6352.000,300.997,6751.064,6617.922,7052.061,+6.56
2.50,smallest meeting clock,bitcos_stream5_direct,z0.30,0.2995,hbm2_streamed,3.59,265.922,5744.000,300.997,6104.867,6009.922,6405.864,+6.59
2.50,smallest meeting clock,bitcos_stream5_direct,z0.30,0.2995,lpddr4_package,12,265.922,19200.000,300.997,20406.240,19465.922,20707.237,+6.38
2.50,smallest meeting clock,bitcos_stream5_direct,z0.30,0.2995,gddr5,14.0,265.922,22400.000,300.997,23807.280,22665.922,24108.277,+6.36
2.50,smallest meeting clock,bitcos_stream5_direct,z0.30,0.2995,dram_45nm_horowitz,30.5,265.922,48800.000,300.997,51865.860,49065.922,52166.857,+6.32
2.50,smallest meeting clock,bitcos_stream5_direct,z0.30,0.2995,ddr3_peak,70,265.922,112000.000,300.997,119036.400,112265.922,119337.397,+6.30
2.50,smallest meeting clock,bitcos_stream5_directiso,z0.30,0.2995,sram_8kb_45nm,0.156,265.922,249.600,296.274,265.281,515.522,561.555,+8.93
2.50,smallest meeting clock,bitcos_stream5_directiso,z0.30,0.2995,sram_32kb_45nm,0.313,265.922,500.800,296.274,532.263,766.722,828.537,+8.06
2.50,smallest meeting clock,bitcos_stream5_directiso,z0.30,0.2995,sram_1mb_45nm,1.563,265.922,2500.800,296.274,2657.913,2766.722,2954.187,+6.78
2.50,smallest meeting clock,bitcos_stream5_directiso,z0.30,0.2995,sram_1mb_45nm_cacti,1.058,265.922,1692.800,296.274,1799.150,1958.722,2095.424,+6.98
2.50,smallest meeting clock,bitcos_stream5_directiso,z0.30,0.2995,sram_32kb_7nm,0.133,265.922,212.800,296.274,226.169,478.722,522.443,+9.13
2.50,smallest meeting clock,bitcos_stream5_directiso,z0.30,0.2995,sram_1mb_7nm,0.219,265.922,350.400,296.274,372.414,616.322,668.688,+8.50
2.50,smallest meeting clock,bitcos_stream5_directiso,z0.30,0.2995,hbm2,3.97,265.922,6352.000,296.274,6751.064,6617.922,7047.338,+6.49
2.50,smallest meeting clock,bitcos_stream5_directiso,z0.30,0.2995,hbm2_streamed,3.59,265.922,5744.000,296.274,6104.867,6009.922,6401.141,+6.51
2.50,smallest meeting clock,bitcos_stream5_directiso,z0.30,0.2995,lpddr4_package,12,265.922,19200.000,296.274,20406.240,19465.922,20702.514,+6.35
2.50,smallest meeting clock,bitcos_stream5_directiso,z0.30,0.2995,gddr5,14.0,265.922,22400.000,296.274,23807.280,22665.922,24103.554,+6.34
2.50,smallest meeting clock,bitcos_stream5_directiso,z0.30,0.2995,dram_45nm_horowitz,30.5,265.922,48800.000,296.274,51865.860,49065.922,52162.134,+6.31
2.50,smallest meeting clock,bitcos_stream5_directiso,z0.30,0.2995,ddr3_peak,70,265.922,112000.000,296.274,119036.400,112265.922,119332.674,+6.29
2.50,smallest meeting clock,bitcos_stream5_fed,z0.30,0.2995,sram_8kb_45nm,0.156,287.872,249.600,382.612,265.281,537.472,647.893,+20.54
2.50,smallest meeting clock,bitcos_stream5_fed,z0.30,0.2995,sram_32kb_45nm,0.313,287.872,500.800,382.612,532.263,788.672,914.875,+16.00
2.50,smallest meeting clock,bitcos_stream5_fed,z0.30,0.2995,sram_1mb_45nm,1.563,287.872,2500.800,382.612,2657.913,2788.672,3040.525,+9.03
2.50,smallest meeting clock,bitcos_stream5_fed,z0.30,0.2995,sram_1mb_45nm_cacti,1.058,287.872,1692.800,382.612,1799.150,1980.672,2181.762,+10.15
2.50,smallest meeting clock,bitcos_stream5_fed,z0.30,0.2995,sram_32kb_7nm,0.133,287.872,212.800,382.612,226.169,500.672,608.781,+21.59
2.50,smallest meeting clock,bitcos_stream5_fed,z0.30,0.2995,sram_1mb_7nm,0.219,287.872,350.400,382.612,372.414,638.272,755.026,+18.29
2.50,smallest meeting clock,bitcos_stream5_fed,z0.30,0.2995,hbm2,3.97,287.872,6352.000,382.612,6751.064,6639.872,7133.676,+7.44
2.50,smallest meeting clock,bitcos_stream5_fed,z0.30,0.2995,hbm2_streamed,3.59,287.872,5744.000,382.612,6104.867,6031.872,6487.479,+7.55
2.50,smallest meeting clock,bitcos_stream5_fed,z0.30,0.2995,lpddr4_package,12,287.872,19200.000,382.612,20406.240,19487.872,20788.852,+6.68
2.50,smallest meeting clock,bitcos_stream5_fed,z0.30,0.2995,gddr5,14.0,287.872,22400.000,382.612,23807.280,22687.872,24189.892,+6.62
2.50,smallest meeting clock,bitcos_stream5_fed,z0.30,0.2995,dram_45nm_horowitz,30.5,287.872,48800.000,382.612,51865.860,49087.872,52248.472,+6.44
2.50,smallest meeting clock,bitcos_stream5_fed,z0.30,0.2995,ddr3_peak,70,287.872,112000.000,382.612,119036.400,112287.872,119419.012,+6.35
2.50,smallest meeting clock,bitcos_stream5_bank_fed,z0.4221,0.4225,sram_8kb_45nm,0.156,281.502,249.600,313.816,246.085,531.102,559.901,+5.42
2.50,smallest meeting clock,bitcos_stream5_bank_fed,z0.4221,0.4225,sram_32kb_45nm,0.313,281.502,500.800,313.816,493.748,782.302,807.564,+3.23
2.50,smallest meeting clock,bitcos_stream5_bank_fed,z0.4221,0.4225,sram_1mb_45nm,1.563,281.502,2500.800,313.816,2465.586,2782.302,2779.402,-0.10
2.50,smallest meeting clock,bitcos_stream5_bank_fed,z0.4221,0.4225,sram_1mb_45nm_cacti,1.058,281.502,1692.800,313.816,1668.963,1974.302,1982.779,+0.43
2.50,smallest meeting clock,bitcos_stream5_bank_fed,z0.4221,0.4225,sram_32kb_7nm,0.133,281.502,212.800,313.816,209.804,494.302,523.620,+5.93
2.50,smallest meeting clock,bitcos_stream5_bank_fed,z0.4221,0.4225,sram_1mb_7nm,0.219,281.502,350.400,313.816,345.466,631.902,659.282,+4.33
2.50,smallest meeting clock,bitcos_stream5_bank_fed,z0.4221,0.4225,hbm2,3.97,281.502,6352.000,313.816,6262.556,6633.502,6576.372,-0.86
2.50,smallest meeting clock,bitcos_stream5_bank_fed,z0.4221,0.4225,hbm2_streamed,3.59,281.502,5744.000,313.816,5663.117,6025.502,5976.933,-0.81
2.50,smallest meeting clock,bitcos_stream5_bank_fed,z0.4221,0.4225,lpddr4_package,12,281.502,19200.000,313.816,18929.640,19481.502,19243.456,-1.22
2.50,smallest meeting clock,bitcos_stream5_bank_fed,z0.4221,0.4225,gddr5,14.0,281.502,22400.000,313.816,22084.580,22681.502,22398.396,-1.25
2.50,smallest meeting clock,bitcos_stream5_bank_fed,z0.4221,0.4225,dram_45nm_horowitz,30.5,281.502,48800.000,313.816,48112.835,49081.502,48426.651,-1.33
2.50,smallest meeting clock,bitcos_stream5_bank_fed,z0.4221,0.4225,ddr3_peak,70,281.502,112000.000,313.816,110422.900,112281.502,110736.716,-1.38
2.50,smallest meeting clock,bitcos_stream5_bank_fed+repack,z0.4221,0.4225,sram_8kb_45nm,0.156,281.502,249.600,357.365,246.085,531.102,603.450,+13.62
2.50,smallest meeting clock,bitcos_stream5_bank_fed+repack,z0.4221,0.4225,sram_32kb_45nm,0.313,281.502,500.800,357.365,493.748,782.302,851.113,+8.80
2.50,smallest meeting clock,bitcos_stream5_bank_fed+repack,z0.4221,0.4225,sram_1mb_45nm,1.563,281.502,2500.800,357.365,2465.586,2782.302,2822.951,+1.46
2.50,smallest meeting clock,bitcos_stream5_bank_fed+repack,z0.4221,0.4225,sram_1mb_45nm_cacti,1.058,281.502,1692.800,357.365,1668.963,1974.302,2026.328,+2.64
2.50,smallest meeting clock,bitcos_stream5_bank_fed+repack,z0.4221,0.4225,sram_32kb_7nm,0.133,281.502,212.800,357.365,209.804,494.302,567.169,+14.74
2.50,smallest meeting clock,bitcos_stream5_bank_fed+repack,z0.4221,0.4225,sram_1mb_7nm,0.219,281.502,350.400,357.365,345.466,631.902,702.831,+11.22
2.50,smallest meeting clock,bitcos_stream5_bank_fed+repack,z0.4221,0.4225,hbm2,3.97,281.502,6352.000,357.365,6262.556,6633.502,6619.921,-0.20
2.50,smallest meeting clock,bitcos_stream5_bank_fed+repack,z0.4221,0.4225,hbm2_streamed,3.59,281.502,5744.000,357.365,5663.117,6025.502,6020.482,-0.08
2.50,smallest meeting clock,bitcos_stream5_bank_fed+repack,z0.4221,0.4225,lpddr4_package,12,281.502,19200.000,357.365,18929.640,19481.502,19287.005,-1.00
2.50,smallest meeting clock,bitcos_stream5_bank_fed+repack,z0.4221,0.4225,gddr5,14.0,281.502,22400.000,357.365,22084.580,22681.502,22441.945,-1.06
2.50,smallest meeting clock,bitcos_stream5_bank_fed+repack,z0.4221,0.4225,dram_45nm_horowitz,30.5,281.502,48800.000,357.365,48112.835,49081.502,48470.200,-1.25
2.50,smallest meeting clock,bitcos_stream5_bank_fed+repack,z0.4221,0.4225,ddr3_peak,70,281.502,112000.000,357.365,110422.900,112281.502,110780.265,-1.34
2.50,smallest meeting clock,bitcos_stream5_direct,z0.4221,0.4225,sram_8kb_45nm,0.156,259.781,249.600,299.960,246.085,509.381,546.045,+7.20
2.50,smallest meeting clock,bitcos_stream5_direct,z0.4221,0.4225,sram_32kb_45nm,0.313,259.781,500.800,299.960,493.748,760.581,793.708,+4.36
2.50,smallest meeting clock,bitcos_stream5_direct,z0.4221,0.4225,sram_1mb_45nm,1.563,259.781,2500.800,299.960,2465.586,2760.581,2765.546,+0.18
2.50,smallest meeting clock,bitcos_stream5_direct,z0.4221,0.4225,sram_1mb_45nm_cacti,1.058,259.781,1692.800,299.960,1668.963,1952.581,1968.923,+0.84
2.50,smallest meeting clock,bitcos_stream5_direct,z0.4221,0.4225,sram_32kb_7nm,0.133,259.781,212.800,299.960,209.804,472.581,509.764,+7.87
2.50,smallest meeting clock,bitcos_stream5_direct,z0.4221,0.4225,sram_1mb_7nm,0.219,259.781,350.400,299.960,345.466,610.181,645.426,+5.78
2.50,smallest meeting clock,bitcos_stream5_direct,z0.4221,0.4225,hbm2,3.97,259.781,6352.000,299.960,6262.556,6611.781,6562.516,-0.75
2.50,smallest meeting clock,bitcos_stream5_direct,z0.4221,0.4225,hbm2_streamed,3.59,259.781,5744.000,299.960,5663.117,6003.781,5963.077,-0.68
2.50,smallest meeting clock,bitcos_stream5_direct,z0.4221,0.4225,lpddr4_package,12,259.781,19200.000,299.960,18929.640,19459.781,19229.600,-1.18
2.50,smallest meeting clock,bitcos_stream5_direct,z0.4221,0.4225,gddr5,14.0,259.781,22400.000,299.960,22084.580,22659.781,22384.540,-1.21
2.50,smallest meeting clock,bitcos_stream5_direct,z0.4221,0.4225,dram_45nm_horowitz,30.5,259.781,48800.000,299.960,48112.835,49059.781,48412.795,-1.32
2.50,smallest meeting clock,bitcos_stream5_direct,z0.4221,0.4225,ddr3_peak,70,259.781,112000.000,299.960,110422.900,112259.781,110722.860,-1.37
2.50,smallest meeting clock,bitcos_stream5_directiso,z0.4221,0.4225,sram_8kb_45nm,0.156,259.781,249.600,294.406,246.085,509.381,540.491,+6.11
2.50,smallest meeting clock,bitcos_stream5_directiso,z0.4221,0.4225,sram_32kb_45nm,0.313,259.781,500.800,294.406,493.748,760.581,788.154,+3.63
2.50,smallest meeting clock,bitcos_stream5_directiso,z0.4221,0.4225,sram_1mb_45nm,1.563,259.781,2500.800,294.406,2465.586,2760.581,2759.992,-0.02
2.50,smallest meeting clock,bitcos_stream5_directiso,z0.4221,0.4225,sram_1mb_45nm_cacti,1.058,259.781,1692.800,294.406,1668.963,1952.581,1963.369,+0.55
2.50,smallest meeting clock,bitcos_stream5_directiso,z0.4221,0.4225,sram_32kb_7nm,0.133,259.781,212.800,294.406,209.804,472.581,504.210,+6.69
2.50,smallest meeting clock,bitcos_stream5_directiso,z0.4221,0.4225,sram_1mb_7nm,0.219,259.781,350.400,294.406,345.466,610.181,639.872,+4.87
2.50,smallest meeting clock,bitcos_stream5_directiso,z0.4221,0.4225,hbm2,3.97,259.781,6352.000,294.406,6262.556,6611.781,6556.962,-0.83
2.50,smallest meeting clock,bitcos_stream5_directiso,z0.4221,0.4225,hbm2_streamed,3.59,259.781,5744.000,294.406,5663.117,6003.781,5957.523,-0.77
2.50,smallest meeting clock,bitcos_stream5_directiso,z0.4221,0.4225,lpddr4_package,12,259.781,19200.000,294.406,18929.640,19459.781,19224.046,-1.21
2.50,smallest meeting clock,bitcos_stream5_directiso,z0.4221,0.4225,gddr5,14.0,259.781,22400.000,294.406,22084.580,22659.781,22378.986,-1.24
2.50,smallest meeting clock,bitcos_stream5_directiso,z0.4221,0.4225,dram_45nm_horowitz,30.5,259.781,48800.000,294.406,48112.835,49059.781,48407.241,-1.33
2.50,smallest meeting clock,bitcos_stream5_directiso,z0.4221,0.4225,ddr3_peak,70,259.781,112000.000,294.406,110422.900,112259.781,110717.306,-1.37
2.50,smallest meeting clock,bitcos_stream5_fed,z0.4221,0.4225,sram_8kb_45nm,0.156,281.502,249.600,379.697,246.085,531.102,625.782,+17.83
2.50,smallest meeting clock,bitcos_stream5_fed,z0.4221,0.4225,sram_32kb_45nm,0.313,281.502,500.800,379.697,493.748,782.302,873.445,+11.65
2.50,smallest meeting clock,bitcos_stream5_fed,z0.4221,0.4225,sram_1mb_45nm,1.563,281.502,2500.800,379.697,2465.586,2782.302,2845.283,+2.26
2.50,smallest meeting clock,bitcos_stream5_fed,z0.4221,0.4225,sram_1mb_45nm_cacti,1.058,281.502,1692.800,379.697,1668.963,1974.302,2048.660,+3.77
2.50,smallest meeting clock,bitcos_stream5_fed,z0.4221,0.4225,sram_32kb_7nm,0.133,281.502,212.800,379.697,209.804,494.302,589.501,+19.26
2.50,smallest meeting clock,bitcos_stream5_fed,z0.4221,0.4225,sram_1mb_7nm,0.219,281.502,350.400,379.697,345.466,631.902,725.163,+14.76
2.50,smallest meeting clock,bitcos_stream5_fed,z0.4221,0.4225,hbm2,3.97,281.502,6352.000,379.697,6262.556,6633.502,6642.253,+0.13
2.50,smallest meeting clock,bitcos_stream5_fed,z0.4221,0.4225,hbm2_streamed,3.59,281.502,5744.000,379.697,5663.117,6025.502,6042.814,+0.29
2.50,smallest meeting clock,bitcos_stream5_fed,z0.4221,0.4225,lpddr4_package,12,281.502,19200.000,379.697,18929.640,19481.502,19309.337,-0.88
2.50,smallest meeting clock,bitcos_stream5_fed,z0.4221,0.4225,gddr5,14.0,281.502,22400.000,379.697,22084.580,22681.502,22464.277,-0.96
2.50,smallest meeting clock,bitcos_stream5_fed,z0.4221,0.4225,dram_45nm_horowitz,30.5,281.502,48800.000,379.697,48112.835,49081.502,48492.532,-1.20
2.50,smallest meeting clock,bitcos_stream5_fed,z0.4221,0.4225,ddr3_peak,70,281.502,112000.000,379.697,110422.900,112281.502,110802.597,-1.32
2.50,smallest meeting clock,bitcos_stream5_bank_fed,z0.50,0.5004,sram_8kb_45nm,0.156,272.814,249.600,305.807,233.939,522.414,539.746,+3.32
2.50,smallest meeting clock,bitcos_stream5_bank_fed,z0.50,0.5004,sram_32kb_45nm,0.313,272.814,500.800,305.807,469.378,773.614,775.185,+0.20
2.50,smallest meeting clock,bitcos_stream5_bank_fed,z0.50,0.5004,sram_1mb_45nm,1.563,272.814,2500.800,305.807,2343.890,2773.614,2649.697,-4.47
2.50,smallest meeting clock,bitcos_stream5_bank_fed,z0.50,0.5004,sram_1mb_45nm_cacti,1.058,272.814,1692.800,305.807,1586.587,1965.614,1892.394,-3.73
2.50,smallest meeting clock,bitcos_stream5_bank_fed,z0.50,0.5004,sram_32kb_7nm,0.133,272.814,212.800,305.807,199.448,485.614,505.255,+4.04
2.50,smallest meeting clock,bitcos_stream5_bank_fed,z0.50,0.5004,sram_1mb_7nm,0.219,272.814,350.400,305.807,328.415,623.214,634.222,+1.77
2.50,smallest meeting clock,bitcos_stream5_bank_fed,z0.50,0.5004,hbm2,3.97,272.814,6352.000,305.807,5953.452,6624.814,6259.259,-5.52
2.50,smallest meeting clock,bitcos_stream5_bank_fed,z0.50,0.5004,hbm2_streamed,3.59,272.814,5744.000,305.807,5383.600,6016.814,5689.407,-5.44
2.50,smallest meeting clock,bitcos_stream5_bank_fed,z0.50,0.5004,lpddr4_package,12,272.814,19200.000,305.807,17995.320,19472.814,18301.127,-6.02
2.50,smallest meeting clock,bitcos_stream5_bank_fed,z0.50,0.5004,gddr5,14.0,272.814,22400.000,305.807,20994.540,22672.814,21300.347,-6.05
2.50,smallest meeting clock,bitcos_stream5_bank_fed,z0.50,0.5004,dram_45nm_horowitz,30.5,272.814,48800.000,305.807,45738.105,49072.814,46043.912,-6.17
2.50,smallest meeting clock,bitcos_stream5_bank_fed,z0.50,0.5004,ddr3_peak,70,272.814,112000.000,305.807,104972.700,112272.814,105278.507,-6.23
2.50,smallest meeting clock,bitcos_stream5_bank_fed+repack,z0.50,0.5004,sram_8kb_45nm,0.156,272.814,249.600,348.960,233.939,522.414,582.899,+11.58
2.50,smallest meeting clock,bitcos_stream5_bank_fed+repack,z0.50,0.5004,sram_32kb_45nm,0.313,272.814,500.800,348.960,469.378,773.614,818.338,+5.78
2.50,smallest meeting clock,bitcos_stream5_bank_fed+repack,z0.50,0.5004,sram_1mb_45nm,1.563,272.814,2500.800,348.960,2343.890,2773.614,2692.850,-2.91
2.50,smallest meeting clock,bitcos_stream5_bank_fed+repack,z0.50,0.5004,sram_1mb_45nm_cacti,1.058,272.814,1692.800,348.960,1586.587,1965.614,1935.547,-1.53
2.50,smallest meeting clock,bitcos_stream5_bank_fed+repack,z0.50,0.5004,sram_32kb_7nm,0.133,272.814,212.800,348.960,199.448,485.614,548.408,+12.93
2.50,smallest meeting clock,bitcos_stream5_bank_fed+repack,z0.50,0.5004,sram_1mb_7nm,0.219,272.814,350.400,348.960,328.415,623.214,677.375,+8.69
2.50,smallest meeting clock,bitcos_stream5_bank_fed+repack,z0.50,0.5004,hbm2,3.97,272.814,6352.000,348.960,5953.452,6624.814,6302.412,-4.87
2.50,smallest meeting clock,bitcos_stream5_bank_fed+repack,z0.50,0.5004,hbm2_streamed,3.59,272.814,5744.000,348.960,5383.600,6016.814,5732.560,-4.72
2.50,smallest meeting clock,bitcos_stream5_bank_fed+repack,z0.50,0.5004,lpddr4_package,12,272.814,19200.000,348.960,17995.320,19472.814,18344.280,-5.80
2.50,smallest meeting clock,bitcos_stream5_bank_fed+repack,z0.50,0.5004,gddr5,14.0,272.814,22400.000,348.960,20994.540,22672.814,21343.500,-5.86
2.50,smallest meeting clock,bitcos_stream5_bank_fed+repack,z0.50,0.5004,dram_45nm_horowitz,30.5,272.814,48800.000,348.960,45738.105,49072.814,46087.065,-6.08
2.50,smallest meeting clock,bitcos_stream5_bank_fed+repack,z0.50,0.5004,ddr3_peak,70,272.814,112000.000,348.960,104972.700,112272.814,105321.660,-6.19
2.50,smallest meeting clock,bitcos_stream5_direct,z0.50,0.5004,sram_8kb_45nm,0.156,251.110,249.600,293.759,233.939,500.710,527.698,+5.39
2.50,smallest meeting clock,bitcos_stream5_direct,z0.50,0.5004,sram_32kb_45nm,0.313,251.110,500.800,293.759,469.378,751.910,763.137,+1.49
2.50,smallest meeting clock,bitcos_stream5_direct,z0.50,0.5004,sram_1mb_45nm,1.563,251.110,2500.800,293.759,2343.890,2751.910,2637.649,-4.15
2.50,smallest meeting clock,bitcos_stream5_direct,z0.50,0.5004,sram_1mb_45nm_cacti,1.058,251.110,1692.800,293.759,1586.587,1943.910,1880.346,-3.27
2.50,smallest meeting clock,bitcos_stream5_direct,z0.50,0.5004,sram_32kb_7nm,0.133,251.110,212.800,293.759,199.448,463.910,493.207,+6.32
2.50,smallest meeting clock,bitcos_stream5_direct,z0.50,0.5004,sram_1mb_7nm,0.219,251.110,350.400,293.759,328.415,601.510,622.174,+3.44
2.50,smallest meeting clock,bitcos_stream5_direct,z0.50,0.5004,hbm2,3.97,251.110,6352.000,293.759,5953.452,6603.110,6247.211,-5.39
2.50,smallest meeting clock,bitcos_stream5_direct,z0.50,0.5004,hbm2_streamed,3.59,251.110,5744.000,293.759,5383.600,5995.110,5677.359,-5.30
2.50,smallest meeting clock,bitcos_stream5_direct,z0.50,0.5004,lpddr4_package,12,251.110,19200.000,293.759,17995.320,19451.110,18289.079,-5.97
2.50,smallest meeting clock,bitcos_stream5_direct,z0.50,0.5004,gddr5,14.0,251.110,22400.000,293.759,20994.540,22651.110,21288.299,-6.02
2.50,smallest meeting clock,bitcos_stream5_direct,z0.50,0.5004,dram_45nm_horowitz,30.5,251.110,48800.000,293.759,45738.105,49051.110,46031.864,-6.16
2.50,smallest meeting clock,bitcos_stream5_direct,z0.50,0.5004,ddr3_peak,70,251.110,112000.000,293.759,104972.700,112251.110,105266.459,-6.22
2.50,smallest meeting clock,bitcos_stream5_directiso,z0.50,0.5004,sram_8kb_45nm,0.156,251.110,249.600,287.488,233.939,500.710,521.427,+4.14
2.50,smallest meeting clock,bitcos_stream5_directiso,z0.50,0.5004,sram_32kb_45nm,0.313,251.110,500.800,287.488,469.378,751.910,756.866,+0.66
2.50,smallest meeting clock,bitcos_stream5_directiso,z0.50,0.5004,sram_1mb_45nm,1.563,251.110,2500.800,287.488,2343.890,2751.910,2631.378,-4.38
2.50,smallest meeting clock,bitcos_stream5_directiso,z0.50,0.5004,sram_1mb_45nm_cacti,1.058,251.110,1692.800,287.488,1586.587,1943.910,1874.075,-3.59
2.50,smallest meeting clock,bitcos_stream5_directiso,z0.50,0.5004,sram_32kb_7nm,0.133,251.110,212.800,287.488,199.448,463.910,486.936,+4.96
2.50,smallest meeting clock,bitcos_stream5_directiso,z0.50,0.5004,sram_1mb_7nm,0.219,251.110,350.400,287.488,328.415,601.510,615.903,+2.39
2.50,smallest meeting clock,bitcos_stream5_directiso,z0.50,0.5004,hbm2,3.97,251.110,6352.000,287.488,5953.452,6603.110,6240.940,-5.48
2.50,smallest meeting clock,bitcos_stream5_directiso,z0.50,0.5004,hbm2_streamed,3.59,251.110,5744.000,287.488,5383.600,5995.110,5671.088,-5.40
2.50,smallest meeting clock,bitcos_stream5_directiso,z0.50,0.5004,lpddr4_package,12,251.110,19200.000,287.488,17995.320,19451.110,18282.808,-6.01
2.50,smallest meeting clock,bitcos_stream5_directiso,z0.50,0.5004,gddr5,14.0,251.110,22400.000,287.488,20994.540,22651.110,21282.028,-6.04
2.50,smallest meeting clock,bitcos_stream5_directiso,z0.50,0.5004,dram_45nm_horowitz,30.5,251.110,48800.000,287.488,45738.105,49051.110,46025.593,-6.17
2.50,smallest meeting clock,bitcos_stream5_directiso,z0.50,0.5004,ddr3_peak,70,251.110,112000.000,287.488,104972.700,112251.110,105260.188,-6.23
2.50,smallest meeting clock,bitcos_stream5_fed,z0.50,0.5004,sram_8kb_45nm,0.156,272.814,249.600,371.813,233.939,522.414,605.752,+15.95
2.50,smallest meeting clock,bitcos_stream5_fed,z0.50,0.5004,sram_32kb_45nm,0.313,272.814,500.800,371.813,469.378,773.614,841.191,+8.74
2.50,smallest meeting clock,bitcos_stream5_fed,z0.50,0.5004,sram_1mb_45nm,1.563,272.814,2500.800,371.813,2343.890,2773.614,2715.703,-2.09
2.50,smallest meeting clock,bitcos_stream5_fed,z0.50,0.5004,sram_1mb_45nm_cacti,1.058,272.814,1692.800,371.813,1586.587,1965.614,1958.400,-0.37
2.50,smallest meeting clock,bitcos_stream5_fed,z0.50,0.5004,sram_32kb_7nm,0.133,272.814,212.800,371.813,199.448,485.614,571.261,+17.64
2.50,smallest meeting clock,bitcos_stream5_fed,z0.50,0.5004,sram_1mb_7nm,0.219,272.814,350.400,371.813,328.415,623.214,700.228,+12.36
2.50,smallest meeting clock,bitcos_stream5_fed,z0.50,0.5004,hbm2,3.97,272.814,6352.000,371.813,5953.452,6624.814,6325.265,-4.52
2.50,smallest meeting clock,bitcos_stream5_fed,z0.50,0.5004,hbm2_streamed,3.59,272.814,5744.000,371.813,5383.600,6016.814,5755.413,-4.34
2.50,smallest meeting clock,bitcos_stream5_fed,z0.50,0.5004,lpddr4_package,12,272.814,19200.000,371.813,17995.320,19472.814,18367.133,-5.68
2.50,smallest meeting clock,bitcos_stream5_fed,z0.50,0.5004,gddr5,14.0,272.814,22400.000,371.813,20994.540,22672.814,21366.353,-5.76
2.50,smallest meeting clock,bitcos_stream5_fed,z0.50,0.5004,dram_45nm_horowitz,30.5,272.814,48800.000,371.813,45738.105,49072.814,46109.918,-6.04
2.50,smallest meeting clock,bitcos_stream5_fed,z0.50,0.5004,ddr3_peak,70,272.814,112000.000,371.813,104972.700,112272.814,105344.513,-6.17
2.50,smallest meeting clock,bitcos_stream5_bank_fed,z0.60,0.6006,sram_8kb_45nm,0.156,257.179,249.600,290.959,218.319,506.779,509.278,+0.49
2.50,smallest meeting clock,bitcos_stream5_bank_fed,z0.60,0.6006,sram_32kb_45nm,0.313,257.179,500.800,290.959,438.037,757.979,728.996,-3.82
2.50,smallest meeting clock,bitcos_stream5_bank_fed,z0.60,0.6006,sram_1mb_45nm,1.563,257.179,2500.800,290.959,2187.387,2757.979,2478.346,-10.14
2.50,smallest meeting clock,bitcos_stream5_bank_fed,z0.60,0.6006,sram_1mb_45nm_cacti,1.058,257.179,1692.800,290.959,1480.650,1949.979,1771.609,-9.15
2.50,smallest meeting clock,bitcos_stream5_bank_fed,z0.60,0.6006,sram_32kb_7nm,0.133,257.179,212.800,290.959,186.131,469.979,477.090,+1.51
2.50,smallest meeting clock,bitcos_stream5_bank_fed,z0.60,0.6006,sram_1mb_7nm,0.219,257.179,350.400,290.959,306.486,607.579,597.445,-1.67
2.50,smallest meeting clock,bitcos_stream5_bank_fed,z0.60,0.6006,hbm2,3.97,257.179,6352.000,290.959,5555.936,6609.179,5846.895,-11.53
2.50,smallest meeting clock,bitcos_stream5_bank_fed,z0.60,0.6006,hbm2_streamed,3.59,257.179,5744.000,290.959,5024.133,6001.179,5315.092,-11.43
2.50,smallest meeting clock,bitcos_stream5_bank_fed,z0.60,0.6006,lpddr4_package,12,257.179,19200.000,290.959,16793.760,19457.179,17084.719,-12.19
2.50,smallest meeting clock,bitcos_stream5_bank_fed,z0.60,0.6006,gddr5,14.0,257.179,22400.000,290.959,19592.720,22657.179,19883.679,-12.24
2.50,smallest meeting clock,bitcos_stream5_bank_fed,z0.60,0.6006,dram_45nm_horowitz,30.5,257.179,48800.000,290.959,42684.140,49057.179,42975.099,-12.40
2.50,smallest meeting clock,bitcos_stream5_bank_fed,z0.60,0.6006,ddr3_peak,70,257.179,112000.000,290.959,97963.600,112257.179,98254.559,-12.47
2.50,smallest meeting clock,bitcos_stream5_bank_fed+repack,z0.60,0.6006,sram_8kb_45nm,0.156,257.179,249.600,334.758,218.319,506.779,553.077,+9.14
2.50,smallest meeting clock,bitcos_stream5_bank_fed+repack,z0.60,0.6006,sram_32kb_45nm,0.313,257.179,500.800,334.758,438.037,757.979,772.795,+1.95
2.50,smallest meeting clock,bitcos_stream5_bank_fed+repack,z0.60,0.6006,sram_1mb_45nm,1.563,257.179,2500.800,334.758,2187.387,2757.979,2522.145,-8.55
2.50,smallest meeting clock,bitcos_stream5_bank_fed+repack,z0.60,0.6006,sram_1mb_45nm_cacti,1.058,257.179,1692.800,334.758,1480.650,1949.979,1815.408,-6.90
2.50,smallest meeting clock,bitcos_stream5_bank_fed+repack,z0.60,0.6006,sram_32kb_7nm,0.133,257.179,212.800,334.758,186.131,469.979,520.889,+10.83
2.50,smallest meeting clock,bitcos_stream5_bank_fed+repack,z0.60,0.6006,sram_1mb_7nm,0.219,257.179,350.400,334.758,306.486,607.579,641.244,+5.54
2.50,smallest meeting clock,bitcos_stream5_bank_fed+repack,z0.60,0.6006,hbm2,3.97,257.179,6352.000,334.758,5555.936,6609.179,5890.694,-10.87
2.50,smallest meeting clock,bitcos_stream5_bank_fed+repack,z0.60,0.6006,hbm2_streamed,3.59,257.179,5744.000,334.758,5024.133,6001.179,5358.891,-10.70
2.50,smallest meeting clock,bitcos_stream5_bank_fed+repack,z0.60,0.6006,lpddr4_package,12,257.179,19200.000,334.758,16793.760,19457.179,17128.518,-11.97
2.50,smallest meeting clock,bitcos_stream5_bank_fed+repack,z0.60,0.6006,gddr5,14.0,257.179,22400.000,334.758,19592.720,22657.179,19927.478,-12.05
2.50,smallest meeting clock,bitcos_stream5_bank_fed+repack,z0.60,0.6006,dram_45nm_horowitz,30.5,257.179,48800.000,334.758,42684.140,49057.179,43018.898,-12.31
2.50,smallest meeting clock,bitcos_stream5_bank_fed+repack,z0.60,0.6006,ddr3_peak,70,257.179,112000.000,334.758,97963.600,112257.179,98298.358,-12.43
2.50,smallest meeting clock,bitcos_stream5_direct,z0.60,0.6006,sram_8kb_45nm,0.156,235.397,249.600,280.010,218.319,484.997,498.329,+2.75
2.50,smallest meeting clock,bitcos_stream5_direct,z0.60,0.6006,sram_32kb_45nm,0.313,235.397,500.800,280.010,438.037,736.197,718.047,-2.47
2.50,smallest meeting clock,bitcos_stream5_direct,z0.60,0.6006,sram_1mb_45nm,1.563,235.397,2500.800,280.010,2187.387,2736.197,2467.397,-9.82
2.50,smallest meeting clock,bitcos_stream5_direct,z0.60,0.6006,sram_1mb_45nm_cacti,1.058,235.397,1692.800,280.010,1480.650,1928.197,1760.660,-8.69
2.50,smallest meeting clock,bitcos_stream5_direct,z0.60,0.6006,sram_32kb_7nm,0.133,235.397,212.800,280.010,186.131,448.197,466.141,+4.00
2.50,smallest meeting clock,bitcos_stream5_direct,z0.60,0.6006,sram_1mb_7nm,0.219,235.397,350.400,280.010,306.486,585.797,586.496,+0.12
2.50,smallest meeting clock,bitcos_stream5_direct,z0.60,0.6006,hbm2,3.97,235.397,6352.000,280.010,5555.936,6587.397,5835.946,-11.41
2.50,smallest meeting clock,bitcos_stream5_direct,z0.60,0.6006,hbm2_streamed,3.59,235.397,5744.000,280.010,5024.133,5979.397,5304.143,-11.29
2.50,smallest meeting clock,bitcos_stream5_direct,z0.60,0.6006,lpddr4_package,12,235.397,19200.000,280.010,16793.760,19435.397,17073.770,-12.15
2.50,smallest meeting clock,bitcos_stream5_direct,z0.60,0.6006,gddr5,14.0,235.397,22400.000,280.010,19592.720,22635.397,19872.730,-12.21
2.50,smallest meeting clock,bitcos_stream5_direct,z0.60,0.6006,dram_45nm_horowitz,30.5,235.397,48800.000,280.010,42684.140,49035.397,42964.150,-12.38
2.50,smallest meeting clock,bitcos_stream5_direct,z0.60,0.6006,ddr3_peak,70,235.397,112000.000,280.010,97963.600,112235.397,98243.610,-12.47
2.50,smallest meeting clock,bitcos_stream5_directiso,z0.60,0.6006,sram_8kb_45nm,0.156,235.397,249.600,273.014,218.319,484.997,491.333,+1.31
2.50,smallest meeting clock,bitcos_stream5_directiso,z0.60,0.6006,sram_32kb_45nm,0.313,235.397,500.800,273.014,438.037,736.197,711.051,-3.42
2.50,smallest meeting clock,bitcos_stream5_directiso,z0.60,0.6006,sram_1mb_45nm,1.563,235.397,2500.800,273.014,2187.387,2736.197,2460.401,-10.08
2.50,smallest meeting clock,bitcos_stream5_directiso,z0.60,0.6006,sram_1mb_45nm_cacti,1.058,235.397,1692.800,273.014,1480.650,1928.197,1753.664,-9.05
2.50,smallest meeting clock,bitcos_stream5_directiso,z0.60,0.6006,sram_32kb_7nm,0.133,235.397,212.800,273.014,186.131,448.197,459.145,+2.44
2.50,smallest meeting clock,bitcos_stream5_directiso,z0.60,0.6006,sram_1mb_7nm,0.219,235.397,350.400,273.014,306.486,585.797,579.500,-1.07
2.50,smallest meeting clock,bitcos_stream5_directiso,z0.60,0.6006,hbm2,3.97,235.397,6352.000,273.014,5555.936,6587.397,5828.950,-11.51
2.50,smallest meeting clock,bitcos_stream5_directiso,z0.60,0.6006,hbm2_streamed,3.59,235.397,5744.000,273.014,5024.133,5979.397,5297.147,-11.41
2.50,smallest meeting clock,bitcos_stream5_directiso,z0.60,0.6006,lpddr4_package,12,235.397,19200.000,273.014,16793.760,19435.397,17066.774,-12.19
2.50,smallest meeting clock,bitcos_stream5_directiso,z0.60,0.6006,gddr5,14.0,235.397,22400.000,273.014,19592.720,22635.397,19865.734,-12.24
2.50,smallest meeting clock,bitcos_stream5_directiso,z0.60,0.6006,dram_45nm_horowitz,30.5,235.397,48800.000,273.014,42684.140,49035.397,42957.154,-12.40
2.50,smallest meeting clock,bitcos_stream5_directiso,z0.60,0.6006,ddr3_peak,70,235.397,112000.000,273.014,97963.600,112235.397,98236.614,-12.47
2.50,smallest meeting clock,bitcos_stream5_fed,z0.60,0.6006,sram_8kb_45nm,0.156,257.179,249.600,355.737,218.319,506.779,574.056,+13.28
2.50,smallest meeting clock,bitcos_stream5_fed,z0.60,0.6006,sram_32kb_45nm,0.313,257.179,500.800,355.737,438.037,757.979,793.774,+4.72
2.50,smallest meeting clock,bitcos_stream5_fed,z0.60,0.6006,sram_1mb_45nm,1.563,257.179,2500.800,355.737,2187.387,2757.979,2543.124,-7.79
2.50,smallest meeting clock,bitcos_stream5_fed,z0.60,0.6006,sram_1mb_45nm_cacti,1.058,257.179,1692.800,355.737,1480.650,1949.979,1836.387,-5.83
2.50,smallest meeting clock,bitcos_stream5_fed,z0.60,0.6006,sram_32kb_7nm,0.133,257.179,212.800,355.737,186.131,469.979,541.868,+15.30
2.50,smallest meeting clock,bitcos_stream5_fed,z0.60,0.6006,sram_1mb_7nm,0.219,257.179,350.400,355.737,306.486,607.579,662.223,+8.99
2.50,smallest meeting clock,bitcos_stream5_fed,z0.60,0.6006,hbm2,3.97,257.179,6352.000,355.737,5555.936,6609.179,5911.673,-10.55
2.50,smallest meeting clock,bitcos_stream5_fed,z0.60,0.6006,hbm2_streamed,3.59,257.179,5744.000,355.737,5024.133,6001.179,5379.870,-10.35
2.50,smallest meeting clock,bitcos_stream5_fed,z0.60,0.6006,lpddr4_package,12,257.179,19200.000,355.737,16793.760,19457.179,17149.497,-11.86
2.50,smallest meeting clock,bitcos_stream5_fed,z0.60,0.6006,gddr5,14.0,257.179,22400.000,355.737,19592.720,22657.179,19948.457,-11.96
2.50,smallest meeting clock,bitcos_stream5_fed,z0.60,0.6006,dram_45nm_horowitz,30.5,257.179,48800.000,355.737,42684.140,49057.179,43039.877,-12.27
2.50,smallest meeting clock,bitcos_stream5_fed,z0.60,0.6006,ddr3_peak,70,257.179,112000.000,355.737,97963.600,112257.179,98319.337,-12.42
2.50,smallest meeting clock,bitcos_stream5_bank_fed,z0.70,0.6993,sram_8kb_45nm,0.156,237.102,249.600,270.364,202.922,486.702,473.286,-2.76
2.50,smallest meeting clock,bitcos_stream5_bank_fed,z0.70,0.6993,sram_32kb_45nm,0.313,237.102,500.800,270.364,407.144,737.902,677.508,-8.18
2.50,smallest meeting clock,bitcos_stream5_bank_fed,z0.70,0.6993,sram_1mb_45nm,1.563,237.102,2500.800,270.364,2033.119,2737.902,2303.483,-15.87
2.50,smallest meeting clock,bitcos_stream5_bank_fed,z0.70,0.6993,sram_1mb_45nm_cacti,1.058,237.102,1692.800,270.364,1376.225,1929.902,1646.589,-14.68
2.50,smallest meeting clock,bitcos_stream5_bank_fed,z0.70,0.6993,sram_32kb_7nm,0.133,237.102,212.800,270.364,173.004,449.902,443.368,-1.45
2.50,smallest meeting clock,bitcos_stream5_bank_fed,z0.70,0.6993,sram_1mb_7nm,0.219,237.102,350.400,270.364,284.871,587.502,555.235,-5.49
2.50,smallest meeting clock,bitcos_stream5_bank_fed,z0.70,0.6993,hbm2,3.97,237.102,6352.000,270.364,5164.097,6589.102,5434.461,-17.52
2.50,smallest meeting clock,bitcos_stream5_bank_fed,z0.70,0.6993,hbm2_streamed,3.59,237.102,5744.000,270.364,4669.800,5981.102,4940.164,-17.40
2.50,smallest meeting clock,bitcos_stream5_bank_fed,z0.70,0.6993,lpddr4_package,12,237.102,19200.000,270.364,15609.360,19437.102,15879.724,-18.30
2.50,smallest meeting clock,bitcos_stream5_bank_fed,z0.70,0.6993,gddr5,14.0,237.102,22400.000,270.364,18210.920,22637.102,18481.284,-18.36
2.50,smallest meeting clock,bitcos_stream5_bank_fed,z0.70,0.6993,dram_45nm_horowitz,30.5,237.102,48800.000,270.364,39673.790,49037.102,39944.154,-18.54
2.50,smallest meeting clock,bitcos_stream5_bank_fed,z0.70,0.6993,ddr3_peak,70,237.102,112000.000,270.364,91054.600,112237.102,91324.964,-18.63
2.50,smallest meeting clock,bitcos_stream5_bank_fed+repack,z0.70,0.6993,sram_8kb_45nm,0.156,237.102,249.600,316.047,202.922,486.702,518.969,+6.63
2.50,smallest meeting clock,bitcos_stream5_bank_fed+repack,z0.70,0.6993,sram_32kb_45nm,0.313,237.102,500.800,316.047,407.144,737.902,723.191,-1.99
2.50,smallest meeting clock,bitcos_stream5_bank_fed+repack,z0.70,0.6993,sram_1mb_45nm,1.563,237.102,2500.800,316.047,2033.119,2737.902,2349.166,-14.20
2.50,smallest meeting clock,bitcos_stream5_bank_fed+repack,z0.70,0.6993,sram_1mb_45nm_cacti,1.058,237.102,1692.800,316.047,1376.225,1929.902,1692.272,-12.31
2.50,smallest meeting clock,bitcos_stream5_bank_fed+repack,z0.70,0.6993,sram_32kb_7nm,0.133,237.102,212.800,316.047,173.004,449.902,489.051,+8.70
2.50,smallest meeting clock,bitcos_stream5_bank_fed+repack,z0.70,0.6993,sram_1mb_7nm,0.219,237.102,350.400,316.047,284.871,587.502,600.918,+2.28
2.50,smallest meeting clock,bitcos_stream5_bank_fed+repack,z0.70,0.6993,hbm2,3.97,237.102,6352.000,316.047,5164.097,6589.102,5480.144,-16.83
2.50,smallest meeting clock,bitcos_stream5_bank_fed+repack,z0.70,0.6993,hbm2_streamed,3.59,237.102,5744.000,316.047,4669.800,5981.102,4985.847,-16.64
2.50,smallest meeting clock,bitcos_stream5_bank_fed+repack,z0.70,0.6993,lpddr4_package,12,237.102,19200.000,316.047,15609.360,19437.102,15925.407,-18.07
2.50,smallest meeting clock,bitcos_stream5_bank_fed+repack,z0.70,0.6993,gddr5,14.0,237.102,22400.000,316.047,18210.920,22637.102,18526.967,-18.16
2.50,smallest meeting clock,bitcos_stream5_bank_fed+repack,z0.70,0.6993,dram_45nm_horowitz,30.5,237.102,48800.000,316.047,39673.790,49037.102,39989.837,-18.45
2.50,smallest meeting clock,bitcos_stream5_bank_fed+repack,z0.70,0.6993,ddr3_peak,70,237.102,112000.000,316.047,91054.600,112237.102,91370.647,-18.59
2.50,smallest meeting clock,bitcos_stream5_direct,z0.70,0.6993,sram_8kb_45nm,0.156,215.168,249.600,259.146,202.922,464.768,462.068,-0.58
2.50,smallest meeting clock,bitcos_stream5_direct,z0.70,0.6993,sram_32kb_45nm,0.313,215.168,500.800,259.146,407.144,715.968,666.290,-6.94
2.50,smallest meeting clock,bitcos_stream5_direct,z0.70,0.6993,sram_1mb_45nm,1.563,215.168,2500.800,259.146,2033.119,2715.968,2292.265,-15.60
2.50,smallest meeting clock,bitcos_stream5_direct,z0.70,0.6993,sram_1mb_45nm_cacti,1.058,215.168,1692.800,259.146,1376.225,1907.968,1635.371,-14.29
2.50,smallest meeting clock,bitcos_stream5_direct,z0.70,0.6993,sram_32kb_7nm,0.133,215.168,212.800,259.146,173.004,427.968,432.150,+0.98
2.50,smallest meeting clock,bitcos_stream5_direct,z0.70,0.6993,sram_1mb_7nm,0.219,215.168,350.400,259.146,284.871,565.568,544.017,-3.81
2.50,smallest meeting clock,bitcos_stream5_direct,z0.70,0.6993,hbm2,3.97,215.168,6352.000,259.146,5164.097,6567.168,5423.243,-17.42
2.50,smallest meeting clock,bitcos_stream5_direct,z0.70,0.6993,hbm2_streamed,3.59,215.168,5744.000,259.146,4669.800,5959.168,4928.946,-17.29
2.50,smallest meeting clock,bitcos_stream5_direct,z0.70,0.6993,lpddr4_package,12,215.168,19200.000,259.146,15609.360,19415.168,15868.506,-18.27
2.50,smallest meeting clock,bitcos_stream5_direct,z0.70,0.6993,gddr5,14.0,215.168,22400.000,259.146,18210.920,22615.168,18470.066,-18.33
2.50,smallest meeting clock,bitcos_stream5_direct,z0.70,0.6993,dram_45nm_horowitz,30.5,215.168,48800.000,259.146,39673.790,49015.168,39932.936,-18.53
2.50,smallest meeting clock,bitcos_stream5_direct,z0.70,0.6993,ddr3_peak,70,215.168,112000.000,259.146,91054.600,112215.168,91313.746,-18.63
2.50,smallest meeting clock,bitcos_stream5_directiso,z0.70,0.6993,sram_8kb_45nm,0.156,215.168,249.600,252.030,202.922,464.768,454.952,-2.11
2.50,smallest meeting clock,bitcos_stream5_directiso,z0.70,0.6993,sram_32kb_45nm,0.313,215.168,500.800,252.030,407.144,715.968,659.174,-7.93
2.50,smallest meeting clock,bitcos_stream5_directiso,z0.70,0.6993,sram_1mb_45nm,1.563,215.168,2500.800,252.030,2033.119,2715.968,2285.149,-15.86
2.50,smallest meeting clock,bitcos_stream5_directiso,z0.70,0.6993,sram_1mb_45nm_cacti,1.058,215.168,1692.800,252.030,1376.225,1907.968,1628.255,-14.66
2.50,smallest meeting clock,bitcos_stream5_directiso,z0.70,0.6993,sram_32kb_7nm,0.133,215.168,212.800,252.030,173.004,427.968,425.034,-0.69
2.50,smallest meeting clock,bitcos_stream5_directiso,z0.70,0.6993,sram_1mb_7nm,0.219,215.168,350.400,252.030,284.871,565.568,536.901,-5.07
2.50,smallest meeting clock,bitcos_stream5_directiso,z0.70,0.6993,hbm2,3.97,215.168,6352.000,252.030,5164.097,6567.168,5416.127,-17.53
2.50,smallest meeting clock,bitcos_stream5_directiso,z0.70,0.6993,hbm2_streamed,3.59,215.168,5744.000,252.030,4669.800,5959.168,4921.830,-17.41
2.50,smallest meeting clock,bitcos_stream5_directiso,z0.70,0.6993,lpddr4_package,12,215.168,19200.000,252.030,15609.360,19415.168,15861.390,-18.30
2.50,smallest meeting clock,bitcos_stream5_directiso,z0.70,0.6993,gddr5,14.0,215.168,22400.000,252.030,18210.920,22615.168,18462.950,-18.36
2.50,smallest meeting clock,bitcos_stream5_directiso,z0.70,0.6993,dram_45nm_horowitz,30.5,215.168,48800.000,252.030,39673.790,49015.168,39925.820,-18.54
2.50,smallest meeting clock,bitcos_stream5_directiso,z0.70,0.6993,ddr3_peak,70,215.168,112000.000,252.030,91054.600,112215.168,91306.630,-18.63
2.50,smallest meeting clock,bitcos_stream5_fed,z0.70,0.6993,sram_8kb_45nm,0.156,237.102,249.600,332.541,202.922,486.702,535.463,+10.02
2.50,smallest meeting clock,bitcos_stream5_fed,z0.70,0.6993,sram_32kb_45nm,0.313,237.102,500.800,332.541,407.144,737.902,739.685,+0.24
2.50,smallest meeting clock,bitcos_stream5_fed,z0.70,0.6993,sram_1mb_45nm,1.563,237.102,2500.800,332.541,2033.119,2737.902,2365.660,-13.60
2.50,smallest meeting clock,bitcos_stream5_fed,z0.70,0.6993,sram_1mb_45nm_cacti,1.058,237.102,1692.800,332.541,1376.225,1929.902,1708.766,-11.46
2.50,smallest meeting clock,bitcos_stream5_fed,z0.70,0.6993,sram_32kb_7nm,0.133,237.102,212.800,332.541,173.004,449.902,505.545,+12.37
2.50,smallest meeting clock,bitcos_stream5_fed,z0.70,0.6993,sram_1mb_7nm,0.219,237.102,350.400,332.541,284.871,587.502,617.412,+5.09
2.50,smallest meeting clock,bitcos_stream5_fed,z0.70,0.6993,hbm2,3.97,237.102,6352.000,332.541,5164.097,6589.102,5496.638,-16.58
2.50,smallest meeting clock,bitcos_stream5_fed,z0.70,0.6993,hbm2_streamed,3.59,237.102,5744.000,332.541,4669.800,5981.102,5002.341,-16.36
2.50,smallest meeting clock,bitcos_stream5_fed,z0.70,0.6993,lpddr4_package,12,237.102,19200.000,332.541,15609.360,19437.102,15941.901,-17.98
2.50,smallest meeting clock,bitcos_stream5_fed,z0.70,0.6993,gddr5,14.0,237.102,22400.000,332.541,18210.920,22637.102,18543.461,-18.08
2.50,smallest meeting clock,bitcos_stream5_fed,z0.70,0.6993,dram_45nm_horowitz,30.5,237.102,48800.000,332.541,39673.790,49037.102,40006.331,-18.42
2.50,smallest meeting clock,bitcos_stream5_fed,z0.70,0.6993,ddr3_peak,70,237.102,112000.000,332.541,91054.600,112237.102,91387.141,-18.58
