checkpoint,ternary_weights,zero_density,clock_period_ns,design,memory_id,memory_pj_per_bit,weight_bits_per_token,execution_cycles_per_token,presence_padding_bits_per_token,bits_per_ternary_weight,compute_uj_per_token,weight_read_uj_per_token,total_uj_per_token,total_vs_five_trit_pct,non_ternary_weight_bytes,total_with_other_weights_uj,with_other_weights_vs_five_trit_pct,engine_area,compute_bound_tokens_per_s_per_mm2,extrapolated_tensors,memory_bound_tokens_per_s_at_34.1GBps,memory_bound_tokens_per_s_at_256GBps
1bitLLM__bitnet_b1_58-large,679477248,0.3664,1.60,five_trit,sram_8kb_45nm,0.156,1104150528,138780672,0,1.62500,240.0183,172.2475,412.2658,+0.00,196620288,657.6479,+0.00,1373.358,3279.20,0,101.90,765.00
1bitLLM__bitnet_b1_58-large,679477248,0.3664,1.60,bitmap_A,sram_8kb_45nm,0.156,1109984517,136962048,0,1.63359,284.3094,173.1576,457.4670,+10.96,196620288,702.8491,+6.87,1624.994,2808.20,0,101.68,763.34
1bitLLM__bitnet_b1_58-large,679477248,0.3664,1.60,bitmap_B_resident,sram_8kb_45nm,0.156,1111508229,136962048,1523712,1.63583,235.5152,173.3953,408.9105,-0.81,196620288,654.2926,-0.51,1448.636,3150.07,0,101.62,762.91
1bitLLM__bitnet_b1_58-large,679477248,0.3664,1.60,bitmap_B_streamed,sram_8kb_45nm,0.156,1111508229,136962048,1523712,1.63583,265.4801,173.3953,438.8754,+6.45,196620288,684.2575,+4.05,1693.356,2694.83,0,101.62,762.91
1bitLLM__bitnet_b1_58-large,679477248,0.3664,1.60,five_trit,sram_32kb_45nm,0.313,1104150528,138780672,0,1.62500,240.0183,345.5991,585.6174,+0.00,196620288,1077.9546,+0.00,1373.358,3279.20,0,101.90,765.00
1bitLLM__bitnet_b1_58-large,679477248,0.3664,1.60,bitmap_A,sram_32kb_45nm,0.313,1109984517,136962048,0,1.63359,284.3094,347.4252,631.7346,+7.87,196620288,1124.0718,+4.28,1624.994,2808.20,0,101.68,763.34
1bitLLM__bitnet_b1_58-large,679477248,0.3664,1.60,bitmap_B_resident,sram_32kb_45nm,0.313,1111508229,136962048,1523712,1.63583,235.5152,347.9021,583.4173,-0.38,196620288,1075.7545,-0.20,1448.636,3150.07,0,101.62,762.91
1bitLLM__bitnet_b1_58-large,679477248,0.3664,1.60,bitmap_B_streamed,sram_32kb_45nm,0.313,1111508229,136962048,1523712,1.63583,265.4801,347.9021,613.3822,+4.74,196620288,1105.7194,+2.58,1693.356,2694.83,0,101.62,762.91
1bitLLM__bitnet_b1_58-large,679477248,0.3664,1.60,five_trit,sram_1mb_45nm,1.563,1104150528,138780672,0,1.62500,240.0183,1725.7873,1965.8055,+0.00,196620288,4424.3456,+0.00,1373.358,3279.20,0,101.90,765.00
1bitLLM__bitnet_b1_58-large,679477248,0.3664,1.60,bitmap_A,sram_1mb_45nm,1.563,1109984517,136962048,0,1.63359,284.3094,1734.9058,2019.2152,+2.72,196620288,4477.7553,+1.21,1624.994,2808.20,0,101.68,763.34
1bitLLM__bitnet_b1_58-large,679477248,0.3664,1.60,bitmap_B_resident,sram_1mb_45nm,1.563,1111508229,136962048,1523712,1.63583,235.5152,1737.2874,1972.8026,+0.36,196620288,4431.3427,+0.16,1448.636,3150.07,0,101.62,762.91
1bitLLM__bitnet_b1_58-large,679477248,0.3664,1.60,bitmap_B_streamed,sram_1mb_45nm,1.563,1111508229,136962048,1523712,1.63583,265.4801,1737.2874,2002.7675,+1.88,196620288,4461.3076,+0.84,1693.356,2694.83,0,101.62,762.91
1bitLLM__bitnet_b1_58-large,679477248,0.3664,1.60,five_trit,sram_1mb_45nm_cacti,1.058,1104150528,138780672,0,1.62500,240.0183,1168.1913,1408.2095,+0.00,196620288,3072.4036,+0.00,1373.358,3279.20,0,101.90,765.00
1bitLLM__bitnet_b1_58-large,679477248,0.3664,1.60,bitmap_A,sram_1mb_45nm_cacti,1.058,1109984517,136962048,0,1.63359,284.3094,1174.3636,1458.6731,+3.58,196620288,3122.8672,+1.64,1624.994,2808.20,0,101.68,763.34
1bitLLM__bitnet_b1_58-large,679477248,0.3664,1.60,bitmap_B_resident,sram_1mb_45nm_cacti,1.058,1111508229,136962048,1523712,1.63583,235.5152,1175.9757,1411.4909,+0.23,196620288,3075.6850,+0.11,1448.636,3150.07,0,101.62,762.91
1bitLLM__bitnet_b1_58-large,679477248,0.3664,1.60,bitmap_B_streamed,sram_1mb_45nm_cacti,1.058,1111508229,136962048,1523712,1.63583,265.4801,1175.9757,1441.4558,+2.36,196620288,3105.6499,+1.08,1693.356,2694.83,0,101.62,762.91
1bitLLM__bitnet_b1_58-large,679477248,0.3664,1.60,five_trit,sram_32kb_7nm,0.133,1104150528,138780672,0,1.62500,240.0183,146.8520,386.8703,+0.00,196620288,596.0743,+0.00,1373.358,3279.20,0,101.90,765.00
1bitLLM__bitnet_b1_58-large,679477248,0.3664,1.60,bitmap_A,sram_32kb_7nm,0.133,1109984517,136962048,0,1.63359,284.3094,147.6279,431.9374,+11.65,196620288,641.1414,+7.56,1624.994,2808.20,0,101.68,763.34
1bitLLM__bitnet_b1_58-large,679477248,0.3664,1.60,bitmap_B_resident,sram_32kb_7nm,0.133,1111508229,136962048,1523712,1.63583,235.5152,147.8306,383.3458,-0.91,196620288,592.5498,-0.59,1448.636,3150.07,0,101.62,762.91
1bitLLM__bitnet_b1_58-large,679477248,0.3664,1.60,bitmap_B_streamed,sram_32kb_7nm,0.133,1111508229,136962048,1523712,1.63583,265.4801,147.8306,413.3107,+6.83,196620288,622.5147,+4.44,1693.356,2694.83,0,101.62,762.91
1bitLLM__bitnet_b1_58-large,679477248,0.3664,1.60,five_trit,sram_1mb_7nm,0.219,1104150528,138780672,0,1.62500,240.0183,241.8090,481.8272,+0.00,196620288,826.3059,+0.00,1373.358,3279.20,0,101.90,765.00
1bitLLM__bitnet_b1_58-large,679477248,0.3664,1.60,bitmap_A,sram_1mb_7nm,0.219,1109984517,136962048,0,1.63359,284.3094,243.0866,527.3960,+9.46,196620288,871.8747,+5.51,1624.994,2808.20,0,101.68,763.34
1bitLLM__bitnet_b1_58-large,679477248,0.3664,1.60,bitmap_B_resident,sram_1mb_7nm,0.219,1111508229,136962048,1523712,1.63583,235.5152,243.4203,478.9355,-0.60,196620288,823.4142,-0.35,1448.636,3150.07,0,101.62,762.91
1bitLLM__bitnet_b1_58-large,679477248,0.3664,1.60,bitmap_B_streamed,sram_1mb_7nm,0.219,1111508229,136962048,1523712,1.63583,265.4801,243.4203,508.9004,+5.62,196620288,853.3791,+3.28,1693.356,2694.83,0,101.62,762.91
1bitLLM__bitnet_b1_58-large,679477248,0.3664,1.60,five_trit,hbm2,3.97,1104150528,138780672,0,1.62500,240.0183,4383.4776,4623.4959,+0.00,196620288,10868.1562,+0.00,1373.358,3279.20,0,101.90,765.00
1bitLLM__bitnet_b1_58-large,679477248,0.3664,1.60,bitmap_A,hbm2,3.97,1109984517,136962048,0,1.63359,284.3094,4406.6385,4690.9480,+1.46,196620288,10935.6083,+0.62,1624.994,2808.20,0,101.68,763.34
1bitLLM__bitnet_b1_58-large,679477248,0.3664,1.60,bitmap_B_resident,hbm2,3.97,1111508229,136962048,1523712,1.63583,235.5152,4412.6877,4648.2029,+0.53,196620288,10892.8632,+0.23,1448.636,3150.07,0,101.62,762.91
1bitLLM__bitnet_b1_58-large,679477248,0.3664,1.60,bitmap_B_streamed,hbm2,3.97,1111508229,136962048,1523712,1.63583,265.4801,4412.6877,4678.1678,+1.18,196620288,10922.8281,+0.50,1693.356,2694.83,0,101.62,762.91
1bitLLM__bitnet_b1_58-large,679477248,0.3664,1.60,five_trit,hbm2_streamed,3.59,1104150528,138780672,0,1.62500,240.0183,3963.9004,4203.9187,+0.00,196620288,9850.8534,+0.00,1373.358,3279.20,0,101.90,765.00
1bitLLM__bitnet_b1_58-large,679477248,0.3664,1.60,bitmap_A,hbm2_streamed,3.59,1109984517,136962048,0,1.63359,284.3094,3984.8444,4269.1539,+1.55,196620288,9916.0886,+0.66,1624.994,2808.20,0,101.68,763.34
1bitLLM__bitnet_b1_58-large,679477248,0.3664,1.60,bitmap_B_resident,hbm2_streamed,3.59,1111508229,136962048,1523712,1.63583,235.5152,3990.3145,4225.8298,+0.52,196620288,9872.7645,+0.22,1448.636,3150.07,0,101.62,762.91
1bitLLM__bitnet_b1_58-large,679477248,0.3664,1.60,bitmap_B_streamed,hbm2_streamed,3.59,1111508229,136962048,1523712,1.63583,265.4801,3990.3145,4255.7947,+1.23,196620288,9902.7294,+0.53,1693.356,2694.83,0,101.62,762.91
1bitLLM__bitnet_b1_58-large,679477248,0.3664,1.60,five_trit,lpddr4_package,12,1104150528,138780672,0,1.62500,240.0183,13249.8063,13489.8246,+0.00,196620288,32365.3722,+0.00,1373.358,3279.20,0,101.90,765.00
1bitLLM__bitnet_b1_58-large,679477248,0.3664,1.60,bitmap_A,lpddr4_package,12,1109984517,136962048,0,1.63359,284.3094,13319.8142,13604.1236,+0.85,196620288,32479.6712,+0.35,1624.994,2808.20,0,101.68,763.34
1bitLLM__bitnet_b1_58-large,679477248,0.3664,1.60,bitmap_B_resident,lpddr4_package,12,1111508229,136962048,1523712,1.63583,235.5152,13338.0987,13573.6140,+0.62,196620288,32449.1616,+0.26,1448.636,3150.07,0,101.62,762.91
1bitLLM__bitnet_b1_58-large,679477248,0.3664,1.60,bitmap_B_streamed,lpddr4_package,12,1111508229,136962048,1523712,1.63583,265.4801,13338.0987,13603.5789,+0.84,196620288,32479.1265,+0.35,1693.356,2694.83,0,101.62,762.91
1bitLLM__bitnet_b1_58-large,679477248,0.3664,1.60,five_trit,gddr5,14.0,1104150528,138780672,0,1.62500,240.0183,15458.1074,15698.1257,+0.00,196620288,37719.5980,+0.00,1373.358,3279.20,0,101.90,765.00
1bitLLM__bitnet_b1_58-large,679477248,0.3664,1.60,bitmap_A,gddr5,14.0,1109984517,136962048,0,1.63359,284.3094,15539.7832,15824.0927,+0.80,196620288,37845.5650,+0.33,1624.994,2808.20,0,101.68,763.34
1bitLLM__bitnet_b1_58-large,679477248,0.3664,1.60,bitmap_B_resident,gddr5,14.0,1111508229,136962048,1523712,1.63583,235.5152,15561.1152,15796.6304,+0.63,196620288,37818.1027,+0.26,1448.636,3150.07,0,101.62,762.91
1bitLLM__bitnet_b1_58-large,679477248,0.3664,1.60,bitmap_B_streamed,gddr5,14.0,1111508229,136962048,1523712,1.63583,265.4801,15561.1152,15826.5953,+0.82,196620288,37848.0676,+0.34,1693.356,2694.83,0,101.62,762.91
1bitLLM__bitnet_b1_58-large,679477248,0.3664,1.60,five_trit,dram_45nm_horowitz,30.5,1104150528,138780672,0,1.62500,240.0183,33676.5911,33916.6094,+0.00,196620288,81891.9597,+0.00,1373.358,3279.20,0,101.90,765.00
1bitLLM__bitnet_b1_58-large,679477248,0.3664,1.60,bitmap_A,dram_45nm_horowitz,30.5,1109984517,136962048,0,1.63359,284.3094,33854.5278,34138.8372,+0.66,196620288,82114.1875,+0.27,1624.994,2808.20,0,101.68,763.34
1bitLLM__bitnet_b1_58-large,679477248,0.3664,1.60,bitmap_B_resident,dram_45nm_horowitz,30.5,1111508229,136962048,1523712,1.63583,235.5152,33901.0010,34136.5162,+0.65,196620288,82111.8665,+0.27,1448.636,3150.07,0,101.62,762.91
1bitLLM__bitnet_b1_58-large,679477248,0.3664,1.60,bitmap_B_streamed,dram_45nm_horowitz,30.5,1111508229,136962048,1523712,1.63583,265.4801,33901.0010,34166.4811,+0.74,196620288,82141.8314,+0.31,1693.356,2694.83,0,101.62,762.91
1bitLLM__bitnet_b1_58-large,679477248,0.3664,1.60,five_trit,ddr3_peak,70,1104150528,138780672,0,1.62500,240.0183,77290.5370,77530.5552,+0.00,196620288,187637.9165,+0.00,1373.358,3279.20,0,101.90,765.00
1bitLLM__bitnet_b1_58-large,679477248,0.3664,1.60,bitmap_A,ddr3_peak,70,1109984517,136962048,0,1.63359,284.3094,77698.9162,77983.2256,+0.58,196620288,188090.5869,+0.24,1624.994,2808.20,0,101.68,763.34
1bitLLM__bitnet_b1_58-large,679477248,0.3664,1.60,bitmap_B_resident,ddr3_peak,70,1111508229,136962048,1523712,1.63583,235.5152,77805.5760,78041.0913,+0.66,196620288,188148.4526,+0.27,1448.636,3150.07,0,101.62,762.91
1bitLLM__bitnet_b1_58-large,679477248,0.3664,1.60,bitmap_B_streamed,ddr3_peak,70,1111508229,136962048,1523712,1.63583,265.4801,77805.5760,78071.0562,+0.70,196620288,188178.4175,+0.29,1693.356,2694.83,0,101.62,762.91
1bitLLM__bitnet_b1_58-large,679477248,0.3664,2.00,five_trit,sram_8kb_45nm,0.156,1104150528,138780672,0,1.62500,202.5720,172.2475,374.8195,+0.00,196620288,620.2016,+0.00,1221.206,2950.20,0,101.90,765.00
1bitLLM__bitnet_b1_58-large,679477248,0.3664,2.00,bitmap_A,sram_8kb_45nm,0.156,1109984517,136962048,0,1.63359,260.1520,173.1576,433.3096,+15.60,196620288,678.6917,+9.43,1573.656,2319.85,0,101.68,763.34
1bitLLM__bitnet_b1_58-large,679477248,0.3664,2.00,bitmap_B_resident,sram_8kb_45nm,0.156,1111508229,136962048,1523712,1.63583,218.4754,173.3953,391.8707,+4.55,196620288,637.2528,+2.75,1412.194,2585.09,0,101.62,762.91
1bitLLM__bitnet_b1_58-large,679477248,0.3664,2.00,bitmap_B_streamed,sram_8kb_45nm,0.156,1111508229,136962048,1523712,1.63583,248.6909,173.3953,422.0862,+12.61,196620288,667.4683,+7.62,1656.914,2203.28,0,101.62,762.91
1bitLLM__bitnet_b1_58-large,679477248,0.3664,2.00,five_trit,sram_32kb_45nm,0.313,1104150528,138780672,0,1.62500,202.5720,345.5991,548.1711,+0.00,196620288,1040.5083,+0.00,1221.206,2950.20,0,101.90,765.00
1bitLLM__bitnet_b1_58-large,679477248,0.3664,2.00,bitmap_A,sram_32kb_45nm,0.313,1109984517,136962048,0,1.63359,260.1520,347.4252,607.5771,+10.84,196620288,1099.9143,+5.71,1573.656,2319.85,0,101.68,763.34
1bitLLM__bitnet_b1_58-large,679477248,0.3664,2.00,bitmap_B_resident,sram_32kb_45nm,0.313,1111508229,136962048,1523712,1.63583,218.4754,347.9021,566.3775,+3.32,196620288,1058.7147,+1.75,1412.194,2585.09,0,101.62,762.91
1bitLLM__bitnet_b1_58-large,679477248,0.3664,2.00,bitmap_B_streamed,sram_32kb_45nm,0.313,1111508229,136962048,1523712,1.63583,248.6909,347.9021,596.5930,+8.83,196620288,1088.9302,+4.65,1656.914,2203.28,0,101.62,762.91
1bitLLM__bitnet_b1_58-large,679477248,0.3664,2.00,five_trit,sram_1mb_45nm,1.563,1104150528,138780672,0,1.62500,202.5720,1725.7873,1928.3593,+0.00,196620288,4386.8994,+0.00,1221.206,2950.20,0,101.90,765.00
1bitLLM__bitnet_b1_58-large,679477248,0.3664,2.00,bitmap_A,sram_1mb_45nm,1.563,1109984517,136962048,0,1.63359,260.1520,1734.9058,1995.0578,+3.46,196620288,4453.5979,+1.52,1573.656,2319.85,0,101.68,763.34
1bitLLM__bitnet_b1_58-large,679477248,0.3664,2.00,bitmap_B_resident,sram_1mb_45nm,1.563,1111508229,136962048,1523712,1.63583,218.4754,1737.2874,1955.7628,+1.42,196620288,4414.3029,+0.62,1412.194,2585.09,0,101.62,762.91
1bitLLM__bitnet_b1_58-large,679477248,0.3664,2.00,bitmap_B_streamed,sram_1mb_45nm,1.563,1111508229,136962048,1523712,1.63583,248.6909,1737.2874,1985.9782,+2.99,196620288,4444.5183,+1.31,1656.914,2203.28,0,101.62,762.91
1bitLLM__bitnet_b1_58-large,679477248,0.3664,2.00,five_trit,sram_1mb_45nm_cacti,1.058,1104150528,138780672,0,1.62500,202.5720,1168.1913,1370.7632,+0.00,196620288,3034.9573,+0.00,1221.206,2950.20,0,101.90,765.00
1bitLLM__bitnet_b1_58-large,679477248,0.3664,2.00,bitmap_A,sram_1mb_45nm_cacti,1.058,1109984517,136962048,0,1.63359,260.1520,1174.3636,1434.5156,+4.65,196620288,3098.7097,+2.10,1573.656,2319.85,0,101.68,763.34
1bitLLM__bitnet_b1_58-large,679477248,0.3664,2.00,bitmap_B_resident,sram_1mb_45nm_cacti,1.058,1111508229,136962048,1523712,1.63583,218.4754,1175.9757,1394.4511,+1.73,196620288,3058.6452,+0.78,1412.194,2585.09,0,101.62,762.91
1bitLLM__bitnet_b1_58-large,679477248,0.3664,2.00,bitmap_B_streamed,sram_1mb_45nm_cacti,1.058,1111508229,136962048,1523712,1.63583,248.6909,1175.9757,1424.6666,+3.93,196620288,3088.8607,+1.78,1656.914,2203.28,0,101.62,762.91
1bitLLM__bitnet_b1_58-large,679477248,0.3664,2.00,five_trit,sram_32kb_7nm,0.133,1104150528,138780672,0,1.62500,202.5720,146.8520,349.4240,+0.00,196620288,558.6280,+0.00,1221.206,2950.20,0,101.90,765.00
1bitLLM__bitnet_b1_58-large,679477248,0.3664,2.00,bitmap_A,sram_32kb_7nm,0.133,1109984517,136962048,0,1.63359,260.1520,147.6279,407.7799,+16.70,196620288,616.9839,+10.45,1573.656,2319.85,0,101.68,763.34
1bitLLM__bitnet_b1_58-large,679477248,0.3664,2.00,bitmap_B_resident,sram_32kb_7nm,0.133,1111508229,136962048,1523712,1.63583,218.4754,147.8306,366.3060,+4.83,196620288,575.5100,+3.02,1412.194,2585.09,0,101.62,762.91
1bitLLM__bitnet_b1_58-large,679477248,0.3664,2.00,bitmap_B_streamed,sram_32kb_7nm,0.133,1111508229,136962048,1523712,1.63583,248.6909,147.8306,396.5215,+13.48,196620288,605.7255,+8.43,1656.914,2203.28,0,101.62,762.91
1bitLLM__bitnet_b1_58-large,679477248,0.3664,2.00,five_trit,sram_1mb_7nm,0.219,1104150528,138780672,0,1.62500,202.5720,241.8090,444.3809,+0.00,196620288,788.8596,+0.00,1221.206,2950.20,0,101.90,765.00
1bitLLM__bitnet_b1_58-large,679477248,0.3664,2.00,bitmap_A,sram_1mb_7nm,0.219,1109984517,136962048,0,1.63359,260.1520,243.0866,503.2386,+13.24,196620288,847.7173,+7.46,1573.656,2319.85,0,101.68,763.34
1bitLLM__bitnet_b1_58-large,679477248,0.3664,2.00,bitmap_B_resident,sram_1mb_7nm,0.219,1111508229,136962048,1523712,1.63583,218.4754,243.4203,461.8957,+3.94,196620288,806.3744,+2.22,1412.194,2585.09,0,101.62,762.91
1bitLLM__bitnet_b1_58-large,679477248,0.3664,2.00,bitmap_B_streamed,sram_1mb_7nm,0.219,1111508229,136962048,1523712,1.63583,248.6909,243.4203,492.1112,+10.74,196620288,836.5899,+6.05,1656.914,2203.28,0,101.62,762.91
1bitLLM__bitnet_b1_58-large,679477248,0.3664,2.00,five_trit,hbm2,3.97,1104150528,138780672,0,1.62500,202.5720,4383.4776,4586.0496,+0.00,196620288,10830.7099,+0.00,1221.206,2950.20,0,101.90,765.00
1bitLLM__bitnet_b1_58-large,679477248,0.3664,2.00,bitmap_A,hbm2,3.97,1109984517,136962048,0,1.63359,260.1520,4406.6385,4666.7905,+1.76,196620288,10911.4508,+0.75,1573.656,2319.85,0,101.68,763.34
1bitLLM__bitnet_b1_58-large,679477248,0.3664,2.00,bitmap_B_resident,hbm2,3.97,1111508229,136962048,1523712,1.63583,218.4754,4412.6877,4631.1631,+0.98,196620288,10875.8234,+0.42,1412.194,2585.09,0,101.62,762.91
1bitLLM__bitnet_b1_58-large,679477248,0.3664,2.00,bitmap_B_streamed,hbm2,3.97,1111508229,136962048,1523712,1.63583,248.6909,4412.6877,4661.3785,+1.64,196620288,10906.0388,+0.70,1656.914,2203.28,0,101.62,762.91
1bitLLM__bitnet_b1_58-large,679477248,0.3664,2.00,five_trit,hbm2_streamed,3.59,1104150528,138780672,0,1.62500,202.5720,3963.9004,4166.4724,+0.00,196620288,9813.4071,+0.00,1221.206,2950.20,0,101.90,765.00
1bitLLM__bitnet_b1_58-large,679477248,0.3664,2.00,bitmap_A,hbm2_streamed,3.59,1109984517,136962048,0,1.63359,260.1520,3984.8444,4244.9964,+1.88,196620288,9891.9311,+0.80,1573.656,2319.85,0,101.68,763.34
1bitLLM__bitnet_b1_58-large,679477248,0.3664,2.00,bitmap_B_resident,hbm2_streamed,3.59,1111508229,136962048,1523712,1.63583,218.4754,3990.3145,4208.7900,+1.02,196620288,9855.7247,+0.43,1412.194,2585.09,0,101.62,762.91
1bitLLM__bitnet_b1_58-large,679477248,0.3664,2.00,bitmap_B_streamed,hbm2_streamed,3.59,1111508229,136962048,1523712,1.63583,248.6909,3990.3145,4239.0054,+1.74,196620288,9885.9401,+0.74,1656.914,2203.28,0,101.62,762.91
1bitLLM__bitnet_b1_58-large,679477248,0.3664,2.00,five_trit,lpddr4_package,12,1104150528,138780672,0,1.62500,202.5720,13249.8063,13452.3783,+0.00,196620288,32327.9259,+0.00,1221.206,2950.20,0,101.90,765.00
1bitLLM__bitnet_b1_58-large,679477248,0.3664,2.00,bitmap_A,lpddr4_package,12,1109984517,136962048,0,1.63359,260.1520,13319.8142,13579.9662,+0.95,196620288,32455.5138,+0.39,1573.656,2319.85,0,101.68,763.34
1bitLLM__bitnet_b1_58-large,679477248,0.3664,2.00,bitmap_B_resident,lpddr4_package,12,1111508229,136962048,1523712,1.63583,218.4754,13338.0987,13556.5742,+0.77,196620288,32432.1218,+0.32,1412.194,2585.09,0,101.62,762.91
1bitLLM__bitnet_b1_58-large,679477248,0.3664,2.00,bitmap_B_streamed,lpddr4_package,12,1111508229,136962048,1523712,1.63583,248.6909,13338.0987,13586.7896,+1.00,196620288,32462.3372,+0.42,1656.914,2203.28,0,101.62,762.91
1bitLLM__bitnet_b1_58-large,679477248,0.3664,2.00,five_trit,gddr5,14.0,1104150528,138780672,0,1.62500,202.5720,15458.1074,15660.6794,+0.00,196620288,37682.1517,+0.00,1221.206,2950.20,0,101.90,765.00
1bitLLM__bitnet_b1_58-large,679477248,0.3664,2.00,bitmap_A,gddr5,14.0,1109984517,136962048,0,1.63359,260.1520,15539.7832,15799.9352,+0.89,196620288,37821.4075,+0.37,1573.656,2319.85,0,101.68,763.34
1bitLLM__bitnet_b1_58-large,679477248,0.3664,2.00,bitmap_B_resident,gddr5,14.0,1111508229,136962048,1523712,1.63583,218.4754,15561.1152,15779.5906,+0.76,196620288,37801.0629,+0.32,1412.194,2585.09,0,101.62,762.91
1bitLLM__bitnet_b1_58-large,679477248,0.3664,2.00,bitmap_B_streamed,gddr5,14.0,1111508229,136962048,1523712,1.63583,248.6909,15561.1152,15809.8061,+0.95,196620288,37831.2784,+0.40,1656.914,2203.28,0,101.62,762.91
1bitLLM__bitnet_b1_58-large,679477248,0.3664,2.00,five_trit,dram_45nm_horowitz,30.5,1104150528,138780672,0,1.62500,202.5720,33676.5911,33879.1631,+0.00,196620288,81854.5134,+0.00,1221.206,2950.20,0,101.90,765.00
1bitLLM__bitnet_b1_58-large,679477248,0.3664,2.00,bitmap_A,dram_45nm_horowitz,30.5,1109984517,136962048,0,1.63359,260.1520,33854.5278,34114.6798,+0.70,196620288,82090.0301,+0.29,1573.656,2319.85,0,101.68,763.34
1bitLLM__bitnet_b1_58-large,679477248,0.3664,2.00,bitmap_B_resident,dram_45nm_horowitz,30.5,1111508229,136962048,1523712,1.63583,218.4754,33901.0010,34119.4764,+0.71,196620288,82094.8267,+0.29,1412.194,2585.09,0,101.62,762.91
1bitLLM__bitnet_b1_58-large,679477248,0.3664,2.00,bitmap_B_streamed,dram_45nm_horowitz,30.5,1111508229,136962048,1523712,1.63583,248.6909,33901.0010,34149.6919,+0.80,196620288,82125.0422,+0.33,1656.914,2203.28,0,101.62,762.91
1bitLLM__bitnet_b1_58-large,679477248,0.3664,2.00,five_trit,ddr3_peak,70,1104150528,138780672,0,1.62500,202.5720,77290.5370,77493.1089,+0.00,196620288,187600.4702,+0.00,1221.206,2950.20,0,101.90,765.00
1bitLLM__bitnet_b1_58-large,679477248,0.3664,2.00,bitmap_A,ddr3_peak,70,1109984517,136962048,0,1.63359,260.1520,77698.9162,77959.0682,+0.60,196620288,188066.4295,+0.25,1573.656,2319.85,0,101.68,763.34
1bitLLM__bitnet_b1_58-large,679477248,0.3664,2.00,bitmap_B_resident,ddr3_peak,70,1111508229,136962048,1523712,1.63583,218.4754,77805.5760,78024.0514,+0.69,196620288,188131.4127,+0.28,1412.194,2585.09,0,101.62,762.91
1bitLLM__bitnet_b1_58-large,679477248,0.3664,2.00,bitmap_B_streamed,ddr3_peak,70,1111508229,136962048,1523712,1.63583,248.6909,77805.5760,78054.2669,+0.72,196620288,188161.6282,+0.30,1656.914,2203.28,0,101.62,762.91
1bitLLM__bitnet_b1_58-large,679477248,0.3664,2.50,five_trit,sram_8kb_45nm,0.156,1104150528,138780672,0,1.62500,197.1905,172.2475,369.4380,+0.00,196620288,614.8201,+0.00,1200.192,2401.49,0,101.90,765.00
1bitLLM__bitnet_b1_58-large,679477248,0.3664,2.50,bitmap_A,sram_8kb_45nm,0.156,1109984517,136962048,0,1.63359,260.7257,173.1576,433.8833,+17.44,196620288,679.2654,+10.48,1545.726,1889.41,0,101.68,763.34
1bitLLM__bitnet_b1_58-large,679477248,0.3664,2.50,bitmap_B_resident,sram_8kb_45nm,0.156,1111508229,136962048,1523712,1.63583,216.3055,173.3953,389.7007,+5.48,196620288,635.0828,+3.30,1386.658,2106.16,0,101.62,762.91
1bitLLM__bitnet_b1_58-large,679477248,0.3664,2.50,bitmap_B_streamed,sram_8kb_45nm,0.156,1111508229,136962048,1523712,1.63583,246.8341,173.3953,420.2294,+13.75,196620288,665.6115,+8.26,1631.378,1790.21,0,101.62,762.91
1bitLLM__bitnet_b1_58-large,679477248,0.3664,2.50,five_trit,sram_32kb_45nm,0.313,1104150528,138780672,0,1.62500,197.1905,345.5991,542.7896,+0.00,196620288,1035.1268,+0.00,1200.192,2401.49,0,101.90,765.00
1bitLLM__bitnet_b1_58-large,679477248,0.3664,2.50,bitmap_A,sram_32kb_45nm,0.313,1109984517,136962048,0,1.63359,260.7257,347.4252,608.1509,+12.04,196620288,1100.4881,+6.31,1545.726,1889.41,0,101.68,763.34
1bitLLM__bitnet_b1_58-large,679477248,0.3664,2.50,bitmap_B_resident,sram_32kb_45nm,0.313,1111508229,136962048,1523712,1.63583,216.3055,347.9021,564.2075,+3.95,196620288,1056.5447,+2.07,1386.658,2106.16,0,101.62,762.91
1bitLLM__bitnet_b1_58-large,679477248,0.3664,2.50,bitmap_B_streamed,sram_32kb_45nm,0.313,1111508229,136962048,1523712,1.63583,246.8341,347.9021,594.7362,+9.57,196620288,1087.0734,+5.02,1631.378,1790.21,0,101.62,762.91
1bitLLM__bitnet_b1_58-large,679477248,0.3664,2.50,five_trit,sram_1mb_45nm,1.563,1104150528,138780672,0,1.62500,197.1905,1725.7873,1922.9778,+0.00,196620288,4381.5179,+0.00,1200.192,2401.49,0,101.90,765.00
1bitLLM__bitnet_b1_58-large,679477248,0.3664,2.50,bitmap_A,sram_1mb_45nm,1.563,1109984517,136962048,0,1.63359,260.7257,1734.9058,1995.6315,+3.78,196620288,4454.1716,+1.66,1545.726,1889.41,0,101.68,763.34
1bitLLM__bitnet_b1_58-large,679477248,0.3664,2.50,bitmap_B_resident,sram_1mb_45nm,1.563,1111508229,136962048,1523712,1.63583,216.3055,1737.2874,1953.5928,+1.59,196620288,4412.1329,+0.70,1386.658,2106.16,0,101.62,762.91
1bitLLM__bitnet_b1_58-large,679477248,0.3664,2.50,bitmap_B_streamed,sram_1mb_45nm,1.563,1111508229,136962048,1523712,1.63583,246.8341,1737.2874,1984.1215,+3.18,196620288,4442.6616,+1.40,1631.378,1790.21,0,101.62,762.91
1bitLLM__bitnet_b1_58-large,679477248,0.3664,2.50,five_trit,sram_1mb_45nm_cacti,1.058,1104150528,138780672,0,1.62500,197.1905,1168.1913,1365.3817,+0.00,196620288,3029.5758,+0.00,1200.192,2401.49,0,101.90,765.00
1bitLLM__bitnet_b1_58-large,679477248,0.3664,2.50,bitmap_A,sram_1mb_45nm_cacti,1.058,1109984517,136962048,0,1.63359,260.7257,1174.3636,1435.0894,+5.11,196620288,3099.2835,+2.30,1545.726,1889.41,0,101.68,763.34
1bitLLM__bitnet_b1_58-large,679477248,0.3664,2.50,bitmap_B_resident,sram_1mb_45nm_cacti,1.058,1111508229,136962048,1523712,1.63583,216.3055,1175.9757,1392.2812,+1.97,196620288,3056.4753,+0.89,1386.658,2106.16,0,101.62,762.91
1bitLLM__bitnet_b1_58-large,679477248,0.3664,2.50,bitmap_B_streamed,sram_1mb_45nm_cacti,1.058,1111508229,136962048,1523712,1.63583,246.8341,1175.9757,1422.8098,+4.21,196620288,3087.0039,+1.90,1631.378,1790.21,0,101.62,762.91
1bitLLM__bitnet_b1_58-large,679477248,0.3664,2.50,five_trit,sram_32kb_7nm,0.133,1104150528,138780672,0,1.62500,197.1905,146.8520,344.0425,+0.00,196620288,553.2465,+0.00,1200.192,2401.49,0,101.90,765.00
1bitLLM__bitnet_b1_58-large,679477248,0.3664,2.50,bitmap_A,sram_32kb_7nm,0.133,1109984517,136962048,0,1.63359,260.7257,147.6279,408.3537,+18.69,196620288,617.5577,+11.62,1545.726,1889.41,0,101.68,763.34
1bitLLM__bitnet_b1_58-large,679477248,0.3664,2.50,bitmap_B_resident,sram_32kb_7nm,0.133,1111508229,136962048,1523712,1.63583,216.3055,147.8306,364.1361,+5.84,196620288,573.3401,+3.63,1386.658,2106.16,0,101.62,762.91
1bitLLM__bitnet_b1_58-large,679477248,0.3664,2.50,bitmap_B_streamed,sram_32kb_7nm,0.133,1111508229,136962048,1523712,1.63583,246.8341,147.8306,394.6647,+14.71,196620288,603.8687,+9.15,1631.378,1790.21,0,101.62,762.91
1bitLLM__bitnet_b1_58-large,679477248,0.3664,2.50,five_trit,sram_1mb_7nm,0.219,1104150528,138780672,0,1.62500,197.1905,241.8090,438.9995,+0.00,196620288,783.4782,+0.00,1200.192,2401.49,0,101.90,765.00
1bitLLM__bitnet_b1_58-large,679477248,0.3664,2.50,bitmap_A,sram_1mb_7nm,0.219,1109984517,136962048,0,1.63359,260.7257,243.0866,503.8123,+14.76,196620288,848.2910,+8.27,1545.726,1889.41,0,101.68,763.34
1bitLLM__bitnet_b1_58-large,679477248,0.3664,2.50,bitmap_B_resident,sram_1mb_7nm,0.219,1111508229,136962048,1523712,1.63583,216.3055,243.4203,459.7258,+4.72,196620288,804.2045,+2.65,1386.658,2106.16,0,101.62,762.91
1bitLLM__bitnet_b1_58-large,679477248,0.3664,2.50,bitmap_B_streamed,sram_1mb_7nm,0.219,1111508229,136962048,1523712,1.63583,246.8341,243.4203,490.2544,+11.68,196620288,834.7331,+6.54,1631.378,1790.21,0,101.62,762.91
1bitLLM__bitnet_b1_58-large,679477248,0.3664,2.50,five_trit,hbm2,3.97,1104150528,138780672,0,1.62500,197.1905,4383.4776,4580.6681,+0.00,196620288,10825.3284,+0.00,1200.192,2401.49,0,101.90,765.00
1bitLLM__bitnet_b1_58-large,679477248,0.3664,2.50,bitmap_A,hbm2,3.97,1109984517,136962048,0,1.63359,260.7257,4406.6385,4667.3643,+1.89,196620288,10912.0246,+0.80,1545.726,1889.41,0,101.68,763.34
1bitLLM__bitnet_b1_58-large,679477248,0.3664,2.50,bitmap_B_resident,hbm2,3.97,1111508229,136962048,1523712,1.63583,216.3055,4412.6877,4628.9931,+1.05,196620288,10873.6534,+0.45,1386.658,2106.16,0,101.62,762.91
1bitLLM__bitnet_b1_58-large,679477248,0.3664,2.50,bitmap_B_streamed,hbm2,3.97,1111508229,136962048,1523712,1.63583,246.8341,4412.6877,4659.5218,+1.72,196620288,10904.1821,+0.73,1631.378,1790.21,0,101.62,762.91
1bitLLM__bitnet_b1_58-large,679477248,0.3664,2.50,five_trit,hbm2_streamed,3.59,1104150528,138780672,0,1.62500,197.1905,3963.9004,4161.0909,+0.00,196620288,9808.0256,+0.00,1200.192,2401.49,0,101.90,765.00
1bitLLM__bitnet_b1_58-large,679477248,0.3664,2.50,bitmap_A,hbm2_streamed,3.59,1109984517,136962048,0,1.63359,260.7257,3984.8444,4245.5702,+2.03,196620288,9892.5049,+0.86,1545.726,1889.41,0,101.68,763.34
1bitLLM__bitnet_b1_58-large,679477248,0.3664,2.50,bitmap_B_resident,hbm2_streamed,3.59,1111508229,136962048,1523712,1.63583,216.3055,3990.3145,4206.6200,+1.09,196620288,9853.5547,+0.46,1386.658,2106.16,0,101.62,762.91
1bitLLM__bitnet_b1_58-large,679477248,0.3664,2.50,bitmap_B_streamed,hbm2_streamed,3.59,1111508229,136962048,1523712,1.63583,246.8341,3990.3145,4237.1487,+1.83,196620288,9884.0834,+0.78,1631.378,1790.21,0,101.62,762.91
1bitLLM__bitnet_b1_58-large,679477248,0.3664,2.50,five_trit,lpddr4_package,12,1104150528,138780672,0,1.62500,197.1905,13249.8063,13446.9968,+0.00,196620288,32322.5444,+0.00,1200.192,2401.49,0,101.90,765.00
1bitLLM__bitnet_b1_58-large,679477248,0.3664,2.50,bitmap_A,lpddr4_package,12,1109984517,136962048,0,1.63359,260.7257,13319.8142,13580.5399,+0.99,196620288,32456.0875,+0.41,1545.726,1889.41,0,101.68,763.34
1bitLLM__bitnet_b1_58-large,679477248,0.3664,2.50,bitmap_B_resident,lpddr4_package,12,1111508229,136962048,1523712,1.63583,216.3055,13338.0987,13554.4042,+0.80,196620288,32429.9518,+0.33,1386.658,2106.16,0,101.62,762.91
1bitLLM__bitnet_b1_58-large,679477248,0.3664,2.50,bitmap_B_streamed,lpddr4_package,12,1111508229,136962048,1523712,1.63583,246.8341,13338.0987,13584.9329,+1.03,196620288,32460.4805,+0.43,1631.378,1790.21,0,101.62,762.91
1bitLLM__bitnet_b1_58-large,679477248,0.3664,2.50,five_trit,gddr5,14.0,1104150528,138780672,0,1.62500,197.1905,15458.1074,15655.2979,+0.00,196620288,37676.7702,+0.00,1200.192,2401.49,0,101.90,765.00
1bitLLM__bitnet_b1_58-large,679477248,0.3664,2.50,bitmap_A,gddr5,14.0,1109984517,136962048,0,1.63359,260.7257,15539.7832,15800.5090,+0.93,196620288,37821.9813,+0.39,1545.726,1889.41,0,101.68,763.34
1bitLLM__bitnet_b1_58-large,679477248,0.3664,2.50,bitmap_B_resident,gddr5,14.0,1111508229,136962048,1523712,1.63583,216.3055,15561.1152,15777.4207,+0.78,196620288,37798.8930,+0.32,1386.658,2106.16,0,101.62,762.91
1bitLLM__bitnet_b1_58-large,679477248,0.3664,2.50,bitmap_B_streamed,gddr5,14.0,1111508229,136962048,1523712,1.63583,246.8341,15561.1152,15807.9493,+0.98,196620288,37829.4216,+0.41,1631.378,1790.21,0,101.62,762.91
1bitLLM__bitnet_b1_58-large,679477248,0.3664,2.50,five_trit,dram_45nm_horowitz,30.5,1104150528,138780672,0,1.62500,197.1905,33676.5911,33873.7816,+0.00,196620288,81849.1319,+0.00,1200.192,2401.49,0,101.90,765.00
1bitLLM__bitnet_b1_58-large,679477248,0.3664,2.50,bitmap_A,dram_45nm_horowitz,30.5,1109984517,136962048,0,1.63359,260.7257,33854.5278,34115.2535,+0.71,196620288,82090.6038,+0.30,1545.726,1889.41,0,101.68,763.34
1bitLLM__bitnet_b1_58-large,679477248,0.3664,2.50,bitmap_B_resident,dram_45nm_horowitz,30.5,1111508229,136962048,1523712,1.63583,216.3055,33901.0010,34117.3064,+0.72,196620288,82092.6567,+0.30,1386.658,2106.16,0,101.62,762.91
1bitLLM__bitnet_b1_58-large,679477248,0.3664,2.50,bitmap_B_streamed,dram_45nm_horowitz,30.5,1111508229,136962048,1523712,1.63583,246.8341,33901.0010,34147.8351,+0.81,196620288,82123.1854,+0.33,1631.378,1790.21,0,101.62,762.91
1bitLLM__bitnet_b1_58-large,679477248,0.3664,2.50,five_trit,ddr3_peak,70,1104150528,138780672,0,1.62500,197.1905,77290.5370,77487.7275,+0.00,196620288,187595.0888,+0.00,1200.192,2401.49,0,101.90,765.00
1bitLLM__bitnet_b1_58-large,679477248,0.3664,2.50,bitmap_A,ddr3_peak,70,1109984517,136962048,0,1.63359,260.7257,77698.9162,77959.6419,+0.61,196620288,188067.0032,+0.25,1545.726,1889.41,0,101.68,763.34
1bitLLM__bitnet_b1_58-large,679477248,0.3664,2.50,bitmap_B_resident,ddr3_peak,70,1111508229,136962048,1523712,1.63583,216.3055,77805.5760,78021.8815,+0.69,196620288,188129.2428,+0.28,1386.658,2106.16,0,101.62,762.91
1bitLLM__bitnet_b1_58-large,679477248,0.3664,2.50,bitmap_B_streamed,ddr3_peak,70,1111508229,136962048,1523712,1.63583,246.8341,77805.5760,78052.4102,+0.73,196620288,188159.7715,+0.30,1631.378,1790.21,0,101.62,762.91
HF1BitLLM__Llama3-8B-1.58-100B-tokens,6979321856,0.3566,1.60,five_trit,sram_8kb_45nm,0.156,11341398016,1420427264,0,1.62500,2462.4774,1769.2581,4231.7355,+0.00,1050673152,5542.9756,+0.00,1373.358,320.39,0,13.81,103.71
HF1BitLLM__Llama3-8B-1.58-100B-tokens,6979321856,0.3566,1.60,bitmap_A,sram_8kb_45nm,0.156,11469517943,1399717888,0,1.64336,2908.5858,1789.2448,4697.8306,+11.01,1050673152,6009.0706,+8.41,1624.994,274.78,0,13.73,103.04
HF1BitLLM__Llama3-8B-1.58-100B-tokens,6979321856,0.3566,1.60,bitmap_B_resident,sram_8kb_45nm,0.156,11475022967,1399717888,5505024,1.64415,2410.1494,1790.1036,4200.2530,-0.74,1050673152,5511.4931,-0.57,1448.636,308.23,0,13.72,103.02
HF1BitLLM__Llama3-8B-1.58-100B-tokens,6979321856,0.3566,1.60,bitmap_B_streamed,sram_8kb_45nm,0.156,11475022967,1399717888,5505024,1.64415,2717.6606,1790.1036,4507.7642,+6.52,1050673152,5819.0043,+4.98,1693.356,263.69,0,13.72,103.02
HF1BitLLM__Llama3-8B-1.58-100B-tokens,6979321856,0.3566,1.60,five_trit,sram_32kb_45nm,0.313,11341398016,1420427264,0,1.62500,2462.4774,3549.8576,6012.3350,+0.00,1050673152,8643.2206,+0.00,1373.358,320.39,0,13.81,103.71
HF1BitLLM__Llama3-8B-1.58-100B-tokens,6979321856,0.3566,1.60,bitmap_A,sram_32kb_45nm,0.313,11469517943,1399717888,0,1.64336,2908.5858,3589.9591,6498.5449,+8.09,1050673152,9129.4304,+5.63,1624.994,274.78,0,13.73,103.04
HF1BitLLM__Llama3-8B-1.58-100B-tokens,6979321856,0.3566,1.60,bitmap_B_resident,sram_32kb_45nm,0.313,11475022967,1399717888,5505024,1.64415,2410.1494,3591.6822,6001.8316,-0.17,1050673152,8632.7172,-0.12,1448.636,308.23,0,13.72,103.02
HF1BitLLM__Llama3-8B-1.58-100B-tokens,6979321856,0.3566,1.60,bitmap_B_streamed,sram_32kb_45nm,0.313,11475022967,1399717888,5505024,1.64415,2717.6606,3591.6822,6309.3428,+4.94,1050673152,8940.2284,+3.44,1693.356,263.69,0,13.72,103.02
HF1BitLLM__Llama3-8B-1.58-100B-tokens,6979321856,0.3566,1.60,five_trit,sram_1mb_45nm,1.563,11341398016,1420427264,0,1.62500,2462.4774,17726.6051,20189.0825,+0.00,1050673152,33326.6996,+0.00,1373.358,320.39,0,13.81,103.71
HF1BitLLM__Llama3-8B-1.58-100B-tokens,6979321856,0.3566,1.60,bitmap_A,sram_1mb_45nm,1.563,11469517943,1399717888,0,1.64336,2908.5858,17926.8565,20835.4423,+3.20,1050673152,33973.0594,+1.94,1624.994,274.78,0,13.73,103.04
HF1BitLLM__Llama3-8B-1.58-100B-tokens,6979321856,0.3566,1.60,bitmap_B_resident,sram_1mb_45nm,1.563,11475022967,1399717888,5505024,1.64415,2410.1494,17935.4609,20345.6103,+0.78,1050673152,33483.2274,+0.47,1448.636,308.23,0,13.72,103.02
HF1BitLLM__Llama3-8B-1.58-100B-tokens,6979321856,0.3566,1.60,bitmap_B_streamed,sram_1mb_45nm,1.563,11475022967,1399717888,5505024,1.64415,2717.6606,17935.4609,20653.1215,+2.30,1050673152,33790.7386,+1.39,1693.356,263.69,0,13.72,103.02
HF1BitLLM__Llama3-8B-1.58-100B-tokens,6979321856,0.3566,1.60,five_trit,sram_1mb_45nm_cacti,1.058,11341398016,1420427264,0,1.62500,2462.4774,11999.1991,14461.6765,+0.00,1050673152,23354.5741,+0.00,1373.358,320.39,0,13.81,103.71
HF1BitLLM__Llama3-8B-1.58-100B-tokens,6979321856,0.3566,1.60,bitmap_A,sram_1mb_45nm_cacti,1.058,11469517943,1399717888,0,1.64336,2908.5858,12134.7500,15043.3357,+4.02,1050673152,23936.2333,+2.49,1624.994,274.78,0,13.73,103.04
HF1BitLLM__Llama3-8B-1.58-100B-tokens,6979321856,0.3566,1.60,bitmap_B_resident,sram_1mb_45nm_cacti,1.058,11475022967,1399717888,5505024,1.64415,2410.1494,12140.5743,14550.7237,+0.62,1050673152,23443.6213,+0.38,1448.636,308.23,0,13.72,103.02
HF1BitLLM__Llama3-8B-1.58-100B-tokens,6979321856,0.3566,1.60,bitmap_B_streamed,sram_1mb_45nm_cacti,1.058,11475022967,1399717888,5505024,1.64415,2717.6606,12140.5743,14858.2349,+2.74,1050673152,23751.1325,+1.70,1693.356,263.69,0,13.72,103.02
HF1BitLLM__Llama3-8B-1.58-100B-tokens,6979321856,0.3566,1.60,five_trit,sram_32kb_7nm,0.133,11341398016,1420427264,0,1.62500,2462.4774,1508.4059,3970.8833,+0.00,1050673152,5088.7996,+0.00,1373.358,320.39,0,13.81,103.71
HF1BitLLM__Llama3-8B-1.58-100B-tokens,6979321856,0.3566,1.60,bitmap_A,sram_32kb_7nm,0.133,11469517943,1399717888,0,1.64336,2908.5858,1525.4459,4434.0316,+11.66,1050673152,5551.9479,+9.10,1624.994,274.78,0,13.73,103.04
HF1BitLLM__Llama3-8B-1.58-100B-tokens,6979321856,0.3566,1.60,bitmap_B_resident,sram_32kb_7nm,0.133,11475022967,1399717888,5505024,1.64415,2410.1494,1526.1781,3936.3275,-0.87,1050673152,5054.2437,-0.68,1448.636,308.23,0,13.72,103.02
HF1BitLLM__Llama3-8B-1.58-100B-tokens,6979321856,0.3566,1.60,bitmap_B_streamed,sram_32kb_7nm,0.133,11475022967,1399717888,5505024,1.64415,2717.6606,1526.1781,4243.8387,+6.87,1050673152,5361.7549,+5.36,1693.356,263.69,0,13.72,103.02
HF1BitLLM__Llama3-8B-1.58-100B-tokens,6979321856,0.3566,1.60,five_trit,sram_1mb_7nm,0.219,11341398016,1420427264,0,1.62500,2462.4774,2483.7662,4946.2436,+0.00,1050673152,6787.0229,+0.00,1373.358,320.39,0,13.81,103.71
HF1BitLLM__Llama3-8B-1.58-100B-tokens,6979321856,0.3566,1.60,bitmap_A,sram_1mb_7nm,0.219,11469517943,1399717888,0,1.64336,2908.5858,2511.8244,5420.4102,+9.59,1050673152,7261.1895,+6.99,1624.994,274.78,0,13.73,103.04
HF1BitLLM__Llama3-8B-1.58-100B-tokens,6979321856,0.3566,1.60,bitmap_B_resident,sram_1mb_7nm,0.219,11475022967,1399717888,5505024,1.64415,2410.1494,2513.0300,4923.1795,-0.47,1050673152,6763.9588,-0.34,1448.636,308.23,0,13.72,103.02
HF1BitLLM__Llama3-8B-1.58-100B-tokens,6979321856,0.3566,1.60,bitmap_B_streamed,sram_1mb_7nm,0.219,11475022967,1399717888,5505024,1.64415,2717.6606,2513.0300,5230.6907,+5.75,1050673152,7071.4700,+4.19,1693.356,263.69,0,13.72,103.02
HF1BitLLM__Llama3-8B-1.58-100B-tokens,6979321856,0.3566,1.60,five_trit,hbm2,3.97,11341398016,1420427264,0,1.62500,2462.4774,45025.3501,47487.8275,+0.00,1050673152,80857.2068,+0.00,1373.358,320.39,0,13.81,103.71
HF1BitLLM__Llama3-8B-1.58-100B-tokens,6979321856,0.3566,1.60,bitmap_A,hbm2,3.97,11469517943,1399717888,0,1.64336,2908.5858,45533.9862,48442.5720,+2.01,1050673152,81811.9513,+1.18,1624.994,274.78,0,13.73,103.04
HF1BitLLM__Llama3-8B-1.58-100B-tokens,6979321856,0.3566,1.60,bitmap_B_resident,hbm2,3.97,11475022967,1399717888,5505024,1.64415,2410.1494,45555.8412,47965.9906,+1.01,1050673152,81335.3699,+0.59,1448.636,308.23,0,13.72,103.02
HF1BitLLM__Llama3-8B-1.58-100B-tokens,6979321856,0.3566,1.60,bitmap_B_streamed,hbm2,3.97,11475022967,1399717888,5505024,1.64415,2717.6606,45555.8412,48273.5018,+1.65,1050673152,81642.8811,+0.97,1693.356,263.69,0,13.72,103.02
HF1BitLLM__Llama3-8B-1.58-100B-tokens,6979321856,0.3566,1.60,five_trit,hbm2_streamed,3.59,11341398016,1420427264,0,1.62500,2462.4774,40715.6189,43178.0963,+0.00,1050673152,73353.4292,+0.00,1373.358,320.39,0,13.81,103.71
HF1BitLLM__Llama3-8B-1.58-100B-tokens,6979321856,0.3566,1.60,bitmap_A,hbm2_streamed,3.59,11469517943,1399717888,0,1.64336,2908.5858,41175.5694,44084.1552,+2.10,1050673152,74259.4881,+1.24,1624.994,274.78,0,13.73,103.04
HF1BitLLM__Llama3-8B-1.58-100B-tokens,6979321856,0.3566,1.60,bitmap_B_resident,hbm2_streamed,3.59,11475022967,1399717888,5505024,1.64415,2410.1494,41195.3325,43605.4819,+0.99,1050673152,73780.8148,+0.58,1448.636,308.23,0,13.72,103.02
HF1BitLLM__Llama3-8B-1.58-100B-tokens,6979321856,0.3566,1.60,bitmap_B_streamed,hbm2_streamed,3.59,11475022967,1399717888,5505024,1.64415,2717.6606,41195.3325,43912.9931,+1.70,1050673152,74088.3260,+1.00,1693.356,263.69,0,13.72,103.02
HF1BitLLM__Llama3-8B-1.58-100B-tokens,6979321856,0.3566,1.60,five_trit,lpddr4_package,12,11341398016,1420427264,0,1.62500,2462.4774,136096.7762,138559.2536,+0.00,1050673152,239423.8762,+0.00,1373.358,320.39,0,13.81,103.71
HF1BitLLM__Llama3-8B-1.58-100B-tokens,6979321856,0.3566,1.60,bitmap_A,lpddr4_package,12,11469517943,1399717888,0,1.64336,2908.5858,137634.2153,140542.8011,+1.43,1050673152,241407.4237,+0.83,1624.994,274.78,0,13.73,103.04
HF1BitLLM__Llama3-8B-1.58-100B-tokens,6979321856,0.3566,1.60,bitmap_B_resident,lpddr4_package,12,11475022967,1399717888,5505024,1.64415,2410.1494,137700.2756,140110.4250,+1.12,1050673152,240975.0476,+0.65,1448.636,308.23,0,13.72,103.02
HF1BitLLM__Llama3-8B-1.58-100B-tokens,6979321856,0.3566,1.60,bitmap_B_streamed,lpddr4_package,12,11475022967,1399717888,5505024,1.64415,2717.6606,137700.2756,140417.9362,+1.34,1050673152,241282.5588,+0.78,1693.356,263.69,0,13.72,103.02
HF1BitLLM__Llama3-8B-1.58-100B-tokens,6979321856,0.3566,1.60,five_trit,gddr5,14.0,11341398016,1420427264,0,1.62500,2462.4774,158779.5722,161242.0496,+0.00,1050673152,278917.4426,+0.00,1373.358,320.39,0,13.81,103.71
HF1BitLLM__Llama3-8B-1.58-100B-tokens,6979321856,0.3566,1.60,bitmap_A,gddr5,14.0,11469517943,1399717888,0,1.64336,2908.5858,160573.2512,163481.8370,+1.39,1050673152,281157.2300,+0.80,1624.994,274.78,0,13.73,103.04
HF1BitLLM__Llama3-8B-1.58-100B-tokens,6979321856,0.3566,1.60,bitmap_B_resident,gddr5,14.0,11475022967,1399717888,5505024,1.64415,2410.1494,160650.3215,163060.4710,+1.13,1050673152,280735.8640,+0.65,1448.636,308.23,0,13.72,103.02
HF1BitLLM__Llama3-8B-1.58-100B-tokens,6979321856,0.3566,1.60,bitmap_B_streamed,gddr5,14.0,11475022967,1399717888,5505024,1.64415,2717.6606,160650.3215,163367.9822,+1.32,1050673152,281043.3752,+0.76,1693.356,263.69,0,13.72,103.02
HF1BitLLM__Llama3-8B-1.58-100B-tokens,6979321856,0.3566,1.60,five_trit,dram_45nm_horowitz,30.5,11341398016,1420427264,0,1.62500,2462.4774,345912.6395,348375.1169,+0.00,1050673152,604739.3660,+0.00,1373.358,320.39,0,13.81,103.71
HF1BitLLM__Llama3-8B-1.58-100B-tokens,6979321856,0.3566,1.60,bitmap_A,dram_45nm_horowitz,30.5,11469517943,1399717888,0,1.64336,2908.5858,349820.2973,352728.8830,+1.25,1050673152,609093.1321,+0.72,1624.994,274.78,0,13.73,103.04
HF1BitLLM__Llama3-8B-1.58-100B-tokens,6979321856,0.3566,1.60,bitmap_B_resident,dram_45nm_horowitz,30.5,11475022967,1399717888,5505024,1.64415,2410.1494,349988.2005,352398.3499,+1.15,1050673152,608762.5990,+0.67,1448.636,308.23,0,13.72,103.02
HF1BitLLM__Llama3-8B-1.58-100B-tokens,6979321856,0.3566,1.60,bitmap_B_streamed,dram_45nm_horowitz,30.5,11475022967,1399717888,5505024,1.64415,2717.6606,349988.2005,352705.8611,+1.24,1050673152,609070.1102,+0.72,1693.356,263.69,0,13.72,103.02
HF1BitLLM__Llama3-8B-1.58-100B-tokens,6979321856,0.3566,1.60,five_trit,ddr3_peak,70,11341398016,1420427264,0,1.62500,2462.4774,793897.8611,796360.3385,+0.00,1050673152,1384737.3036,+0.00,1373.358,320.39,0,13.81,103.71
HF1BitLLM__Llama3-8B-1.58-100B-tokens,6979321856,0.3566,1.60,bitmap_A,ddr3_peak,70,11469517943,1399717888,0,1.64336,2908.5858,802866.2560,805774.8418,+1.18,1050673152,1394151.8069,+0.68,1624.994,274.78,0,13.73,103.04
HF1BitLLM__Llama3-8B-1.58-100B-tokens,6979321856,0.3566,1.60,bitmap_B_resident,ddr3_peak,70,11475022967,1399717888,5505024,1.64415,2410.1494,803251.6077,805661.7571,+1.17,1050673152,1394038.7222,+0.67,1448.636,308.23,0,13.72,103.02
HF1BitLLM__Llama3-8B-1.58-100B-tokens,6979321856,0.3566,1.60,bitmap_B_streamed,ddr3_peak,70,11475022967,1399717888,5505024,1.64415,2717.6606,803251.6077,805969.2683,+1.21,1050673152,1394346.2334,+0.69,1693.356,263.69,0,13.72,103.02
HF1BitLLM__Llama3-8B-1.58-100B-tokens,6979321856,0.3566,2.00,five_trit,sram_8kb_45nm,0.156,11341398016,1420427264,0,1.62500,2077.1802,1769.2581,3846.4383,+0.00,1050673152,5157.6784,+0.00,1221.206,288.25,0,13.81,103.71
HF1BitLLM__Llama3-8B-1.58-100B-tokens,6979321856,0.3566,2.00,bitmap_A,sram_8kb_45nm,0.156,11469517943,1399717888,0,1.64336,2660.3692,1789.2448,4449.6140,+15.68,1050673152,5760.8541,+11.69,1573.656,227.00,0,13.73,103.04
HF1BitLLM__Llama3-8B-1.58-100B-tokens,6979321856,0.3566,2.00,bitmap_B_resident,sram_8kb_45nm,0.156,11475022967,1399717888,5505024,1.64415,2235.2008,1790.1036,4025.3044,+4.65,1050673152,5336.5444,+3.47,1412.194,252.95,0,13.72,103.02
HF1BitLLM__Llama3-8B-1.58-100B-tokens,6979321856,0.3566,2.00,bitmap_B_streamed,sram_8kb_45nm,0.156,11475022967,1399717888,5505024,1.64415,2545.2738,1790.1036,4335.3774,+12.71,1050673152,5646.6175,+9.48,1656.914,215.59,0,13.72,103.02
HF1BitLLM__Llama3-8B-1.58-100B-tokens,6979321856,0.3566,2.00,five_trit,sram_32kb_45nm,0.313,11341398016,1420427264,0,1.62500,2077.1802,3549.8576,5627.0378,+0.00,1050673152,8257.9234,+0.00,1221.206,288.25,0,13.81,103.71
HF1BitLLM__Llama3-8B-1.58-100B-tokens,6979321856,0.3566,2.00,bitmap_A,sram_32kb_45nm,0.313,11469517943,1399717888,0,1.64336,2660.3692,3589.9591,6250.3283,+11.08,1050673152,8881.2139,+7.55,1573.656,227.00,0,13.73,103.04
HF1BitLLM__Llama3-8B-1.58-100B-tokens,6979321856,0.3566,2.00,bitmap_B_resident,sram_32kb_45nm,0.313,11475022967,1399717888,5505024,1.64415,2235.2008,3591.6822,5826.8830,+3.55,1050673152,8457.7685,+2.42,1412.194,252.95,0,13.72,103.02
HF1BitLLM__Llama3-8B-1.58-100B-tokens,6979321856,0.3566,2.00,bitmap_B_streamed,sram_32kb_45nm,0.313,11475022967,1399717888,5505024,1.64415,2545.2738,3591.6822,6136.9560,+9.06,1050673152,8767.8416,+6.17,1656.914,215.59,0,13.72,103.02
HF1BitLLM__Llama3-8B-1.58-100B-tokens,6979321856,0.3566,2.00,five_trit,sram_1mb_45nm,1.563,11341398016,1420427264,0,1.62500,2077.1802,17726.6051,19803.7853,+0.00,1050673152,32941.4024,+0.00,1221.206,288.25,0,13.81,103.71
HF1BitLLM__Llama3-8B-1.58-100B-tokens,6979321856,0.3566,2.00,bitmap_A,sram_1mb_45nm,1.563,11469517943,1399717888,0,1.64336,2660.3692,17926.8565,20587.2257,+3.96,1050673152,33724.8428,+2.38,1573.656,227.00,0,13.73,103.04
HF1BitLLM__Llama3-8B-1.58-100B-tokens,6979321856,0.3566,2.00,bitmap_B_resident,sram_1mb_45nm,1.563,11475022967,1399717888,5505024,1.64415,2235.2008,17935.4609,20170.6617,+1.85,1050673152,33308.2788,+1.11,1412.194,252.95,0,13.72,103.02
HF1BitLLM__Llama3-8B-1.58-100B-tokens,6979321856,0.3566,2.00,bitmap_B_streamed,sram_1mb_45nm,1.563,11475022967,1399717888,5505024,1.64415,2545.2738,17935.4609,20480.7347,+3.42,1050673152,33618.3518,+2.06,1656.914,215.59,0,13.72,103.02
HF1BitLLM__Llama3-8B-1.58-100B-tokens,6979321856,0.3566,2.00,five_trit,sram_1mb_45nm_cacti,1.058,11341398016,1420427264,0,1.62500,2077.1802,11999.1991,14076.3793,+0.00,1050673152,22969.2769,+0.00,1221.206,288.25,0,13.81,103.71
HF1BitLLM__Llama3-8B-1.58-100B-tokens,6979321856,0.3566,2.00,bitmap_A,sram_1mb_45nm_cacti,1.058,11469517943,1399717888,0,1.64336,2660.3692,12134.7500,14795.1192,+5.11,1050673152,23688.0167,+3.13,1573.656,227.00,0,13.73,103.04
HF1BitLLM__Llama3-8B-1.58-100B-tokens,6979321856,0.3566,2.00,bitmap_B_resident,sram_1mb_45nm_cacti,1.058,11475022967,1399717888,5505024,1.64415,2235.2008,12140.5743,14375.7751,+2.13,1050673152,23268.6726,+1.30,1412.194,252.95,0,13.72,103.02
HF1BitLLM__Llama3-8B-1.58-100B-tokens,6979321856,0.3566,2.00,bitmap_B_streamed,sram_1mb_45nm_cacti,1.058,11475022967,1399717888,5505024,1.64415,2545.2738,12140.5743,14685.8481,+4.33,1050673152,23578.7457,+2.65,1656.914,215.59,0,13.72,103.02
HF1BitLLM__Llama3-8B-1.58-100B-tokens,6979321856,0.3566,2.00,five_trit,sram_32kb_7nm,0.133,11341398016,1420427264,0,1.62500,2077.1802,1508.4059,3585.5862,+0.00,1050673152,4703.5024,+0.00,1221.206,288.25,0,13.81,103.71
HF1BitLLM__Llama3-8B-1.58-100B-tokens,6979321856,0.3566,2.00,bitmap_A,sram_32kb_7nm,0.133,11469517943,1399717888,0,1.64336,2660.3692,1525.4459,4185.8151,+16.74,1050673152,5303.7313,+12.76,1573.656,227.00,0,13.73,103.04
HF1BitLLM__Llama3-8B-1.58-100B-tokens,6979321856,0.3566,2.00,bitmap_B_resident,sram_32kb_7nm,0.133,11475022967,1399717888,5505024,1.64415,2235.2008,1526.1781,3761.3788,+4.90,1050673152,4879.2951,+3.74,1412.194,252.95,0,13.72,103.02
HF1BitLLM__Llama3-8B-1.58-100B-tokens,6979321856,0.3566,2.00,bitmap_B_streamed,sram_32kb_7nm,0.133,11475022967,1399717888,5505024,1.64415,2545.2738,1526.1781,4071.4519,+13.55,1050673152,5189.3681,+10.33,1656.914,215.59,0,13.72,103.02
HF1BitLLM__Llama3-8B-1.58-100B-tokens,6979321856,0.3566,2.00,five_trit,sram_1mb_7nm,0.219,11341398016,1420427264,0,1.62500,2077.1802,2483.7662,4560.9464,+0.00,1050673152,6401.7258,+0.00,1221.206,288.25,0,13.81,103.71
HF1BitLLM__Llama3-8B-1.58-100B-tokens,6979321856,0.3566,2.00,bitmap_A,sram_1mb_7nm,0.219,11469517943,1399717888,0,1.64336,2660.3692,2511.8244,5172.1936,+13.40,1050673152,7012.9730,+9.55,1573.656,227.00,0,13.73,103.04
HF1BitLLM__Llama3-8B-1.58-100B-tokens,6979321856,0.3566,2.00,bitmap_B_resident,sram_1mb_7nm,0.219,11475022967,1399717888,5505024,1.64415,2235.2008,2513.0300,4748.2308,+4.11,1050673152,6589.0102,+2.93,1412.194,252.95,0,13.72,103.02
HF1BitLLM__Llama3-8B-1.58-100B-tokens,6979321856,0.3566,2.00,bitmap_B_streamed,sram_1mb_7nm,0.219,11475022967,1399717888,5505024,1.64415,2545.2738,2513.0300,5058.3039,+10.90,1050673152,6899.0832,+7.77,1656.914,215.59,0,13.72,103.02
HF1BitLLM__Llama3-8B-1.58-100B-tokens,6979321856,0.3566,2.00,five_trit,hbm2,3.97,11341398016,1420427264,0,1.62500,2077.1802,45025.3501,47102.5304,+0.00,1050673152,80471.9097,+0.00,1221.206,288.25,0,13.81,103.71
HF1BitLLM__Llama3-8B-1.58-100B-tokens,6979321856,0.3566,2.00,bitmap_A,hbm2,3.97,11469517943,1399717888,0,1.64336,2660.3692,45533.9862,48194.3554,+2.32,1050673152,81563.7347,+1.36,1573.656,227.00,0,13.73,103.04
HF1BitLLM__Llama3-8B-1.58-100B-tokens,6979321856,0.3566,2.00,bitmap_B_resident,hbm2,3.97,11475022967,1399717888,5505024,1.64415,2235.2008,45555.8412,47791.0420,+1.46,1050673152,81160.4213,+0.86,1412.194,252.95,0,13.72,103.02
HF1BitLLM__Llama3-8B-1.58-100B-tokens,6979321856,0.3566,2.00,bitmap_B_streamed,hbm2,3.97,11475022967,1399717888,5505024,1.64415,2545.2738,45555.8412,48101.1150,+2.12,1050673152,81470.4943,+1.24,1656.914,215.59,0,13.72,103.02
HF1BitLLM__Llama3-8B-1.58-100B-tokens,6979321856,0.3566,2.00,five_trit,hbm2_streamed,3.59,11341398016,1420427264,0,1.62500,2077.1802,40715.6189,42792.7991,+0.00,1050673152,72968.1320,+0.00,1221.206,288.25,0,13.81,103.71
HF1BitLLM__Llama3-8B-1.58-100B-tokens,6979321856,0.3566,2.00,bitmap_A,hbm2_streamed,3.59,11469517943,1399717888,0,1.64336,2660.3692,41175.5694,43835.9386,+2.44,1050673152,74011.2715,+1.43,1573.656,227.00,0,13.73,103.04
HF1BitLLM__Llama3-8B-1.58-100B-tokens,6979321856,0.3566,2.00,bitmap_B_resident,hbm2_streamed,3.59,11475022967,1399717888,5505024,1.64415,2235.2008,41195.3325,43430.5332,+1.49,1050673152,73605.8661,+0.87,1412.194,252.95,0,13.72,103.02
HF1BitLLM__Llama3-8B-1.58-100B-tokens,6979321856,0.3566,2.00,bitmap_B_streamed,hbm2_streamed,3.59,11475022967,1399717888,5505024,1.64415,2545.2738,41195.3325,43740.6063,+2.21,1050673152,73915.9392,+1.30,1656.914,215.59,0,13.72,103.02
HF1BitLLM__Llama3-8B-1.58-100B-tokens,6979321856,0.3566,2.00,five_trit,lpddr4_package,12,11341398016,1420427264,0,1.62500,2077.1802,136096.7762,138173.9564,+0.00,1050673152,239038.5790,+0.00,1221.206,288.25,0,13.81,103.71
HF1BitLLM__Llama3-8B-1.58-100B-tokens,6979321856,0.3566,2.00,bitmap_A,lpddr4_package,12,11469517943,1399717888,0,1.64336,2660.3692,137634.2153,140294.5845,+1.53,1050673152,241159.2071,+0.89,1573.656,227.00,0,13.73,103.04
HF1BitLLM__Llama3-8B-1.58-100B-tokens,6979321856,0.3566,2.00,bitmap_B_resident,lpddr4_package,12,11475022967,1399717888,5505024,1.64415,2235.2008,137700.2756,139935.4764,+1.27,1050673152,240800.0990,+0.74,1412.194,252.95,0,13.72,103.02
HF1BitLLM__Llama3-8B-1.58-100B-tokens,6979321856,0.3566,2.00,bitmap_B_streamed,lpddr4_package,12,11475022967,1399717888,5505024,1.64415,2545.2738,137700.2756,140245.5495,+1.50,1050673152,241110.1720,+0.87,1656.914,215.59,0,13.72,103.02
HF1BitLLM__Llama3-8B-1.58-100B-tokens,6979321856,0.3566,2.00,five_trit,gddr5,14.0,11341398016,1420427264,0,1.62500,2077.1802,158779.5722,160856.7525,+0.00,1050673152,278532.1455,+0.00,1221.206,288.25,0,13.81,103.71
HF1BitLLM__Llama3-8B-1.58-100B-tokens,6979321856,0.3566,2.00,bitmap_A,gddr5,14.0,11469517943,1399717888,0,1.64336,2660.3692,160573.2512,163233.6204,+1.48,1050673152,280909.0134,+0.85,1573.656,227.00,0,13.73,103.04
HF1BitLLM__Llama3-8B-1.58-100B-tokens,6979321856,0.3566,2.00,bitmap_B_resident,gddr5,14.0,11475022967,1399717888,5505024,1.64415,2235.2008,160650.3215,162885.5223,+1.26,1050673152,280560.9153,+0.73,1412.194,252.95,0,13.72,103.02
HF1BitLLM__Llama3-8B-1.58-100B-tokens,6979321856,0.3566,2.00,bitmap_B_streamed,gddr5,14.0,11475022967,1399717888,5505024,1.64415,2545.2738,160650.3215,163195.5954,+1.45,1050673152,280870.9884,+0.84,1656.914,215.59,0,13.72,103.02
HF1BitLLM__Llama3-8B-1.58-100B-tokens,6979321856,0.3566,2.00,five_trit,dram_45nm_horowitz,30.5,11341398016,1420427264,0,1.62500,2077.1802,345912.6395,347989.8197,+0.00,1050673152,604354.0688,+0.00,1221.206,288.25,0,13.81,103.71
HF1BitLLM__Llama3-8B-1.58-100B-tokens,6979321856,0.3566,2.00,bitmap_A,dram_45nm_horowitz,30.5,11469517943,1399717888,0,1.64336,2660.3692,349820.2973,352480.6665,+1.29,1050673152,608844.9155,+0.74,1573.656,227.00,0,13.73,103.04
HF1BitLLM__Llama3-8B-1.58-100B-tokens,6979321856,0.3566,2.00,bitmap_B_resident,dram_45nm_horowitz,30.5,11475022967,1399717888,5505024,1.64415,2235.2008,349988.2005,352223.4013,+1.22,1050673152,608587.6504,+0.70,1412.194,252.95,0,13.72,103.02
HF1BitLLM__Llama3-8B-1.58-100B-tokens,6979321856,0.3566,2.00,bitmap_B_streamed,dram_45nm_horowitz,30.5,11475022967,1399717888,5505024,1.64415,2545.2738,349988.2005,352533.4743,+1.31,1050673152,608897.7234,+0.75,1656.914,215.59,0,13.72,103.02
HF1BitLLM__Llama3-8B-1.58-100B-tokens,6979321856,0.3566,2.00,five_trit,ddr3_peak,70,11341398016,1420427264,0,1.62500,2077.1802,793897.8611,795975.0414,+0.00,1050673152,1384352.0065,+0.00,1221.206,288.25,0,13.81,103.71
HF1BitLLM__Llama3-8B-1.58-100B-tokens,6979321856,0.3566,2.00,bitmap_A,ddr3_peak,70,11469517943,1399717888,0,1.64336,2660.3692,802866.2560,805526.6252,+1.20,1050673152,1393903.5903,+0.69,1573.656,227.00,0,13.73,103.04
HF1BitLLM__Llama3-8B-1.58-100B-tokens,6979321856,0.3566,2.00,bitmap_B_resident,ddr3_peak,70,11475022967,1399717888,5505024,1.64415,2235.2008,803251.6077,805486.8085,+1.19,1050673152,1393863.7736,+0.69,1412.194,252.95,0,13.72,103.02
HF1BitLLM__Llama3-8B-1.58-100B-tokens,6979321856,0.3566,2.00,bitmap_B_streamed,ddr3_peak,70,11475022967,1399717888,5505024,1.64415,2545.2738,803251.6077,805796.8815,+1.23,1050673152,1394173.8467,+0.71,1656.914,215.59,0,13.72,103.02
HF1BitLLM__Llama3-8B-1.58-100B-tokens,6979321856,0.3566,2.50,five_trit,sram_8kb_45nm,0.156,11341398016,1420427264,0,1.62500,2021.9528,1769.2581,3791.2109,+0.00,1050673152,5102.4510,+0.00,1200.192,234.63,0,13.81,103.71
HF1BitLLM__Llama3-8B-1.58-100B-tokens,6979321856,0.3566,2.50,bitmap_A,sram_8kb_45nm,0.156,11469517943,1399717888,0,1.64336,2666.1970,1789.2448,4455.4418,+17.52,1050673152,5766.6819,+13.02,1545.726,184.88,0,13.73,103.04
HF1BitLLM__Llama3-8B-1.58-100B-tokens,6979321856,0.3566,2.50,bitmap_B_resident,sram_8kb_45nm,0.156,11475022967,1399717888,5505024,1.64415,2213.4940,1790.1036,4003.5976,+5.60,1050673152,5314.8377,+4.16,1386.658,206.09,0,13.72,103.02
HF1BitLLM__Llama3-8B-1.58-100B-tokens,6979321856,0.3566,2.50,bitmap_B_streamed,sram_8kb_45nm,0.156,11475022967,1399717888,5505024,1.64415,2526.7695,1790.1036,4316.8730,+13.87,1050673152,5628.1131,+10.30,1631.378,175.17,0,13.72,103.02
HF1BitLLM__Llama3-8B-1.58-100B-tokens,6979321856,0.3566,2.50,five_trit,sram_32kb_45nm,0.313,11341398016,1420427264,0,1.62500,2021.9528,3549.8576,5571.8104,+0.00,1050673152,8202.6960,+0.00,1200.192,234.63,0,13.81,103.71
HF1BitLLM__Llama3-8B-1.58-100B-tokens,6979321856,0.3566,2.50,bitmap_A,sram_32kb_45nm,0.313,11469517943,1399717888,0,1.64336,2666.1970,3589.9591,6256.1561,+12.28,1050673152,8887.0417,+8.34,1545.726,184.88,0,13.73,103.04
HF1BitLLM__Llama3-8B-1.58-100B-tokens,6979321856,0.3566,2.50,bitmap_B_resident,sram_32kb_45nm,0.313,11475022967,1399717888,5505024,1.64415,2213.4940,3591.6822,5805.1762,+4.19,1050673152,8436.0618,+2.84,1386.658,206.09,0,13.72,103.02
HF1BitLLM__Llama3-8B-1.58-100B-tokens,6979321856,0.3566,2.50,bitmap_B_streamed,sram_32kb_45nm,0.313,11475022967,1399717888,5505024,1.64415,2526.7695,3591.6822,6118.4517,+9.81,1050673152,8749.3372,+6.66,1631.378,175.17,0,13.72,103.02
HF1BitLLM__Llama3-8B-1.58-100B-tokens,6979321856,0.3566,2.50,five_trit,sram_1mb_45nm,1.563,11341398016,1420427264,0,1.62500,2021.9528,17726.6051,19748.5579,+0.00,1050673152,32886.1750,+0.00,1200.192,234.63,0,13.81,103.71
HF1BitLLM__Llama3-8B-1.58-100B-tokens,6979321856,0.3566,2.50,bitmap_A,sram_1mb_45nm,1.563,11469517943,1399717888,0,1.64336,2666.1970,17926.8565,20593.0536,+4.28,1050673152,33730.6706,+2.57,1545.726,184.88,0,13.73,103.04
HF1BitLLM__Llama3-8B-1.58-100B-tokens,6979321856,0.3566,2.50,bitmap_B_resident,sram_1mb_45nm,1.563,11475022967,1399717888,5505024,1.64415,2213.4940,17935.4609,20148.9549,+2.03,1050673152,33286.5720,+1.22,1386.658,206.09,0,13.72,103.02
HF1BitLLM__Llama3-8B-1.58-100B-tokens,6979321856,0.3566,2.50,bitmap_B_streamed,sram_1mb_45nm,1.563,11475022967,1399717888,5505024,1.64415,2526.7695,17935.4609,20462.2304,+3.61,1050673152,33599.8475,+2.17,1631.378,175.17,0,13.72,103.02
HF1BitLLM__Llama3-8B-1.58-100B-tokens,6979321856,0.3566,2.50,five_trit,sram_1mb_45nm_cacti,1.058,11341398016,1420427264,0,1.62500,2021.9528,11999.1991,14021.1520,+0.00,1050673152,22914.0495,+0.00,1200.192,234.63,0,13.81,103.71
HF1BitLLM__Llama3-8B-1.58-100B-tokens,6979321856,0.3566,2.50,bitmap_A,sram_1mb_45nm_cacti,1.058,11469517943,1399717888,0,1.64336,2666.1970,12134.7500,14800.9470,+5.56,1050673152,23693.8445,+3.40,1545.726,184.88,0,13.73,103.04
HF1BitLLM__Llama3-8B-1.58-100B-tokens,6979321856,0.3566,2.50,bitmap_B_resident,sram_1mb_45nm_cacti,1.058,11475022967,1399717888,5505024,1.64415,2213.4940,12140.5743,14354.0683,+2.37,1050673152,23246.9659,+1.45,1386.658,206.09,0,13.72,103.02
HF1BitLLM__Llama3-8B-1.58-100B-tokens,6979321856,0.3566,2.50,bitmap_B_streamed,sram_1mb_45nm_cacti,1.058,11475022967,1399717888,5505024,1.64415,2526.7695,12140.5743,14667.3438,+4.61,1050673152,23560.2413,+2.82,1631.378,175.17,0,13.72,103.02
HF1BitLLM__Llama3-8B-1.58-100B-tokens,6979321856,0.3566,2.50,five_trit,sram_32kb_7nm,0.133,11341398016,1420427264,0,1.62500,2021.9528,1508.4059,3530.3588,+0.00,1050673152,4648.2750,+0.00,1200.192,234.63,0,13.81,103.71
HF1BitLLM__Llama3-8B-1.58-100B-tokens,6979321856,0.3566,2.50,bitmap_A,sram_32kb_7nm,0.133,11469517943,1399717888,0,1.64336,2666.1970,1525.4459,4191.6429,+18.73,1050673152,5309.5591,+14.23,1545.726,184.88,0,13.73,103.04
HF1BitLLM__Llama3-8B-1.58-100B-tokens,6979321856,0.3566,2.50,bitmap_B_resident,sram_32kb_7nm,0.133,11475022967,1399717888,5505024,1.64415,2213.4940,1526.1781,3739.6721,+5.93,1050673152,4857.5883,+4.50,1386.658,206.09,0,13.72,103.02
HF1BitLLM__Llama3-8B-1.58-100B-tokens,6979321856,0.3566,2.50,bitmap_B_streamed,sram_32kb_7nm,0.133,11475022967,1399717888,5505024,1.64415,2526.7695,1526.1781,4052.9475,+14.80,1050673152,5170.8638,+11.24,1631.378,175.17,0,13.72,103.02
HF1BitLLM__Llama3-8B-1.58-100B-tokens,6979321856,0.3566,2.50,five_trit,sram_1mb_7nm,0.219,11341398016,1420427264,0,1.62500,2021.9528,2483.7662,4505.7190,+0.00,1050673152,6346.4984,+0.00,1200.192,234.63,0,13.81,103.71
HF1BitLLM__Llama3-8B-1.58-100B-tokens,6979321856,0.3566,2.50,bitmap_A,sram_1mb_7nm,0.219,11469517943,1399717888,0,1.64336,2666.1970,2511.8244,5178.0214,+14.92,1050673152,7018.8008,+10.59,1545.726,184.88,0,13.73,103.04
HF1BitLLM__Llama3-8B-1.58-100B-tokens,6979321856,0.3566,2.50,bitmap_B_resident,sram_1mb_7nm,0.219,11475022967,1399717888,5505024,1.64415,2213.4940,2513.0300,4726.5241,+4.90,1050673152,6567.3034,+3.48,1386.658,206.09,0,13.72,103.02
HF1BitLLM__Llama3-8B-1.58-100B-tokens,6979321856,0.3566,2.50,bitmap_B_streamed,sram_1mb_7nm,0.219,11475022967,1399717888,5505024,1.64415,2526.7695,2513.0300,5039.7995,+11.85,1050673152,6880.5789,+8.42,1631.378,175.17,0,13.72,103.02
HF1BitLLM__Llama3-8B-1.58-100B-tokens,6979321856,0.3566,2.50,five_trit,hbm2,3.97,11341398016,1420427264,0,1.62500,2021.9528,45025.3501,47047.3030,+0.00,1050673152,80416.6823,+0.00,1200.192,234.63,0,13.81,103.71
HF1BitLLM__Llama3-8B-1.58-100B-tokens,6979321856,0.3566,2.50,bitmap_A,hbm2,3.97,11469517943,1399717888,0,1.64336,2666.1970,45533.9862,48200.1832,+2.45,1050673152,81569.5625,+1.43,1545.726,184.88,0,13.73,103.04
HF1BitLLM__Llama3-8B-1.58-100B-tokens,6979321856,0.3566,2.50,bitmap_B_resident,hbm2,3.97,11475022967,1399717888,5505024,1.64415,2213.4940,45555.8412,47769.3352,+1.53,1050673152,81138.7145,+0.90,1386.658,206.09,0,13.72,103.02
HF1BitLLM__Llama3-8B-1.58-100B-tokens,6979321856,0.3566,2.50,bitmap_B_streamed,hbm2,3.97,11475022967,1399717888,5505024,1.64415,2526.7695,45555.8412,48082.6106,+2.20,1050673152,81451.9900,+1.29,1631.378,175.17,0,13.72,103.02
HF1BitLLM__Llama3-8B-1.58-100B-tokens,6979321856,0.3566,2.50,five_trit,hbm2_streamed,3.59,11341398016,1420427264,0,1.62500,2021.9528,40715.6189,42737.5717,+0.00,1050673152,72912.9047,+0.00,1200.192,234.63,0,13.81,103.71
HF1BitLLM__Llama3-8B-1.58-100B-tokens,6979321856,0.3566,2.50,bitmap_A,hbm2_streamed,3.59,11469517943,1399717888,0,1.64336,2666.1970,41175.5694,43841.7664,+2.58,1050673152,74017.0993,+1.51,1545.726,184.88,0,13.73,103.04
HF1BitLLM__Llama3-8B-1.58-100B-tokens,6979321856,0.3566,2.50,bitmap_B_resident,hbm2_streamed,3.59,11475022967,1399717888,5505024,1.64415,2213.4940,41195.3325,43408.8265,+1.57,1050673152,73584.1594,+0.92,1386.658,206.09,0,13.72,103.02
HF1BitLLM__Llama3-8B-1.58-100B-tokens,6979321856,0.3566,2.50,bitmap_B_streamed,hbm2_streamed,3.59,11475022967,1399717888,5505024,1.64415,2526.7695,41195.3325,43722.1019,+2.30,1050673152,73897.4348,+1.35,1631.378,175.17,0,13.72,103.02
HF1BitLLM__Llama3-8B-1.58-100B-tokens,6979321856,0.3566,2.50,five_trit,lpddr4_package,12,11341398016,1420427264,0,1.62500,2021.9528,136096.7762,138118.7290,+0.00,1050673152,238983.3516,+0.00,1200.192,234.63,0,13.81,103.71
HF1BitLLM__Llama3-8B-1.58-100B-tokens,6979321856,0.3566,2.50,bitmap_A,lpddr4_package,12,11469517943,1399717888,0,1.64336,2666.1970,137634.2153,140300.4123,+1.58,1050673152,241165.0349,+0.91,1545.726,184.88,0,13.73,103.04
HF1BitLLM__Llama3-8B-1.58-100B-tokens,6979321856,0.3566,2.50,bitmap_B_resident,lpddr4_package,12,11475022967,1399717888,5505024,1.64415,2213.4940,137700.2756,139913.7696,+1.30,1050673152,240778.3922,+0.75,1386.658,206.09,0,13.72,103.02
HF1BitLLM__Llama3-8B-1.58-100B-tokens,6979321856,0.3566,2.50,bitmap_B_streamed,lpddr4_package,12,11475022967,1399717888,5505024,1.64415,2526.7695,137700.2756,140227.0451,+1.53,1050673152,241091.6677,+0.88,1631.378,175.17,0,13.72,103.02
HF1BitLLM__Llama3-8B-1.58-100B-tokens,6979321856,0.3566,2.50,five_trit,gddr5,14.0,11341398016,1420427264,0,1.62500,2021.9528,158779.5722,160801.5251,+0.00,1050673152,278476.9181,+0.00,1200.192,234.63,0,13.81,103.71
HF1BitLLM__Llama3-8B-1.58-100B-tokens,6979321856,0.3566,2.50,bitmap_A,gddr5,14.0,11469517943,1399717888,0,1.64336,2666.1970,160573.2512,163239.4482,+1.52,1050673152,280914.8412,+0.88,1545.726,184.88,0,13.73,103.04
HF1BitLLM__Llama3-8B-1.58-100B-tokens,6979321856,0.3566,2.50,bitmap_B_resident,gddr5,14.0,11475022967,1399717888,5505024,1.64415,2213.4940,160650.3215,162863.8156,+1.28,1050673152,280539.2086,+0.74,1386.658,206.09,0,13.72,103.02
HF1BitLLM__Llama3-8B-1.58-100B-tokens,6979321856,0.3566,2.50,bitmap_B_streamed,gddr5,14.0,11475022967,1399717888,5505024,1.64415,2526.7695,160650.3215,163177.0910,+1.48,1050673152,280852.4840,+0.85,1631.378,175.17,0,13.72,103.02
HF1BitLLM__Llama3-8B-1.58-100B-tokens,6979321856,0.3566,2.50,five_trit,dram_45nm_horowitz,30.5,11341398016,1420427264,0,1.62500,2021.9528,345912.6395,347934.5923,+0.00,1050673152,604298.8414,+0.00,1200.192,234.63,0,13.81,103.71
HF1BitLLM__Llama3-8B-1.58-100B-tokens,6979321856,0.3566,2.50,bitmap_A,dram_45nm_horowitz,30.5,11469517943,1399717888,0,1.64336,2666.1970,349820.2973,352486.4943,+1.31,1050673152,608850.7434,+0.75,1545.726,184.88,0,13.73,103.04
HF1BitLLM__Llama3-8B-1.58-100B-tokens,6979321856,0.3566,2.50,bitmap_B_resident,dram_45nm_horowitz,30.5,11475022967,1399717888,5505024,1.64415,2213.4940,349988.2005,352201.6945,+1.23,1050673152,608565.9436,+0.71,1386.658,206.09,0,13.72,103.02
HF1BitLLM__Llama3-8B-1.58-100B-tokens,6979321856,0.3566,2.50,bitmap_B_streamed,dram_45nm_horowitz,30.5,11475022967,1399717888,5505024,1.64415,2526.7695,349988.2005,352514.9700,+1.32,1050673152,608879.2190,+0.76,1631.378,175.17,0,13.72,103.02
HF1BitLLM__Llama3-8B-1.58-100B-tokens,6979321856,0.3566,2.50,five_trit,ddr3_peak,70,11341398016,1420427264,0,1.62500,2021.9528,793897.8611,795919.8140,+0.00,1050673152,1384296.7791,+0.00,1200.192,234.63,0,13.81,103.71
HF1BitLLM__Llama3-8B-1.58-100B-tokens,6979321856,0.3566,2.50,bitmap_A,ddr3_peak,70,11469517943,1399717888,0,1.64336,2666.1970,802866.2560,805532.4530,+1.21,1050673152,1393909.4181,+0.69,1545.726,184.88,0,13.73,103.04
HF1BitLLM__Llama3-8B-1.58-100B-tokens,6979321856,0.3566,2.50,bitmap_B_resident,ddr3_peak,70,11475022967,1399717888,5505024,1.64415,2213.4940,803251.6077,805465.1017,+1.20,1050673152,1393842.0668,+0.69,1386.658,206.09,0,13.72,103.02
HF1BitLLM__Llama3-8B-1.58-100B-tokens,6979321856,0.3566,2.50,bitmap_B_streamed,ddr3_peak,70,11475022967,1399717888,5505024,1.64415,2526.7695,803251.6077,805778.3772,+1.24,1050673152,1394155.3423,+0.71,1631.378,175.17,0,13.72,103.02
IntelLabsChina__CAT-Q__llama2-7b,6476005376,0.4076,1.60,five_trit,sram_8kb_45nm,0.156,10523508736,1318158336,0,1.62500,2251.0886,1641.6674,3892.7560,+0.00,262144000,4219.9117,+0.00,1373.358,345.25,0,21.62,162.27
IntelLabsChina__CAT-Q__llama2-7b,6476005376,0.4076,1.60,bitmap_A,sram_8kb_45nm,0.156,10312285261,1298956288,0,1.59238,2678.9998,1608.7165,4287.7163,+10.15,262144000,4614.8720,+9.36,1624.994,296.10,0,21.98,165.04
IntelLabsChina__CAT-Q__llama2-7b,6476005376,0.4076,1.60,bitmap_B_resident,sram_8kb_45nm,0.156,10317462605,1298956288,5177344,1.59318,2215.9444,1609.5242,3825.4685,-1.73,262144000,4152.6242,-1.59,1448.636,332.14,0,21.97,164.97
IntelLabsChina__CAT-Q__llama2-7b,6476005376,0.4076,1.60,bitmap_B_streamed,sram_8kb_45nm,0.156,10317462605,1298956288,5177344,1.59318,2496.3985,1609.5242,4105.9227,+5.48,262144000,4433.0784,+5.05,1693.356,284.14,0,21.97,164.97
IntelLabsChina__CAT-Q__llama2-7b,6476005376,0.4076,1.60,five_trit,sram_32kb_45nm,0.313,10523508736,1318158336,0,1.62500,2251.0886,3293.8582,5544.9469,+0.00,262144000,6201.3554,+0.00,1373.358,345.25,0,21.62,162.27
IntelLabsChina__CAT-Q__llama2-7b,6476005376,0.4076,1.60,bitmap_A,sram_32kb_45nm,0.313,10312285261,1298956288,0,1.59238,2678.9998,3227.7453,5906.7451,+6.52,262144000,6563.1537,+5.83,1624.994,296.10,0,21.98,165.04
IntelLabsChina__CAT-Q__llama2-7b,6476005376,0.4076,1.60,bitmap_B_resident,sram_32kb_45nm,0.313,10317462605,1298956288,5177344,1.59318,2215.9444,3229.3658,5445.3102,-1.80,262144000,6101.7187,-1.61,1448.636,332.14,0,21.97,164.97
IntelLabsChina__CAT-Q__llama2-7b,6476005376,0.4076,1.60,bitmap_B_streamed,sram_32kb_45nm,0.313,10317462605,1298956288,5177344,1.59318,2496.3985,3229.3658,5725.7643,+3.26,262144000,6382.1729,+2.92,1693.356,284.14,0,21.97,164.97
IntelLabsChina__CAT-Q__llama2-7b,6476005376,0.4076,1.60,five_trit,sram_1mb_45nm,1.563,10523508736,1318158336,0,1.62500,2251.0886,16448.2442,18699.3328,+0.00,262144000,21977.1813,+0.00,1373.358,345.25,0,21.62,162.27
IntelLabsChina__CAT-Q__llama2-7b,6476005376,0.4076,1.60,bitmap_A,sram_1mb_45nm,1.563,10312285261,1298956288,0,1.59238,2678.9998,16118.1019,18797.1017,+0.52,262144000,22074.9502,+0.44,1624.994,296.10,0,21.98,165.04
IntelLabsChina__CAT-Q__llama2-7b,6476005376,0.4076,1.60,bitmap_B_resident,sram_1mb_45nm,1.563,10317462605,1298956288,5177344,1.59318,2215.9444,16126.1941,18342.1384,-1.91,262144000,21619.9870,-1.63,1448.636,332.14,0,21.97,164.97
IntelLabsChina__CAT-Q__llama2-7b,6476005376,0.4076,1.60,bitmap_B_streamed,sram_1mb_45nm,1.563,10317462605,1298956288,5177344,1.59318,2496.3985,16126.1941,18622.5926,-0.41,262144000,21900.4412,-0.35,1693.356,284.14,0,21.97,164.97
IntelLabsChina__CAT-Q__llama2-7b,6476005376,0.4076,1.60,five_trit,sram_1mb_45nm_cacti,1.058,10523508736,1318158336,0,1.62500,2251.0886,11133.8722,13384.9609,+0.00,262144000,15603.7477,+0.00,1373.358,345.25,0,21.62,162.27
IntelLabsChina__CAT-Q__llama2-7b,6476005376,0.4076,1.60,bitmap_A,sram_1mb_45nm_cacti,1.058,10312285261,1298956288,0,1.59238,2678.9998,10910.3978,13589.3976,+1.53,262144000,15808.1844,+1.31,1624.994,296.10,0,21.98,165.04
IntelLabsChina__CAT-Q__llama2-7b,6476005376,0.4076,1.60,bitmap_B_resident,sram_1mb_45nm_cacti,1.058,10317462605,1298956288,5177344,1.59318,2215.9444,10915.8754,13131.8198,-1.89,262144000,15350.6066,-1.62,1448.636,332.14,0,21.97,164.97
IntelLabsChina__CAT-Q__llama2-7b,6476005376,0.4076,1.60,bitmap_B_streamed,sram_1mb_45nm_cacti,1.058,10317462605,1298956288,5177344,1.59318,2496.3985,10915.8754,13412.2740,+0.20,262144000,15631.0608,+0.18,1693.356,284.14,0,21.97,164.97
IntelLabsChina__CAT-Q__llama2-7b,6476005376,0.4076,1.60,five_trit,sram_32kb_7nm,0.133,10523508736,1318158336,0,1.62500,2251.0886,1399.6267,3650.7153,+0.00,262144000,3929.6365,+0.00,1373.358,345.25,0,21.62,162.27
IntelLabsChina__CAT-Q__llama2-7b,6476005376,0.4076,1.60,bitmap_A,sram_32kb_7nm,0.133,10312285261,1298956288,0,1.59238,2678.9998,1371.5339,4050.5337,+10.95,262144000,4329.4550,+10.17,1624.994,296.10,0,21.98,165.04
IntelLabsChina__CAT-Q__llama2-7b,6476005376,0.4076,1.60,bitmap_B_resident,sram_32kb_7nm,0.133,10317462605,1298956288,5177344,1.59318,2215.9444,1372.2225,3588.1669,-1.71,262144000,3867.0881,-1.59,1448.636,332.14,0,21.97,164.97
IntelLabsChina__CAT-Q__llama2-7b,6476005376,0.4076,1.60,bitmap_B_streamed,sram_32kb_7nm,0.133,10317462605,1298956288,5177344,1.59318,2496.3985,1372.2225,3868.6211,+5.97,262144000,4147.5423,+5.55,1693.356,284.14,0,21.97,164.97
IntelLabsChina__CAT-Q__llama2-7b,6476005376,0.4076,1.60,five_trit,sram_1mb_7nm,0.219,10523508736,1318158336,0,1.62500,2251.0886,2304.6484,4555.7370,+0.00,262144000,5015.0133,+0.00,1373.358,345.25,0,21.62,162.27
IntelLabsChina__CAT-Q__llama2-7b,6476005376,0.4076,1.60,bitmap_A,sram_1mb_7nm,0.219,10312285261,1298956288,0,1.59238,2678.9998,2258.3905,4937.3903,+8.38,262144000,5396.6666,+7.61,1624.994,296.10,0,21.98,165.04
IntelLabsChina__CAT-Q__llama2-7b,6476005376,0.4076,1.60,bitmap_B_resident,sram_1mb_7nm,0.219,10317462605,1298956288,5177344,1.59318,2215.9444,2259.5243,4475.4687,-1.76,262144000,4934.7450,-1.60,1448.636,332.14,0,21.97,164.97
IntelLabsChina__CAT-Q__llama2-7b,6476005376,0.4076,1.60,bitmap_B_streamed,sram_1mb_7nm,0.219,10317462605,1298956288,5177344,1.59318,2496.3985,2259.5243,4755.9228,+4.39,262144000,5215.1991,+3.99,1693.356,284.14,0,21.97,164.97
IntelLabsChina__CAT-Q__llama2-7b,6476005376,0.4076,1.60,five_trit,hbm2,3.97,10523508736,1318158336,0,1.62500,2251.0886,41778.3297,44029.4183,+0.00,262144000,52355.1117,+0.00,1373.358,345.25,0,21.62,162.27
IntelLabsChina__CAT-Q__llama2-7b,6476005376,0.4076,1.60,bitmap_A,hbm2,3.97,10312285261,1298956288,0,1.59238,2678.9998,40939.7725,43618.7723,-0.93,262144000,51944.4657,-0.78,1624.994,296.10,0,21.98,165.04
IntelLabsChina__CAT-Q__llama2-7b,6476005376,0.4076,1.60,bitmap_B_resident,hbm2,3.97,10317462605,1298956288,5177344,1.59318,2215.9444,40960.3265,43176.2709,-1.94,262144000,51501.9643,-1.63,1448.636,332.14,0,21.97,164.97
IntelLabsChina__CAT-Q__llama2-7b,6476005376,0.4076,1.60,bitmap_B_streamed,hbm2,3.97,10317462605,1298956288,5177344,1.59318,2496.3985,40960.3265,43456.7251,-1.30,262144000,51782.4185,-1.09,1693.356,284.14,0,21.97,164.97
IntelLabsChina__CAT-Q__llama2-7b,6476005376,0.4076,1.60,five_trit,hbm2_streamed,3.59,10523508736,1318158336,0,1.62500,2251.0886,37779.3964,40030.4850,+0.00,262144000,47559.2607,+0.00,1373.358,345.25,0,21.62,162.27
IntelLabsChina__CAT-Q__llama2-7b,6476005376,0.4076,1.60,bitmap_A,hbm2_streamed,3.59,10312285261,1298956288,0,1.59238,2678.9998,37021.1041,39700.1039,-0.83,262144000,47228.8796,-0.69,1624.994,296.10,0,21.98,165.04
IntelLabsChina__CAT-Q__llama2-7b,6476005376,0.4076,1.60,bitmap_B_resident,hbm2_streamed,3.59,10317462605,1298956288,5177344,1.59318,2215.9444,37039.6908,39255.6351,-1.94,262144000,46784.4108,-1.63,1448.636,332.14,0,21.97,164.97
IntelLabsChina__CAT-Q__llama2-7b,6476005376,0.4076,1.60,bitmap_B_streamed,hbm2_streamed,3.59,10317462605,1298956288,5177344,1.59318,2496.3985,37039.6908,39536.0893,-1.24,262144000,47064.8650,-1.04,1693.356,284.14,0,21.97,164.97
IntelLabsChina__CAT-Q__llama2-7b,6476005376,0.4076,1.60,five_trit,lpddr4_package,12,10523508736,1318158336,0,1.62500,2251.0886,126282.1048,128533.1935,+0.00,262144000,153699.0175,+0.00,1373.358,345.25,0,21.62,162.27
IntelLabsChina__CAT-Q__llama2-7b,6476005376,0.4076,1.60,bitmap_A,lpddr4_package,12,10312285261,1298956288,0,1.59238,2678.9998,123747.4231,126426.4229,-1.64,262144000,151592.2469,-1.37,1624.994,296.10,0,21.98,165.04
IntelLabsChina__CAT-Q__llama2-7b,6476005376,0.4076,1.60,bitmap_B_resident,lpddr4_package,12,10317462605,1298956288,5177344,1.59318,2215.9444,123809.5513,126025.4956,-1.95,262144000,151191.3196,-1.63,1448.636,332.14,0,21.97,164.97
IntelLabsChina__CAT-Q__llama2-7b,6476005376,0.4076,1.60,bitmap_B_streamed,lpddr4_package,12,10317462605,1298956288,5177344,1.59318,2496.3985,123809.5513,126305.9498,-1.73,262144000,151471.7738,-1.45,1693.356,284.14,0,21.97,164.97
IntelLabsChina__CAT-Q__llama2-7b,6476005376,0.4076,1.60,five_trit,gddr5,14.0,10523508736,1318158336,0,1.62500,2251.0886,147329.1223,149580.2109,+0.00,262144000,178940.3389,+0.00,1373.358,345.25,0,21.62,162.27
IntelLabsChina__CAT-Q__llama2-7b,6476005376,0.4076,1.60,bitmap_A,gddr5,14.0,10312285261,1298956288,0,1.59238,2678.9998,144371.9937,147050.9935,-1.69,262144000,176411.1215,-1.41,1624.994,296.10,0,21.98,165.04
IntelLabsChina__CAT-Q__llama2-7b,6476005376,0.4076,1.60,bitmap_B_resident,gddr5,14.0,10317462605,1298956288,5177344,1.59318,2215.9444,144444.4765,146660.4208,-1.95,262144000,176020.5488,-1.63,1448.636,332.14,0,21.97,164.97
IntelLabsChina__CAT-Q__llama2-7b,6476005376,0.4076,1.60,bitmap_B_streamed,gddr5,14.0,10317462605,1298956288,5177344,1.59318,2496.3985,144444.4765,146940.8750,-1.76,262144000,176301.0030,-1.47,1693.356,284.14,0,21.97,164.97
IntelLabsChina__CAT-Q__llama2-7b,6476005376,0.4076,1.60,five_trit,dram_45nm_horowitz,30.5,10523508736,1318158336,0,1.62500,2251.0886,320967.0164,323218.1051,+0.00,262144000,387181.2411,+0.00,1373.358,345.25,0,21.62,162.27
IntelLabsChina__CAT-Q__llama2-7b,6476005376,0.4076,1.60,bitmap_A,dram_45nm_horowitz,30.5,10312285261,1298956288,0,1.59238,2678.9998,314524.7005,317203.7003,-1.86,262144000,381166.8363,-1.55,1624.994,296.10,0,21.98,165.04
IntelLabsChina__CAT-Q__llama2-7b,6476005376,0.4076,1.60,bitmap_B_resident,dram_45nm_horowitz,30.5,10317462605,1298956288,5177344,1.59318,2215.9444,314682.6095,316898.5538,-1.96,262144000,380861.6898,-1.63,1448.636,332.14,0,21.97,164.97
IntelLabsChina__CAT-Q__llama2-7b,6476005376,0.4076,1.60,bitmap_B_streamed,dram_45nm_horowitz,30.5,10317462605,1298956288,5177344,1.59318,2496.3985,314682.6095,317179.0080,-1.87,262144000,381142.1440,-1.56,1693.356,284.14,0,21.97,164.97
IntelLabsChina__CAT-Q__llama2-7b,6476005376,0.4076,1.60,five_trit,ddr3_peak,70,10523508736,1318158336,0,1.62500,2251.0886,736645.6115,738896.7001,+0.00,262144000,885697.3401,+0.00,1373.358,345.25,0,21.62,162.27
IntelLabsChina__CAT-Q__llama2-7b,6476005376,0.4076,1.60,bitmap_A,ddr3_peak,70,10312285261,1298956288,0,1.59238,2678.9998,721859.9683,724538.9681,-1.94,262144000,871339.6081,-1.62,1624.994,296.10,0,21.98,165.04
IntelLabsChina__CAT-Q__llama2-7b,6476005376,0.4076,1.60,bitmap_B_resident,ddr3_peak,70,10317462605,1298956288,5177344,1.59318,2215.9444,722222.3824,724438.3267,-1.96,262144000,871238.9667,-1.63,1448.636,332.14,0,21.97,164.97
IntelLabsChina__CAT-Q__llama2-7b,6476005376,0.4076,1.60,bitmap_B_streamed,ddr3_peak,70,10317462605,1298956288,5177344,1.59318,2496.3985,722222.3824,724718.7809,-1.92,262144000,871519.4209,-1.60,1693.356,284.14,0,21.97,164.97
IntelLabsChina__CAT-Q__llama2-7b,6476005376,0.4076,2.00,five_trit,sram_8kb_45nm,0.156,10523508736,1318158336,0,1.62500,1904.4526,1641.6674,3546.1199,+0.00,262144000,3873.2756,+0.00,1221.206,310.61,0,21.62,162.27
IntelLabsChina__CAT-Q__llama2-7b,6476005376,0.4076,2.00,bitmap_A,sram_8kb_45nm,0.156,10312285261,1298956288,0,1.59238,2454.9929,1608.7165,4063.7094,+14.60,262144000,4390.8651,+13.36,1573.656,244.61,0,21.98,165.04
IntelLabsChina__CAT-Q__llama2-7b,6476005376,0.4076,2.00,bitmap_B_resident,sram_8kb_45nm,0.156,10317462605,1298956288,5177344,1.59318,2057.8181,1609.5242,3667.3423,+3.42,262144000,3994.4980,+3.13,1412.194,272.57,0,21.97,164.97
IntelLabsChina__CAT-Q__llama2-7b,6476005376,0.4076,2.00,bitmap_B_streamed,sram_8kb_45nm,0.156,10317462605,1298956288,5177344,1.59318,2340.6435,1609.5242,3950.1677,+11.39,262144000,4277.3234,+10.43,1656.914,232.31,0,21.97,164.97
IntelLabsChina__CAT-Q__llama2-7b,6476005376,0.4076,2.00,five_trit,sram_32kb_45nm,0.313,10523508736,1318158336,0,1.62500,1904.4526,3293.8582,5198.3108,+0.00,262144000,5854.7194,+0.00,1221.206,310.61,0,21.62,162.27
IntelLabsChina__CAT-Q__llama2-7b,6476005376,0.4076,2.00,bitmap_A,sram_32kb_45nm,0.313,10312285261,1298956288,0,1.59238,2454.9929,3227.7453,5682.7382,+9.32,262144000,6339.1468,+8.27,1573.656,244.61,0,21.98,165.04
IntelLabsChina__CAT-Q__llama2-7b,6476005376,0.4076,2.00,bitmap_B_resident,sram_32kb_45nm,0.313,10317462605,1298956288,5177344,1.59318,2057.8181,3229.3658,5287.1839,+1.71,262144000,5943.5925,+1.52,1412.194,272.57,0,21.97,164.97
IntelLabsChina__CAT-Q__llama2-7b,6476005376,0.4076,2.00,bitmap_B_streamed,sram_32kb_45nm,0.313,10317462605,1298956288,5177344,1.59318,2340.6435,3229.3658,5570.0093,+7.15,262144000,6226.4179,+6.35,1656.914,232.31,0,21.97,164.97
IntelLabsChina__CAT-Q__llama2-7b,6476005376,0.4076,2.00,five_trit,sram_1mb_45nm,1.563,10523508736,1318158336,0,1.62500,1904.4526,16448.2442,18352.6967,+0.00,262144000,21630.5453,+0.00,1221.206,310.61,0,21.62,162.27
IntelLabsChina__CAT-Q__llama2-7b,6476005376,0.4076,2.00,bitmap_A,sram_1mb_45nm,1.563,10312285261,1298956288,0,1.59238,2454.9929,16118.1019,18573.0948,+1.20,262144000,21850.9433,+1.02,1573.656,244.61,0,21.98,165.04
IntelLabsChina__CAT-Q__llama2-7b,6476005376,0.4076,2.00,bitmap_B_resident,sram_1mb_45nm,1.563,10317462605,1298956288,5177344,1.59318,2057.8181,16126.1941,18184.0122,-0.92,262144000,21461.8608,-0.78,1412.194,272.57,0,21.97,164.97
IntelLabsChina__CAT-Q__llama2-7b,6476005376,0.4076,2.00,bitmap_B_streamed,sram_1mb_45nm,1.563,10317462605,1298956288,5177344,1.59318,2340.6435,16126.1941,18466.8376,+0.62,262144000,21744.6861,+0.53,1656.914,232.31,0,21.97,164.97
IntelLabsChina__CAT-Q__llama2-7b,6476005376,0.4076,2.00,five_trit,sram_1mb_45nm_cacti,1.058,10523508736,1318158336,0,1.62500,1904.4526,11133.8722,13038.3248,+0.00,262144000,15257.1116,+0.00,1221.206,310.61,0,21.62,162.27
IntelLabsChina__CAT-Q__llama2-7b,6476005376,0.4076,2.00,bitmap_A,sram_1mb_45nm_cacti,1.058,10312285261,1298956288,0,1.59238,2454.9929,10910.3978,13365.3907,+2.51,262144000,15584.1775,+2.14,1573.656,244.61,0,21.98,165.04
IntelLabsChina__CAT-Q__llama2-7b,6476005376,0.4076,2.00,bitmap_B_resident,sram_1mb_45nm_cacti,1.058,10317462605,1298956288,5177344,1.59318,2057.8181,10915.8754,12973.6936,-0.50,262144000,15192.4804,-0.42,1412.194,272.57,0,21.97,164.97
IntelLabsChina__CAT-Q__llama2-7b,6476005376,0.4076,2.00,bitmap_B_streamed,sram_1mb_45nm_cacti,1.058,10317462605,1298956288,5177344,1.59318,2340.6435,10915.8754,13256.5190,+1.67,262144000,15475.3058,+1.43,1656.914,232.31,0,21.97,164.97
IntelLabsChina__CAT-Q__llama2-7b,6476005376,0.4076,2.00,five_trit,sram_32kb_7nm,0.133,10523508736,1318158336,0,1.62500,1904.4526,1399.6267,3304.0792,+0.00,262144000,3583.0004,+0.00,1221.206,310.61,0,21.62,162.27
IntelLabsChina__CAT-Q__llama2-7b,6476005376,0.4076,2.00,bitmap_A,sram_32kb_7nm,0.133,10312285261,1298956288,0,1.59238,2454.9929,1371.5339,3826.5268,+15.81,262144000,4105.4480,+14.58,1573.656,244.61,0,21.98,165.04
IntelLabsChina__CAT-Q__llama2-7b,6476005376,0.4076,2.00,bitmap_B_resident,sram_32kb_7nm,0.133,10317462605,1298956288,5177344,1.59318,2057.8181,1372.2225,3430.0407,+3.81,262144000,3708.9619,+3.52,1412.194,272.57,0,21.97,164.97
IntelLabsChina__CAT-Q__llama2-7b,6476005376,0.4076,2.00,bitmap_B_streamed,sram_32kb_7nm,0.133,10317462605,1298956288,5177344,1.59318,2340.6435,1372.2225,3712.8660,+12.37,262144000,3991.7873,+11.41,1656.914,232.31,0,21.97,164.97
IntelLabsChina__CAT-Q__llama2-7b,6476005376,0.4076,2.00,five_trit,sram_1mb_7nm,0.219,10523508736,1318158336,0,1.62500,1904.4526,2304.6484,4209.1010,+0.00,262144000,4668.3773,+0.00,1221.206,310.61,0,21.62,162.27
IntelLabsChina__CAT-Q__llama2-7b,6476005376,0.4076,2.00,bitmap_A,sram_1mb_7nm,0.219,10312285261,1298956288,0,1.59238,2454.9929,2258.3905,4713.3834,+11.98,262144000,5172.6596,+10.80,1573.656,244.61,0,21.98,165.04
IntelLabsChina__CAT-Q__llama2-7b,6476005376,0.4076,2.00,bitmap_B_resident,sram_1mb_7nm,0.219,10317462605,1298956288,5177344,1.59318,2057.8181,2259.5243,4317.3424,+2.57,262144000,4776.6187,+2.32,1412.194,272.57,0,21.97,164.97
IntelLabsChina__CAT-Q__llama2-7b,6476005376,0.4076,2.00,bitmap_B_streamed,sram_1mb_7nm,0.219,10317462605,1298956288,5177344,1.59318,2340.6435,2259.5243,4600.1678,+9.29,262144000,5059.4441,+8.38,1656.914,232.31,0,21.97,164.97
IntelLabsChina__CAT-Q__llama2-7b,6476005376,0.4076,2.00,five_trit,hbm2,3.97,10523508736,1318158336,0,1.62500,1904.4526,41778.3297,43682.7822,+0.00,262144000,52008.4757,+0.00,1221.206,310.61,0,21.62,162.27
IntelLabsChina__CAT-Q__llama2-7b,6476005376,0.4076,2.00,bitmap_A,hbm2,3.97,10312285261,1298956288,0,1.59238,2454.9929,40939.7725,43394.7654,-0.66,262144000,51720.4588,-0.55,1573.656,244.61,0,21.98,165.04
IntelLabsChina__CAT-Q__llama2-7b,6476005376,0.4076,2.00,bitmap_B_resident,hbm2,3.97,10317462605,1298956288,5177344,1.59318,2057.8181,40960.3265,43018.1447,-1.52,262144000,51343.8381,-1.28,1412.194,272.57,0,21.97,164.97
IntelLabsChina__CAT-Q__llama2-7b,6476005376,0.4076,2.00,bitmap_B_streamed,hbm2,3.97,10317462605,1298956288,5177344,1.59318,2340.6435,40960.3265,43300.9701,-0.87,262144000,51626.6635,-0.73,1656.914,232.31,0,21.97,164.97
IntelLabsChina__CAT-Q__llama2-7b,6476005376,0.4076,2.00,five_trit,hbm2_streamed,3.59,10523508736,1318158336,0,1.62500,1904.4526,37779.3964,39683.8489,+0.00,262144000,47212.6246,+0.00,1221.206,310.61,0,21.62,162.27
IntelLabsChina__CAT-Q__llama2-7b,6476005376,0.4076,2.00,bitmap_A,hbm2_streamed,3.59,10312285261,1298956288,0,1.59238,2454.9929,37021.1041,39476.0970,-0.52,262144000,47004.8727,-0.44,1573.656,244.61,0,21.98,165.04
IntelLabsChina__CAT-Q__llama2-7b,6476005376,0.4076,2.00,bitmap_B_resident,hbm2_streamed,3.59,10317462605,1298956288,5177344,1.59318,2057.8181,37039.6908,39097.5089,-1.48,262144000,46626.2846,-1.24,1412.194,272.57,0,21.97,164.97
IntelLabsChina__CAT-Q__llama2-7b,6476005376,0.4076,2.00,bitmap_B_streamed,hbm2_streamed,3.59,10317462605,1298956288,5177344,1.59318,2340.6435,37039.6908,39380.3343,-0.76,262144000,46909.1099,-0.64,1656.914,232.31,0,21.97,164.97
IntelLabsChina__CAT-Q__llama2-7b,6476005376,0.4076,2.00,five_trit,lpddr4_package,12,10523508736,1318158336,0,1.62500,1904.4526,126282.1048,128186.5574,+0.00,262144000,153352.3814,+0.00,1221.206,310.61,0,21.62,162.27
IntelLabsChina__CAT-Q__llama2-7b,6476005376,0.4076,2.00,bitmap_A,lpddr4_package,12,10312285261,1298956288,0,1.59238,2454.9929,123747.4231,126202.4160,-1.55,262144000,151368.2400,-1.29,1573.656,244.61,0,21.98,165.04
IntelLabsChina__CAT-Q__llama2-7b,6476005376,0.4076,2.00,bitmap_B_resident,lpddr4_package,12,10317462605,1298956288,5177344,1.59318,2057.8181,123809.5513,125867.3694,-1.81,262144000,151033.1934,-1.51,1412.194,272.57,0,21.97,164.97
IntelLabsChina__CAT-Q__llama2-7b,6476005376,0.4076,2.00,bitmap_B_streamed,lpddr4_package,12,10317462605,1298956288,5177344,1.59318,2340.6435,123809.5513,126150.1948,-1.59,262144000,151316.0188,-1.33,1656.914,232.31,0,21.97,164.97
IntelLabsChina__CAT-Q__llama2-7b,6476005376,0.4076,2.00,five_trit,gddr5,14.0,10523508736,1318158336,0,1.62500,1904.4526,147329.1223,149233.5749,+0.00,262144000,178593.7029,+0.00,1221.206,310.61,0,21.62,162.27
IntelLabsChina__CAT-Q__llama2-7b,6476005376,0.4076,2.00,bitmap_A,gddr5,14.0,10312285261,1298956288,0,1.59238,2454.9929,144371.9937,146826.9865,-1.61,262144000,176187.1145,-1.35,1573.656,244.61,0,21.98,165.04
IntelLabsChina__CAT-Q__llama2-7b,6476005376,0.4076,2.00,bitmap_B_resident,gddr5,14.0,10317462605,1298956288,5177344,1.59318,2057.8181,144444.4765,146502.2946,-1.83,262144000,175862.4226,-1.53,1412.194,272.57,0,21.97,164.97
IntelLabsChina__CAT-Q__llama2-7b,6476005376,0.4076,2.00,bitmap_B_streamed,gddr5,14.0,10317462605,1298956288,5177344,1.59318,2340.6435,144444.4765,146785.1200,-1.64,262144000,176145.2480,-1.37,1656.914,232.31,0,21.97,164.97
IntelLabsChina__CAT-Q__llama2-7b,6476005376,0.4076,2.00,five_trit,dram_45nm_horowitz,30.5,10523508736,1318158336,0,1.62500,1904.4526,320967.0164,322871.4690,+0.00,262144000,386834.6050,+0.00,1221.206,310.61,0,21.62,162.27
IntelLabsChina__CAT-Q__llama2-7b,6476005376,0.4076,2.00,bitmap_A,dram_45nm_horowitz,30.5,10312285261,1298956288,0,1.59238,2454.9929,314524.7005,316979.6933,-1.82,262144000,380942.8293,-1.52,1573.656,244.61,0,21.98,165.04
IntelLabsChina__CAT-Q__llama2-7b,6476005376,0.4076,2.00,bitmap_B_resident,dram_45nm_horowitz,30.5,10317462605,1298956288,5177344,1.59318,2057.8181,314682.6095,316740.4276,-1.90,262144000,380703.5636,-1.58,1412.194,272.57,0,21.97,164.97
IntelLabsChina__CAT-Q__llama2-7b,6476005376,0.4076,2.00,bitmap_B_streamed,dram_45nm_horowitz,30.5,10317462605,1298956288,5177344,1.59318,2340.6435,314682.6095,317023.2530,-1.81,262144000,380986.3890,-1.51,1656.914,232.31,0,21.97,164.97
IntelLabsChina__CAT-Q__llama2-7b,6476005376,0.4076,2.00,five_trit,ddr3_peak,70,10523508736,1318158336,0,1.62500,1904.4526,736645.6115,738550.0641,+0.00,262144000,885350.7041,+0.00,1221.206,310.61,0,21.62,162.27
IntelLabsChina__CAT-Q__llama2-7b,6476005376,0.4076,2.00,bitmap_A,ddr3_peak,70,10312285261,1298956288,0,1.59238,2454.9929,721859.9683,724314.9612,-1.93,262144000,871115.6012,-1.61,1573.656,244.61,0,21.98,165.04
IntelLabsChina__CAT-Q__llama2-7b,6476005376,0.4076,2.00,bitmap_B_resident,ddr3_peak,70,10317462605,1298956288,5177344,1.59318,2057.8181,722222.3824,724280.2005,-1.93,262144000,871080.8405,-1.61,1412.194,272.57,0,21.97,164.97
IntelLabsChina__CAT-Q__llama2-7b,6476005376,0.4076,2.00,bitmap_B_streamed,ddr3_peak,70,10317462605,1298956288,5177344,1.59318,2340.6435,722222.3824,724563.0259,-1.89,262144000,871363.6659,-1.58,1656.914,232.31,0,21.97,164.97
IntelLabsChina__CAT-Q__llama2-7b,6476005376,0.4076,2.50,five_trit,sram_8kb_45nm,0.156,10523508736,1318158336,0,1.62500,1854.3042,1641.6674,3495.9716,+0.00,262144000,3823.1273,+0.00,1200.192,252.84,0,21.62,162.27
IntelLabsChina__CAT-Q__llama2-7b,6476005376,0.4076,2.50,bitmap_A,sram_8kb_45nm,0.156,10312285261,1298956288,0,1.59238,2460.5442,1608.7165,4069.2607,+16.40,262144000,4396.4164,+15.00,1545.726,199.22,0,21.98,165.04
IntelLabsChina__CAT-Q__llama2-7b,6476005376,0.4076,2.50,bitmap_B_resident,sram_8kb_45nm,0.156,10317462605,1298956288,5177344,1.59318,2035.8664,1609.5242,3645.3906,+4.27,262144000,3972.5463,+3.91,1386.658,222.07,0,21.97,164.97
IntelLabsChina__CAT-Q__llama2-7b,6476005376,0.4076,2.50,bitmap_B_streamed,sram_8kb_45nm,0.156,10317462605,1298956288,5177344,1.59318,2321.6556,1609.5242,3931.1798,+12.45,262144000,4258.3355,+11.38,1631.378,188.76,0,21.97,164.97
IntelLabsChina__CAT-Q__llama2-7b,6476005376,0.4076,2.50,five_trit,sram_32kb_45nm,0.313,10523508736,1318158336,0,1.62500,1854.3042,3293.8582,5148.1625,+0.00,262144000,5804.5710,+0.00,1200.192,252.84,0,21.62,162.27
IntelLabsChina__CAT-Q__llama2-7b,6476005376,0.4076,2.50,bitmap_A,sram_32kb_45nm,0.313,10312285261,1298956288,0,1.59238,2460.5442,3227.7453,5688.2894,+10.49,262144000,6344.6980,+9.31,1545.726,199.22,0,21.98,165.04
IntelLabsChina__CAT-Q__llama2-7b,6476005376,0.4076,2.50,bitmap_B_resident,sram_32kb_45nm,0.313,10317462605,1298956288,5177344,1.59318,2035.8664,3229.3658,5265.2322,+2.27,262144000,5921.6408,+2.02,1386.658,222.07,0,21.97,164.97
IntelLabsChina__CAT-Q__llama2-7b,6476005376,0.4076,2.50,bitmap_B_streamed,sram_32kb_45nm,0.313,10317462605,1298956288,5177344,1.59318,2321.6556,3229.3658,5551.0214,+7.83,262144000,6207.4300,+6.94,1631.378,188.76,0,21.97,164.97
IntelLabsChina__CAT-Q__llama2-7b,6476005376,0.4076,2.50,five_trit,sram_1mb_45nm,1.563,10523508736,1318158336,0,1.62500,1854.3042,16448.2442,18302.5484,+0.00,262144000,21580.3970,+0.00,1200.192,252.84,0,21.62,162.27
IntelLabsChina__CAT-Q__llama2-7b,6476005376,0.4076,2.50,bitmap_A,sram_1mb_45nm,1.563,10312285261,1298956288,0,1.59238,2460.5442,16118.1019,18578.6460,+1.51,262144000,21856.4946,+1.28,1545.726,199.22,0,21.98,165.04
IntelLabsChina__CAT-Q__llama2-7b,6476005376,0.4076,2.50,bitmap_B_resident,sram_1mb_45nm,1.563,10317462605,1298956288,5177344,1.59318,2035.8664,16126.1941,18162.0604,-0.77,262144000,21439.9090,-0.65,1386.658,222.07,0,21.97,164.97
IntelLabsChina__CAT-Q__llama2-7b,6476005376,0.4076,2.50,bitmap_B_streamed,sram_1mb_45nm,1.563,10317462605,1298956288,5177344,1.59318,2321.6556,16126.1941,18447.8497,+0.79,262144000,21725.6983,+0.67,1631.378,188.76,0,21.97,164.97
IntelLabsChina__CAT-Q__llama2-7b,6476005376,0.4076,2.50,five_trit,sram_1mb_45nm_cacti,1.058,10523508736,1318158336,0,1.62500,1854.3042,11133.8722,12988.1765,+0.00,262144000,15206.9633,+0.00,1200.192,252.84,0,21.62,162.27
IntelLabsChina__CAT-Q__llama2-7b,6476005376,0.4076,2.50,bitmap_A,sram_1mb_45nm_cacti,1.058,10312285261,1298956288,0,1.59238,2460.5442,10910.3978,13370.9420,+2.95,262144000,15589.7288,+2.52,1545.726,199.22,0,21.98,165.04
IntelLabsChina__CAT-Q__llama2-7b,6476005376,0.4076,2.50,bitmap_B_resident,sram_1mb_45nm_cacti,1.058,10317462605,1298956288,5177344,1.59318,2035.8664,10915.8754,12951.7418,-0.28,262144000,15170.5286,-0.24,1386.658,222.07,0,21.97,164.97
IntelLabsChina__CAT-Q__llama2-7b,6476005376,0.4076,2.50,bitmap_B_streamed,sram_1mb_45nm_cacti,1.058,10317462605,1298956288,5177344,1.59318,2321.6556,10915.8754,13237.5311,+1.92,262144000,15456.3179,+1.64,1631.378,188.76,0,21.97,164.97
IntelLabsChina__CAT-Q__llama2-7b,6476005376,0.4076,2.50,five_trit,sram_32kb_7nm,0.133,10523508736,1318158336,0,1.62500,1854.3042,1399.6267,3253.9309,+0.00,262144000,3532.8521,+0.00,1200.192,252.84,0,21.62,162.27
IntelLabsChina__CAT-Q__llama2-7b,6476005376,0.4076,2.50,bitmap_A,sram_32kb_7nm,0.133,10312285261,1298956288,0,1.59238,2460.5442,1371.5339,3832.0781,+17.77,262144000,4110.9993,+16.36,1545.726,199.22,0,21.98,165.04
IntelLabsChina__CAT-Q__llama2-7b,6476005376,0.4076,2.50,bitmap_B_resident,sram_32kb_7nm,0.133,10317462605,1298956288,5177344,1.59318,2035.8664,1372.2225,3408.0889,+4.74,262144000,3687.0101,+4.36,1386.658,222.07,0,21.97,164.97
IntelLabsChina__CAT-Q__llama2-7b,6476005376,0.4076,2.50,bitmap_B_streamed,sram_32kb_7nm,0.133,10317462605,1298956288,5177344,1.59318,2321.6556,1372.2225,3693.8782,+13.52,262144000,3972.7994,+12.45,1631.378,188.76,0,21.97,164.97
IntelLabsChina__CAT-Q__llama2-7b,6476005376,0.4076,2.50,five_trit,sram_1mb_7nm,0.219,10523508736,1318158336,0,1.62500,1854.3042,2304.6484,4158.9526,+0.00,262144000,4618.2289,+0.00,1200.192,252.84,0,21.62,162.27
IntelLabsChina__CAT-Q__llama2-7b,6476005376,0.4076,2.50,bitmap_A,sram_1mb_7nm,0.219,10312285261,1298956288,0,1.59238,2460.5442,2258.3905,4718.9346,+13.46,262144000,5178.2109,+12.13,1545.726,199.22,0,21.98,165.04
IntelLabsChina__CAT-Q__llama2-7b,6476005376,0.4076,2.50,bitmap_B_resident,sram_1mb_7nm,0.219,10317462605,1298956288,5177344,1.59318,2035.8664,2259.5243,4295.3907,+3.28,262144000,4754.6670,+2.95,1386.658,222.07,0,21.97,164.97
IntelLabsChina__CAT-Q__llama2-7b,6476005376,0.4076,2.50,bitmap_B_streamed,sram_1mb_7nm,0.219,10317462605,1298956288,5177344,1.59318,2321.6556,2259.5243,4581.1799,+10.15,262144000,5040.4562,+9.14,1631.378,188.76,0,21.97,164.97
IntelLabsChina__CAT-Q__llama2-7b,6476005376,0.4076,2.50,five_trit,hbm2,3.97,10523508736,1318158336,0,1.62500,1854.3042,41778.3297,43632.6339,+0.00,262144000,51958.3273,+0.00,1200.192,252.84,0,21.62,162.27
IntelLabsChina__CAT-Q__llama2-7b,6476005376,0.4076,2.50,bitmap_A,hbm2,3.97,10312285261,1298956288,0,1.59238,2460.5442,40939.7725,43400.3166,-0.53,262144000,51726.0101,-0.45,1545.726,199.22,0,21.98,165.04
IntelLabsChina__CAT-Q__llama2-7b,6476005376,0.4076,2.50,bitmap_B_resident,hbm2,3.97,10317462605,1298956288,5177344,1.59318,2035.8664,40960.3265,42996.1929,-1.46,262144000,51321.8864,-1.22,1386.658,222.07,0,21.97,164.97
IntelLabsChina__CAT-Q__llama2-7b,6476005376,0.4076,2.50,bitmap_B_streamed,hbm2,3.97,10317462605,1298956288,5177344,1.59318,2321.6556,40960.3265,43281.9822,-0.80,262144000,51607.6756,-0.67,1631.378,188.76,0,21.97,164.97
IntelLabsChina__CAT-Q__llama2-7b,6476005376,0.4076,2.50,five_trit,hbm2_streamed,3.59,10523508736,1318158336,0,1.62500,1854.3042,37779.3964,39633.7006,+0.00,262144000,47162.4763,+0.00,1200.192,252.84,0,21.62,162.27
IntelLabsChina__CAT-Q__llama2-7b,6476005376,0.4076,2.50,bitmap_A,hbm2_streamed,3.59,10312285261,1298956288,0,1.59238,2460.5442,37021.1041,39481.6482,-0.38,262144000,47010.4239,-0.32,1545.726,199.22,0,21.98,165.04
IntelLabsChina__CAT-Q__llama2-7b,6476005376,0.4076,2.50,bitmap_B_resident,hbm2_streamed,3.59,10317462605,1298956288,5177344,1.59318,2035.8664,37039.6908,39075.5571,-1.41,262144000,46604.3328,-1.18,1386.658,222.07,0,21.97,164.97
IntelLabsChina__CAT-Q__llama2-7b,6476005376,0.4076,2.50,bitmap_B_streamed,hbm2_streamed,3.59,10317462605,1298956288,5177344,1.59318,2321.6556,37039.6908,39361.3464,-0.69,262144000,46890.1221,-0.58,1631.378,188.76,0,21.97,164.97
IntelLabsChina__CAT-Q__llama2-7b,6476005376,0.4076,2.50,five_trit,lpddr4_package,12,10523508736,1318158336,0,1.62500,1854.3042,126282.1048,128136.4091,+0.00,262144000,153302.2331,+0.00,1200.192,252.84,0,21.62,162.27
IntelLabsChina__CAT-Q__llama2-7b,6476005376,0.4076,2.50,bitmap_A,lpddr4_package,12,10312285261,1298956288,0,1.59238,2460.5442,123747.4231,126207.9673,-1.50,262144000,151373.7913,-1.26,1545.726,199.22,0,21.98,165.04
IntelLabsChina__CAT-Q__llama2-7b,6476005376,0.4076,2.50,bitmap_B_resident,lpddr4_package,12,10317462605,1298956288,5177344,1.59318,2035.8664,123809.5513,125845.4177,-1.79,262144000,151011.2417,-1.49,1386.658,222.07,0,21.97,164.97
IntelLabsChina__CAT-Q__llama2-7b,6476005376,0.4076,2.50,bitmap_B_streamed,lpddr4_package,12,10317462605,1298956288,5177344,1.59318,2321.6556,123809.5513,126131.2069,-1.56,262144000,151297.0309,-1.31,1631.378,188.76,0,21.97,164.97
IntelLabsChina__CAT-Q__llama2-7b,6476005376,0.4076,2.50,five_trit,gddr5,14.0,10523508736,1318158336,0,1.62500,1854.3042,147329.1223,149183.4265,+0.00,262144000,178543.5545,+0.00,1200.192,252.84,0,21.62,162.27
IntelLabsChina__CAT-Q__llama2-7b,6476005376,0.4076,2.50,bitmap_A,gddr5,14.0,10312285261,1298956288,0,1.59238,2460.5442,144371.9937,146832.5378,-1.58,262144000,176192.6658,-1.32,1545.726,199.22,0,21.98,165.04
IntelLabsChina__CAT-Q__llama2-7b,6476005376,0.4076,2.50,bitmap_B_resident,gddr5,14.0,10317462605,1298956288,5177344,1.59318,2035.8664,144444.4765,146480.3429,-1.81,262144000,175840.4709,-1.51,1386.658,222.07,0,21.97,164.97
IntelLabsChina__CAT-Q__llama2-7b,6476005376,0.4076,2.50,bitmap_B_streamed,gddr5,14.0,10317462605,1298956288,5177344,1.59318,2321.6556,144444.4765,146766.1321,-1.62,262144000,176126.2601,-1.35,1631.378,188.76,0,21.97,164.97
IntelLabsChina__CAT-Q__llama2-7b,6476005376,0.4076,2.50,five_trit,dram_45nm_horowitz,30.5,10523508736,1318158336,0,1.62500,1854.3042,320967.0164,322821.3207,+0.00,262144000,386784.4567,+0.00,1200.192,252.84,0,21.62,162.27
IntelLabsChina__CAT-Q__llama2-7b,6476005376,0.4076,2.50,bitmap_A,dram_45nm_horowitz,30.5,10312285261,1298956288,0,1.59238,2460.5442,314524.7005,316985.2446,-1.81,262144000,380948.3806,-1.51,1545.726,199.22,0,21.98,165.04
IntelLabsChina__CAT-Q__llama2-7b,6476005376,0.4076,2.50,bitmap_B_resident,dram_45nm_horowitz,30.5,10317462605,1298956288,5177344,1.59318,2035.8664,314682.6095,316718.4758,-1.89,262144000,380681.6118,-1.58,1386.658,222.07,0,21.97,164.97
IntelLabsChina__CAT-Q__llama2-7b,6476005376,0.4076,2.50,bitmap_B_streamed,dram_45nm_horowitz,30.5,10317462605,1298956288,5177344,1.59318,2321.6556,314682.6095,317004.2651,-1.80,262144000,380967.4011,-1.50,1631.378,188.76,0,21.97,164.97
IntelLabsChina__CAT-Q__llama2-7b,6476005376,0.4076,2.50,five_trit,ddr3_peak,70,10523508736,1318158336,0,1.62500,1854.3042,736645.6115,738499.9157,+0.00,262144000,885300.5557,+0.00,1200.192,252.84,0,21.62,162.27
IntelLabsChina__CAT-Q__llama2-7b,6476005376,0.4076,2.50,bitmap_A,ddr3_peak,70,10312285261,1298956288,0,1.59238,2460.5442,721859.9683,724320.5124,-1.92,262144000,871121.1524,-1.60,1545.726,199.22,0,21.98,165.04
IntelLabsChina__CAT-Q__llama2-7b,6476005376,0.4076,2.50,bitmap_B_resident,ddr3_peak,70,10317462605,1298956288,5177344,1.59318,2035.8664,722222.3824,724258.2487,-1.93,262144000,871058.8887,-1.61,1386.658,222.07,0,21.97,164.97
IntelLabsChina__CAT-Q__llama2-7b,6476005376,0.4076,2.50,bitmap_B_streamed,ddr3_peak,70,10317462605,1298956288,5177344,1.59318,2321.6556,722222.3824,724544.0380,-1.89,262144000,871344.6780,-1.58,1631.378,188.76,0,21.97,164.97
IntelLabsChina__CAT-Q__qwen3-1.7b,1409286144,0.5148,1.60,five_trit,sram_8kb_45nm,0.156,2290089984,287408128,0,1.62500,467.9260,357.2540,825.1801,+0.00,622329856,1601.8477,+0.00,1373.358,1583.42,0,37.53,281.75
IntelLabsChina__CAT-Q__qwen3-1.7b,1409286144,0.5148,1.60,bitmap_A,sram_8kb_45nm,0.156,2093120454,283222016,0,1.48523,567.7308,326.5268,894.2576,+8.37,622329856,1670.9253,+4.31,1624.994,1358.00,0,38.58,289.60
IntelLabsChina__CAT-Q__qwen3-1.7b,1409286144,0.5148,1.60,bitmap_B_resident,sram_8kb_45nm,0.156,2094209990,283222016,1089536,1.48601,467.1604,326.6968,793.8571,-3.80,622329856,1570.5248,-1.96,1448.636,1523.33,0,38.57,289.56
IntelLabsChina__CAT-Q__qwen3-1.7b,1409286144,0.5148,1.60,bitmap_B_streamed,sram_8kb_45nm,0.156,2094209990,283222016,1089536,1.48601,527.3133,326.6968,854.0100,+3.49,622329856,1630.6777,+1.80,1693.356,1303.18,0,38.57,289.56
IntelLabsChina__CAT-Q__qwen3-1.7b,1409286144,0.5148,1.60,five_trit,sram_32kb_45nm,0.313,2290089984,287408128,0,1.62500,467.9260,716.7982,1184.7242,+0.00,622329856,2743.0381,+0.00,1373.358,1583.42,0,37.53,281.75
IntelLabsChina__CAT-Q__qwen3-1.7b,1409286144,0.5148,1.60,bitmap_A,sram_32kb_45nm,0.313,2093120454,283222016,0,1.48523,567.7308,655.1467,1222.8775,+3.22,622329856,2781.1915,+1.39,1624.994,1358.00,0,38.58,289.60
IntelLabsChina__CAT-Q__qwen3-1.7b,1409286144,0.5148,1.60,bitmap_B_resident,sram_32kb_45nm,0.313,2094209990,283222016,1089536,1.48601,467.1604,655.4877,1122.6481,-5.24,622329856,2680.9621,-2.26,1448.636,1523.33,0,38.57,289.56
IntelLabsChina__CAT-Q__qwen3-1.7b,1409286144,0.5148,1.60,bitmap_B_streamed,sram_32kb_45nm,0.313,2094209990,283222016,1089536,1.48601,527.3133,655.4877,1182.8010,-0.16,622329856,2741.1150,-0.07,1693.356,1303.18,0,38.57,289.56
IntelLabsChina__CAT-Q__qwen3-1.7b,1409286144,0.5148,1.60,five_trit,sram_1mb_45nm,1.563,2290089984,287408128,0,1.62500,467.9260,3579.4106,4047.3367,+0.00,622329856,11828.9492,+0.00,1373.358,1583.42,0,37.53,281.75
IntelLabsChina__CAT-Q__qwen3-1.7b,1409286144,0.5148,1.60,bitmap_A,sram_1mb_45nm,1.563,2093120454,283222016,0,1.48523,567.7308,3271.5473,3839.2781,-5.14,622329856,11620.8906,-1.76,1624.994,1358.00,0,38.58,289.60
IntelLabsChina__CAT-Q__qwen3-1.7b,1409286144,0.5148,1.60,bitmap_B_resident,sram_1mb_45nm,1.563,2094209990,283222016,1089536,1.48601,467.1604,3273.2502,3740.4106,-7.58,622329856,11522.0231,-2.59,1448.636,1523.33,0,38.57,289.56
IntelLabsChina__CAT-Q__qwen3-1.7b,1409286144,0.5148,1.60,bitmap_B_streamed,sram_1mb_45nm,1.563,2094209990,283222016,1089536,1.48601,527.3133,3273.2502,3800.5635,-6.10,622329856,11582.1760,-2.09,1693.356,1303.18,0,38.57,289.56
IntelLabsChina__CAT-Q__qwen3-1.7b,1409286144,0.5148,1.60,five_trit,sram_1mb_45nm_cacti,1.058,2290089984,287408128,0,1.62500,467.9260,2422.9152,2890.8412,+0.00,622329856,8158.2411,+0.00,1373.358,1583.42,0,37.53,281.75
IntelLabsChina__CAT-Q__qwen3-1.7b,1409286144,0.5148,1.60,bitmap_A,sram_1mb_45nm_cacti,1.058,2093120454,283222016,0,1.48523,567.7308,2214.5214,2782.2523,-3.76,622329856,8049.6522,-1.33,1624.994,1358.00,0,38.58,289.60
IntelLabsChina__CAT-Q__qwen3-1.7b,1409286144,0.5148,1.60,bitmap_B_resident,sram_1mb_45nm_cacti,1.058,2094209990,283222016,1089536,1.48601,467.1604,2215.6742,2682.8346,-7.20,622329856,7950.2345,-2.55,1448.636,1523.33,0,38.57,289.56
IntelLabsChina__CAT-Q__qwen3-1.7b,1409286144,0.5148,1.60,bitmap_B_streamed,sram_1mb_45nm_cacti,1.058,2094209990,283222016,1089536,1.48601,527.3133,2215.6742,2742.9875,-5.11,622329856,8010.3874,-1.81,1693.356,1303.18,0,38.57,289.56
IntelLabsChina__CAT-Q__qwen3-1.7b,1409286144,0.5148,1.60,five_trit,sram_32kb_7nm,0.133,2290089984,287408128,0,1.62500,467.9260,304.5820,772.5080,+0.00,622329856,1434.6670,+0.00,1373.358,1583.42,0,37.53,281.75
IntelLabsChina__CAT-Q__qwen3-1.7b,1409286144,0.5148,1.60,bitmap_A,sram_32kb_7nm,0.133,2093120454,283222016,0,1.48523,567.7308,278.3850,846.1159,+9.53,622329856,1508.2748,+5.13,1624.994,1358.00,0,38.58,289.60
IntelLabsChina__CAT-Q__qwen3-1.7b,1409286144,0.5148,1.60,bitmap_B_resident,sram_32kb_7nm,0.133,2094209990,283222016,1089536,1.48601,467.1604,278.5299,745.6903,-3.47,622329856,1407.8493,-1.87,1448.636,1523.33,0,38.57,289.56
IntelLabsChina__CAT-Q__qwen3-1.7b,1409286144,0.5148,1.60,bitmap_B_streamed,sram_32kb_7nm,0.133,2094209990,283222016,1089536,1.48601,527.3133,278.5299,805.8432,+4.32,622329856,1468.0022,+2.32,1693.356,1303.18,0,38.57,289.56
IntelLabsChina__CAT-Q__qwen3-1.7b,1409286144,0.5148,1.60,five_trit,sram_1mb_7nm,0.219,2290089984,287408128,0,1.62500,467.9260,501.5297,969.4557,+0.00,622329856,2059.7776,+0.00,1373.358,1583.42,0,37.53,281.75
IntelLabsChina__CAT-Q__qwen3-1.7b,1409286144,0.5148,1.60,bitmap_A,sram_1mb_7nm,0.219,2093120454,283222016,0,1.48523,567.7308,458.3934,1026.1242,+5.85,622329856,2116.4461,+2.75,1624.994,1358.00,0,38.58,289.60
IntelLabsChina__CAT-Q__qwen3-1.7b,1409286144,0.5148,1.60,bitmap_B_resident,sram_1mb_7nm,0.219,2094209990,283222016,1089536,1.48601,467.1604,458.6320,925.7924,-4.50,622329856,2016.1143,-2.12,1448.636,1523.33,0,38.57,289.56
IntelLabsChina__CAT-Q__qwen3-1.7b,1409286144,0.5148,1.60,bitmap_B_streamed,sram_1mb_7nm,0.219,2094209990,283222016,1089536,1.48601,527.3133,458.6320,985.9453,+1.70,622329856,2076.2672,+0.80,1693.356,1303.18,0,38.57,289.56
IntelLabsChina__CAT-Q__qwen3-1.7b,1409286144,0.5148,1.60,five_trit,hbm2,3.97,2290089984,287408128,0,1.62500,467.9260,9091.6572,9559.5833,+0.00,622329856,29324.7795,+0.00,1373.358,1583.42,0,37.53,281.75
IntelLabsChina__CAT-Q__qwen3-1.7b,1409286144,0.5148,1.60,bitmap_A,hbm2,3.97,2093120454,283222016,0,1.48523,567.7308,8309.6882,8877.4190,-7.14,622329856,28642.6153,-2.33,1624.994,1358.00,0,38.58,289.60
IntelLabsChina__CAT-Q__qwen3-1.7b,1409286144,0.5148,1.60,bitmap_B_resident,hbm2,3.97,2094209990,283222016,1089536,1.48601,467.1604,8314.0137,8781.1740,-8.14,622329856,28546.3703,-2.65,1448.636,1523.33,0,38.57,289.56
IntelLabsChina__CAT-Q__qwen3-1.7b,1409286144,0.5148,1.60,bitmap_B_streamed,hbm2,3.97,2094209990,283222016,1089536,1.48601,527.3133,8314.0137,8841.3270,-7.51,622329856,28606.5232,-2.45,1693.356,1303.18,0,38.57,289.56
IntelLabsChina__CAT-Q__qwen3-1.7b,1409286144,0.5148,1.60,five_trit,hbm2_streamed,3.59,2290089984,287408128,0,1.62500,467.9260,8221.4230,8689.3491,+0.00,622329856,26562.6625,+0.00,1373.358,1583.42,0,37.53,281.75
IntelLabsChina__CAT-Q__qwen3-1.7b,1409286144,0.5148,1.60,bitmap_A,hbm2_streamed,3.59,2093120454,283222016,0,1.48523,567.7308,7514.3024,8082.0333,-6.99,622329856,25955.3467,-2.29,1624.994,1358.00,0,38.58,289.60
IntelLabsChina__CAT-Q__qwen3-1.7b,1409286144,0.5148,1.60,bitmap_B_resident,hbm2_streamed,3.59,2094209990,283222016,1089536,1.48601,467.1604,7518.2139,7985.3743,-8.10,622329856,25858.6877,-2.65,1448.636,1523.33,0,38.57,289.56
IntelLabsChina__CAT-Q__qwen3-1.7b,1409286144,0.5148,1.60,bitmap_B_streamed,hbm2_streamed,3.59,2094209990,283222016,1089536,1.48601,527.3133,7518.2139,8045.5272,-7.41,622329856,25918.8406,-2.42,1693.356,1303.18,0,38.57,289.56
IntelLabsChina__CAT-Q__qwen3-1.7b,1409286144,0.5148,1.60,five_trit,lpddr4_package,12,2290089984,287408128,0,1.62500,467.9260,27481.0798,27949.0058,+0.00,622329856,87692.6720,+0.00,1373.358,1583.42,0,37.53,281.75
IntelLabsChina__CAT-Q__qwen3-1.7b,1409286144,0.5148,1.60,bitmap_A,lpddr4_package,12,2093120454,283222016,0,1.48523,567.7308,25117.4454,25685.1763,-8.10,622329856,85428.8425,-2.58,1624.994,1358.00,0,38.58,289.60
IntelLabsChina__CAT-Q__qwen3-1.7b,1409286144,0.5148,1.60,bitmap_B_resident,lpddr4_package,12,2094209990,283222016,1089536,1.48601,467.1604,25130.5199,25597.6803,-8.41,622329856,85341.3464,-2.68,1448.636,1523.33,0,38.57,289.56
IntelLabsChina__CAT-Q__qwen3-1.7b,1409286144,0.5148,1.60,bitmap_B_streamed,lpddr4_package,12,2094209990,283222016,1089536,1.48601,527.3133,25130.5199,25657.8332,-8.20,622329856,85401.4993,-2.61,1693.356,1303.18,0,38.57,289.56
IntelLabsChina__CAT-Q__qwen3-1.7b,1409286144,0.5148,1.60,five_trit,gddr5,14.0,2290089984,287408128,0,1.62500,467.9260,32061.2598,32529.1858,+0.00,622329856,102230.1297,+0.00,1373.358,1583.42,0,37.53,281.75
IntelLabsChina__CAT-Q__qwen3-1.7b,1409286144,0.5148,1.60,bitmap_A,gddr5,14.0,2093120454,283222016,0,1.48523,567.7308,29303.6864,29871.4172,-8.17,622329856,99572.3611,-2.60,1624.994,1358.00,0,38.58,289.60
IntelLabsChina__CAT-Q__qwen3-1.7b,1409286144,0.5148,1.60,bitmap_B_resident,gddr5,14.0,2094209990,283222016,1089536,1.48601,467.1604,29318.9399,29786.1002,-8.43,622329856,99487.0441,-2.68,1448.636,1523.33,0,38.57,289.56
IntelLabsChina__CAT-Q__qwen3-1.7b,1409286144,0.5148,1.60,bitmap_B_streamed,gddr5,14.0,2094209990,283222016,1089536,1.48601,527.3133,29318.9399,29846.2532,-8.25,622329856,99547.1970,-2.62,1693.356,1303.18,0,38.57,289.56
IntelLabsChina__CAT-Q__qwen3-1.7b,1409286144,0.5148,1.60,five_trit,dram_45nm_horowitz,30.5,2290089984,287408128,0,1.62500,467.9260,69847.7445,70315.6705,+0.00,622329856,222164.1554,+0.00,1373.358,1583.42,0,37.53,281.75
IntelLabsChina__CAT-Q__qwen3-1.7b,1409286144,0.5148,1.60,bitmap_A,dram_45nm_horowitz,30.5,2093120454,283222016,0,1.48523,567.7308,63840.1738,64407.9047,-8.40,622329856,216256.3895,-2.66,1624.994,1358.00,0,38.58,289.60
IntelLabsChina__CAT-Q__qwen3-1.7b,1409286144,0.5148,1.60,bitmap_B_resident,dram_45nm_horowitz,30.5,2094209990,283222016,1089536,1.48601,467.1604,63873.4047,64340.5651,-8.50,622329856,216189.0499,-2.69,1448.636,1523.33,0,38.57,289.56
IntelLabsChina__CAT-Q__qwen3-1.7b,1409286144,0.5148,1.60,bitmap_B_streamed,dram_45nm_horowitz,30.5,2094209990,283222016,1089536,1.48601,527.3133,63873.4047,64400.7180,-8.41,622329856,216249.2028,-2.66,1693.356,1303.18,0,38.57,289.56
IntelLabsChina__CAT-Q__qwen3-1.7b,1409286144,0.5148,1.60,five_trit,ddr3_peak,70,2290089984,287408128,0,1.62500,467.9260,160306.2989,160774.2249,+0.00,622329856,509278.9443,+0.00,1373.358,1583.42,0,37.53,281.75
IntelLabsChina__CAT-Q__qwen3-1.7b,1409286144,0.5148,1.60,bitmap_A,ddr3_peak,70,2093120454,283222016,0,1.48523,567.7308,146518.4318,147086.1626,-8.51,622329856,495590.8820,-2.69,1624.994,1358.00,0,38.58,289.60
IntelLabsChina__CAT-Q__qwen3-1.7b,1409286144,0.5148,1.60,bitmap_B_resident,ddr3_peak,70,2094209990,283222016,1089536,1.48601,467.1604,146594.6993,147061.8597,-8.53,622329856,495566.5790,-2.69,1448.636,1523.33,0,38.57,289.56
IntelLabsChina__CAT-Q__qwen3-1.7b,1409286144,0.5148,1.60,bitmap_B_streamed,ddr3_peak,70,2094209990,283222016,1089536,1.48601,527.3133,146594.6993,147122.0126,-8.49,622329856,495626.7320,-2.68,1693.356,1303.18,0,38.57,289.56
IntelLabsChina__CAT-Q__qwen3-1.7b,1409286144,0.5148,2.00,five_trit,sram_8kb_45nm,0.156,2290089984,287408128,0,1.62500,398.4847,357.2540,755.7388,+0.00,622329856,1532.4064,+0.00,1221.206,1424.56,0,37.53,281.75
IntelLabsChina__CAT-Q__qwen3-1.7b,1409286144,0.5148,2.00,bitmap_A,sram_8kb_45nm,0.156,2093120454,283222016,0,1.48523,521.7518,326.5268,848.2785,+12.24,622329856,1624.9462,+6.04,1573.656,1121.85,0,38.58,289.60
IntelLabsChina__CAT-Q__qwen3-1.7b,1409286144,0.5148,2.00,bitmap_B_resident,sram_8kb_45nm,0.156,2094209990,283222016,1089536,1.48601,434.9958,326.6968,761.6926,+0.79,622329856,1538.3603,+0.39,1412.194,1250.11,0,38.57,289.56
IntelLabsChina__CAT-Q__qwen3-1.7b,1409286144,0.5148,2.00,bitmap_B_streamed,sram_8kb_45nm,0.156,2094209990,283222016,1089536,1.48601,495.6624,326.6968,822.3592,+8.82,622329856,1599.0268,+4.35,1656.914,1065.47,0,38.57,289.56
IntelLabsChina__CAT-Q__qwen3-1.7b,1409286144,0.5148,2.00,five_trit,sram_32kb_45nm,0.313,2290089984,287408128,0,1.62500,398.4847,716.7982,1115.2829,+0.00,622329856,2673.5968,+0.00,1221.206,1424.56,0,37.53,281.75
IntelLabsChina__CAT-Q__qwen3-1.7b,1409286144,0.5148,2.00,bitmap_A,sram_32kb_45nm,0.313,2093120454,283222016,0,1.48523,521.7518,655.1467,1176.8985,+5.52,622329856,2735.2124,+2.30,1573.656,1121.85,0,38.58,289.60
IntelLabsChina__CAT-Q__qwen3-1.7b,1409286144,0.5148,2.00,bitmap_B_resident,sram_32kb_45nm,0.313,2094209990,283222016,1089536,1.48601,434.9958,655.4877,1090.4836,-2.22,622329856,2648.7975,-0.93,1412.194,1250.11,0,38.57,289.56
IntelLabsChina__CAT-Q__qwen3-1.7b,1409286144,0.5148,2.00,bitmap_B_streamed,sram_32kb_45nm,0.313,2094209990,283222016,1089536,1.48601,495.6624,655.4877,1151.1501,+3.22,622329856,2709.4641,+1.34,1656.914,1065.47,0,38.57,289.56
IntelLabsChina__CAT-Q__qwen3-1.7b,1409286144,0.5148,2.00,five_trit,sram_1mb_45nm,1.563,2290089984,287408128,0,1.62500,398.4847,3579.4106,3977.8954,+0.00,622329856,11759.5079,+0.00,1221.206,1424.56,0,37.53,281.75
IntelLabsChina__CAT-Q__qwen3-1.7b,1409286144,0.5148,2.00,bitmap_A,sram_1mb_45nm,1.563,2093120454,283222016,0,1.48523,521.7518,3271.5473,3793.2990,-4.64,622329856,11574.9115,-1.57,1573.656,1121.85,0,38.58,289.60
IntelLabsChina__CAT-Q__qwen3-1.7b,1409286144,0.5148,2.00,bitmap_B_resident,sram_1mb_45nm,1.563,2094209990,283222016,1089536,1.48601,434.9958,3273.2502,3708.2461,-6.78,622329856,11489.8586,-2.29,1412.194,1250.11,0,38.57,289.56
IntelLabsChina__CAT-Q__qwen3-1.7b,1409286144,0.5148,2.00,bitmap_B_streamed,sram_1mb_45nm,1.563,2094209990,283222016,1089536,1.48601,495.6624,3273.2502,3768.9126,-5.25,622329856,11550.5252,-1.78,1656.914,1065.47,0,38.57,289.56
IntelLabsChina__CAT-Q__qwen3-1.7b,1409286144,0.5148,2.00,five_trit,sram_1mb_45nm_cacti,1.058,2290089984,287408128,0,1.62500,398.4847,2422.9152,2821.3999,+0.00,622329856,8088.7998,+0.00,1221.206,1424.56,0,37.53,281.75
IntelLabsChina__CAT-Q__qwen3-1.7b,1409286144,0.5148,2.00,bitmap_A,sram_1mb_45nm_cacti,1.058,2093120454,283222016,0,1.48523,521.7518,2214.5214,2736.2732,-3.02,622329856,8003.6731,-1.05,1573.656,1121.85,0,38.58,289.60
IntelLabsChina__CAT-Q__qwen3-1.7b,1409286144,0.5148,2.00,bitmap_B_resident,sram_1mb_45nm_cacti,1.058,2094209990,283222016,1089536,1.48601,434.9958,2215.6742,2650.6700,-6.05,622329856,7918.0699,-2.11,1412.194,1250.11,0,38.57,289.56
IntelLabsChina__CAT-Q__qwen3-1.7b,1409286144,0.5148,2.00,bitmap_B_streamed,sram_1mb_45nm_cacti,1.058,2094209990,283222016,1089536,1.48601,495.6624,2215.6742,2711.3366,-3.90,622329856,7978.7365,-1.36,1656.914,1065.47,0,38.57,289.56
IntelLabsChina__CAT-Q__qwen3-1.7b,1409286144,0.5148,2.00,five_trit,sram_32kb_7nm,0.133,2290089984,287408128,0,1.62500,398.4847,304.5820,703.0667,+0.00,622329856,1365.2257,+0.00,1221.206,1424.56,0,37.53,281.75
IntelLabsChina__CAT-Q__qwen3-1.7b,1409286144,0.5148,2.00,bitmap_A,sram_32kb_7nm,0.133,2093120454,283222016,0,1.48523,521.7518,278.3850,800.1368,+13.81,622329856,1462.2957,+7.11,1573.656,1121.85,0,38.58,289.60
IntelLabsChina__CAT-Q__qwen3-1.7b,1409286144,0.5148,2.00,bitmap_B_resident,sram_32kb_7nm,0.133,2094209990,283222016,1089536,1.48601,434.9958,278.5299,713.5258,+1.49,622329856,1375.6847,+0.77,1412.194,1250.11,0,38.57,289.56
IntelLabsChina__CAT-Q__qwen3-1.7b,1409286144,0.5148,2.00,bitmap_B_streamed,sram_32kb_7nm,0.133,2094209990,283222016,1089536,1.48601,495.6624,278.5299,774.1924,+10.12,622329856,1436.3513,+5.21,1656.914,1065.47,0,38.57,289.56
IntelLabsChina__CAT-Q__qwen3-1.7b,1409286144,0.5148,2.00,five_trit,sram_1mb_7nm,0.219,2290089984,287408128,0,1.62500,398.4847,501.5297,900.0144,+0.00,622329856,1990.3363,+0.00,1221.206,1424.56,0,37.53,281.75
IntelLabsChina__CAT-Q__qwen3-1.7b,1409286144,0.5148,2.00,bitmap_A,sram_1mb_7nm,0.219,2093120454,283222016,0,1.48523,521.7518,458.3934,980.1451,+8.90,622329856,2070.4670,+4.03,1573.656,1121.85,0,38.58,289.60
IntelLabsChina__CAT-Q__qwen3-1.7b,1409286144,0.5148,2.00,bitmap_B_resident,sram_1mb_7nm,0.219,2094209990,283222016,1089536,1.48601,434.9958,458.6320,893.6278,-0.71,622329856,1983.9497,-0.32,1412.194,1250.11,0,38.57,289.56
IntelLabsChina__CAT-Q__qwen3-1.7b,1409286144,0.5148,2.00,bitmap_B_streamed,sram_1mb_7nm,0.219,2094209990,283222016,1089536,1.48601,495.6624,458.6320,954.2944,+6.03,622329856,2044.6163,+2.73,1656.914,1065.47,0,38.57,289.56
IntelLabsChina__CAT-Q__qwen3-1.7b,1409286144,0.5148,2.00,five_trit,hbm2,3.97,2290089984,287408128,0,1.62500,398.4847,9091.6572,9490.1420,+0.00,622329856,29255.3382,+0.00,1221.206,1424.56,0,37.53,281.75
IntelLabsChina__CAT-Q__qwen3-1.7b,1409286144,0.5148,2.00,bitmap_A,hbm2,3.97,2093120454,283222016,0,1.48523,521.7518,8309.6882,8831.4400,-6.94,622329856,28596.6362,-2.25,1573.656,1121.85,0,38.58,289.60
IntelLabsChina__CAT-Q__qwen3-1.7b,1409286144,0.5148,2.00,bitmap_B_resident,hbm2,3.97,2094209990,283222016,1089536,1.48601,434.9958,8314.0137,8749.0095,-7.81,622329856,28514.2057,-2.53,1412.194,1250.11,0,38.57,289.56
IntelLabsChina__CAT-Q__qwen3-1.7b,1409286144,0.5148,2.00,bitmap_B_streamed,hbm2,3.97,2094209990,283222016,1089536,1.48601,495.6624,8314.0137,8809.6761,-7.17,622329856,28574.8723,-2.33,1656.914,1065.47,0,38.57,289.56
IntelLabsChina__CAT-Q__qwen3-1.7b,1409286144,0.5148,2.00,five_trit,hbm2_streamed,3.59,2290089984,287408128,0,1.62500,398.4847,8221.4230,8619.9078,+0.00,622329856,26493.2212,+0.00,1221.206,1424.56,0,37.53,281.75
IntelLabsChina__CAT-Q__qwen3-1.7b,1409286144,0.5148,2.00,bitmap_A,hbm2_streamed,3.59,2093120454,283222016,0,1.48523,521.7518,7514.3024,8036.0542,-6.77,622329856,25909.3676,-2.20,1573.656,1121.85,0,38.58,289.60
IntelLabsChina__CAT-Q__qwen3-1.7b,1409286144,0.5148,2.00,bitmap_B_resident,hbm2_streamed,3.59,2094209990,283222016,1089536,1.48601,434.9958,7518.2139,7953.2097,-7.73,622329856,25826.5232,-2.52,1412.194,1250.11,0,38.57,289.56
IntelLabsChina__CAT-Q__qwen3-1.7b,1409286144,0.5148,2.00,bitmap_B_streamed,hbm2_streamed,3.59,2094209990,283222016,1089536,1.48601,495.6624,7518.2139,8013.8763,-7.03,622329856,25887.1898,-2.29,1656.914,1065.47,0,38.57,289.56
IntelLabsChina__CAT-Q__qwen3-1.7b,1409286144,0.5148,2.00,five_trit,lpddr4_package,12,2290089984,287408128,0,1.62500,398.4847,27481.0798,27879.5645,+0.00,622329856,87623.2307,+0.00,1221.206,1424.56,0,37.53,281.75
IntelLabsChina__CAT-Q__qwen3-1.7b,1409286144,0.5148,2.00,bitmap_A,lpddr4_package,12,2093120454,283222016,0,1.48523,521.7518,25117.4454,25639.1972,-8.04,622329856,85382.8634,-2.56,1573.656,1121.85,0,38.58,289.60
IntelLabsChina__CAT-Q__qwen3-1.7b,1409286144,0.5148,2.00,bitmap_B_resident,lpddr4_package,12,2094209990,283222016,1089536,1.48601,434.9958,25130.5199,25565.5157,-8.30,622329856,85309.1819,-2.64,1412.194,1250.11,0,38.57,289.56
IntelLabsChina__CAT-Q__qwen3-1.7b,1409286144,0.5148,2.00,bitmap_B_streamed,lpddr4_package,12,2094209990,283222016,1089536,1.48601,495.6624,25130.5199,25626.1823,-8.08,622329856,85369.8485,-2.57,1656.914,1065.47,0,38.57,289.56
IntelLabsChina__CAT-Q__qwen3-1.7b,1409286144,0.5148,2.00,five_trit,gddr5,14.0,2290089984,287408128,0,1.62500,398.4847,32061.2598,32459.7445,+0.00,622329856,102160.6884,+0.00,1221.206,1424.56,0,37.53,281.75
IntelLabsChina__CAT-Q__qwen3-1.7b,1409286144,0.5148,2.00,bitmap_A,gddr5,14.0,2093120454,283222016,0,1.48523,521.7518,29303.6864,29825.4381,-8.12,622329856,99526.3820,-2.58,1573.656,1121.85,0,38.58,289.60
IntelLabsChina__CAT-Q__qwen3-1.7b,1409286144,0.5148,2.00,bitmap_B_resident,gddr5,14.0,2094209990,283222016,1089536,1.48601,434.9958,29318.9399,29753.9357,-8.34,622329856,99454.8796,-2.65,1412.194,1250.11,0,38.57,289.56
IntelLabsChina__CAT-Q__qwen3-1.7b,1409286144,0.5148,2.00,bitmap_B_streamed,gddr5,14.0,2094209990,283222016,1089536,1.48601,495.6624,29318.9399,29814.6023,-8.15,622329856,99515.5462,-2.59,1656.914,1065.47,0,38.57,289.56
IntelLabsChina__CAT-Q__qwen3-1.7b,1409286144,0.5148,2.00,five_trit,dram_45nm_horowitz,30.5,2290089984,287408128,0,1.62500,398.4847,69847.7445,70246.2292,+0.00,622329856,222094.7141,+0.00,1221.206,1424.56,0,37.53,281.75
IntelLabsChina__CAT-Q__qwen3-1.7b,1409286144,0.5148,2.00,bitmap_A,dram_45nm_horowitz,30.5,2093120454,283222016,0,1.48523,521.7518,63840.1738,64361.9256,-8.38,622329856,216210.4105,-2.65,1573.656,1121.85,0,38.58,289.60
IntelLabsChina__CAT-Q__qwen3-1.7b,1409286144,0.5148,2.00,bitmap_B_resident,dram_45nm_horowitz,30.5,2094209990,283222016,1089536,1.48601,434.9958,63873.4047,64308.4005,-8.45,622329856,216156.8854,-2.67,1412.194,1250.11,0,38.57,289.56
IntelLabsChina__CAT-Q__qwen3-1.7b,1409286144,0.5148,2.00,bitmap_B_streamed,dram_45nm_horowitz,30.5,2094209990,283222016,1089536,1.48601,495.6624,63873.4047,64369.0671,-8.37,622329856,216217.5520,-2.65,1656.914,1065.47,0,38.57,289.56
IntelLabsChina__CAT-Q__qwen3-1.7b,1409286144,0.5148,2.00,five_trit,ddr3_peak,70,2290089984,287408128,0,1.62500,398.4847,160306.2989,160704.7836,+0.00,622329856,509209.5030,+0.00,1221.206,1424.56,0,37.53,281.75
IntelLabsChina__CAT-Q__qwen3-1.7b,1409286144,0.5148,2.00,bitmap_A,ddr3_peak,70,2093120454,283222016,0,1.48523,521.7518,146518.4318,147040.1835,-8.50,622329856,495544.9029,-2.68,1573.656,1121.85,0,38.58,289.60
IntelLabsChina__CAT-Q__qwen3-1.7b,1409286144,0.5148,2.00,bitmap_B_resident,ddr3_peak,70,2094209990,283222016,1089536,1.48601,434.9958,146594.6993,147029.6951,-8.51,622329856,495534.4145,-2.69,1412.194,1250.11,0,38.57,289.56
IntelLabsChina__CAT-Q__qwen3-1.7b,1409286144,0.5148,2.00,bitmap_B_streamed,ddr3_peak,70,2094209990,283222016,1089536,1.48601,495.6624,146594.6993,147090.3617,-8.47,622329856,495595.0811,-2.67,1656.914,1065.47,0,38.57,289.56
IntelLabsChina__CAT-Q__qwen3-1.7b,1409286144,0.5148,2.50,five_trit,sram_8kb_45nm,0.156,2290089984,287408128,0,1.62500,388.5579,357.2540,745.8119,+0.00,622329856,1522.4795,+0.00,1200.192,1159.61,0,37.53,281.75
IntelLabsChina__CAT-Q__qwen3-1.7b,1409286144,0.5148,2.50,bitmap_A,sram_8kb_45nm,0.156,2093120454,283222016,0,1.48523,522.9157,326.5268,849.4425,+13.90,622329856,1626.1102,+6.81,1545.726,913.69,0,38.58,289.60
IntelLabsChina__CAT-Q__qwen3-1.7b,1409286144,0.5148,2.50,bitmap_B_resident,sram_8kb_45nm,0.156,2094209990,283222016,1089536,1.48601,429.7751,326.6968,756.4718,+1.43,622329856,1533.1395,+0.70,1386.658,1018.51,0,38.57,289.56
IntelLabsChina__CAT-Q__qwen3-1.7b,1409286144,0.5148,2.50,bitmap_B_streamed,sram_8kb_45nm,0.156,2094209990,283222016,1089536,1.48601,491.0836,326.6968,817.7804,+9.65,622329856,1594.4481,+4.73,1631.378,865.72,0,38.57,289.56
IntelLabsChina__CAT-Q__qwen3-1.7b,1409286144,0.5148,2.50,five_trit,sram_32kb_45nm,0.313,2290089984,287408128,0,1.62500,388.5579,716.7982,1105.3560,+0.00,622329856,2663.6700,+0.00,1200.192,1159.61,0,37.53,281.75
IntelLabsChina__CAT-Q__qwen3-1.7b,1409286144,0.5148,2.50,bitmap_A,sram_32kb_45nm,0.313,2093120454,283222016,0,1.48523,522.9157,655.1467,1178.0624,+6.58,622329856,2736.3764,+2.73,1545.726,913.69,0,38.58,289.60
IntelLabsChina__CAT-Q__qwen3-1.7b,1409286144,0.5148,2.50,bitmap_B_resident,sram_32kb_45nm,0.313,2094209990,283222016,1089536,1.48601,429.7751,655.4877,1085.2628,-1.82,622329856,2643.5767,-0.75,1386.658,1018.51,0,38.57,289.56
IntelLabsChina__CAT-Q__qwen3-1.7b,1409286144,0.5148,2.50,bitmap_B_streamed,sram_32kb_45nm,0.313,2094209990,283222016,1089536,1.48601,491.0836,655.4877,1146.5714,+3.73,622329856,2704.8853,+1.55,1631.378,865.72,0,38.57,289.56
IntelLabsChina__CAT-Q__qwen3-1.7b,1409286144,0.5148,2.50,five_trit,sram_1mb_45nm,1.563,2290089984,287408128,0,1.62500,388.5579,3579.4106,3967.9685,+0.00,622329856,11749.5810,+0.00,1200.192,1159.61,0,37.53,281.75
IntelLabsChina__CAT-Q__qwen3-1.7b,1409286144,0.5148,2.50,bitmap_A,sram_1mb_45nm,1.563,2093120454,283222016,0,1.48523,522.9157,3271.5473,3794.4630,-4.37,622329856,11576.0755,-1.48,1545.726,913.69,0,38.58,289.60
IntelLabsChina__CAT-Q__qwen3-1.7b,1409286144,0.5148,2.50,bitmap_B_resident,sram_1mb_45nm,1.563,2094209990,283222016,1089536,1.48601,429.7751,3273.2502,3703.0253,-6.68,622329856,11484.6378,-2.25,1386.658,1018.51,0,38.57,289.56
IntelLabsChina__CAT-Q__qwen3-1.7b,1409286144,0.5148,2.50,bitmap_B_streamed,sram_1mb_45nm,1.563,2094209990,283222016,1089536,1.48601,491.0836,3273.2502,3764.3339,-5.13,622329856,11545.9464,-1.73,1631.378,865.72,0,38.57,289.56
IntelLabsChina__CAT-Q__qwen3-1.7b,1409286144,0.5148,2.50,five_trit,sram_1mb_45nm_cacti,1.058,2290089984,287408128,0,1.62500,388.5579,2422.9152,2811.4731,+0.00,622329856,8078.8730,+0.00,1200.192,1159.61,0,37.53,281.75
IntelLabsChina__CAT-Q__qwen3-1.7b,1409286144,0.5148,2.50,bitmap_A,sram_1mb_45nm_cacti,1.058,2093120454,283222016,0,1.48523,522.9157,2214.5214,2737.4372,-2.63,622329856,8004.8371,-0.92,1545.726,913.69,0,38.58,289.60
IntelLabsChina__CAT-Q__qwen3-1.7b,1409286144,0.5148,2.50,bitmap_B_resident,sram_1mb_45nm_cacti,1.058,2094209990,283222016,1089536,1.48601,429.7751,2215.6742,2645.4492,-5.91,622329856,7912.8491,-2.06,1386.658,1018.51,0,38.57,289.56
IntelLabsChina__CAT-Q__qwen3-1.7b,1409286144,0.5148,2.50,bitmap_B_streamed,sram_1mb_45nm_cacti,1.058,2094209990,283222016,1089536,1.48601,491.0836,2215.6742,2706.7578,-3.72,622329856,7974.1577,-1.30,1631.378,865.72,0,38.57,289.56
IntelLabsChina__CAT-Q__qwen3-1.7b,1409286144,0.5148,2.50,five_trit,sram_32kb_7nm,0.133,2290089984,287408128,0,1.62500,388.5579,304.5820,693.1398,+0.00,622329856,1355.2988,+0.00,1200.192,1159.61,0,37.53,281.75
IntelLabsChina__CAT-Q__qwen3-1.7b,1409286144,0.5148,2.50,bitmap_A,sram_32kb_7nm,0.133,2093120454,283222016,0,1.48523,522.9157,278.3850,801.3008,+15.60,622329856,1463.4597,+7.98,1545.726,913.69,0,38.58,289.60
IntelLabsChina__CAT-Q__qwen3-1.7b,1409286144,0.5148,2.50,bitmap_B_resident,sram_32kb_7nm,0.133,2094209990,283222016,1089536,1.48601,429.7751,278.5299,708.3050,+2.19,622329856,1370.4639,+1.12,1386.658,1018.51,0,38.57,289.56
IntelLabsChina__CAT-Q__qwen3-1.7b,1409286144,0.5148,2.50,bitmap_B_streamed,sram_32kb_7nm,0.133,2094209990,283222016,1089536,1.48601,491.0836,278.5299,769.6136,+11.03,622329856,1431.7725,+5.64,1631.378,865.72,0,38.57,289.56
IntelLabsChina__CAT-Q__qwen3-1.7b,1409286144,0.5148,2.50,five_trit,sram_1mb_7nm,0.219,2290089984,287408128,0,1.62500,388.5579,501.5297,890.0876,+0.00,622329856,1980.4095,+0.00,1200.192,1159.61,0,37.53,281.75
IntelLabsChina__CAT-Q__qwen3-1.7b,1409286144,0.5148,2.50,bitmap_A,sram_1mb_7nm,0.219,2093120454,283222016,0,1.48523,522.9157,458.3934,981.3091,+10.25,622329856,2071.6310,+4.61,1545.726,913.69,0,38.58,289.60
IntelLabsChina__CAT-Q__qwen3-1.7b,1409286144,0.5148,2.50,bitmap_B_resident,sram_1mb_7nm,0.219,2094209990,283222016,1089536,1.48601,429.7751,458.6320,888.4070,-0.19,622329856,1978.7289,-0.08,1386.658,1018.51,0,38.57,289.56
IntelLabsChina__CAT-Q__qwen3-1.7b,1409286144,0.5148,2.50,bitmap_B_streamed,sram_1mb_7nm,0.219,2094209990,283222016,1089536,1.48601,491.0836,458.6320,949.7156,+6.70,622329856,2040.0375,+3.01,1631.378,865.72,0,38.57,289.56
IntelLabsChina__CAT-Q__qwen3-1.7b,1409286144,0.5148,2.50,five_trit,hbm2,3.97,2290089984,287408128,0,1.62500,388.5579,9091.6572,9480.2151,+0.00,622329856,29245.4113,+0.00,1200.192,1159.61,0,37.53,281.75
IntelLabsChina__CAT-Q__qwen3-1.7b,1409286144,0.5148,2.50,bitmap_A,hbm2,3.97,2093120454,283222016,0,1.48523,522.9157,8309.6882,8832.6039,-6.83,622329856,28597.8002,-2.21,1545.726,913.69,0,38.58,289.60
IntelLabsChina__CAT-Q__qwen3-1.7b,1409286144,0.5148,2.50,bitmap_B_resident,hbm2,3.97,2094209990,283222016,1089536,1.48601,429.7751,8314.0137,8743.7887,-7.77,622329856,28508.9849,-2.52,1386.658,1018.51,0,38.57,289.56
IntelLabsChina__CAT-Q__qwen3-1.7b,1409286144,0.5148,2.50,bitmap_B_streamed,hbm2,3.97,2094209990,283222016,1089536,1.48601,491.0836,8314.0137,8805.0973,-7.12,622329856,28570.2935,-2.31,1631.378,865.72,0,38.57,289.56
IntelLabsChina__CAT-Q__qwen3-1.7b,1409286144,0.5148,2.50,five_trit,hbm2_streamed,3.59,2290089984,287408128,0,1.62500,388.5579,8221.4230,8609.9809,+0.00,622329856,26483.2944,+0.00,1200.192,1159.61,0,37.53,281.75
IntelLabsChina__CAT-Q__qwen3-1.7b,1409286144,0.5148,2.50,bitmap_A,hbm2_streamed,3.59,2093120454,283222016,0,1.48523,522.9157,7514.3024,8037.2182,-6.65,622329856,25910.5316,-2.16,1545.726,913.69,0,38.58,289.60
IntelLabsChina__CAT-Q__qwen3-1.7b,1409286144,0.5148,2.50,bitmap_B_resident,hbm2_streamed,3.59,2094209990,283222016,1089536,1.48601,429.7751,7518.2139,7947.9889,-7.69,622329856,25821.3024,-2.50,1386.658,1018.51,0,38.57,289.56
IntelLabsChina__CAT-Q__qwen3-1.7b,1409286144,0.5148,2.50,bitmap_B_streamed,hbm2_streamed,3.59,2094209990,283222016,1089536,1.48601,491.0836,7518.2139,8009.2975,-6.98,622329856,25882.6110,-2.27,1631.378,865.72,0,38.57,289.56
IntelLabsChina__CAT-Q__qwen3-1.7b,1409286144,0.5148,2.50,five_trit,lpddr4_package,12,2290089984,287408128,0,1.62500,388.5579,27481.0798,27869.6377,+0.00,622329856,87613.3038,+0.00,1200.192,1159.61,0,37.53,281.75
IntelLabsChina__CAT-Q__qwen3-1.7b,1409286144,0.5148,2.50,bitmap_A,lpddr4_package,12,2093120454,283222016,0,1.48523,522.9157,25117.4454,25640.3612,-8.00,622329856,85384.0274,-2.54,1545.726,913.69,0,38.58,289.60
IntelLabsChina__CAT-Q__qwen3-1.7b,1409286144,0.5148,2.50,bitmap_B_resident,lpddr4_package,12,2094209990,283222016,1089536,1.48601,429.7751,25130.5199,25560.2949,-8.29,622329856,85303.9611,-2.64,1386.658,1018.51,0,38.57,289.56
IntelLabsChina__CAT-Q__qwen3-1.7b,1409286144,0.5148,2.50,bitmap_B_streamed,lpddr4_package,12,2094209990,283222016,1089536,1.48601,491.0836,25130.5199,25621.6035,-8.07,622329856,85365.2697,-2.57,1631.378,865.72,0,38.57,289.56
IntelLabsChina__CAT-Q__qwen3-1.7b,1409286144,0.5148,2.50,five_trit,gddr5,14.0,2290089984,287408128,0,1.62500,388.5579,32061.2598,32449.8176,+0.00,622329856,102150.7615,+0.00,1200.192,1159.61,0,37.53,281.75
IntelLabsChina__CAT-Q__qwen3-1.7b,1409286144,0.5148,2.50,bitmap_A,gddr5,14.0,2093120454,283222016,0,1.48523,522.9157,29303.6864,29826.6021,-8.08,622329856,99527.5460,-2.57,1545.726,913.69,0,38.58,289.60
IntelLabsChina__CAT-Q__qwen3-1.7b,1409286144,0.5148,2.50,bitmap_B_resident,gddr5,14.0,2094209990,283222016,1089536,1.48601,429.7751,29318.9399,29748.7149,-8.32,622329856,99449.6588,-2.64,1386.658,1018.51,0,38.57,289.56
IntelLabsChina__CAT-Q__qwen3-1.7b,1409286144,0.5148,2.50,bitmap_B_streamed,gddr5,14.0,2094209990,283222016,1089536,1.48601,491.0836,29318.9399,29810.0235,-8.14,622329856,99510.9674,-2.58,1631.378,865.72,0,38.57,289.56
IntelLabsChina__CAT-Q__qwen3-1.7b,1409286144,0.5148,2.50,five_trit,dram_45nm_horowitz,30.5,2290089984,287408128,0,1.62500,388.5579,69847.7445,70236.3024,+0.00,622329856,222084.7872,+0.00,1200.192,1159.61,0,37.53,281.75
IntelLabsChina__CAT-Q__qwen3-1.7b,1409286144,0.5148,2.50,bitmap_A,dram_45nm_horowitz,30.5,2093120454,283222016,0,1.48523,522.9157,63840.1738,64363.0896,-8.36,622329856,216211.5745,-2.64,1545.726,913.69,0,38.58,289.60
IntelLabsChina__CAT-Q__qwen3-1.7b,1409286144,0.5148,2.50,bitmap_B_resident,dram_45nm_horowitz,30.5,2094209990,283222016,1089536,1.48601,429.7751,63873.4047,64303.1797,-8.45,622329856,216151.6646,-2.67,1386.658,1018.51,0,38.57,289.56
IntelLabsChina__CAT-Q__qwen3-1.7b,1409286144,0.5148,2.50,bitmap_B_streamed,dram_45nm_horowitz,30.5,2094209990,283222016,1089536,1.48601,491.0836,63873.4047,64364.4883,-8.36,622329856,216212.9732,-2.64,1631.378,865.72,0,38.57,289.56
IntelLabsChina__CAT-Q__qwen3-1.7b,1409286144,0.5148,2.50,five_trit,ddr3_peak,70,2290089984,287408128,0,1.62500,388.5579,160306.2989,160694.8567,+0.00,622329856,509199.5761,+0.00,1200.192,1159.61,0,37.53,281.75
IntelLabsChina__CAT-Q__qwen3-1.7b,1409286144,0.5148,2.50,bitmap_A,ddr3_peak,70,2093120454,283222016,0,1.48523,522.9157,146518.4318,147041.3475,-8.50,622329856,495546.0669,-2.68,1545.726,913.69,0,38.58,289.60
IntelLabsChina__CAT-Q__qwen3-1.7b,1409286144,0.5148,2.50,bitmap_B_resident,ddr3_peak,70,2094209990,283222016,1089536,1.48601,429.7751,146594.6993,147024.4744,-8.51,622329856,495529.1937,-2.68,1386.658,1018.51,0,38.57,289.56
IntelLabsChina__CAT-Q__qwen3-1.7b,1409286144,0.5148,2.50,bitmap_B_streamed,ddr3_peak,70,2094209990,283222016,1089536,1.48601,491.0836,146594.6993,147085.7829,-8.47,622329856,495590.5023,-2.67,1631.378,865.72,0,38.57,289.56
IntelLabsChina__CAT-Q__qwen3-4b,3633315840,0.4738,1.60,five_trit,sram_8kb_45nm,0.156,5904138240,740229120,0,1.62500,1229.7189,921.0456,2150.7644,+0.00,777912320,3121.5990,+0.00,1373.358,614.79,0,22.49,168.87
IntelLabsChina__CAT-Q__qwen3-4b,3633315840,0.4738,1.60,bitmap_A,sram_8kb_45nm,0.156,5545260762,728985600,0,1.52623,1479.3914,865.0607,2344.4521,+9.01,777912320,3315.2867,+6.20,1624.994,527.61,0,23.18,174.02
IntelLabsChina__CAT-Q__qwen3-4b,3633315840,0.4738,1.60,bitmap_B_resident,sram_8kb_45nm,0.156,5545813722,728985600,552960,1.52638,1219.9807,865.1469,2085.1277,-3.05,777912320,3055.9623,-2.10,1448.636,591.84,0,23.18,174.01
IntelLabsChina__CAT-Q__qwen3-4b,3633315840,0.4738,1.60,bitmap_B_streamed,sram_8kb_45nm,0.156,5545813722,728985600,552960,1.52638,1375.4368,865.1469,2240.5838,+4.18,777912320,3211.4183,+2.88,1693.356,506.31,0,23.18,174.01
IntelLabsChina__CAT-Q__qwen3-4b,3633315840,0.4738,1.60,five_trit,sram_32kb_45nm,0.313,5904138240,740229120,0,1.62500,1229.7189,1847.9953,3077.7141,+0.00,777912320,5025.6066,+0.00,1373.358,614.79,0,22.49,168.87
IntelLabsChina__CAT-Q__qwen3-4b,3633315840,0.4738,1.60,bitmap_A,sram_32kb_45nm,0.313,5545260762,728985600,0,1.52623,1479.3914,1735.6666,3215.0581,+4.46,777912320,5162.9505,+2.73,1624.994,527.61,0,23.18,174.02
IntelLabsChina__CAT-Q__qwen3-4b,3633315840,0.4738,1.60,bitmap_B_resident,sram_32kb_45nm,0.313,5545813722,728985600,552960,1.52638,1219.9807,1735.8397,2955.8204,-3.96,777912320,4903.7129,-2.43,1448.636,591.84,0,23.18,174.01
IntelLabsChina__CAT-Q__qwen3-4b,3633315840,0.4738,1.60,bitmap_B_streamed,sram_32kb_45nm,0.313,5545813722,728985600,552960,1.52638,1375.4368,1735.8397,3111.2765,+1.09,777912320,5059.1690,+0.67,1693.356,506.31,0,23.18,174.01
IntelLabsChina__CAT-Q__qwen3-4b,3633315840,0.4738,1.60,five_trit,sram_1mb_45nm,1.563,5904138240,740229120,0,1.62500,1229.7189,9228.1681,10457.8869,+0.00,777912320,20184.9026,+0.00,1373.358,614.79,0,22.49,168.87
IntelLabsChina__CAT-Q__qwen3-4b,3633315840,0.4738,1.60,bitmap_A,sram_1mb_45nm,1.563,5545260762,728985600,0,1.52623,1479.3914,8667.2426,10146.6340,-2.98,777912320,19873.6497,-1.54,1624.994,527.61,0,23.18,174.02
IntelLabsChina__CAT-Q__qwen3-4b,3633315840,0.4738,1.60,bitmap_B_resident,sram_1mb_45nm,1.563,5545813722,728985600,552960,1.52638,1219.9807,8668.1068,9888.0876,-5.45,777912320,19615.1032,-2.82,1448.636,591.84,0,23.18,174.01
IntelLabsChina__CAT-Q__qwen3-4b,3633315840,0.4738,1.60,bitmap_B_streamed,sram_1mb_45nm,1.563,5545813722,728985600,552960,1.52638,1375.4368,8668.1068,10043.5437,-3.96,777912320,19770.5593,-2.05,1693.356,506.31,0,23.18,174.01
IntelLabsChina__CAT-Q__qwen3-4b,3633315840,0.4738,1.60,five_trit,sram_1mb_45nm_cacti,1.058,5904138240,740229120,0,1.62500,1229.7189,6246.5783,7476.2971,+0.00,777912320,14060.5470,+0.00,1373.358,614.79,0,22.49,168.87
IntelLabsChina__CAT-Q__qwen3-4b,3633315840,0.4738,1.60,bitmap_A,sram_1mb_45nm_cacti,1.058,5545260762,728985600,0,1.52623,1479.3914,5866.8859,7346.2773,-1.74,777912320,13930.5272,-0.92,1624.994,527.61,0,23.18,174.02
IntelLabsChina__CAT-Q__qwen3-4b,3633315840,0.4738,1.60,bitmap_B_resident,sram_1mb_45nm_cacti,1.058,5545813722,728985600,552960,1.52638,1219.9807,5867.4709,7087.4517,-5.20,777912320,13671.7015,-2.77,1448.636,591.84,0,23.18,174.01
IntelLabsChina__CAT-Q__qwen3-4b,3633315840,0.4738,1.60,bitmap_B_streamed,sram_1mb_45nm_cacti,1.058,5545813722,728985600,552960,1.52638,1375.4368,5867.4709,7242.9077,-3.12,777912320,13827.1576,-1.66,1693.356,506.31,0,23.18,174.01
IntelLabsChina__CAT-Q__qwen3-4b,3633315840,0.4738,1.60,five_trit,sram_32kb_7nm,0.133,5904138240,740229120,0,1.62500,1229.7189,785.2504,2014.9693,+0.00,777912320,2842.6680,+0.00,1373.358,614.79,0,22.49,168.87
IntelLabsChina__CAT-Q__qwen3-4b,3633315840,0.4738,1.60,bitmap_A,sram_32kb_7nm,0.133,5545260762,728985600,0,1.52623,1479.3914,737.5197,2216.9111,+10.02,777912320,3044.6098,+7.10,1624.994,527.61,0,23.18,174.02
IntelLabsChina__CAT-Q__qwen3-4b,3633315840,0.4738,1.60,bitmap_B_resident,sram_32kb_7nm,0.133,5545813722,728985600,552960,1.52638,1219.9807,737.5932,1957.5740,-2.85,777912320,2785.2727,-2.02,1448.636,591.84,0,23.18,174.01
IntelLabsChina__CAT-Q__qwen3-4b,3633315840,0.4738,1.60,bitmap_B_streamed,sram_32kb_7nm,0.133,5545813722,728985600,552960,1.52638,1375.4368,737.5932,2113.0300,+4.87,777912320,2940.7288,+3.45,1693.356,506.31,0,23.18,174.01
IntelLabsChina__CAT-Q__qwen3-4b,3633315840,0.4738,1.60,five_trit,sram_1mb_7nm,0.219,5904138240,740229120,0,1.62500,1229.7189,1293.0063,2522.7251,+0.00,777912320,3885.6275,+0.00,1373.358,614.79,0,22.49,168.87
IntelLabsChina__CAT-Q__qwen3-4b,3633315840,0.4738,1.60,bitmap_A,sram_1mb_7nm,0.219,5545260762,728985600,0,1.52623,1479.3914,1214.4121,2693.8036,+6.78,777912320,4056.7059,+4.40,1624.994,527.61,0,23.18,174.02
IntelLabsChina__CAT-Q__qwen3-4b,3633315840,0.4738,1.60,bitmap_B_resident,sram_1mb_7nm,0.219,5545813722,728985600,552960,1.52638,1219.9807,1214.5332,2434.5139,-3.50,777912320,3797.4163,-2.27,1448.636,591.84,0,23.18,174.01
IntelLabsChina__CAT-Q__qwen3-4b,3633315840,0.4738,1.60,bitmap_B_streamed,sram_1mb_7nm,0.219,5545813722,728985600,552960,1.52638,1375.4368,1214.5332,2589.9700,+2.67,777912320,3952.8724,+1.73,1693.356,506.31,0,23.18,174.01
IntelLabsChina__CAT-Q__qwen3-4b,3633315840,0.4738,1.60,five_trit,hbm2,3.97,5904138240,740229120,0,1.62500,1229.7189,23439.4288,24669.1477,+0.00,777912320,49375.6430,+0.00,1373.358,614.79,0,22.49,168.87
IntelLabsChina__CAT-Q__qwen3-4b,3633315840,0.4738,1.60,bitmap_A,hbm2,3.97,5545260762,728985600,0,1.52623,1479.3914,22014.6852,23494.0767,-4.76,777912320,48200.5720,-2.38,1624.994,527.61,0,23.18,174.02
IntelLabsChina__CAT-Q__qwen3-4b,3633315840,0.4738,1.60,bitmap_B_resident,hbm2,3.97,5545813722,728985600,552960,1.52638,1219.9807,22016.8805,23236.8612,-5.81,777912320,47943.3565,-2.90,1448.636,591.84,0,23.18,174.01
IntelLabsChina__CAT-Q__qwen3-4b,3633315840,0.4738,1.60,bitmap_B_streamed,hbm2,3.97,5545813722,728985600,552960,1.52638,1375.4368,22016.8805,23392.3173,-5.18,777912320,48098.8126,-2.59,1693.356,506.31,0,23.18,174.01
IntelLabsChina__CAT-Q__qwen3-4b,3633315840,0.4738,1.60,five_trit,hbm2_streamed,3.59,5904138240,740229120,0,1.62500,1229.7189,21195.8563,22425.5751,+0.00,777912320,44767.2170,+0.00,1373.358,614.79,0,22.49,168.87
IntelLabsChina__CAT-Q__qwen3-4b,3633315840,0.4738,1.60,bitmap_A,hbm2_streamed,3.59,5545260762,728985600,0,1.52623,1479.3914,19907.4861,21386.8776,-4.63,777912320,43728.5194,-2.32,1624.994,527.61,0,23.18,174.02
IntelLabsChina__CAT-Q__qwen3-4b,3633315840,0.4738,1.60,bitmap_B_resident,hbm2_streamed,3.59,5545813722,728985600,552960,1.52638,1219.9807,19909.4713,21129.4520,-5.78,777912320,43471.0938,-2.90,1448.636,591.84,0,23.18,174.01
IntelLabsChina__CAT-Q__qwen3-4b,3633315840,0.4738,1.60,bitmap_B_streamed,hbm2_streamed,3.59,5545813722,728985600,552960,1.52638,1375.4368,19909.4713,21284.9081,-5.09,777912320,43626.5499,-2.55,1693.356,506.31,0,23.18,174.01
IntelLabsChina__CAT-Q__qwen3-4b,3633315840,0.4738,1.60,five_trit,lpddr4_package,12,5904138240,740229120,0,1.62500,1229.7189,70849.6589,72079.3777,+0.00,777912320,146758.9605,+0.00,1373.358,614.79,0,22.49,168.87
IntelLabsChina__CAT-Q__qwen3-4b,3633315840,0.4738,1.60,bitmap_A,lpddr4_package,12,5545260762,728985600,0,1.52623,1479.3914,66543.1291,68022.5206,-5.63,777912320,142702.1033,-2.76,1624.994,527.61,0,23.18,174.02
IntelLabsChina__CAT-Q__qwen3-4b,3633315840,0.4738,1.60,bitmap_B_resident,lpddr4_package,12,5545813722,728985600,552960,1.52638,1219.9807,66549.7647,67769.7454,-5.98,777912320,142449.3281,-2.94,1448.636,591.84,0,23.18,174.01
IntelLabsChina__CAT-Q__qwen3-4b,3633315840,0.4738,1.60,bitmap_B_streamed,lpddr4_package,12,5545813722,728985600,552960,1.52638,1375.4368,66549.7647,67925.2015,-5.76,777912320,142604.7842,-2.83,1693.356,506.31,0,23.18,174.01
IntelLabsChina__CAT-Q__qwen3-4b,3633315840,0.4738,1.60,five_trit,gddr5,14.0,5904138240,740229120,0,1.62500,1229.7189,82657.9354,83887.6542,+0.00,777912320,171013.8341,+0.00,1373.358,614.79,0,22.49,168.87
IntelLabsChina__CAT-Q__qwen3-4b,3633315840,0.4738,1.60,bitmap_A,gddr5,14.0,5545260762,728985600,0,1.52623,1479.3914,77633.6507,79113.0421,-5.69,777912320,166239.2220,-2.79,1624.994,527.61,0,23.18,174.02
IntelLabsChina__CAT-Q__qwen3-4b,3633315840,0.4738,1.60,bitmap_B_resident,gddr5,14.0,5545813722,728985600,552960,1.52638,1219.9807,77641.3921,78861.3728,-5.99,777912320,165987.5527,-2.94,1448.636,591.84,0,23.18,174.01
IntelLabsChina__CAT-Q__qwen3-4b,3633315840,0.4738,1.60,bitmap_B_streamed,gddr5,14.0,5545813722,728985600,552960,1.52638,1375.4368,77641.3921,79016.8289,-5.81,777912320,166143.0088,-2.85,1693.356,506.31,0,23.18,174.01
IntelLabsChina__CAT-Q__qwen3-4b,3633315840,0.4738,1.60,five_trit,dram_45nm_horowitz,30.5,5904138240,740229120,0,1.62500,1229.7189,180076.2163,181305.9352,+0.00,777912320,371116.5413,+0.00,1373.358,614.79,0,22.49,168.87
IntelLabsChina__CAT-Q__qwen3-4b,3633315840,0.4738,1.60,bitmap_A,dram_45nm_horowitz,30.5,5545260762,728985600,0,1.52623,1479.3914,169130.4532,170609.8447,-5.90,777912320,360420.4508,-2.88,1624.994,527.61,0,23.18,174.02
IntelLabsChina__CAT-Q__qwen3-4b,3633315840,0.4738,1.60,bitmap_B_resident,dram_45nm_horowitz,30.5,5545813722,728985600,552960,1.52638,1219.9807,169147.3185,170367.2993,-6.03,777912320,360177.9053,-2.95,1448.636,591.84,0,23.18,174.01
IntelLabsChina__CAT-Q__qwen3-4b,3633315840,0.4738,1.60,bitmap_B_streamed,dram_45nm_horowitz,30.5,5545813722,728985600,552960,1.52638,1375.4368,169147.3185,170522.7553,-5.95,777912320,360333.3614,-2.91,1693.356,506.31,0,23.18,174.01
IntelLabsChina__CAT-Q__qwen3-4b,3633315840,0.4738,1.60,five_trit,ddr3_peak,70,5904138240,740229120,0,1.62500,1229.7189,413289.6768,414519.3957,+0.00,777912320,850150.2949,+0.00,1373.358,614.79,0,22.49,168.87
IntelLabsChina__CAT-Q__qwen3-4b,3633315840,0.4738,1.60,bitmap_A,ddr3_peak,70,5545260762,728985600,0,1.52623,1479.3914,388168.2533,389647.6448,-6.00,777912320,825278.5440,-2.93,1624.994,527.61,0,23.18,174.02
IntelLabsChina__CAT-Q__qwen3-4b,3633315840,0.4738,1.60,bitmap_B_resident,ddr3_peak,70,5545813722,728985600,552960,1.52638,1219.9807,388206.9605,389426.9413,-6.05,777912320,825057.8405,-2.95,1448.636,591.84,0,23.18,174.01
IntelLabsChina__CAT-Q__qwen3-4b,3633315840,0.4738,1.60,bitmap_B_streamed,ddr3_peak,70,5545813722,728985600,552960,1.52638,1375.4368,388206.9605,389582.3974,-6.02,777912320,825213.2966,-2.93,1693.356,506.31,0,23.18,174.01
IntelLabsChina__CAT-Q__qwen3-4b,3633315840,0.4738,2.00,five_trit,sram_8kb_45nm,0.156,5904138240,740229120,0,1.62500,1044.4850,921.0456,1965.5306,+0.00,777912320,2936.3652,+0.00,1221.206,553.11,0,22.49,168.87
IntelLabsChina__CAT-Q__qwen3-4b,3633315840,0.4738,2.00,bitmap_A,sram_8kb_45nm,0.156,5545260762,728985600,0,1.52623,1358.2545,865.0607,2223.3151,+13.12,777912320,3194.1497,+8.78,1573.656,435.85,0,23.18,174.02
IntelLabsChina__CAT-Q__qwen3-4b,3633315840,0.4738,2.00,bitmap_B_resident,sram_8kb_45nm,0.156,5545813722,728985600,552960,1.52638,1134.8137,865.1469,1999.9606,+1.75,777912320,2970.7952,+1.17,1412.194,485.69,0,23.18,174.01
IntelLabsChina__CAT-Q__qwen3-4b,3633315840,0.4738,2.00,bitmap_B_streamed,sram_8kb_45nm,0.156,5545813722,728985600,552960,1.52638,1291.5953,865.1469,2156.7422,+9.73,777912320,3127.5768,+6.51,1656.914,413.95,0,23.18,174.01
IntelLabsChina__CAT-Q__qwen3-4b,3633315840,0.4738,2.00,five_trit,sram_32kb_45nm,0.313,5904138240,740229120,0,1.62500,1044.4850,1847.9953,2892.4803,+0.00,777912320,4840.3728,+0.00,1221.206,553.11,0,22.49,168.87
IntelLabsChina__CAT-Q__qwen3-4b,3633315840,0.4738,2.00,bitmap_A,sram_32kb_45nm,0.313,5545260762,728985600,0,1.52623,1358.2545,1735.6666,3093.9211,+6.96,777912320,5041.8135,+4.16,1573.656,435.85,0,23.18,174.02
IntelLabsChina__CAT-Q__qwen3-4b,3633315840,0.4738,2.00,bitmap_B_resident,sram_32kb_45nm,0.313,5545813722,728985600,552960,1.52638,1134.8137,1735.8397,2870.6534,-0.75,777912320,4818.5458,-0.45,1412.194,485.69,0,23.18,174.01
IntelLabsChina__CAT-Q__qwen3-4b,3633315840,0.4738,2.00,bitmap_B_streamed,sram_32kb_45nm,0.313,5545813722,728985600,552960,1.52638,1291.5953,1735.8397,3027.4350,+4.67,777912320,4975.3274,+2.79,1656.914,413.95,0,23.18,174.01
IntelLabsChina__CAT-Q__qwen3-4b,3633315840,0.4738,2.00,five_trit,sram_1mb_45nm,1.563,5904138240,740229120,0,1.62500,1044.4850,9228.1681,10272.6531,+0.00,777912320,19999.6688,+0.00,1221.206,553.11,0,22.49,168.87
IntelLabsChina__CAT-Q__qwen3-4b,3633315840,0.4738,2.00,bitmap_A,sram_1mb_45nm,1.563,5545260762,728985600,0,1.52623,1358.2545,8667.2426,10025.4970,-2.41,777912320,19752.5127,-1.24,1573.656,435.85,0,23.18,174.02
IntelLabsChina__CAT-Q__qwen3-4b,3633315840,0.4738,2.00,bitmap_B_resident,sram_1mb_45nm,1.563,5545813722,728985600,552960,1.52638,1134.8137,8668.1068,9802.9205,-4.57,777912320,19529.9362,-2.35,1412.194,485.69,0,23.18,174.01
IntelLabsChina__CAT-Q__qwen3-4b,3633315840,0.4738,2.00,bitmap_B_streamed,sram_1mb_45nm,1.563,5545813722,728985600,552960,1.52638,1291.5953,8668.1068,9959.7021,-3.05,777912320,19686.7178,-1.56,1656.914,413.95,0,23.18,174.01
IntelLabsChina__CAT-Q__qwen3-4b,3633315840,0.4738,2.00,five_trit,sram_1mb_45nm_cacti,1.058,5904138240,740229120,0,1.62500,1044.4850,6246.5783,7291.0633,+0.00,777912320,13875.3132,+0.00,1221.206,553.11,0,22.49,168.87
IntelLabsChina__CAT-Q__qwen3-4b,3633315840,0.4738,2.00,bitmap_A,sram_1mb_45nm_cacti,1.058,5545260762,728985600,0,1.52623,1358.2545,5866.8859,7225.1403,-0.90,777912320,13809.3902,-0.48,1573.656,435.85,0,23.18,174.02
IntelLabsChina__CAT-Q__qwen3-4b,3633315840,0.4738,2.00,bitmap_B_resident,sram_1mb_45nm_cacti,1.058,5545813722,728985600,552960,1.52638,1134.8137,5867.4709,7002.2846,-3.96,777912320,13586.5345,-2.08,1412.194,485.69,0,23.18,174.01
IntelLabsChina__CAT-Q__qwen3-4b,3633315840,0.4738,2.00,bitmap_B_streamed,sram_1mb_45nm_cacti,1.058,5545813722,728985600,552960,1.52638,1291.5953,5867.4709,7159.0662,-1.81,777912320,13743.3161,-0.95,1656.914,413.95,0,23.18,174.01
IntelLabsChina__CAT-Q__qwen3-4b,3633315840,0.4738,2.00,five_trit,sram_32kb_7nm,0.133,5904138240,740229120,0,1.62500,1044.4850,785.2504,1829.7354,+0.00,777912320,2657.4341,+0.00,1221.206,553.11,0,22.49,168.87
IntelLabsChina__CAT-Q__qwen3-4b,3633315840,0.4738,2.00,bitmap_A,sram_32kb_7nm,0.133,5545260762,728985600,0,1.52623,1358.2545,737.5197,2095.7741,+14.54,777912320,2923.4728,+10.01,1573.656,435.85,0,23.18,174.02
IntelLabsChina__CAT-Q__qwen3-4b,3633315840,0.4738,2.00,bitmap_B_resident,sram_32kb_7nm,0.133,5545813722,728985600,552960,1.52638,1134.8137,737.5932,1872.4069,+2.33,777912320,2700.1056,+1.61,1412.194,485.69,0,23.18,174.01
IntelLabsChina__CAT-Q__qwen3-4b,3633315840,0.4738,2.00,bitmap_B_streamed,sram_32kb_7nm,0.133,5545813722,728985600,552960,1.52638,1291.5953,737.5932,2029.1885,+10.90,777912320,2856.8872,+7.51,1656.914,413.95,0,23.18,174.01
IntelLabsChina__CAT-Q__qwen3-4b,3633315840,0.4738,2.00,five_trit,sram_1mb_7nm,0.219,5904138240,740229120,0,1.62500,1044.4850,1293.0063,2337.4913,+0.00,777912320,3700.3937,+0.00,1221.206,553.11,0,22.49,168.87
IntelLabsChina__CAT-Q__qwen3-4b,3633315840,0.4738,2.00,bitmap_A,sram_1mb_7nm,0.219,5545260762,728985600,0,1.52623,1358.2545,1214.4121,2572.6666,+10.06,777912320,3935.5689,+6.36,1573.656,435.85,0,23.18,174.02
IntelLabsChina__CAT-Q__qwen3-4b,3633315840,0.4738,2.00,bitmap_B_resident,sram_1mb_7nm,0.219,5545813722,728985600,552960,1.52638,1134.8137,1214.5332,2349.3469,+0.51,777912320,3712.2493,+0.32,1412.194,485.69,0,23.18,174.01
IntelLabsChina__CAT-Q__qwen3-4b,3633315840,0.4738,2.00,bitmap_B_streamed,sram_1mb_7nm,0.219,5545813722,728985600,552960,1.52638,1291.5953,1214.5332,2506.1285,+7.21,777912320,3869.0308,+4.56,1656.914,413.95,0,23.18,174.01
IntelLabsChina__CAT-Q__qwen3-4b,3633315840,0.4738,2.00,five_trit,hbm2,3.97,5904138240,740229120,0,1.62500,1044.4850,23439.4288,24483.9139,+0.00,777912320,49190.4091,+0.00,1221.206,553.11,0,22.49,168.87
IntelLabsChina__CAT-Q__qwen3-4b,3633315840,0.4738,2.00,bitmap_A,hbm2,3.97,5545260762,728985600,0,1.52623,1358.2545,22014.6852,23372.9397,-4.54,777912320,48079.4350,-2.26,1573.656,435.85,0,23.18,174.02
IntelLabsChina__CAT-Q__qwen3-4b,3633315840,0.4738,2.00,bitmap_B_resident,hbm2,3.97,5545813722,728985600,552960,1.52638,1134.8137,22016.8805,23151.6942,-5.44,777912320,47858.1895,-2.71,1412.194,485.69,0,23.18,174.01
IntelLabsChina__CAT-Q__qwen3-4b,3633315840,0.4738,2.00,bitmap_B_streamed,hbm2,3.97,5545813722,728985600,552960,1.52638,1291.5953,22016.8805,23308.4757,-4.80,777912320,48014.9710,-2.39,1656.914,413.95,0,23.18,174.01
IntelLabsChina__CAT-Q__qwen3-4b,3633315840,0.4738,2.00,five_trit,hbm2_streamed,3.59,5904138240,740229120,0,1.62500,1044.4850,21195.8563,22240.3413,+0.00,777912320,44581.9832,+0.00,1221.206,553.11,0,22.49,168.87
IntelLabsChina__CAT-Q__qwen3-4b,3633315840,0.4738,2.00,bitmap_A,hbm2_streamed,3.59,5545260762,728985600,0,1.52623,1358.2545,19907.4861,21265.7406,-4.38,777912320,43607.3824,-2.19,1573.656,435.85,0,23.18,174.02
IntelLabsChina__CAT-Q__qwen3-4b,3633315840,0.4738,2.00,bitmap_B_resident,hbm2_streamed,3.59,5545813722,728985600,552960,1.52638,1134.8137,19909.4713,21044.2850,-5.38,777912320,43385.9268,-2.68,1412.194,485.69,0,23.18,174.01
IntelLabsChina__CAT-Q__qwen3-4b,3633315840,0.4738,2.00,bitmap_B_streamed,hbm2_streamed,3.59,5545813722,728985600,552960,1.52638,1291.5953,19909.4713,21201.0665,-4.67,777912320,43542.7083,-2.33,1656.914,413.95,0,23.18,174.01
IntelLabsChina__CAT-Q__qwen3-4b,3633315840,0.4738,2.00,five_trit,lpddr4_package,12,5904138240,740229120,0,1.62500,1044.4850,70849.6589,71894.1439,+0.00,777912320,146573.7266,+0.00,1221.206,553.11,0,22.49,168.87
IntelLabsChina__CAT-Q__qwen3-4b,3633315840,0.4738,2.00,bitmap_A,lpddr4_package,12,5545260762,728985600,0,1.52623,1358.2545,66543.1291,67901.3836,-5.55,777912320,142580.9663,-2.72,1573.656,435.85,0,23.18,174.02
IntelLabsChina__CAT-Q__qwen3-4b,3633315840,0.4738,2.00,bitmap_B_resident,lpddr4_package,12,5545813722,728985600,552960,1.52638,1134.8137,66549.7647,67684.5784,-5.86,777912320,142364.1611,-2.87,1412.194,485.69,0,23.18,174.01
IntelLabsChina__CAT-Q__qwen3-4b,3633315840,0.4738,2.00,bitmap_B_streamed,lpddr4_package,12,5545813722,728985600,552960,1.52638,1291.5953,66549.7647,67841.3599,-5.64,777912320,142520.9426,-2.77,1656.914,413.95,0,23.18,174.01
IntelLabsChina__CAT-Q__qwen3-4b,3633315840,0.4738,2.00,five_trit,gddr5,14.0,5904138240,740229120,0,1.62500,1044.4850,82657.9354,83702.4204,+0.00,777912320,170828.6002,+0.00,1221.206,553.11,0,22.49,168.87
IntelLabsChina__CAT-Q__qwen3-4b,3633315840,0.4738,2.00,bitmap_A,gddr5,14.0,5545260762,728985600,0,1.52623,1358.2545,77633.6507,78991.9051,-5.63,777912320,166118.0850,-2.76,1573.656,435.85,0,23.18,174.02
IntelLabsChina__CAT-Q__qwen3-4b,3633315840,0.4738,2.00,bitmap_B_resident,gddr5,14.0,5545813722,728985600,552960,1.52638,1134.8137,77641.3921,78776.2058,-5.89,777912320,165902.3856,-2.88,1412.194,485.69,0,23.18,174.01
IntelLabsChina__CAT-Q__qwen3-4b,3633315840,0.4738,2.00,bitmap_B_streamed,gddr5,14.0,5545813722,728985600,552960,1.52638,1291.5953,77641.3921,78932.9874,-5.70,777912320,166059.1672,-2.79,1656.914,413.95,0,23.18,174.01
IntelLabsChina__CAT-Q__qwen3-4b,3633315840,0.4738,2.00,five_trit,dram_45nm_horowitz,30.5,5904138240,740229120,0,1.62500,1044.4850,180076.2163,181120.7014,+0.00,777912320,370931.3074,+0.00,1221.206,553.11,0,22.49,168.87
IntelLabsChina__CAT-Q__qwen3-4b,3633315840,0.4738,2.00,bitmap_A,dram_45nm_horowitz,30.5,5545260762,728985600,0,1.52623,1358.2545,169130.4532,170488.7077,-5.87,777912320,360299.3138,-2.87,1573.656,435.85,0,23.18,174.02
IntelLabsChina__CAT-Q__qwen3-4b,3633315840,0.4738,2.00,bitmap_B_resident,dram_45nm_horowitz,30.5,5545813722,728985600,552960,1.52638,1134.8137,169147.3185,170282.1322,-5.98,777912320,360092.7383,-2.92,1412.194,485.69,0,23.18,174.01
IntelLabsChina__CAT-Q__qwen3-4b,3633315840,0.4738,2.00,bitmap_B_streamed,dram_45nm_horowitz,30.5,5545813722,728985600,552960,1.52638,1291.5953,169147.3185,170438.9138,-5.90,777912320,360249.5199,-2.88,1656.914,413.95,0,23.18,174.01
IntelLabsChina__CAT-Q__qwen3-4b,3633315840,0.4738,2.00,five_trit,ddr3_peak,70,5904138240,740229120,0,1.62500,1044.4850,413289.6768,414334.1618,+0.00,777912320,849965.0610,+0.00,1221.206,553.11,0,22.49,168.87
IntelLabsChina__CAT-Q__qwen3-4b,3633315840,0.4738,2.00,bitmap_A,ddr3_peak,70,5545260762,728985600,0,1.52623,1358.2545,388168.2533,389526.5078,-5.99,777912320,825157.4070,-2.92,1573.656,435.85,0,23.18,174.02
IntelLabsChina__CAT-Q__qwen3-4b,3633315840,0.4738,2.00,bitmap_B_resident,ddr3_peak,70,5545813722,728985600,552960,1.52638,1134.8137,388206.9605,389341.7742,-6.03,777912320,824972.6734,-2.94,1412.194,485.69,0,23.18,174.01
IntelLabsChina__CAT-Q__qwen3-4b,3633315840,0.4738,2.00,bitmap_B_streamed,ddr3_peak,70,5545813722,728985600,552960,1.52638,1291.5953,388206.9605,389498.5558,-5.99,777912320,825129.4550,-2.92,1656.914,413.95,0,23.18,174.01
IntelLabsChina__CAT-Q__qwen3-4b,3633315840,0.4738,2.50,five_trit,sram_8kb_45nm,0.156,5904138240,740229120,0,1.62500,1017.8136,921.0456,1938.8591,+0.00,777912320,2909.6937,+0.00,1200.192,450.24,0,22.49,168.87
IntelLabsChina__CAT-Q__qwen3-4b,3633315840,0.4738,2.50,bitmap_A,sram_8kb_45nm,0.156,5545260762,728985600,0,1.52623,1361.3042,865.0607,2226.3648,+14.83,777912320,3197.1994,+9.88,1545.726,354.98,0,23.18,174.02
IntelLabsChina__CAT-Q__qwen3-4b,3633315840,0.4738,2.50,bitmap_B_resident,sram_8kb_45nm,0.156,5545813722,728985600,552960,1.52638,1121.6746,865.1469,1986.8216,+2.47,777912320,2957.6561,+1.65,1386.658,395.71,0,23.18,174.01
IntelLabsChina__CAT-Q__qwen3-4b,3633315840,0.4738,2.50,bitmap_B_streamed,sram_8kb_45nm,0.156,5545813722,728985600,552960,1.52638,1280.1131,865.1469,2145.2600,+10.65,777912320,3116.0946,+7.09,1631.378,336.35,0,23.18,174.01
IntelLabsChina__CAT-Q__qwen3-4b,3633315840,0.4738,2.50,five_trit,sram_32kb_45nm,0.313,5904138240,740229120,0,1.62500,1017.8136,1847.9953,2865.8088,+0.00,777912320,4813.7013,+0.00,1200.192,450.24,0,22.49,168.87
IntelLabsChina__CAT-Q__qwen3-4b,3633315840,0.4738,2.50,bitmap_A,sram_32kb_45nm,0.313,5545260762,728985600,0,1.52623,1361.3042,1735.6666,3096.9708,+8.07,777912320,5044.8632,+4.80,1545.726,354.98,0,23.18,174.02
IntelLabsChina__CAT-Q__qwen3-4b,3633315840,0.4738,2.50,bitmap_B_resident,sram_32kb_45nm,0.313,5545813722,728985600,552960,1.52638,1121.6746,1735.8397,2857.5143,-0.29,777912320,4805.4068,-0.17,1386.658,395.71,0,23.18,174.01
IntelLabsChina__CAT-Q__qwen3-4b,3633315840,0.4738,2.50,bitmap_B_streamed,sram_32kb_45nm,0.313,5545813722,728985600,552960,1.52638,1280.1131,1735.8397,3015.9528,+5.24,777912320,4963.8452,+3.12,1631.378,336.35,0,23.18,174.01
IntelLabsChina__CAT-Q__qwen3-4b,3633315840,0.4738,2.50,five_trit,sram_1mb_45nm,1.563,5904138240,740229120,0,1.62500,1017.8136,9228.1681,10245.9816,+0.00,777912320,19972.9973,+0.00,1200.192,450.24,0,22.49,168.87
IntelLabsChina__CAT-Q__qwen3-4b,3633315840,0.4738,2.50,bitmap_A,sram_1mb_45nm,1.563,5545260762,728985600,0,1.52623,1361.3042,8667.2426,10028.5467,-2.12,777912320,19755.5624,-1.09,1545.726,354.98,0,23.18,174.02
IntelLabsChina__CAT-Q__qwen3-4b,3633315840,0.4738,2.50,bitmap_B_resident,sram_1mb_45nm,1.563,5545813722,728985600,552960,1.52638,1121.6746,8668.1068,9789.7815,-4.45,777912320,19516.7971,-2.28,1386.658,395.71,0,23.18,174.01
IntelLabsChina__CAT-Q__qwen3-4b,3633315840,0.4738,2.50,bitmap_B_streamed,sram_1mb_45nm,1.563,5545813722,728985600,552960,1.52638,1280.1131,8668.1068,9948.2199,-2.91,777912320,19675.2356,-1.49,1631.378,336.35,0,23.18,174.01
IntelLabsChina__CAT-Q__qwen3-4b,3633315840,0.4738,2.50,five_trit,sram_1mb_45nm_cacti,1.058,5904138240,740229120,0,1.62500,1017.8136,6246.5783,7264.3918,+0.00,777912320,13848.6417,+0.00,1200.192,450.24,0,22.49,168.87
IntelLabsChina__CAT-Q__qwen3-4b,3633315840,0.4738,2.50,bitmap_A,sram_1mb_45nm_cacti,1.058,5545260762,728985600,0,1.52623,1361.3042,5866.8859,7228.1900,-0.50,777912320,13812.4399,-0.26,1545.726,354.98,0,23.18,174.02
IntelLabsChina__CAT-Q__qwen3-4b,3633315840,0.4738,2.50,bitmap_B_resident,sram_1mb_45nm_cacti,1.058,5545813722,728985600,552960,1.52638,1121.6746,5867.4709,6989.1455,-3.79,777912320,13573.3954,-1.99,1386.658,395.71,0,23.18,174.01
IntelLabsChina__CAT-Q__qwen3-4b,3633315840,0.4738,2.50,bitmap_B_streamed,sram_1mb_45nm_cacti,1.058,5545813722,728985600,552960,1.52638,1280.1131,5867.4709,7147.5840,-1.61,777912320,13731.8339,-0.84,1631.378,336.35,0,23.18,174.01
IntelLabsChina__CAT-Q__qwen3-4b,3633315840,0.4738,2.50,five_trit,sram_32kb_7nm,0.133,5904138240,740229120,0,1.62500,1017.8136,785.2504,1803.0639,+0.00,777912320,2630.7627,+0.00,1200.192,450.24,0,22.49,168.87
IntelLabsChina__CAT-Q__qwen3-4b,3633315840,0.4738,2.50,bitmap_A,sram_32kb_7nm,0.133,5545260762,728985600,0,1.52623,1361.3042,737.5197,2098.8238,+16.40,777912320,2926.5225,+11.24,1545.726,354.98,0,23.18,174.02
IntelLabsChina__CAT-Q__qwen3-4b,3633315840,0.4738,2.50,bitmap_B_resident,sram_32kb_7nm,0.133,5545813722,728985600,552960,1.52638,1121.6746,737.5932,1859.2678,+3.12,777912320,2686.9665,+2.14,1386.658,395.71,0,23.18,174.01
IntelLabsChina__CAT-Q__qwen3-4b,3633315840,0.4738,2.50,bitmap_B_streamed,sram_32kb_7nm,0.133,5545813722,728985600,552960,1.52638,1280.1131,737.5932,2017.7063,+11.90,777912320,2845.4050,+8.16,1631.378,336.35,0,23.18,174.01
IntelLabsChina__CAT-Q__qwen3-4b,3633315840,0.4738,2.50,five_trit,sram_1mb_7nm,0.219,5904138240,740229120,0,1.62500,1017.8136,1293.0063,2310.8198,+0.00,777912320,3673.7222,+0.00,1200.192,450.24,0,22.49,168.87
IntelLabsChina__CAT-Q__qwen3-4b,3633315840,0.4738,2.50,bitmap_A,sram_1mb_7nm,0.219,5545260762,728985600,0,1.52623,1361.3042,1214.4121,2575.7163,+11.46,777912320,3938.6186,+7.21,1545.726,354.98,0,23.18,174.02
IntelLabsChina__CAT-Q__qwen3-4b,3633315840,0.4738,2.50,bitmap_B_resident,sram_1mb_7nm,0.219,5545813722,728985600,552960,1.52638,1121.6746,1214.5332,2336.2078,+1.10,777912320,3699.1102,+0.69,1386.658,395.71,0,23.18,174.01
IntelLabsChina__CAT-Q__qwen3-4b,3633315840,0.4738,2.50,bitmap_B_streamed,sram_1mb_7nm,0.219,5545813722,728985600,552960,1.52638,1280.1131,1214.5332,2494.6463,+7.96,777912320,3857.5487,+5.00,1631.378,336.35,0,23.18,174.01
IntelLabsChina__CAT-Q__qwen3-4b,3633315840,0.4738,2.50,five_trit,hbm2,3.97,5904138240,740229120,0,1.62500,1017.8136,23439.4288,24457.2424,+0.00,777912320,49163.7377,+0.00,1200.192,450.24,0,22.49,168.87
IntelLabsChina__CAT-Q__qwen3-4b,3633315840,0.4738,2.50,bitmap_A,hbm2,3.97,5545260762,728985600,0,1.52623,1361.3042,22014.6852,23375.9894,-4.42,777912320,48082.4847,-2.20,1545.726,354.98,0,23.18,174.02
IntelLabsChina__CAT-Q__qwen3-4b,3633315840,0.4738,2.50,bitmap_B_resident,hbm2,3.97,5545813722,728985600,552960,1.52638,1121.6746,22016.8805,23138.5551,-5.39,777912320,47845.0504,-2.68,1386.658,395.71,0,23.18,174.01
IntelLabsChina__CAT-Q__qwen3-4b,3633315840,0.4738,2.50,bitmap_B_streamed,hbm2,3.97,5545813722,728985600,552960,1.52638,1280.1131,22016.8805,23296.9935,-4.74,777912320,48003.4888,-2.36,1631.378,336.35,0,23.18,174.01
IntelLabsChina__CAT-Q__qwen3-4b,3633315840,0.4738,2.50,five_trit,hbm2_streamed,3.59,5904138240,740229120,0,1.62500,1017.8136,21195.8563,22213.6698,+0.00,777912320,44555.3117,+0.00,1200.192,450.24,0,22.49,168.87
IntelLabsChina__CAT-Q__qwen3-4b,3633315840,0.4738,2.50,bitmap_A,hbm2_streamed,3.59,5545260762,728985600,0,1.52623,1361.3042,19907.4861,21268.7903,-4.25,777912320,43610.4321,-2.12,1545.726,354.98,0,23.18,174.02
IntelLabsChina__CAT-Q__qwen3-4b,3633315840,0.4738,2.50,bitmap_B_resident,hbm2_streamed,3.59,5545813722,728985600,552960,1.52638,1121.6746,19909.4713,21031.1459,-5.32,777912320,43372.7877,-2.65,1386.658,395.71,0,23.18,174.01
IntelLabsChina__CAT-Q__qwen3-4b,3633315840,0.4738,2.50,bitmap_B_streamed,hbm2_streamed,3.59,5545813722,728985600,552960,1.52638,1280.1131,19909.4713,21189.5843,-4.61,777912320,43531.2262,-2.30,1631.378,336.35,0,23.18,174.01
IntelLabsChina__CAT-Q__qwen3-4b,3633315840,0.4738,2.50,five_trit,lpddr4_package,12,5904138240,740229120,0,1.62500,1017.8136,70849.6589,71867.4724,+0.00,777912320,146547.0552,+0.00,1200.192,450.24,0,22.49,168.87
IntelLabsChina__CAT-Q__qwen3-4b,3633315840,0.4738,2.50,bitmap_A,lpddr4_package,12,5545260762,728985600,0,1.52623,1361.3042,66543.1291,67904.4333,-5.51,777912320,142584.0160,-2.70,1545.726,354.98,0,23.18,174.02
IntelLabsChina__CAT-Q__qwen3-4b,3633315840,0.4738,2.50,bitmap_B_resident,lpddr4_package,12,5545813722,728985600,552960,1.52638,1121.6746,66549.7647,67671.4393,-5.84,777912320,142351.0220,-2.86,1386.658,395.71,0,23.18,174.01
IntelLabsChina__CAT-Q__qwen3-4b,3633315840,0.4738,2.50,bitmap_B_streamed,lpddr4_package,12,5545813722,728985600,552960,1.52638,1280.1131,66549.7647,67829.8777,-5.62,777912320,142509.4605,-2.76,1631.378,336.35,0,23.18,174.01
IntelLabsChina__CAT-Q__qwen3-4b,3633315840,0.4738,2.50,five_trit,gddr5,14.0,5904138240,740229120,0,1.62500,1017.8136,82657.9354,83675.7489,+0.00,777912320,170801.9288,+0.00,1200.192,450.24,0,22.49,168.87
IntelLabsChina__CAT-Q__qwen3-4b,3633315840,0.4738,2.50,bitmap_A,gddr5,14.0,5545260762,728985600,0,1.52623,1361.3042,77633.6507,78994.9548,-5.59,777912320,166121.1347,-2.74,1545.726,354.98,0,23.18,174.02
IntelLabsChina__CAT-Q__qwen3-4b,3633315840,0.4738,2.50,bitmap_B_resident,gddr5,14.0,5545813722,728985600,552960,1.52638,1121.6746,77641.3921,78763.0667,-5.87,777912320,165889.2466,-2.88,1386.658,395.71,0,23.18,174.01
IntelLabsChina__CAT-Q__qwen3-4b,3633315840,0.4738,2.50,bitmap_B_streamed,gddr5,14.0,5545813722,728985600,552960,1.52638,1280.1131,77641.3921,78921.5052,-5.68,777912320,166047.6850,-2.78,1631.378,336.35,0,23.18,174.01
IntelLabsChina__CAT-Q__qwen3-4b,3633315840,0.4738,2.50,five_trit,dram_45nm_horowitz,30.5,5904138240,740229120,0,1.62500,1017.8136,180076.2163,181094.0299,+0.00,777912320,370904.6360,+0.00,1200.192,450.24,0,22.49,168.87
IntelLabsChina__CAT-Q__qwen3-4b,3633315840,0.4738,2.50,bitmap_A,dram_45nm_horowitz,30.5,5545260762,728985600,0,1.52623,1361.3042,169130.4532,170491.7574,-5.85,777912320,360302.3635,-2.86,1545.726,354.98,0,23.18,174.02
IntelLabsChina__CAT-Q__qwen3-4b,3633315840,0.4738,2.50,bitmap_B_resident,dram_45nm_horowitz,30.5,5545813722,728985600,552960,1.52638,1121.6746,169147.3185,170268.9931,-5.98,777912320,360079.5992,-2.92,1386.658,395.71,0,23.18,174.01
IntelLabsChina__CAT-Q__qwen3-4b,3633315840,0.4738,2.50,bitmap_B_streamed,dram_45nm_horowitz,30.5,5545813722,728985600,552960,1.52638,1280.1131,169147.3185,170427.4316,-5.89,777912320,360238.0377,-2.88,1631.378,336.35,0,23.18,174.01
IntelLabsChina__CAT-Q__qwen3-4b,3633315840,0.4738,2.50,five_trit,ddr3_peak,70,5904138240,740229120,0,1.62500,1017.8136,413289.6768,414307.4904,+0.00,777912320,849938.3896,+0.00,1200.192,450.24,0,22.49,168.87
IntelLabsChina__CAT-Q__qwen3-4b,3633315840,0.4738,2.50,bitmap_A,ddr3_peak,70,5545260762,728985600,0,1.52623,1361.3042,388168.2533,389529.5575,-5.98,777912320,825160.4567,-2.92,1545.726,354.98,0,23.18,174.02
IntelLabsChina__CAT-Q__qwen3-4b,3633315840,0.4738,2.50,bitmap_B_resident,ddr3_peak,70,5545813722,728985600,552960,1.52638,1121.6746,388206.9605,389328.6352,-6.03,777912320,824959.5344,-2.94,1386.658,395.71,0,23.18,174.01
IntelLabsChina__CAT-Q__qwen3-4b,3633315840,0.4738,2.50,bitmap_B_streamed,ddr3_peak,70,5545813722,728985600,552960,1.52638,1280.1131,388206.9605,389487.0736,-5.99,777912320,825117.9728,-2.92,1631.378,336.35,0,23.18,174.01
IntelLabsChina__CAT-Q__qwen3-8b,6945767424,0.4670,1.60,five_trit,sram_8kb_45nm,0.156,11286872064,1413660672,0,1.62500,2354.2573,1760.7520,4115.0093,+0.00,1244659712,5668.3447,+0.00,1373.358,321.92,0,12.84,96.40
IntelLabsChina__CAT-Q__qwen3-8b,6945767424,0.4670,1.60,bitmap_A,sram_8kb_45nm,0.156,10647666704,1393016832,0,1.53297,2830.7728,1661.0360,4491.8088,+9.16,1244659712,6045.1441,+6.65,1624.994,276.10,0,13.24,99.39
IntelLabsChina__CAT-Q__qwen3-8b,6945767424,0.4670,1.60,bitmap_B_resident,sram_8kb_45nm,0.156,10652975120,1393016832,5308416,1.53374,2335.0820,1661.8641,3996.9461,-2.87,1244659712,5550.2815,-2.08,1448.636,309.72,0,13.24,99.37
IntelLabsChina__CAT-Q__qwen3-8b,6945767424,0.4670,1.60,bitmap_B_streamed,sram_8kb_45nm,0.156,10652975120,1393016832,5308416,1.53374,2632.7292,1661.8641,4294.5933,+4.36,1244659712,5847.9286,+3.17,1693.356,264.96,0,13.24,99.37
IntelLabsChina__CAT-Q__qwen3-8b,6945767424,0.4670,1.60,five_trit,sram_32kb_45nm,0.313,11286872064,1413660672,0,1.62500,2354.2573,3532.7910,5887.0483,+0.00,1244659712,9003.6762,+0.00,1373.358,321.92,0,12.84,96.40
IntelLabsChina__CAT-Q__qwen3-8b,6945767424,0.4670,1.60,bitmap_A,sram_32kb_45nm,0.313,10647666704,1393016832,0,1.53297,2830.7728,3332.7197,6163.4924,+4.70,1244659712,9280.1204,+3.07,1624.994,276.10,0,13.24,99.39
IntelLabsChina__CAT-Q__qwen3-8b,6945767424,0.4670,1.60,bitmap_B_resident,sram_32kb_45nm,0.313,10652975120,1393016832,5308416,1.53374,2335.0820,3334.3812,5669.4632,-3.70,1244659712,8786.0911,-2.42,1448.636,309.72,0,13.24,99.37
IntelLabsChina__CAT-Q__qwen3-8b,6945767424,0.4670,1.60,bitmap_B_streamed,sram_32kb_45nm,0.313,10652975120,1393016832,5308416,1.53374,2632.7292,3334.3812,5967.1104,+1.36,1244659712,9083.7383,+0.89,1693.356,264.96,0,13.24,99.37
IntelLabsChina__CAT-Q__qwen3-8b,6945767424,0.4670,1.60,five_trit,sram_1mb_45nm,1.563,11286872064,1413660672,0,1.62500,2354.2573,17641.3810,19995.6383,+0.00,1244659712,35558.8634,+0.00,1373.358,321.92,0,12.84,96.40
IntelLabsChina__CAT-Q__qwen3-8b,6945767424,0.4670,1.60,bitmap_A,sram_1mb_45nm,1.563,10647666704,1393016832,0,1.53297,2830.7728,16642.3031,19473.0758,-2.61,1244659712,35036.3009,-1.47,1624.994,276.10,0,13.24,99.39
IntelLabsChina__CAT-Q__qwen3-8b,6945767424,0.4670,1.60,bitmap_B_resident,sram_1mb_45nm,1.563,10652975120,1393016832,5308416,1.53374,2335.0820,16650.6001,18985.6821,-5.05,1244659712,34548.9072,-2.84,1448.636,309.72,0,13.24,99.37
IntelLabsChina__CAT-Q__qwen3-8b,6945767424,0.4670,1.60,bitmap_B_streamed,sram_1mb_45nm,1.563,10652975120,1393016832,5308416,1.53374,2632.7292,16650.6001,19283.3293,-3.56,1244659712,34846.5543,-2.00,1693.356,264.96,0,13.24,99.37
IntelLabsChina__CAT-Q__qwen3-8b,6945767424,0.4670,1.60,five_trit,sram_1mb_45nm_cacti,1.058,11286872064,1413660672,0,1.62500,2354.2573,11941.5106,14295.7679,+0.00,1244659712,24830.5678,+0.00,1373.358,321.92,0,12.84,96.40
IntelLabsChina__CAT-Q__qwen3-8b,6945767424,0.4670,1.60,bitmap_A,sram_1mb_45nm_cacti,1.058,10647666704,1393016832,0,1.53297,2830.7728,11265.2314,14096.0041,-1.40,1244659712,24630.8039,-0.80,1624.994,276.10,0,13.24,99.39
IntelLabsChina__CAT-Q__qwen3-8b,6945767424,0.4670,1.60,bitmap_B_resident,sram_1mb_45nm_cacti,1.058,10652975120,1393016832,5308416,1.53374,2335.0820,11270.8477,13605.9297,-4.83,1244659712,24140.7295,-2.78,1448.636,309.72,0,13.24,99.37
IntelLabsChina__CAT-Q__qwen3-8b,6945767424,0.4670,1.60,bitmap_B_streamed,sram_1mb_45nm_cacti,1.058,10652975120,1393016832,5308416,1.53374,2632.7292,11270.8477,13903.5768,-2.74,1244659712,24438.3766,-1.58,1693.356,264.96,0,13.24,99.37
IntelLabsChina__CAT-Q__qwen3-8b,6945767424,0.4670,1.60,five_trit,sram_32kb_7nm,0.133,11286872064,1413660672,0,1.62500,2354.2573,1501.1540,3855.4113,+0.00,1244659712,5179.7292,+0.00,1373.358,321.92,0,12.84,96.40
IntelLabsChina__CAT-Q__qwen3-8b,6945767424,0.4670,1.60,bitmap_A,sram_32kb_7nm,0.133,10647666704,1393016832,0,1.53297,2830.7728,1416.1397,4246.9124,+10.15,1244659712,5571.2304,+7.56,1624.994,276.10,0,13.24,99.39
IntelLabsChina__CAT-Q__qwen3-8b,6945767424,0.4670,1.60,bitmap_B_resident,sram_32kb_7nm,0.133,10652975120,1393016832,5308416,1.53374,2335.0820,1416.8457,3751.9277,-2.68,1244659712,5076.2456,-2.00,1448.636,309.72,0,13.24,99.37
IntelLabsChina__CAT-Q__qwen3-8b,6945767424,0.4670,1.60,bitmap_B_streamed,sram_32kb_7nm,0.133,10652975120,1393016832,5308416,1.53374,2632.7292,1416.8457,4049.5748,+5.04,1244659712,5373.8928,+3.75,1693.356,264.96,0,13.24,99.37
IntelLabsChina__CAT-Q__qwen3-8b,6945767424,0.4670,1.60,five_trit,sram_1mb_7nm,0.219,11286872064,1413660672,0,1.62500,2354.2573,2471.8250,4826.0823,+0.00,1244659712,7006.7261,+0.00,1373.358,321.92,0,12.84,96.40
IntelLabsChina__CAT-Q__qwen3-8b,6945767424,0.4670,1.60,bitmap_A,sram_1mb_7nm,0.219,10647666704,1393016832,0,1.53297,2830.7728,2331.8390,5162.6118,+6.97,1244659712,7343.2556,+4.80,1624.994,276.10,0,13.24,99.39
IntelLabsChina__CAT-Q__qwen3-8b,6945767424,0.4670,1.60,bitmap_B_resident,sram_1mb_7nm,0.219,10652975120,1393016832,5308416,1.53374,2335.0820,2333.0016,4668.0836,-3.27,1244659712,6848.7274,-2.25,1448.636,309.72,0,13.24,99.37
IntelLabsChina__CAT-Q__qwen3-8b,6945767424,0.4670,1.60,bitmap_B_streamed,sram_1mb_7nm,0.219,10652975120,1393016832,5308416,1.53374,2632.7292,2333.0016,4965.7307,+2.89,1244659712,7146.3745,+1.99,1693.356,264.96,0,13.24,99.37
IntelLabsChina__CAT-Q__qwen3-8b,6945767424,0.4670,1.60,five_trit,hbm2,3.97,11286872064,1413660672,0,1.62500,2354.2573,44808.8821,47163.1394,+0.00,1244659712,86693.5319,+0.00,1373.358,321.92,0,12.84,96.40
IntelLabsChina__CAT-Q__qwen3-8b,6945767424,0.4670,1.60,bitmap_A,hbm2,3.97,10647666704,1393016832,0,1.53297,2830.7728,42271.2368,45102.0096,-4.37,1244659712,84632.4020,-2.38,1624.994,276.10,0,13.24,99.39
IntelLabsChina__CAT-Q__qwen3-8b,6945767424,0.4670,1.60,bitmap_B_resident,hbm2,3.97,10652975120,1393016832,5308416,1.53374,2335.0820,42292.3112,44627.3932,-5.38,1244659712,84157.7857,-2.92,1448.636,309.72,0,13.24,99.37
IntelLabsChina__CAT-Q__qwen3-8b,6945767424,0.4670,1.60,bitmap_B_streamed,hbm2,3.97,10652975120,1393016832,5308416,1.53374,2632.7292,42292.3112,44925.0404,-4.75,1244659712,84455.4328,-2.58,1693.356,264.96,0,13.24,99.37
IntelLabsChina__CAT-Q__qwen3-8b,6945767424,0.4670,1.60,five_trit,hbm2_streamed,3.59,11286872064,1413660672,0,1.62500,2354.2573,40519.8707,42874.1280,+0.00,1244659712,78620.7549,+0.00,1373.358,321.92,0,12.84,96.40
IntelLabsChina__CAT-Q__qwen3-8b,6945767424,0.4670,1.60,bitmap_A,hbm2_streamed,3.59,10647666704,1393016832,0,1.53297,2830.7728,38225.1235,41055.8962,-4.24,1244659712,76802.5232,-2.31,1624.994,276.10,0,13.24,99.39
IntelLabsChina__CAT-Q__qwen3-8b,6945767424,0.4670,1.60,bitmap_B_resident,hbm2_streamed,3.59,10652975120,1393016832,5308416,1.53374,2335.0820,38244.1807,40579.2627,-5.35,1244659712,76325.8896,-2.92,1448.636,309.72,0,13.24,99.37
IntelLabsChina__CAT-Q__qwen3-8b,6945767424,0.4670,1.60,bitmap_B_streamed,hbm2_streamed,3.59,10652975120,1393016832,5308416,1.53374,2632.7292,38244.1807,40876.9098,-4.66,1244659712,76623.5368,-2.54,1693.356,264.96,0,13.24,99.37
IntelLabsChina__CAT-Q__qwen3-8b,6945767424,0.4670,1.60,five_trit,lpddr4_package,12,11286872064,1413660672,0,1.62500,2354.2573,135442.4648,137796.7221,+0.00,1244659712,257284.0544,+0.00,1373.358,321.92,0,12.84,96.40
IntelLabsChina__CAT-Q__qwen3-8b,6945767424,0.4670,1.60,bitmap_A,lpddr4_package,12,10647666704,1393016832,0,1.53297,2830.7728,127772.0004,130602.7732,-5.22,1244659712,250090.1056,-2.80,1624.994,276.10,0,13.24,99.39
IntelLabsChina__CAT-Q__qwen3-8b,6945767424,0.4670,1.60,bitmap_B_resident,lpddr4_package,12,10652975120,1393016832,5308416,1.53374,2335.0820,127835.7014,130170.7835,-5.53,1244659712,249658.1158,-2.96,1448.636,309.72,0,13.24,99.37
IntelLabsChina__CAT-Q__qwen3-8b,6945767424,0.4670,1.60,bitmap_B_streamed,lpddr4_package,12,10652975120,1393016832,5308416,1.53374,2632.7292,127835.7014,130468.4306,-5.32,1244659712,249955.7629,-2.85,1693.356,264.96,0,13.24,99.37
IntelLabsChina__CAT-Q__qwen3-8b,6945767424,0.4670,1.60,five_trit,gddr5,14.0,11286872064,1413660672,0,1.62500,2354.2573,158016.2089,160370.4662,+0.00,1244659712,299772.3539,+0.00,1373.358,321.92,0,12.84,96.40
IntelLabsChina__CAT-Q__qwen3-8b,6945767424,0.4670,1.60,bitmap_A,gddr5,14.0,10647666704,1393016832,0,1.53297,2830.7728,149067.3339,151898.1066,-5.28,1244659712,291299.9944,-2.83,1624.994,276.10,0,13.24,99.39
IntelLabsChina__CAT-Q__qwen3-8b,6945767424,0.4670,1.60,bitmap_B_resident,gddr5,14.0,10652975120,1393016832,5308416,1.53374,2335.0820,149141.6517,151476.7337,-5.55,1244659712,290878.6214,-2.97,1448.636,309.72,0,13.24,99.37
IntelLabsChina__CAT-Q__qwen3-8b,6945767424,0.4670,1.60,bitmap_B_streamed,gddr5,14.0,10652975120,1393016832,5308416,1.53374,2632.7292,149141.6517,151774.3808,-5.36,1244659712,291176.2686,-2.87,1693.356,264.96,0,13.24,99.37
IntelLabsChina__CAT-Q__qwen3-8b,6945767424,0.4670,1.60,five_trit,dram_45nm_horowitz,30.5,11286872064,1413660672,0,1.62500,2354.2573,344249.5980,346603.8553,+0.00,1244659712,650300.8250,+0.00,1373.358,321.92,0,12.84,96.40
IntelLabsChina__CAT-Q__qwen3-8b,6945767424,0.4670,1.60,bitmap_A,dram_45nm_horowitz,30.5,10647666704,1393016832,0,1.53297,2830.7728,324753.8345,327584.6072,-5.49,1244659712,631281.5770,-2.92,1624.994,276.10,0,13.24,99.39
IntelLabsChina__CAT-Q__qwen3-8b,6945767424,0.4670,1.60,bitmap_B_resident,dram_45nm_horowitz,30.5,10652975120,1393016832,5308416,1.53374,2335.0820,324915.7412,327250.8232,-5.58,1244659712,630947.7929,-2.98,1448.636,309.72,0,13.24,99.37
IntelLabsChina__CAT-Q__qwen3-8b,6945767424,0.4670,1.60,bitmap_B_streamed,dram_45nm_horowitz,30.5,10652975120,1393016832,5308416,1.53374,2632.7292,324915.7412,327548.4703,-5.50,1244659712,631245.4400,-2.93,1693.356,264.96,0,13.24,99.37
IntelLabsChina__CAT-Q__qwen3-8b,6945767424,0.4670,1.60,five_trit,ddr3_peak,70,11286872064,1413660672,0,1.62500,2354.2573,790081.0445,792435.3018,+0.00,1244659712,1489444.7405,+0.00,1373.358,321.92,0,12.84,96.40
IntelLabsChina__CAT-Q__qwen3-8b,6945767424,0.4670,1.60,bitmap_A,ddr3_peak,70,10647666704,1393016832,0,1.53297,2830.7728,745336.6693,748167.4420,-5.59,1244659712,1445176.8808,-2.97,1624.994,276.10,0,13.24,99.39
IntelLabsChina__CAT-Q__qwen3-8b,6945767424,0.4670,1.60,bitmap_B_resident,ddr3_peak,70,10652975120,1393016832,5308416,1.53374,2335.0820,745708.2584,748043.3404,-5.60,1244659712,1445052.7791,-2.98,1448.636,309.72,0,13.24,99.37
IntelLabsChina__CAT-Q__qwen3-8b,6945767424,0.4670,1.60,bitmap_B_streamed,ddr3_peak,70,10652975120,1393016832,5308416,1.53374,2632.7292,745708.2584,748340.9876,-5.56,1244659712,1445350.4263,-2.96,1693.356,264.96,0,13.24,99.37
IntelLabsChina__CAT-Q__qwen3-8b,6945767424,0.4670,2.00,five_trit,sram_8kb_45nm,0.156,11286872064,1413660672,0,1.62500,1998.8414,1760.7520,3759.5934,+0.00,1244659712,5312.9288,+0.00,1221.206,289.62,0,12.84,96.40
IntelLabsChina__CAT-Q__qwen3-8b,6945767424,0.4670,2.00,bitmap_A,sram_8kb_45nm,0.156,10647666704,1393016832,0,1.53297,2598.3895,1661.0360,4259.4255,+13.29,1244659712,5812.7608,+9.41,1573.656,228.09,0,13.24,99.39
IntelLabsChina__CAT-Q__qwen3-8b,6945767424,0.4670,2.00,bitmap_B_resident,sram_8kb_45nm,0.156,10652975120,1393016832,5308416,1.53374,2171.6962,1661.8641,3833.5604,+1.97,1244659712,5386.8957,+1.39,1412.194,254.17,0,13.24,99.37
IntelLabsChina__CAT-Q__qwen3-8b,6945767424,0.4670,2.00,bitmap_B_streamed,sram_8kb_45nm,0.156,10652975120,1393016832,5308416,1.53374,2471.8772,1661.8641,4133.7413,+9.95,1244659712,5687.0766,+7.04,1656.914,216.63,0,13.24,99.37
IntelLabsChina__CAT-Q__qwen3-8b,6945767424,0.4670,2.00,five_trit,sram_32kb_45nm,0.313,11286872064,1413660672,0,1.62500,1998.8414,3532.7910,5531.6323,+0.00,1244659712,8648.2603,+0.00,1221.206,289.62,0,12.84,96.40
IntelLabsChina__CAT-Q__qwen3-8b,6945767424,0.4670,2.00,bitmap_A,sram_32kb_45nm,0.313,10647666704,1393016832,0,1.53297,2598.3895,3332.7197,5931.1092,+7.22,1244659712,9047.7371,+4.62,1573.656,228.09,0,13.24,99.39
IntelLabsChina__CAT-Q__qwen3-8b,6945767424,0.4670,2.00,bitmap_B_resident,sram_32kb_45nm,0.313,10652975120,1393016832,5308416,1.53374,2171.6962,3334.3812,5506.0774,-0.46,1244659712,8622.7054,-0.30,1412.194,254.17,0,13.24,99.37
IntelLabsChina__CAT-Q__qwen3-8b,6945767424,0.4670,2.00,bitmap_B_streamed,sram_32kb_45nm,0.313,10652975120,1393016832,5308416,1.53374,2471.8772,3334.3812,5806.2584,+4.96,1244659712,8922.8863,+3.18,1656.914,216.63,0,13.24,99.37
IntelLabsChina__CAT-Q__qwen3-8b,6945767424,0.4670,2.00,five_trit,sram_1mb_45nm,1.563,11286872064,1413660672,0,1.62500,1998.8414,17641.3810,19640.2224,+0.00,1244659712,35203.4475,+0.00,1221.206,289.62,0,12.84,96.40
IntelLabsChina__CAT-Q__qwen3-8b,6945767424,0.4670,2.00,bitmap_A,sram_1mb_45nm,1.563,10647666704,1393016832,0,1.53297,2598.3895,16642.3031,19240.6926,-2.03,1244659712,34803.9176,-1.13,1573.656,228.09,0,13.24,99.39
IntelLabsChina__CAT-Q__qwen3-8b,6945767424,0.4670,2.00,bitmap_B_resident,sram_1mb_45nm,1.563,10652975120,1393016832,5308416,1.53374,2171.6962,16650.6001,18822.2963,-4.16,1244659712,34385.5214,-2.32,1412.194,254.17,0,13.24,99.37
IntelLabsChina__CAT-Q__qwen3-8b,6945767424,0.4670,2.00,bitmap_B_streamed,sram_1mb_45nm,1.563,10652975120,1393016832,5308416,1.53374,2471.8772,16650.6001,19122.4773,-2.64,1244659712,34685.7023,-1.47,1656.914,216.63,0,13.24,99.37
IntelLabsChina__CAT-Q__qwen3-8b,6945767424,0.4670,2.00,five_trit,sram_1mb_45nm_cacti,1.058,11286872064,1413660672,0,1.62500,1998.8414,11941.5106,13940.3520,+0.00,1244659712,24475.1518,+0.00,1221.206,289.62,0,12.84,96.40
IntelLabsChina__CAT-Q__qwen3-8b,6945767424,0.4670,2.00,bitmap_A,sram_1mb_45nm_cacti,1.058,10647666704,1393016832,0,1.53297,2598.3895,11265.2314,13863.6209,-0.55,1244659712,24398.4207,-0.31,1573.656,228.09,0,13.24,99.39
IntelLabsChina__CAT-Q__qwen3-8b,6945767424,0.4670,2.00,bitmap_B_resident,sram_1mb_45nm_cacti,1.058,10652975120,1393016832,5308416,1.53374,2171.6962,11270.8477,13442.5439,-3.57,1244659712,23977.3437,-2.03,1412.194,254.17,0,13.24,99.37
IntelLabsChina__CAT-Q__qwen3-8b,6945767424,0.4670,2.00,bitmap_B_streamed,sram_1mb_45nm_cacti,1.058,10652975120,1393016832,5308416,1.53374,2471.8772,11270.8477,13742.7249,-1.42,1244659712,24277.5247,-0.81,1656.914,216.63,0,13.24,99.37
IntelLabsChina__CAT-Q__qwen3-8b,6945767424,0.4670,2.00,five_trit,sram_32kb_7nm,0.133,11286872064,1413660672,0,1.62500,1998.8414,1501.1540,3499.9954,+0.00,1244659712,4824.3133,+0.00,1221.206,289.62,0,12.84,96.40
IntelLabsChina__CAT-Q__qwen3-8b,6945767424,0.4670,2.00,bitmap_A,sram_32kb_7nm,0.133,10647666704,1393016832,0,1.53297,2598.3895,1416.1397,4014.5292,+14.70,1244659712,5338.8471,+10.67,1573.656,228.09,0,13.24,99.39
IntelLabsChina__CAT-Q__qwen3-8b,6945767424,0.4670,2.00,bitmap_B_resident,sram_32kb_7nm,0.133,10652975120,1393016832,5308416,1.53374,2171.6962,1416.8457,3588.5419,+2.53,1244659712,4912.8599,+1.84,1412.194,254.17,0,13.24,99.37
IntelLabsChina__CAT-Q__qwen3-8b,6945767424,0.4670,2.00,bitmap_B_streamed,sram_32kb_7nm,0.133,10652975120,1393016832,5308416,1.53374,2471.8772,1416.8457,3888.7229,+11.11,1244659712,5213.0408,+8.06,1656.914,216.63,0,13.24,99.37
IntelLabsChina__CAT-Q__qwen3-8b,6945767424,0.4670,2.00,five_trit,sram_1mb_7nm,0.219,11286872064,1413660672,0,1.62500,1998.8414,2471.8250,4470.6664,+0.00,1244659712,6651.3102,+0.00,1221.206,289.62,0,12.84,96.40
IntelLabsChina__CAT-Q__qwen3-8b,6945767424,0.4670,2.00,bitmap_A,sram_1mb_7nm,0.219,10647666704,1393016832,0,1.53297,2598.3895,2331.8390,4930.2285,+10.28,1244659712,7110.8723,+6.91,1573.656,228.09,0,13.24,99.39
IntelLabsChina__CAT-Q__qwen3-8b,6945767424,0.4670,2.00,bitmap_B_resident,sram_1mb_7nm,0.219,10652975120,1393016832,5308416,1.53374,2171.6962,2333.0016,4504.6978,+0.76,1244659712,6685.3416,+0.51,1412.194,254.17,0,13.24,99.37
IntelLabsChina__CAT-Q__qwen3-8b,6945767424,0.4670,2.00,bitmap_B_streamed,sram_1mb_7nm,0.219,10652975120,1393016832,5308416,1.53374,2471.8772,2333.0016,4804.8787,+7.48,1244659712,6985.5225,+5.02,1656.914,216.63,0,13.24,99.37
IntelLabsChina__CAT-Q__qwen3-8b,6945767424,0.4670,2.00,five_trit,hbm2,3.97,11286872064,1413660672,0,1.62500,1998.8414,44808.8821,46807.7235,+0.00,1244659712,86338.1159,+0.00,1221.206,289.62,0,12.84,96.40
IntelLabsChina__CAT-Q__qwen3-8b,6945767424,0.4670,2.00,bitmap_A,hbm2,3.97,10647666704,1393016832,0,1.53297,2598.3895,42271.2368,44869.6263,-4.14,1244659712,84400.0188,-2.24,1573.656,228.09,0,13.24,99.39
IntelLabsChina__CAT-Q__qwen3-8b,6945767424,0.4670,2.00,bitmap_B_resident,hbm2,3.97,10652975120,1393016832,5308416,1.53374,2171.6962,42292.3112,44464.0075,-5.01,1244659712,83994.3999,-2.71,1412.194,254.17,0,13.24,99.37
IntelLabsChina__CAT-Q__qwen3-8b,6945767424,0.4670,2.00,bitmap_B_streamed,hbm2,3.97,10652975120,1393016832,5308416,1.53374,2471.8772,42292.3112,44764.1884,-4.37,1244659712,84294.5809,-2.37,1656.914,216.63,0,13.24,99.37
IntelLabsChina__CAT-Q__qwen3-8b,6945767424,0.4670,2.00,five_trit,hbm2_streamed,3.59,11286872064,1413660672,0,1.62500,1998.8414,40519.8707,42518.7121,+0.00,1244659712,78265.3390,+0.00,1221.206,289.62,0,12.84,96.40
IntelLabsChina__CAT-Q__qwen3-8b,6945767424,0.4670,2.00,bitmap_A,hbm2_streamed,3.59,10647666704,1393016832,0,1.53297,2598.3895,38225.1235,40823.5130,-3.99,1244659712,76570.1399,-2.17,1573.656,228.09,0,13.24,99.39
IntelLabsChina__CAT-Q__qwen3-8b,6945767424,0.4670,2.00,bitmap_B_resident,hbm2_streamed,3.59,10652975120,1393016832,5308416,1.53374,2171.6962,38244.1807,40415.8769,-4.95,1244659712,76162.5038,-2.69,1412.194,254.17,0,13.24,99.37
IntelLabsChina__CAT-Q__qwen3-8b,6945767424,0.4670,2.00,bitmap_B_streamed,hbm2_streamed,3.59,10652975120,1393016832,5308416,1.53374,2471.8772,38244.1807,40716.0579,-4.24,1244659712,76462.6848,-2.30,1656.914,216.63,0,13.24,99.37
IntelLabsChina__CAT-Q__qwen3-8b,6945767424,0.4670,2.00,five_trit,lpddr4_package,12,11286872064,1413660672,0,1.62500,1998.8414,135442.4648,137441.3062,+0.00,1244659712,256928.6385,+0.00,1221.206,289.62,0,12.84,96.40
IntelLabsChina__CAT-Q__qwen3-8b,6945767424,0.4670,2.00,bitmap_A,lpddr4_package,12,10647666704,1393016832,0,1.53297,2598.3895,127772.0004,130370.3900,-5.14,1244659712,249857.7223,-2.75,1573.656,228.09,0,13.24,99.39
IntelLabsChina__CAT-Q__qwen3-8b,6945767424,0.4670,2.00,bitmap_B_resident,lpddr4_package,12,10652975120,1393016832,5308416,1.53374,2171.6962,127835.7014,130007.3977,-5.41,1244659712,249494.7300,-2.89,1412.194,254.17,0,13.24,99.37
IntelLabsChina__CAT-Q__qwen3-8b,6945767424,0.4670,2.00,bitmap_B_streamed,lpddr4_package,12,10652975120,1393016832,5308416,1.53374,2471.8772,127835.7014,130307.5786,-5.19,1244659712,249794.9110,-2.78,1656.914,216.63,0,13.24,99.37
IntelLabsChina__CAT-Q__qwen3-8b,6945767424,0.4670,2.00,five_trit,gddr5,14.0,11286872064,1413660672,0,1.62500,1998.8414,158016.2089,160015.0503,+0.00,1244659712,299416.9380,+0.00,1221.206,289.62,0,12.84,96.40
IntelLabsChina__CAT-Q__qwen3-8b,6945767424,0.4670,2.00,bitmap_A,gddr5,14.0,10647666704,1393016832,0,1.53297,2598.3895,149067.3339,151665.7234,-5.22,1244659712,291067.6111,-2.79,1573.656,228.09,0,13.24,99.39
IntelLabsChina__CAT-Q__qwen3-8b,6945767424,0.4670,2.00,bitmap_B_resident,gddr5,14.0,10652975120,1393016832,5308416,1.53374,2171.6962,149141.6517,151313.3479,-5.44,1244659712,290715.2357,-2.91,1412.194,254.17,0,13.24,99.37
IntelLabsChina__CAT-Q__qwen3-8b,6945767424,0.4670,2.00,bitmap_B_streamed,gddr5,14.0,10652975120,1393016832,5308416,1.53374,2471.8772,149141.6517,151613.5289,-5.25,1244659712,291015.4166,-2.81,1656.914,216.63,0,13.24,99.37
IntelLabsChina__CAT-Q__qwen3-8b,6945767424,0.4670,2.00,five_trit,dram_45nm_horowitz,30.5,11286872064,1413660672,0,1.62500,1998.8414,344249.5980,346248.4393,+0.00,1244659712,649945.4091,+0.00,1221.206,289.62,0,12.84,96.40
IntelLabsChina__CAT-Q__qwen3-8b,6945767424,0.4670,2.00,bitmap_A,dram_45nm_horowitz,30.5,10647666704,1393016832,0,1.53297,2598.3895,324753.8345,327352.2240,-5.46,1244659712,631049.1937,-2.91,1573.656,228.09,0,13.24,99.39
IntelLabsChina__CAT-Q__qwen3-8b,6945767424,0.4670,2.00,bitmap_B_resident,dram_45nm_horowitz,30.5,10652975120,1393016832,5308416,1.53374,2171.6962,324915.7412,327087.4374,-5.53,1244659712,630784.4071,-2.95,1412.194,254.17,0,13.24,99.37
IntelLabsChina__CAT-Q__qwen3-8b,6945767424,0.4670,2.00,bitmap_B_streamed,dram_45nm_horowitz,30.5,10652975120,1393016832,5308416,1.53374,2471.8772,324915.7412,327387.6183,-5.45,1244659712,631084.5881,-2.90,1656.914,216.63,0,13.24,99.37
IntelLabsChina__CAT-Q__qwen3-8b,6945767424,0.4670,2.00,five_trit,ddr3_peak,70,11286872064,1413660672,0,1.62500,1998.8414,790081.0445,792079.8859,+0.00,1244659712,1489089.3246,+0.00,1221.206,289.62,0,12.84,96.40
IntelLabsChina__CAT-Q__qwen3-8b,6945767424,0.4670,2.00,bitmap_A,ddr3_peak,70,10647666704,1393016832,0,1.53297,2598.3895,745336.6693,747935.0588,-5.57,1244659712,1444944.4975,-2.96,1573.656,228.09,0,13.24,99.39
IntelLabsChina__CAT-Q__qwen3-8b,6945767424,0.4670,2.00,bitmap_B_resident,ddr3_peak,70,10652975120,1393016832,5308416,1.53374,2171.6962,745708.2584,747879.9546,-5.58,1244659712,1444889.3934,-2.97,1412.194,254.17,0,13.24,99.37
IntelLabsChina__CAT-Q__qwen3-8b,6945767424,0.4670,2.00,bitmap_B_streamed,ddr3_peak,70,10652975120,1393016832,5308416,1.53374,2471.8772,745708.2584,748180.1356,-5.54,1244659712,1445189.5743,-2.95,1656.914,216.63,0,13.24,99.37
IntelLabsChina__CAT-Q__qwen3-8b,6945767424,0.4670,2.50,five_trit,sram_8kb_45nm,0.156,11286872064,1413660672,0,1.62500,1947.6943,1760.7520,3708.4463,+0.00,1244659712,5261.7817,+0.00,1200.192,235.76,0,12.84,96.40
IntelLabsChina__CAT-Q__qwen3-8b,6945767424,0.4670,2.50,bitmap_A,sram_8kb_45nm,0.156,10647666704,1393016832,0,1.53297,2604.2129,1661.0360,4265.2489,+15.01,1244659712,5818.5842,+10.58,1545.726,185.77,0,13.24,99.39
IntelLabsChina__CAT-Q__qwen3-8b,6945767424,0.4670,2.50,bitmap_B_resident,sram_8kb_45nm,0.156,10652975120,1393016832,5308416,1.53374,2146.8171,1661.8641,3808.6812,+2.70,1244659712,5362.0165,+1.90,1386.658,207.08,0,13.24,99.37
IntelLabsChina__CAT-Q__qwen3-8b,6945767424,0.4670,2.50,bitmap_B_streamed,sram_8kb_45nm,0.156,10652975120,1393016832,5308416,1.53374,2450.1653,1661.8641,4112.0294,+10.88,1244659712,5665.3648,+7.67,1631.378,176.01,0,13.24,99.37
IntelLabsChina__CAT-Q__qwen3-8b,6945767424,0.4670,2.50,five_trit,sram_32kb_45nm,0.313,11286872064,1413660672,0,1.62500,1947.6943,3532.7910,5480.4853,+0.00,1244659712,8597.1132,+0.00,1200.192,235.76,0,12.84,96.40
IntelLabsChina__CAT-Q__qwen3-8b,6945767424,0.4670,2.50,bitmap_A,sram_32kb_45nm,0.313,10647666704,1393016832,0,1.53297,2604.2129,3332.7197,5936.9325,+8.33,1244659712,9053.5605,+5.31,1545.726,185.77,0,13.24,99.39
IntelLabsChina__CAT-Q__qwen3-8b,6945767424,0.4670,2.50,bitmap_B_resident,sram_32kb_45nm,0.313,10652975120,1393016832,5308416,1.53374,2146.8171,3334.3812,5481.1983,+0.01,1244659712,8597.8262,+0.01,1386.658,207.08,0,13.24,99.37
IntelLabsChina__CAT-Q__qwen3-8b,6945767424,0.4670,2.50,bitmap_B_streamed,sram_32kb_45nm,0.313,10652975120,1393016832,5308416,1.53374,2450.1653,3334.3812,5784.5465,+5.55,1244659712,8901.1745,+3.54,1631.378,176.01,0,13.24,99.37
IntelLabsChina__CAT-Q__qwen3-8b,6945767424,0.4670,2.50,five_trit,sram_1mb_45nm,1.563,11286872064,1413660672,0,1.62500,1947.6943,17641.3810,19589.0753,+0.00,1244659712,35152.3004,+0.00,1200.192,235.76,0,12.84,96.40
IntelLabsChina__CAT-Q__qwen3-8b,6945767424,0.4670,2.50,bitmap_A,sram_1mb_45nm,1.563,10647666704,1393016832,0,1.53297,2604.2129,16642.3031,19246.5159,-1.75,1244659712,34809.7410,-0.97,1545.726,185.77,0,13.24,99.39
IntelLabsChina__CAT-Q__qwen3-8b,6945767424,0.4670,2.50,bitmap_B_resident,sram_1mb_45nm,1.563,10652975120,1393016832,5308416,1.53374,2146.8171,16650.6001,18797.4172,-4.04,1244659712,34360.6422,-2.25,1386.658,207.08,0,13.24,99.37
IntelLabsChina__CAT-Q__qwen3-8b,6945767424,0.4670,2.50,bitmap_B_streamed,sram_1mb_45nm,1.563,10652975120,1393016832,5308416,1.53374,2450.1653,16650.6001,19100.7654,-2.49,1244659712,34663.9905,-1.39,1631.378,176.01,0,13.24,99.37
IntelLabsChina__CAT-Q__qwen3-8b,6945767424,0.4670,2.50,five_trit,sram_1mb_45nm_cacti,1.058,11286872064,1413660672,0,1.62500,1947.6943,11941.5106,13889.2049,+0.00,1244659712,24424.0047,+0.00,1200.192,235.76,0,12.84,96.40
IntelLabsChina__CAT-Q__qwen3-8b,6945767424,0.4670,2.50,bitmap_A,sram_1mb_45nm_cacti,1.058,10647666704,1393016832,0,1.53297,2604.2129,11265.2314,13869.4442,-0.14,1244659712,24404.2440,-0.08,1545.726,185.77,0,13.24,99.39
IntelLabsChina__CAT-Q__qwen3-8b,6945767424,0.4670,2.50,bitmap_B_resident,sram_1mb_45nm_cacti,1.058,10652975120,1393016832,5308416,1.53374,2146.8171,11270.8477,13417.6648,-3.40,1244659712,23952.4646,-1.93,1386.658,207.08,0,13.24,99.37
IntelLabsChina__CAT-Q__qwen3-8b,6945767424,0.4670,2.50,bitmap_B_streamed,sram_1mb_45nm_cacti,1.058,10652975120,1393016832,5308416,1.53374,2450.1653,11270.8477,13721.0130,-1.21,1244659712,24255.8128,-0.69,1631.378,176.01,0,13.24,99.37
IntelLabsChina__CAT-Q__qwen3-8b,6945767424,0.4670,2.50,five_trit,sram_32kb_7nm,0.133,11286872064,1413660672,0,1.62500,1947.6943,1501.1540,3448.8483,+0.00,1244659712,4773.1662,+0.00,1200.192,235.76,0,12.84,96.40
IntelLabsChina__CAT-Q__qwen3-8b,6945767424,0.4670,2.50,bitmap_A,sram_32kb_7nm,0.133,10647666704,1393016832,0,1.53297,2604.2129,1416.1397,4020.3525,+16.57,1244659712,5344.6705,+11.97,1545.726,185.77,0,13.24,99.39
IntelLabsChina__CAT-Q__qwen3-8b,6945767424,0.4670,2.50,bitmap_B_resident,sram_32kb_7nm,0.133,10652975120,1393016832,5308416,1.53374,2146.8171,1416.8457,3563.6628,+3.33,1244659712,4887.9807,+2.41,1386.658,207.08,0,13.24,99.37
IntelLabsChina__CAT-Q__qwen3-8b,6945767424,0.4670,2.50,bitmap_B_streamed,sram_32kb_7nm,0.133,10652975120,1393016832,5308416,1.53374,2450.1653,1416.8457,3867.0110,+12.12,1244659712,5191.3290,+8.76,1631.378,176.01,0,13.24,99.37
IntelLabsChina__CAT-Q__qwen3-8b,6945767424,0.4670,2.50,five_trit,sram_1mb_7nm,0.219,11286872064,1413660672,0,1.62500,1947.6943,2471.8250,4419.5193,+0.00,1244659712,6600.1631,+0.00,1200.192,235.76,0,12.84,96.40
IntelLabsChina__CAT-Q__qwen3-8b,6945767424,0.4670,2.50,bitmap_A,sram_1mb_7nm,0.219,10647666704,1393016832,0,1.53297,2604.2129,2331.8390,4936.0519,+11.69,1244659712,7116.6957,+7.83,1545.726,185.77,0,13.24,99.39
IntelLabsChina__CAT-Q__qwen3-8b,6945767424,0.4670,2.50,bitmap_B_resident,sram_1mb_7nm,0.219,10652975120,1393016832,5308416,1.53374,2146.8171,2333.0016,4479.8186,+1.36,1244659712,6660.4625,+0.91,1386.658,207.08,0,13.24,99.37
IntelLabsChina__CAT-Q__qwen3-8b,6945767424,0.4670,2.50,bitmap_B_streamed,sram_1mb_7nm,0.219,10652975120,1393016832,5308416,1.53374,2450.1653,2333.0016,4783.1669,+8.23,1244659712,6963.8107,+5.51,1631.378,176.01,0,13.24,99.37
IntelLabsChina__CAT-Q__qwen3-8b,6945767424,0.4670,2.50,five_trit,hbm2,3.97,11286872064,1413660672,0,1.62500,1947.6943,44808.8821,46756.5764,+0.00,1244659712,86286.9689,+0.00,1200.192,235.76,0,12.84,96.40
IntelLabsChina__CAT-Q__qwen3-8b,6945767424,0.4670,2.50,bitmap_A,hbm2,3.97,10647666704,1393016832,0,1.53297,2604.2129,42271.2368,44875.4497,-4.02,1244659712,84405.8421,-2.18,1545.726,185.77,0,13.24,99.39
IntelLabsChina__CAT-Q__qwen3-8b,6945767424,0.4670,2.50,bitmap_B_resident,hbm2,3.97,10652975120,1393016832,5308416,1.53374,2146.8171,42292.3112,44439.1283,-4.96,1244659712,83969.5208,-2.69,1386.658,207.08,0,13.24,99.37
IntelLabsChina__CAT-Q__qwen3-8b,6945767424,0.4670,2.50,bitmap_B_streamed,hbm2,3.97,10652975120,1393016832,5308416,1.53374,2450.1653,42292.3112,44742.4766,-4.31,1244659712,84272.8690,-2.33,1631.378,176.01,0,13.24,99.37
IntelLabsChina__CAT-Q__qwen3-8b,6945767424,0.4670,2.50,five_trit,hbm2_streamed,3.59,11286872064,1413660672,0,1.62500,1947.6943,40519.8707,42467.5650,+0.00,1244659712,78214.1919,+0.00,1200.192,235.76,0,12.84,96.40
IntelLabsChina__CAT-Q__qwen3-8b,6945767424,0.4670,2.50,bitmap_A,hbm2_streamed,3.59,10647666704,1393016832,0,1.53297,2604.2129,38225.1235,40829.3363,-3.86,1244659712,76575.9633,-2.09,1545.726,185.77,0,13.24,99.39
IntelLabsChina__CAT-Q__qwen3-8b,6945767424,0.4670,2.50,bitmap_B_resident,hbm2_streamed,3.59,10652975120,1393016832,5308416,1.53374,2146.8171,38244.1807,40390.9978,-4.89,1244659712,76137.6247,-2.65,1386.658,207.08,0,13.24,99.37
IntelLabsChina__CAT-Q__qwen3-8b,6945767424,0.4670,2.50,bitmap_B_streamed,hbm2_streamed,3.59,10652975120,1393016832,5308416,1.53374,2450.1653,38244.1807,40694.3460,-4.18,1244659712,76440.9729,-2.27,1631.378,176.01,0,13.24,99.37
IntelLabsChina__CAT-Q__qwen3-8b,6945767424,0.4670,2.50,five_trit,lpddr4_package,12,11286872064,1413660672,0,1.62500,1947.6943,135442.4648,137390.1591,+0.00,1244659712,256877.4914,+0.00,1200.192,235.76,0,12.84,96.40
IntelLabsChina__CAT-Q__qwen3-8b,6945767424,0.4670,2.50,bitmap_A,lpddr4_package,12,10647666704,1393016832,0,1.53297,2604.2129,127772.0004,130376.2133,-5.11,1244659712,249863.5457,-2.73,1545.726,185.77,0,13.24,99.39
IntelLabsChina__CAT-Q__qwen3-8b,6945767424,0.4670,2.50,bitmap_B_resident,lpddr4_package,12,10652975120,1393016832,5308416,1.53374,2146.8171,127835.7014,129982.5185,-5.39,1244659712,249469.8509,-2.88,1386.658,207.08,0,13.24,99.37
IntelLabsChina__CAT-Q__qwen3-8b,6945767424,0.4670,2.50,bitmap_B_streamed,lpddr4_package,12,10652975120,1393016832,5308416,1.53374,2450.1653,127835.7014,130285.8668,-5.17,1244659712,249773.1991,-2.77,1631.378,176.01,0,13.24,99.37
IntelLabsChina__CAT-Q__qwen3-8b,6945767424,0.4670,2.50,five_trit,gddr5,14.0,11286872064,1413660672,0,1.62500,1947.6943,158016.2089,159963.9032,+0.00,1244659712,299365.7909,+0.00,1200.192,235.76,0,12.84,96.40
IntelLabsChina__CAT-Q__qwen3-8b,6945767424,0.4670,2.50,bitmap_A,gddr5,14.0,10647666704,1393016832,0,1.53297,2604.2129,149067.3339,151671.5467,-5.18,1244659712,291073.4345,-2.77,1545.726,185.77,0,13.24,99.39
IntelLabsChina__CAT-Q__qwen3-8b,6945767424,0.4670,2.50,bitmap_B_resident,gddr5,14.0,10652975120,1393016832,5308416,1.53374,2146.8171,149141.6517,151288.4688,-5.42,1244659712,290690.3565,-2.90,1386.658,207.08,0,13.24,99.37
IntelLabsChina__CAT-Q__qwen3-8b,6945767424,0.4670,2.50,bitmap_B_streamed,gddr5,14.0,10652975120,1393016832,5308416,1.53374,2450.1653,149141.6517,151591.8170,-5.23,1244659712,290993.7048,-2.80,1631.378,176.01,0,13.24,99.37
IntelLabsChina__CAT-Q__qwen3-8b,6945767424,0.4670,2.50,five_trit,dram_45nm_horowitz,30.5,11286872064,1413660672,0,1.62500,1947.6943,344249.5980,346197.2923,+0.00,1244659712,649894.2620,+0.00,1200.192,235.76,0,12.84,96.40
IntelLabsChina__CAT-Q__qwen3-8b,6945767424,0.4670,2.50,bitmap_A,dram_45nm_horowitz,30.5,10647666704,1393016832,0,1.53297,2604.2129,324753.8345,327358.0473,-5.44,1244659712,631055.0171,-2.90,1545.726,185.77,0,13.24,99.39
IntelLabsChina__CAT-Q__qwen3-8b,6945767424,0.4670,2.50,bitmap_B_resident,dram_45nm_horowitz,30.5,10652975120,1393016832,5308416,1.53374,2146.8171,324915.7412,327062.5582,-5.53,1244659712,630759.5280,-2.94,1386.658,207.08,0,13.24,99.37
IntelLabsChina__CAT-Q__qwen3-8b,6945767424,0.4670,2.50,bitmap_B_streamed,dram_45nm_horowitz,30.5,10652975120,1393016832,5308416,1.53374,2450.1653,324915.7412,327365.9065,-5.44,1244659712,631062.8762,-2.90,1631.378,176.01,0,13.24,99.37
IntelLabsChina__CAT-Q__qwen3-8b,6945767424,0.4670,2.50,five_trit,ddr3_peak,70,11286872064,1413660672,0,1.62500,1947.6943,790081.0445,792028.7388,+0.00,1244659712,1489038.1775,+0.00,1200.192,235.76,0,12.84,96.40
IntelLabsChina__CAT-Q__qwen3-8b,6945767424,0.4670,2.50,bitmap_A,ddr3_peak,70,10647666704,1393016832,0,1.53297,2604.2129,745336.6693,747940.8821,-5.57,1244659712,1444950.3209,-2.96,1545.726,185.77,0,13.24,99.39
IntelLabsChina__CAT-Q__qwen3-8b,6945767424,0.4670,2.50,bitmap_B_resident,ddr3_peak,70,10652975120,1393016832,5308416,1.53374,2146.8171,745708.2584,747855.0755,-5.58,1244659712,1444864.5142,-2.97,1386.658,207.08,0,13.24,99.37
IntelLabsChina__CAT-Q__qwen3-8b,6945767424,0.4670,2.50,bitmap_B_streamed,ddr3_peak,70,10652975120,1393016832,5308416,1.53374,2450.1653,745708.2584,748158.4237,-5.54,1244659712,1445167.8625,-2.95,1631.378,176.01,0,13.24,99.37
SpectraSuite__TriLM_1.1B_Unpacked,968884224,0.4039,1.60,five_trit,sram_8kb_45nm,0.156,1574436864,197726208,0,1.62500,337.7026,245.6122,583.3148,+0.00,180748288,808.8886,+0.00,1373.358,2301.61,2,90.32,678.05
SpectraSuite__TriLM_1.1B_Unpacked,968884224,0.4039,1.60,bitmap_A,sram_8kb_45nm,0.156,1546455950,194949120,0,1.59612,401.9255,241.2471,643.1726,+10.26,180748288,868.7464,+7.40,1624.994,1972.91,2,91.16,684.39
SpectraSuite__TriLM_1.1B_Unpacked,968884224,0.4039,1.60,bitmap_B_resident,sram_8kb_45nm,0.156,1547709326,194949120,1253376,1.59741,332.4665,241.4427,573.9092,-1.61,180748288,799.4831,-1.16,1448.636,2213.09,2,91.12,684.10
SpectraSuite__TriLM_1.1B_Unpacked,968884224,0.4039,1.60,bitmap_B_streamed,sram_8kb_45nm,0.156,1547709326,194949120,1253376,1.59741,374.6821,241.4427,616.1247,+5.62,180748288,841.6986,+4.06,1693.356,1893.26,2,91.12,684.10
SpectraSuite__TriLM_1.1B_Unpacked,968884224,0.4039,1.60,five_trit,sram_32kb_45nm,0.313,1574436864,197726208,0,1.62500,337.7026,492.7987,830.5013,+0.00,180748288,1283.0951,+0.00,1373.358,2301.61,2,90.32,678.05
SpectraSuite__TriLM_1.1B_Unpacked,968884224,0.4039,1.60,bitmap_A,sram_32kb_45nm,0.313,1546455950,194949120,0,1.59612,401.9255,484.0407,885.9662,+6.68,180748288,1338.5599,+4.32,1624.994,1972.91,2,91.16,684.39
SpectraSuite__TriLM_1.1B_Unpacked,968884224,0.4039,1.60,bitmap_B_resident,sram_32kb_45nm,0.313,1547709326,194949120,1253376,1.59741,332.4665,484.4330,816.8996,-1.64,180748288,1269.4933,-1.06,1448.636,2213.09,2,91.12,684.10
SpectraSuite__TriLM_1.1B_Unpacked,968884224,0.4039,1.60,bitmap_B_streamed,sram_32kb_45nm,0.313,1547709326,194949120,1253376,1.59741,374.6821,484.4330,859.1151,+3.45,180748288,1311.7088,+2.23,1693.356,1893.26,2,91.12,684.10
SpectraSuite__TriLM_1.1B_Unpacked,968884224,0.4039,1.60,five_trit,sram_1mb_45nm,1.563,1574436864,197726208,0,1.62500,337.7026,2460.8448,2798.5474,+0.00,180748288,5058.6240,+0.00,1373.358,2301.61,2,90.32,678.05
SpectraSuite__TriLM_1.1B_Unpacked,968884224,0.4039,1.60,bitmap_A,sram_1mb_45nm,1.563,1546455950,194949120,0,1.59612,401.9255,2417.1106,2819.0361,+0.73,180748288,5079.1127,+0.41,1624.994,1972.91,2,91.16,684.39
SpectraSuite__TriLM_1.1B_Unpacked,968884224,0.4039,1.60,bitmap_B_resident,sram_1mb_45nm,1.563,1547709326,194949120,1253376,1.59741,332.4665,2419.0697,2751.5362,-1.68,180748288,5011.6128,-0.93,1448.636,2213.09,2,91.12,684.10
SpectraSuite__TriLM_1.1B_Unpacked,968884224,0.4039,1.60,bitmap_B_streamed,sram_1mb_45nm,1.563,1547709326,194949120,1253376,1.59741,374.6821,2419.0697,2793.7517,-0.17,180748288,5053.8283,-0.09,1693.356,1893.26,2,91.12,684.10
SpectraSuite__TriLM_1.1B_Unpacked,968884224,0.4039,1.60,five_trit,sram_1mb_45nm_cacti,1.058,1574436864,197726208,0,1.62500,337.7026,1665.7542,2003.4568,+0.00,180748288,3533.3103,+0.00,1373.358,2301.61,2,90.32,678.05
SpectraSuite__TriLM_1.1B_Unpacked,968884224,0.4039,1.60,bitmap_A,sram_1mb_45nm_cacti,1.058,1546455950,194949120,0,1.59612,401.9255,1636.1504,2038.0758,+1.73,180748288,3567.9294,+0.98,1624.994,1972.91,2,91.16,684.39
SpectraSuite__TriLM_1.1B_Unpacked,968884224,0.4039,1.60,bitmap_B_resident,sram_1mb_45nm_cacti,1.058,1547709326,194949120,1253376,1.59741,332.4665,1637.4765,1969.9430,-1.67,180748288,3499.7965,-0.95,1448.636,2213.09,2,91.12,684.10
SpectraSuite__TriLM_1.1B_Unpacked,968884224,0.4039,1.60,bitmap_B_streamed,sram_1mb_45nm_cacti,1.058,1547709326,194949120,1253376,1.59741,374.6821,1637.4765,2012.1585,+0.43,180748288,3542.0120,+0.25,1693.356,1893.26,2,91.12,684.10
SpectraSuite__TriLM_1.1B_Unpacked,968884224,0.4039,1.60,five_trit,sram_32kb_7nm,0.133,1574436864,197726208,0,1.62500,337.7026,209.4001,547.1027,+0.00,180748288,739.4189,+0.00,1373.358,2301.61,2,90.32,678.05
SpectraSuite__TriLM_1.1B_Unpacked,968884224,0.4039,1.60,bitmap_A,sram_32kb_7nm,0.133,1546455950,194949120,0,1.59612,401.9255,205.6786,607.6041,+11.06,180748288,799.9203,+8.18,1624.994,1972.91,2,91.16,684.39
SpectraSuite__TriLM_1.1B_Unpacked,968884224,0.4039,1.60,bitmap_B_resident,sram_32kb_7nm,0.133,1547709326,194949120,1253376,1.59741,332.4665,205.8453,538.3119,-1.61,180748288,730.6281,-1.19,1448.636,2213.09,2,91.12,684.10
SpectraSuite__TriLM_1.1B_Unpacked,968884224,0.4039,1.60,bitmap_B_streamed,sram_32kb_7nm,0.133,1547709326,194949120,1253376,1.59741,374.6821,205.8453,580.5274,+6.11,180748288,772.8436,+4.52,1693.356,1893.26,2,91.12,684.10
SpectraSuite__TriLM_1.1B_Unpacked,968884224,0.4039,1.60,five_trit,sram_1mb_7nm,0.219,1574436864,197726208,0,1.62500,337.7026,344.8017,682.5043,+0.00,180748288,999.1753,+0.00,1373.358,2301.61,2,90.32,678.05
SpectraSuite__TriLM_1.1B_Unpacked,968884224,0.4039,1.60,bitmap_A,sram_1mb_7nm,0.219,1546455950,194949120,0,1.59612,401.9255,338.6739,740.5993,+8.51,180748288,1057.2703,+5.81,1624.994,1972.91,2,91.16,684.39
SpectraSuite__TriLM_1.1B_Unpacked,968884224,0.4039,1.60,bitmap_B_resident,sram_1mb_7nm,0.219,1547709326,194949120,1253376,1.59741,332.4665,338.9483,671.4149,-1.62,180748288,988.0859,-1.11,1448.636,2213.09,2,91.12,684.10
SpectraSuite__TriLM_1.1B_Unpacked,968884224,0.4039,1.60,bitmap_B_streamed,sram_1mb_7nm,0.219,1547709326,194949120,1253376,1.59741,374.6821,338.9483,713.6304,+4.56,180748288,1030.3014,+3.12,1693.356,1893.26,2,91.12,684.10
SpectraSuite__TriLM_1.1B_Unpacked,968884224,0.4039,1.60,five_trit,hbm2,3.97,1574436864,197726208,0,1.62500,337.7026,6250.5144,6588.2170,+0.00,180748288,12328.7826,+0.00,1373.358,2301.61,2,90.32,678.05
SpectraSuite__TriLM_1.1B_Unpacked,968884224,0.4039,1.60,bitmap_A,hbm2,3.97,1546455950,194949120,0,1.59612,401.9255,6139.4301,6541.3556,-0.71,180748288,12281.9212,-0.38,1624.994,1972.91,2,91.16,684.39
SpectraSuite__TriLM_1.1B_Unpacked,968884224,0.4039,1.60,bitmap_B_resident,hbm2,3.97,1547709326,194949120,1253376,1.59741,332.4665,6144.4060,6476.8726,-1.69,180748288,12217.4382,-0.90,1448.636,2213.09,2,91.12,684.10
SpectraSuite__TriLM_1.1B_Unpacked,968884224,0.4039,1.60,bitmap_B_streamed,hbm2,3.97,1547709326,194949120,1253376,1.59741,374.6821,6144.4060,6519.0881,-1.05,180748288,12259.6537,-0.56,1693.356,1893.26,2,91.12,684.10
SpectraSuite__TriLM_1.1B_Unpacked,968884224,0.4039,1.60,five_trit,hbm2_streamed,3.59,1574436864,197726208,0,1.62500,337.7026,5652.2283,5989.9309,+0.00,180748288,11181.0218,+0.00,1373.358,2301.61,2,90.32,678.05
SpectraSuite__TriLM_1.1B_Unpacked,968884224,0.4039,1.60,bitmap_A,hbm2_streamed,3.59,1546455950,194949120,0,1.59612,401.9255,5551.7769,5953.7023,-0.60,180748288,11144.7931,-0.32,1624.994,1972.91,2,91.16,684.39
SpectraSuite__TriLM_1.1B_Unpacked,968884224,0.4039,1.60,bitmap_B_resident,hbm2_streamed,3.59,1547709326,194949120,1253376,1.59741,332.4665,5556.2765,5888.7430,-1.69,180748288,11079.8339,-0.90,1448.636,2213.09,2,91.12,684.10
SpectraSuite__TriLM_1.1B_Unpacked,968884224,0.4039,1.60,bitmap_B_streamed,hbm2_streamed,3.59,1547709326,194949120,1253376,1.59741,374.6821,5556.2765,5930.9586,-0.98,180748288,11122.0494,-0.53,1693.356,1893.26,2,91.12,684.10
SpectraSuite__TriLM_1.1B_Unpacked,968884224,0.4039,1.60,five_trit,lpddr4_package,12,1574436864,197726208,0,1.62500,337.7026,18893.2424,19230.9450,+0.00,180748288,36582.7806,+0.00,1373.358,2301.61,2,90.32,678.05
SpectraSuite__TriLM_1.1B_Unpacked,968884224,0.4039,1.60,bitmap_A,lpddr4_package,12,1546455950,194949120,0,1.59612,401.9255,18557.4714,18959.3969,-1.41,180748288,36311.2325,-0.74,1624.994,1972.91,2,91.16,684.39
SpectraSuite__TriLM_1.1B_Unpacked,968884224,0.4039,1.60,bitmap_B_resident,lpddr4_package,12,1547709326,194949120,1253376,1.59741,332.4665,18572.5119,18904.9785,-1.70,180748288,36256.8141,-0.89,1448.636,2213.09,2,91.12,684.10
SpectraSuite__TriLM_1.1B_Unpacked,968884224,0.4039,1.60,bitmap_B_streamed,lpddr4_package,12,1547709326,194949120,1253376,1.59741,374.6821,18572.5119,18947.1940,-1.48,180748288,36299.0296,-0.78,1693.356,1893.26,2,91.12,684.10
SpectraSuite__TriLM_1.1B_Unpacked,968884224,0.4039,1.60,five_trit,gddr5,14.0,1574436864,197726208,0,1.62500,337.7026,22042.1161,22379.8187,+0.00,180748288,42623.6270,+0.00,1373.358,2301.61,2,90.32,678.05
SpectraSuite__TriLM_1.1B_Unpacked,968884224,0.4039,1.60,bitmap_A,gddr5,14.0,1546455950,194949120,0,1.59612,401.9255,21650.3833,22052.3088,-1.46,180748288,42296.1170,-0.77,1624.994,1972.91,2,91.16,684.39
SpectraSuite__TriLM_1.1B_Unpacked,968884224,0.4039,1.60,bitmap_B_resident,gddr5,14.0,1547709326,194949120,1253376,1.59741,332.4665,21667.9306,22000.3971,-1.70,180748288,42244.2054,-0.89,1448.636,2213.09,2,91.12,684.10
SpectraSuite__TriLM_1.1B_Unpacked,968884224,0.4039,1.60,bitmap_B_streamed,gddr5,14.0,1547709326,194949120,1253376,1.59741,374.6821,21667.9306,22042.6126,-1.51,180748288,42286.4209,-0.79,1693.356,1893.26,2,91.12,684.10
SpectraSuite__TriLM_1.1B_Unpacked,968884224,0.4039,1.60,five_trit,dram_45nm_horowitz,30.5,1574436864,197726208,0,1.62500,337.7026,48020.3244,48358.0270,+0.00,180748288,92460.6092,+0.00,1373.358,2301.61,2,90.32,678.05
SpectraSuite__TriLM_1.1B_Unpacked,968884224,0.4039,1.60,bitmap_A,dram_45nm_horowitz,30.5,1546455950,194949120,0,1.59612,401.9255,47166.9065,47568.8319,-1.63,180748288,91671.4142,-0.85,1624.994,1972.91,2,91.16,684.39
SpectraSuite__TriLM_1.1B_Unpacked,968884224,0.4039,1.60,bitmap_B_resident,dram_45nm_horowitz,30.5,1547709326,194949120,1253376,1.59741,332.4665,47205.1344,47537.6010,-1.70,180748288,91640.1833,-0.89,1448.636,2213.09,2,91.12,684.10
SpectraSuite__TriLM_1.1B_Unpacked,968884224,0.4039,1.60,bitmap_B_streamed,dram_45nm_horowitz,30.5,1547709326,194949120,1253376,1.59741,374.6821,47205.1344,47579.8165,-1.61,180748288,91682.3988,-0.84,1693.356,1893.26,2,91.12,684.10
SpectraSuite__TriLM_1.1B_Unpacked,968884224,0.4039,1.60,five_trit,ddr3_peak,70,1574436864,197726208,0,1.62500,337.7026,110210.5805,110548.2831,+0.00,180748288,211767.3244,+0.00,1373.358,2301.61,2,90.32,678.05
SpectraSuite__TriLM_1.1B_Unpacked,968884224,0.4039,1.60,bitmap_A,ddr3_peak,70,1546455950,194949120,0,1.59612,401.9255,108251.9165,108653.8420,-1.71,180748288,209872.8832,-0.89,1624.994,1972.91,2,91.16,684.39
SpectraSuite__TriLM_1.1B_Unpacked,968884224,0.4039,1.60,bitmap_B_resident,ddr3_peak,70,1547709326,194949120,1253376,1.59741,332.4665,108339.6528,108672.1194,-1.70,180748288,209891.1606,-0.89,1448.636,2213.09,2,91.12,684.10
SpectraSuite__TriLM_1.1B_Unpacked,968884224,0.4039,1.60,bitmap_B_streamed,ddr3_peak,70,1547709326,194949120,1253376,1.59741,374.6821,108339.6528,108714.3349,-1.66,180748288,209933.3762,-0.87,1693.356,1893.26,2,91.12,684.10
SpectraSuite__TriLM_1.1B_Unpacked,968884224,0.4039,2.00,five_trit,sram_8kb_45nm,0.156,1574436864,197726208,0,1.62500,285.6651,245.6122,531.2773,+0.00,180748288,756.8512,+0.00,1221.206,2070.70,2,90.32,678.05
SpectraSuite__TriLM_1.1B_Unpacked,968884224,0.4039,2.00,bitmap_A,sram_8kb_45nm,0.156,1546455950,194949120,0,1.59612,368.2322,241.2471,609.4794,+14.72,180748288,835.0532,+10.33,1573.656,1629.82,2,91.16,684.39
SpectraSuite__TriLM_1.1B_Unpacked,968884224,0.4039,2.00,bitmap_B_resident,sram_8kb_45nm,0.156,1547709326,194949120,1253376,1.59741,308.7104,241.4427,550.1530,+3.55,180748288,775.7269,+2.49,1412.194,1816.16,2,91.12,684.10
SpectraSuite__TriLM_1.1B_Unpacked,968884224,0.4039,2.00,bitmap_B_streamed,sram_8kb_45nm,0.156,1547709326,194949120,1253376,1.59741,351.2818,241.4427,592.7245,+11.57,180748288,818.2984,+8.12,1656.914,1547.92,2,91.12,684.10
SpectraSuite__TriLM_1.1B_Unpacked,968884224,0.4039,2.00,five_trit,sram_32kb_45nm,0.313,1574436864,197726208,0,1.62500,285.6651,492.7987,778.4639,+0.00,180748288,1231.0576,+0.00,1221.206,2070.70,2,90.32,678.05
SpectraSuite__TriLM_1.1B_Unpacked,968884224,0.4039,2.00,bitmap_A,sram_32kb_45nm,0.313,1546455950,194949120,0,1.59612,368.2322,484.0407,852.2729,+9.48,180748288,1304.8667,+6.00,1573.656,1629.82,2,91.16,684.39
SpectraSuite__TriLM_1.1B_Unpacked,968884224,0.4039,2.00,bitmap_B_resident,sram_32kb_45nm,0.313,1547709326,194949120,1253376,1.59741,308.7104,484.4330,793.1434,+1.89,180748288,1245.7371,+1.19,1412.194,1816.16,2,91.12,684.10
SpectraSuite__TriLM_1.1B_Unpacked,968884224,0.4039,2.00,bitmap_B_streamed,sram_32kb_45nm,0.313,1547709326,194949120,1253376,1.59741,351.2818,484.4330,835.7149,+7.35,180748288,1288.3086,+4.65,1656.914,1547.92,2,91.12,684.10
SpectraSuite__TriLM_1.1B_Unpacked,968884224,0.4039,2.00,five_trit,sram_1mb_45nm,1.563,1574436864,197726208,0,1.62500,285.6651,2460.8448,2746.5100,+0.00,180748288,5006.5866,+0.00,1221.206,2070.70,2,90.32,678.05
SpectraSuite__TriLM_1.1B_Unpacked,968884224,0.4039,2.00,bitmap_A,sram_1mb_45nm,1.563,1546455950,194949120,0,1.59612,368.2322,2417.1106,2785.3429,+1.41,180748288,5045.4195,+0.78,1573.656,1629.82,2,91.16,684.39
SpectraSuite__TriLM_1.1B_Unpacked,968884224,0.4039,2.00,bitmap_B_resident,sram_1mb_45nm,1.563,1547709326,194949120,1253376,1.59741,308.7104,2419.0697,2727.7801,-0.68,180748288,4987.8566,-0.37,1412.194,1816.16,2,91.12,684.10
SpectraSuite__TriLM_1.1B_Unpacked,968884224,0.4039,2.00,bitmap_B_streamed,sram_1mb_45nm,1.563,1547709326,194949120,1253376,1.59741,351.2818,2419.0697,2770.3515,+0.87,180748288,5030.4281,+0.48,1656.914,1547.92,2,91.12,684.10
SpectraSuite__TriLM_1.1B_Unpacked,968884224,0.4039,2.00,five_trit,sram_1mb_45nm_cacti,1.058,1574436864,197726208,0,1.62500,285.6651,1665.7542,1951.4193,+0.00,180748288,3481.2729,+0.00,1221.206,2070.70,2,90.32,678.05
SpectraSuite__TriLM_1.1B_Unpacked,968884224,0.4039,2.00,bitmap_A,sram_1mb_45nm_cacti,1.058,1546455950,194949120,0,1.59612,368.2322,1636.1504,2004.3826,+2.71,180748288,3534.2361,+1.52,1573.656,1629.82,2,91.16,684.39
SpectraSuite__TriLM_1.1B_Unpacked,968884224,0.4039,2.00,bitmap_B_resident,sram_1mb_45nm_cacti,1.058,1547709326,194949120,1253376,1.59741,308.7104,1637.4765,1946.1868,-0.27,180748288,3476.0404,-0.15,1412.194,1816.16,2,91.12,684.10
SpectraSuite__TriLM_1.1B_Unpacked,968884224,0.4039,2.00,bitmap_B_streamed,sram_1mb_45nm_cacti,1.058,1547709326,194949120,1253376,1.59741,351.2818,1637.4765,1988.7583,+1.91,180748288,3518.6118,+1.07,1656.914,1547.92,2,91.12,684.10
SpectraSuite__TriLM_1.1B_Unpacked,968884224,0.4039,2.00,five_trit,sram_32kb_7nm,0.133,1574436864,197726208,0,1.62500,285.6651,209.4001,495.0652,+0.00,180748288,687.3814,+0.00,1221.206,2070.70,2,90.32,678.05
SpectraSuite__TriLM_1.1B_Unpacked,968884224,0.4039,2.00,bitmap_A,sram_32kb_7nm,0.133,1546455950,194949120,0,1.59612,368.2322,205.6786,573.9109,+15.93,180748288,766.2270,+11.47,1573.656,1629.82,2,91.16,684.39
SpectraSuite__TriLM_1.1B_Unpacked,968884224,0.4039,2.00,bitmap_B_resident,sram_32kb_7nm,0.133,1547709326,194949120,1253376,1.59741,308.7104,205.8453,514.5557,+3.94,180748288,706.8719,+2.84,1412.194,1816.16,2,91.12,684.10
SpectraSuite__TriLM_1.1B_Unpacked,968884224,0.4039,2.00,bitmap_B_streamed,sram_32kb_7nm,0.133,1547709326,194949120,1253376,1.59741,351.2818,205.8453,557.1272,+12.54,180748288,749.4434,+9.03,1656.914,1547.92,2,91.12,684.10
SpectraSuite__TriLM_1.1B_Unpacked,968884224,0.4039,2.00,five_trit,sram_1mb_7nm,0.219,1574436864,197726208,0,1.62500,285.6651,344.8017,630.4668,+0.00,180748288,947.1378,+0.00,1221.206,2070.70,2,90.32,678.05
SpectraSuite__TriLM_1.1B_Unpacked,968884224,0.4039,2.00,bitmap_A,sram_1mb_7nm,0.219,1546455950,194949120,0,1.59612,368.2322,338.6739,706.9061,+12.12,180748288,1023.5771,+8.07,1573.656,1629.82,2,91.16,684.39
SpectraSuite__TriLM_1.1B_Unpacked,968884224,0.4039,2.00,bitmap_B_resident,sram_1mb_7nm,0.219,1547709326,194949120,1253376,1.59741,308.7104,338.9483,647.6587,+2.73,180748288,964.3297,+1.82,1412.194,1816.16,2,91.12,684.10
SpectraSuite__TriLM_1.1B_Unpacked,968884224,0.4039,2.00,bitmap_B_streamed,sram_1mb_7nm,0.219,1547709326,194949120,1253376,1.59741,351.2818,338.9483,690.2302,+9.48,180748288,1006.9012,+6.31,1656.914,1547.92,2,91.12,684.10
SpectraSuite__TriLM_1.1B_Unpacked,968884224,0.4039,2.00,five_trit,hbm2,3.97,1574436864,197726208,0,1.62500,285.6651,6250.5144,6536.1795,+0.00,180748288,12276.7451,+0.00,1221.206,2070.70,2,90.32,678.05
SpectraSuite__TriLM_1.1B_Unpacked,968884224,0.4039,2.00,bitmap_A,hbm2,3.97,1546455950,194949120,0,1.59612,368.2322,6139.4301,6507.6623,-0.44,180748288,12248.2280,-0.23,1573.656,1629.82,2,91.16,684.39
SpectraSuite__TriLM_1.1B_Unpacked,968884224,0.4039,2.00,bitmap_B_resident,hbm2,3.97,1547709326,194949120,1253376,1.59741,308.7104,6144.4060,6453.1164,-1.27,180748288,12193.6820,-0.68,1412.194,1816.16,2,91.12,684.10
SpectraSuite__TriLM_1.1B_Unpacked,968884224,0.4039,2.00,bitmap_B_streamed,hbm2,3.97,1547709326,194949120,1253376,1.59741,351.2818,6144.4060,6495.6879,-0.62,180748288,12236.2535,-0.33,1656.914,1547.92,2,91.12,684.10
SpectraSuite__TriLM_1.1B_Unpacked,968884224,0.4039,2.00,five_trit,hbm2_streamed,3.59,1574436864,197726208,0,1.62500,285.6651,5652.2283,5937.8935,+0.00,180748288,11128.9843,+0.00,1221.206,2070.70,2,90.32,678.05
SpectraSuite__TriLM_1.1B_Unpacked,968884224,0.4039,2.00,bitmap_A,hbm2_streamed,3.59,1546455950,194949120,0,1.59612,368.2322,5551.7769,5920.0091,-0.30,180748288,11111.0999,-0.16,1573.656,1629.82,2,91.16,684.39
SpectraSuite__TriLM_1.1B_Unpacked,968884224,0.4039,2.00,bitmap_B_resident,hbm2_streamed,3.59,1547709326,194949120,1253376,1.59741,308.7104,5556.2765,5864.9869,-1.23,180748288,11056.0777,-0.66,1412.194,1816.16,2,91.12,684.10
SpectraSuite__TriLM_1.1B_Unpacked,968884224,0.4039,2.00,bitmap_B_streamed,hbm2_streamed,3.59,1547709326,194949120,1253376,1.59741,351.2818,5556.2765,5907.5583,-0.51,180748288,11098.6492,-0.27,1656.914,1547.92,2,91.12,684.10
SpectraSuite__TriLM_1.1B_Unpacked,968884224,0.4039,2.00,five_trit,lpddr4_package,12,1574436864,197726208,0,1.62500,285.6651,18893.2424,19178.9075,+0.00,180748288,36530.7432,+0.00,1221.206,2070.70,2,90.32,678.05
SpectraSuite__TriLM_1.1B_Unpacked,968884224,0.4039,2.00,bitmap_A,lpddr4_package,12,1546455950,194949120,0,1.59612,368.2322,18557.4714,18925.7036,-1.32,180748288,36277.5393,-0.69,1573.656,1629.82,2,91.16,684.39
SpectraSuite__TriLM_1.1B_Unpacked,968884224,0.4039,2.00,bitmap_B_resident,lpddr4_package,12,1547709326,194949120,1253376,1.59741,308.7104,18572.5119,18881.2223,-1.55,180748288,36233.0579,-0.81,1412.194,1816.16,2,91.12,684.10
SpectraSuite__TriLM_1.1B_Unpacked,968884224,0.4039,2.00,bitmap_B_streamed,lpddr4_package,12,1547709326,194949120,1253376,1.59741,351.2818,18572.5119,18923.7938,-1.33,180748288,36275.6294,-0.70,1656.914,1547.92,2,91.12,684.10
SpectraSuite__TriLM_1.1B_Unpacked,968884224,0.4039,2.00,five_trit,gddr5,14.0,1574436864,197726208,0,1.62500,285.6651,22042.1161,22327.7812,+0.00,180748288,42571.5895,+0.00,1221.206,2070.70,2,90.32,678.05
SpectraSuite__TriLM_1.1B_Unpacked,968884224,0.4039,2.00,bitmap_A,gddr5,14.0,1546455950,194949120,0,1.59612,368.2322,21650.3833,22018.6155,-1.38,180748288,42262.4238,-0.73,1573.656,1629.82,2,91.16,684.39
SpectraSuite__TriLM_1.1B_Unpacked,968884224,0.4039,2.00,bitmap_B_resident,gddr5,14.0,1547709326,194949120,1253376,1.59741,308.7104,21667.9306,21976.6409,-1.57,180748288,42220.4492,-0.82,1412.194,1816.16,2,91.12,684.10
SpectraSuite__TriLM_1.1B_Unpacked,968884224,0.4039,2.00,bitmap_B_streamed,gddr5,14.0,1547709326,194949120,1253376,1.59741,351.2818,21667.9306,22019.2124,-1.38,180748288,42263.0207,-0.72,1656.914,1547.92,2,91.12,684.10
SpectraSuite__TriLM_1.1B_Unpacked,968884224,0.4039,2.00,five_trit,dram_45nm_horowitz,30.5,1574436864,197726208,0,1.62500,285.6651,48020.3244,48305.9895,+0.00,180748288,92408.5718,+0.00,1221.206,2070.70,2,90.32,678.05
SpectraSuite__TriLM_1.1B_Unpacked,968884224,0.4039,2.00,bitmap_A,dram_45nm_horowitz,30.5,1546455950,194949120,0,1.59612,368.2322,47166.9065,47535.1387,-1.60,180748288,91637.7210,-0.83,1573.656,1629.82,2,91.16,684.39
SpectraSuite__TriLM_1.1B_Unpacked,968884224,0.4039,2.00,bitmap_B_resident,dram_45nm_horowitz,30.5,1547709326,194949120,1253376,1.59741,308.7104,47205.1344,47513.8448,-1.64,180748288,91616.4271,-0.86,1412.194,1816.16,2,91.12,684.10
SpectraSuite__TriLM_1.1B_Unpacked,968884224,0.4039,2.00,bitmap_B_streamed,dram_45nm_horowitz,30.5,1547709326,194949120,1253376,1.59741,351.2818,47205.1344,47556.4163,-1.55,180748288,91658.9986,-0.81,1656.914,1547.92,2,91.12,684.10
SpectraSuite__TriLM_1.1B_Unpacked,968884224,0.4039,2.00,five_trit,ddr3_peak,70,1574436864,197726208,0,1.62500,285.6651,110210.5805,110496.2456,+0.00,180748288,211715.2869,+0.00,1221.206,2070.70,2,90.32,678.05
SpectraSuite__TriLM_1.1B_Unpacked,968884224,0.4039,2.00,bitmap_A,ddr3_peak,70,1546455950,194949120,0,1.59612,368.2322,108251.9165,108620.1487,-1.70,180748288,209839.1900,-0.89,1573.656,1629.82,2,91.16,684.39
SpectraSuite__TriLM_1.1B_Unpacked,968884224,0.4039,2.00,bitmap_B_resident,ddr3_peak,70,1547709326,194949120,1253376,1.59741,308.7104,108339.6528,108648.3632,-1.67,180748288,209867.4045,-0.87,1412.194,1816.16,2,91.12,684.10
SpectraSuite__TriLM_1.1B_Unpacked,968884224,0.4039,2.00,bitmap_B_streamed,ddr3_peak,70,1547709326,194949120,1253376,1.59741,351.2818,108339.6528,108690.9347,-1.63,180748288,209909.9759,-0.85,1656.914,1547.92,2,91.12,684.10
SpectraSuite__TriLM_1.1B_Unpacked,968884224,0.4039,2.50,five_trit,sram_8kb_45nm,0.156,1574436864,197726208,0,1.62500,278.1425,245.6122,523.7546,+0.00,180748288,749.3285,+0.00,1200.192,1685.56,2,90.32,678.05
SpectraSuite__TriLM_1.1B_Unpacked,968884224,0.4039,2.50,bitmap_A,sram_8kb_45nm,0.156,1546455950,194949120,0,1.59612,369.0731,241.2471,610.3203,+16.53,180748288,835.8941,+11.55,1545.726,1327.41,2,91.16,684.39
SpectraSuite__TriLM_1.1B_Unpacked,968884224,0.4039,2.50,bitmap_B_resident,sram_8kb_45nm,0.156,1547709326,194949120,1253376,1.59741,305.4685,241.4427,546.9111,+4.42,180748288,772.4850,+3.09,1386.658,1479.69,2,91.12,684.10
SpectraSuite__TriLM_1.1B_Unpacked,968884224,0.4039,2.50,bitmap_B_streamed,sram_8kb_45nm,0.156,1547709326,194949120,1253376,1.59741,348.4848,241.4427,589.9274,+12.63,180748288,815.5013,+8.83,1631.378,1257.72,2,91.12,684.10
SpectraSuite__TriLM_1.1B_Unpacked,968884224,0.4039,2.50,five_trit,sram_32kb_45nm,0.313,1574436864,197726208,0,1.62500,278.1425,492.7987,770.9412,+0.00,180748288,1223.5349,+0.00,1200.192,1685.56,2,90.32,678.05
SpectraSuite__TriLM_1.1B_Unpacked,968884224,0.4039,2.50,bitmap_A,sram_32kb_45nm,0.313,1546455950,194949120,0,1.59612,369.0731,484.0407,853.1139,+10.66,180748288,1305.7076,+6.72,1545.726,1327.41,2,91.16,684.39
SpectraSuite__TriLM_1.1B_Unpacked,968884224,0.4039,2.50,bitmap_B_resident,sram_32kb_45nm,0.313,1547709326,194949120,1253376,1.59741,305.4685,484.4330,789.9015,+2.46,180748288,1242.4952,+1.55,1386.658,1479.69,2,91.12,684.10
SpectraSuite__TriLM_1.1B_Unpacked,968884224,0.4039,2.50,bitmap_B_streamed,sram_32kb_45nm,0.313,1547709326,194949120,1253376,1.59741,348.4848,484.4330,832.9178,+8.04,180748288,1285.5115,+5.07,1631.378,1257.72,2,91.12,684.10
SpectraSuite__TriLM_1.1B_Unpacked,968884224,0.4039,2.50,five_trit,sram_1mb_45nm,1.563,1574436864,197726208,0,1.62500,278.1425,2460.8448,2738.9873,+0.00,180748288,4999.0639,+0.00,1200.192,1685.56,2,90.32,678.05
SpectraSuite__TriLM_1.1B_Unpacked,968884224,0.4039,2.50,bitmap_A,sram_1mb_45nm,1.563,1546455950,194949120,0,1.59612,369.0731,2417.1106,2786.1838,+1.72,180748288,5046.2604,+0.94,1545.726,1327.41,2,91.16,684.39
SpectraSuite__TriLM_1.1B_Unpacked,968884224,0.4039,2.50,bitmap_B_resident,sram_1mb_45nm,1.563,1547709326,194949120,1253376,1.59741,305.4685,2419.0697,2724.5381,-0.53,180748288,4984.6147,-0.29,1386.658,1479.69,2,91.12,684.10
SpectraSuite__TriLM_1.1B_Unpacked,968884224,0.4039,2.50,bitmap_B_streamed,sram_1mb_45nm,1.563,1547709326,194949120,1253376,1.59741,348.4848,2419.0697,2767.5544,+1.04,180748288,5027.6310,+0.57,1631.378,1257.72,2,91.12,684.10
SpectraSuite__TriLM_1.1B_Unpacked,968884224,0.4039,2.50,five_trit,sram_1mb_45nm_cacti,1.058,1574436864,197726208,0,1.62500,278.1425,1665.7542,1943.8967,+0.00,180748288,3473.7502,+0.00,1200.192,1685.56,2,90.32,678.05
SpectraSuite__TriLM_1.1B_Unpacked,968884224,0.4039,2.50,bitmap_A,sram_1mb_45nm_cacti,1.058,1546455950,194949120,0,1.59612,369.0731,1636.1504,2005.2235,+3.15,180748288,3535.0770,+1.77,1545.726,1327.41,2,91.16,684.39
SpectraSuite__TriLM_1.1B_Unpacked,968884224,0.4039,2.50,bitmap_B_resident,sram_1mb_45nm_cacti,1.058,1547709326,194949120,1253376,1.59741,305.4685,1637.4765,1942.9449,-0.05,180748288,3472.7984,-0.03,1386.658,1479.69,2,91.12,684.10
SpectraSuite__TriLM_1.1B_Unpacked,968884224,0.4039,2.50,bitmap_B_streamed,sram_1mb_45nm_cacti,1.058,1547709326,194949120,1253376,1.59741,348.4848,1637.4765,1985.9612,+2.16,180748288,3515.8147,+1.21,1631.378,1257.72,2,91.12,684.10
SpectraSuite__TriLM_1.1B_Unpacked,968884224,0.4039,2.50,five_trit,sram_32kb_7nm,0.133,1574436864,197726208,0,1.62500,278.1425,209.4001,487.5426,+0.00,180748288,679.8587,+0.00,1200.192,1685.56,2,90.32,678.05
SpectraSuite__TriLM_1.1B_Unpacked,968884224,0.4039,2.50,bitmap_A,sram_32kb_7nm,0.133,1546455950,194949120,0,1.59612,369.0731,205.6786,574.7518,+17.89,180748288,767.0680,+12.83,1545.726,1327.41,2,91.16,684.39
SpectraSuite__TriLM_1.1B_Unpacked,968884224,0.4039,2.50,bitmap_B_resident,sram_32kb_7nm,0.133,1547709326,194949120,1253376,1.59741,305.4685,205.8453,511.3138,+4.88,180748288,703.6300,+3.50,1386.658,1479.69,2,91.12,684.10
SpectraSuite__TriLM_1.1B_Unpacked,968884224,0.4039,2.50,bitmap_B_streamed,sram_32kb_7nm,0.133,1547709326,194949120,1253376,1.59741,348.4848,205.8453,554.3301,+13.70,180748288,746.6463,+9.82,1631.378,1257.72,2,91.12,684.10
SpectraSuite__TriLM_1.1B_Unpacked,968884224,0.4039,2.50,five_trit,sram_1mb_7nm,0.219,1574436864,197726208,0,1.62500,278.1425,344.8017,622.9441,+0.00,180748288,939.6151,+0.00,1200.192,1685.56,2,90.32,678.05
SpectraSuite__TriLM_1.1B_Unpacked,968884224,0.4039,2.50,bitmap_A,sram_1mb_7nm,0.219,1546455950,194949120,0,1.59612,369.0731,338.6739,707.7470,+13.61,180748288,1024.4180,+9.03,1545.726,1327.41,2,91.16,684.39
SpectraSuite__TriLM_1.1B_Unpacked,968884224,0.4039,2.50,bitmap_B_resident,sram_1mb_7nm,0.219,1547709326,194949120,1253376,1.59741,305.4685,338.9483,644.4168,+3.45,180748288,961.0878,+2.29,1386.658,1479.69,2,91.12,684.10
SpectraSuite__TriLM_1.1B_Unpacked,968884224,0.4039,2.50,bitmap_B_streamed,sram_1mb_7nm,0.219,1547709326,194949120,1253376,1.59741,348.4848,338.9483,687.4331,+10.35,180748288,1004.1041,+6.86,1631.378,1257.72,2,91.12,684.10
SpectraSuite__TriLM_1.1B_Unpacked,968884224,0.4039,2.50,five_trit,hbm2,3.97,1574436864,197726208,0,1.62500,278.1425,6250.5144,6528.6568,+0.00,180748288,12269.2224,+0.00,1200.192,1685.56,2,90.32,678.05
SpectraSuite__TriLM_1.1B_Unpacked,968884224,0.4039,2.50,bitmap_A,hbm2,3.97,1546455950,194949120,0,1.59612,369.0731,6139.4301,6508.5033,-0.31,180748288,12249.0689,-0.16,1545.726,1327.41,2,91.16,684.39
SpectraSuite__TriLM_1.1B_Unpacked,968884224,0.4039,2.50,bitmap_B_resident,hbm2,3.97,1547709326,194949120,1253376,1.59741,305.4685,6144.4060,6449.8745,-1.21,180748288,12190.4401,-0.64,1386.658,1479.69,2,91.12,684.10
SpectraSuite__TriLM_1.1B_Unpacked,968884224,0.4039,2.50,bitmap_B_streamed,hbm2,3.97,1547709326,194949120,1253376,1.59741,348.4848,6144.4060,6492.8908,-0.55,180748288,12233.4564,-0.29,1631.378,1257.72,2,91.12,684.10
SpectraSuite__TriLM_1.1B_Unpacked,968884224,0.4039,2.50,five_trit,hbm2_streamed,3.59,1574436864,197726208,0,1.62500,278.1425,5652.2283,5930.3708,+0.00,180748288,11121.4616,+0.00,1200.192,1685.56,2,90.32,678.05
SpectraSuite__TriLM_1.1B_Unpacked,968884224,0.4039,2.50,bitmap_A,hbm2_streamed,3.59,1546455950,194949120,0,1.59612,369.0731,5551.7769,5920.8500,-0.16,180748288,11111.9408,-0.09,1545.726,1327.41,2,91.16,684.39
SpectraSuite__TriLM_1.1B_Unpacked,968884224,0.4039,2.50,bitmap_B_resident,hbm2_streamed,3.59,1547709326,194949120,1253376,1.59741,305.4685,5556.2765,5861.7449,-1.16,180748288,11052.8358,-0.62,1386.658,1479.69,2,91.12,684.10
SpectraSuite__TriLM_1.1B_Unpacked,968884224,0.4039,2.50,bitmap_B_streamed,hbm2_streamed,3.59,1547709326,194949120,1253376,1.59741,348.4848,5556.2765,5904.7612,-0.43,180748288,11095.8521,-0.23,1631.378,1257.72,2,91.12,684.10
SpectraSuite__TriLM_1.1B_Unpacked,968884224,0.4039,2.50,five_trit,lpddr4_package,12,1574436864,197726208,0,1.62500,278.1425,18893.2424,19171.3848,+0.00,180748288,36523.2205,+0.00,1200.192,1685.56,2,90.32,678.05
SpectraSuite__TriLM_1.1B_Unpacked,968884224,0.4039,2.50,bitmap_A,lpddr4_package,12,1546455950,194949120,0,1.59612,369.0731,18557.4714,18926.5445,-1.28,180748288,36278.3802,-0.67,1545.726,1327.41,2,91.16,684.39
SpectraSuite__TriLM_1.1B_Unpacked,968884224,0.4039,2.50,bitmap_B_resident,lpddr4_package,12,1547709326,194949120,1253376,1.59741,305.4685,18572.5119,18877.9804,-1.53,180748288,36229.8160,-0.80,1386.658,1479.69,2,91.12,684.10
SpectraSuite__TriLM_1.1B_Unpacked,968884224,0.4039,2.50,bitmap_B_streamed,lpddr4_package,12,1547709326,194949120,1253376,1.59741,348.4848,18572.5119,18920.9967,-1.31,180748288,36272.8323,-0.69,1631.378,1257.72,2,91.12,684.10
SpectraSuite__TriLM_1.1B_Unpacked,968884224,0.4039,2.50,five_trit,gddr5,14.0,1574436864,197726208,0,1.62500,278.1425,22042.1161,22320.2586,+0.00,180748288,42564.0668,+0.00,1200.192,1685.56,2,90.32,678.05
SpectraSuite__TriLM_1.1B_Unpacked,968884224,0.4039,2.50,bitmap_A,gddr5,14.0,1546455950,194949120,0,1.59612,369.0731,21650.3833,22019.4564,-1.35,180748288,42263.2647,-0.71,1545.726,1327.41,2,91.16,684.39
SpectraSuite__TriLM_1.1B_Unpacked,968884224,0.4039,2.50,bitmap_B_resident,gddr5,14.0,1547709326,194949120,1253376,1.59741,305.4685,21667.9306,21973.3990,-1.55,180748288,42217.2073,-0.81,1386.658,1479.69,2,91.12,684.10
SpectraSuite__TriLM_1.1B_Unpacked,968884224,0.4039,2.50,bitmap_B_streamed,gddr5,14.0,1547709326,194949120,1253376,1.59741,348.4848,21667.9306,22016.4153,-1.36,180748288,42260.2236,-0.71,1631.378,1257.72,2,91.12,684.10
SpectraSuite__TriLM_1.1B_Unpacked,968884224,0.4039,2.50,five_trit,dram_45nm_horowitz,30.5,1574436864,197726208,0,1.62500,278.1425,48020.3244,48298.4668,+0.00,180748288,92401.0491,+0.00,1200.192,1685.56,2,90.32,678.05
SpectraSuite__TriLM_1.1B_Unpacked,968884224,0.4039,2.50,bitmap_A,dram_45nm_horowitz,30.5,1546455950,194949120,0,1.59612,369.0731,47166.9065,47535.9796,-1.58,180748288,91638.5619,-0.83,1545.726,1327.41,2,91.16,684.39
SpectraSuite__TriLM_1.1B_Unpacked,968884224,0.4039,2.50,bitmap_B_resident,dram_45nm_horowitz,30.5,1547709326,194949120,1253376,1.59741,305.4685,47205.1344,47510.6029,-1.63,180748288,91613.1852,-0.85,1386.658,1479.69,2,91.12,684.10
SpectraSuite__TriLM_1.1B_Unpacked,968884224,0.4039,2.50,bitmap_B_streamed,dram_45nm_horowitz,30.5,1547709326,194949120,1253376,1.59741,348.4848,47205.1344,47553.6192,-1.54,180748288,91656.2015,-0.81,1631.378,1257.72,2,91.12,684.10
SpectraSuite__TriLM_1.1B_Unpacked,968884224,0.4039,2.50,five_trit,ddr3_peak,70,1574436864,197726208,0,1.62500,278.1425,110210.5805,110488.7229,+0.00,180748288,211707.7642,+0.00,1200.192,1685.56,2,90.32,678.05
SpectraSuite__TriLM_1.1B_Unpacked,968884224,0.4039,2.50,bitmap_A,ddr3_peak,70,1546455950,194949120,0,1.59612,369.0731,108251.9165,108620.9896,-1.69,180748288,209840.0309,-0.88,1545.726,1327.41,2,91.16,684.39
SpectraSuite__TriLM_1.1B_Unpacked,968884224,0.4039,2.50,bitmap_B_resident,ddr3_peak,70,1547709326,194949120,1253376,1.59741,305.4685,108339.6528,108645.1213,-1.67,180748288,209864.1626,-0.87,1386.658,1479.69,2,91.12,684.10
SpectraSuite__TriLM_1.1B_Unpacked,968884224,0.4039,2.50,bitmap_B_streamed,ddr3_peak,70,1547709326,194949120,1253376,1.59741,348.4848,108339.6528,108688.1376,-1.63,180748288,209907.1789,-0.85,1631.378,1257.72,2,91.12,684.10
microsoft__bitnet-b1.58-2B-4T,2084044800,0.4221,1.60,five_trit,sram_8kb_45nm,0.156,3386572800,424688640,0,1.62500,722.6220,528.3054,1250.9274,+0.00,656670720,2070.4525,+0.00,1373.358,1071.58,0,31.57,237.04
microsoft__bitnet-b1.58-2B-4T,2084044800,0.4221,1.60,bitmap_A,sram_8kb_45nm,0.156,3288396306,418222080,0,1.57789,861.1602,512.9898,1374.1501,+9.85,656670720,2193.6751,+5.95,1624.994,919.65,0,31.94,239.76
microsoft__bitnet-b1.58-2B-4T,2084044800,0.4221,1.60,bitmap_B_resident,sram_8kb_45nm,0.156,3288626706,418222080,230400,1.57800,711.9857,513.0258,1225.0115,-2.07,656670720,2044.5365,-1.25,1448.636,1031.61,0,31.94,239.76
microsoft__bitnet-b1.58-2B-4T,2084044800,0.4221,1.60,bitmap_B_streamed,sram_8kb_45nm,0.156,3288626706,418222080,230400,1.57800,801.7752,513.0258,1314.8010,+5.11,656670720,2134.3260,+3.09,1693.356,882.52,0,31.94,239.76
microsoft__bitnet-b1.58-2B-4T,2084044800,0.4221,1.60,five_trit,sram_32kb_45nm,0.313,3386572800,424688640,0,1.62500,722.6220,1059.9973,1782.6193,+0.00,656670720,3426.9228,+0.00,1373.358,1071.58,0,31.57,237.04
microsoft__bitnet-b1.58-2B-4T,2084044800,0.4221,1.60,bitmap_A,sram_32kb_45nm,0.313,3288396306,418222080,0,1.57789,861.1602,1029.2680,1890.4283,+6.05,656670720,3534.7318,+3.15,1624.994,919.65,0,31.94,239.76
microsoft__bitnet-b1.58-2B-4T,2084044800,0.4221,1.60,bitmap_B_resident,sram_32kb_45nm,0.313,3288626706,418222080,230400,1.57800,711.9857,1029.3402,1741.3259,-2.32,656670720,3385.6294,-1.20,1448.636,1031.61,0,31.94,239.76
microsoft__bitnet-b1.58-2B-4T,2084044800,0.4221,1.60,bitmap_B_streamed,sram_32kb_45nm,0.313,3288626706,418222080,230400,1.57800,801.7752,1029.3402,1831.1154,+2.72,656670720,3475.4188,+1.42,1693.356,882.52,0,31.94,239.76
microsoft__bitnet-b1.58-2B-4T,2084044800,0.4221,1.60,five_trit,sram_1mb_45nm,1.563,3386572800,424688640,0,1.62500,722.6220,5293.2133,6015.8353,+0.00,656670720,14226.8460,+0.00,1373.358,1071.58,0,31.57,237.04
microsoft__bitnet-b1.58-2B-4T,2084044800,0.4221,1.60,bitmap_A,sram_1mb_45nm,1.563,3288396306,418222080,0,1.57789,861.1602,5139.7634,6000.9237,-0.25,656670720,14211.9344,-0.10,1624.994,919.65,0,31.94,239.76
microsoft__bitnet-b1.58-2B-4T,2084044800,0.4221,1.60,bitmap_B_resident,sram_1mb_45nm,1.563,3288626706,418222080,230400,1.57800,711.9857,5140.1235,5852.1093,-2.72,656670720,14063.1199,-1.15,1448.636,1031.61,0,31.94,239.76
microsoft__bitnet-b1.58-2B-4T,2084044800,0.4221,1.60,bitmap_B_streamed,sram_1mb_45nm,1.563,3288626706,418222080,230400,1.57800,801.7752,5140.1235,5941.8987,-1.23,656670720,14152.9094,-0.52,1693.356,882.52,0,31.94,239.76
microsoft__bitnet-b1.58-2B-4T,2084044800,0.4221,1.60,five_trit,sram_1mb_45nm_cacti,1.058,3386572800,424688640,0,1.62500,722.6220,3582.9940,4305.6161,+0.00,656670720,9863.6770,+0.00,1373.358,1071.58,0,31.57,237.04
microsoft__bitnet-b1.58-2B-4T,2084044800,0.4221,1.60,bitmap_A,sram_1mb_45nm_cacti,1.058,3288396306,418222080,0,1.57789,861.1602,3479.1233,4340.2835,+0.81,656670720,9898.3445,+0.35,1624.994,919.65,0,31.94,239.76
microsoft__bitnet-b1.58-2B-4T,2084044800,0.4221,1.60,bitmap_B_resident,sram_1mb_45nm_cacti,1.058,3288626706,418222080,230400,1.57800,711.9857,3479.3671,4191.3528,-2.65,656670720,9749.4137,-1.16,1448.636,1031.61,0,31.94,239.76
microsoft__bitnet-b1.58-2B-4T,2084044800,0.4221,1.60,bitmap_B_streamed,sram_1mb_45nm_cacti,1.058,3288626706,418222080,230400,1.57800,801.7752,3479.3671,4281.1423,-0.57,656670720,9839.2032,-0.25,1693.356,882.52,0,31.94,239.76
microsoft__bitnet-b1.58-2B-4T,2084044800,0.4221,1.60,five_trit,sram_32kb_7nm,0.133,3386572800,424688640,0,1.62500,722.6220,450.4142,1173.0362,+0.00,656670720,1871.7339,+0.00,1373.358,1071.58,0,31.57,237.04
microsoft__bitnet-b1.58-2B-4T,2084044800,0.4221,1.60,bitmap_A,sram_32kb_7nm,0.133,3288396306,418222080,0,1.57789,861.1602,437.3567,1298.5170,+10.70,656670720,1997.2146,+6.70,1624.994,919.65,0,31.94,239.76
microsoft__bitnet-b1.58-2B-4T,2084044800,0.4221,1.60,bitmap_B_resident,sram_32kb_7nm,0.133,3288626706,418222080,230400,1.57800,711.9857,437.3874,1149.3731,-2.02,656670720,1848.0707,-1.26,1448.636,1031.61,0,31.94,239.76
microsoft__bitnet-b1.58-2B-4T,2084044800,0.4221,1.60,bitmap_B_streamed,sram_32kb_7nm,0.133,3288626706,418222080,230400,1.57800,801.7752,437.3874,1239.1626,+5.64,656670720,1937.8602,+3.53,1693.356,882.52,0,31.94,239.76
microsoft__bitnet-b1.58-2B-4T,2084044800,0.4221,1.60,five_trit,sram_1mb_7nm,0.219,3386572800,424688640,0,1.62500,722.6220,741.6594,1464.2815,+0.00,656670720,2614.7686,+0.00,1373.358,1071.58,0,31.57,237.04
microsoft__bitnet-b1.58-2B-4T,2084044800,0.4221,1.60,bitmap_A,sram_1mb_7nm,0.219,3288396306,418222080,0,1.57789,861.1602,720.1588,1581.3190,+7.99,656670720,2731.8061,+4.48,1624.994,919.65,0,31.94,239.76
microsoft__bitnet-b1.58-2B-4T,2084044800,0.4221,1.60,bitmap_B_resident,sram_1mb_7nm,0.219,3288626706,418222080,230400,1.57800,711.9857,720.2092,1432.1950,-2.19,656670720,2582.6821,-1.23,1448.636,1031.61,0,31.94,239.76
microsoft__bitnet-b1.58-2B-4T,2084044800,0.4221,1.60,bitmap_B_streamed,sram_1mb_7nm,0.219,3288626706,418222080,230400,1.57800,801.7752,720.2092,1521.9845,+3.94,656670720,2672.4716,+2.21,1693.356,882.52,0,31.94,239.76
microsoft__bitnet-b1.58-2B-4T,2084044800,0.4221,1.60,five_trit,hbm2,3.97,3386572800,424688640,0,1.62500,722.6220,13444.6940,14167.3161,+0.00,656670720,35023.1781,+0.00,1373.358,1071.58,0,31.57,237.04
microsoft__bitnet-b1.58-2B-4T,2084044800,0.4221,1.60,bitmap_A,hbm2,3.97,3288396306,418222080,0,1.57789,861.1602,13054.9333,13916.0936,-1.77,656670720,34771.9556,-0.72,1624.994,919.65,0,31.94,239.76
microsoft__bitnet-b1.58-2B-4T,2084044800,0.4221,1.60,bitmap_B_resident,hbm2,3.97,3288626706,418222080,230400,1.57800,711.9857,13055.8480,13767.8337,-2.82,656670720,34623.6958,-1.14,1448.636,1031.61,0,31.94,239.76
microsoft__bitnet-b1.58-2B-4T,2084044800,0.4221,1.60,bitmap_B_streamed,hbm2,3.97,3288626706,418222080,230400,1.57800,801.7752,13055.8480,13857.6232,-2.19,656670720,34713.4853,-0.88,1693.356,882.52,0,31.94,239.76
microsoft__bitnet-b1.58-2B-4T,2084044800,0.4221,1.60,five_trit,hbm2_streamed,3.59,3386572800,424688640,0,1.62500,722.6220,12157.7964,12880.4184,+0.00,656670720,31740.0015,+0.00,1373.358,1071.58,0,31.57,237.04
microsoft__bitnet-b1.58-2B-4T,2084044800,0.4221,1.60,bitmap_A,hbm2_streamed,3.59,3288396306,418222080,0,1.57789,861.1602,11805.3427,12666.5030,-1.66,656670720,31526.0861,-0.67,1624.994,919.65,0,31.94,239.76
microsoft__bitnet-b1.58-2B-4T,2084044800,0.4221,1.60,bitmap_B_resident,hbm2_streamed,3.59,3288626706,418222080,230400,1.57800,711.9857,11806.1699,12518.1556,-2.81,656670720,31377.7387,-1.14,1448.636,1031.61,0,31.94,239.76
microsoft__bitnet-b1.58-2B-4T,2084044800,0.4221,1.60,bitmap_B_streamed,hbm2_streamed,3.59,3288626706,418222080,230400,1.57800,801.7752,11806.1699,12607.9451,-2.12,656670720,31467.5282,-0.86,1693.356,882.52,0,31.94,239.76
microsoft__bitnet-b1.58-2B-4T,2084044800,0.4221,1.60,five_trit,lpddr4_package,12,3386572800,424688640,0,1.62500,722.6220,40638.8736,41361.4956,+0.00,656670720,104401.8848,+0.00,1373.358,1071.58,0,31.57,237.04
microsoft__bitnet-b1.58-2B-4T,2084044800,0.4221,1.60,bitmap_A,lpddr4_package,12,3288396306,418222080,0,1.57789,861.1602,39460.7557,40321.9159,-2.51,656670720,103362.3050,-1.00,1624.994,919.65,0,31.94,239.76
microsoft__bitnet-b1.58-2B-4T,2084044800,0.4221,1.60,bitmap_B_resident,lpddr4_package,12,3288626706,418222080,230400,1.57800,711.9857,39463.5205,40175.5062,-2.87,656670720,103215.8953,-1.14,1448.636,1031.61,0,31.94,239.76
microsoft__bitnet-b1.58-2B-4T,2084044800,0.4221,1.60,bitmap_B_streamed,lpddr4_package,12,3288626706,418222080,230400,1.57800,801.7752,39463.5205,40265.2957,-2.65,656670720,103305.6848,-1.05,1693.356,882.52,0,31.94,239.76
microsoft__bitnet-b1.58-2B-4T,2084044800,0.4221,1.60,five_trit,gddr5,14.0,3386572800,424688640,0,1.62500,722.6220,47412.0192,48134.6412,+0.00,656670720,121681.7619,+0.00,1373.358,1071.58,0,31.57,237.04
microsoft__bitnet-b1.58-2B-4T,2084044800,0.4221,1.60,bitmap_A,gddr5,14.0,3288396306,418222080,0,1.57789,861.1602,46037.5483,46898.7085,-2.57,656670720,120445.8292,-1.02,1624.994,919.65,0,31.94,239.76
microsoft__bitnet-b1.58-2B-4T,2084044800,0.4221,1.60,bitmap_B_resident,gddr5,14.0,3288626706,418222080,230400,1.57800,711.9857,46040.7739,46752.7596,-2.87,656670720,120299.8802,-1.14,1448.636,1031.61,0,31.94,239.76
microsoft__bitnet-b1.58-2B-4T,2084044800,0.4221,1.60,bitmap_B_streamed,gddr5,14.0,3288626706,418222080,230400,1.57800,801.7752,46040.7739,46842.5491,-2.68,656670720,120389.6697,-1.06,1693.356,882.52,0,31.94,239.76
microsoft__bitnet-b1.58-2B-4T,2084044800,0.4221,1.60,five_trit,dram_45nm_horowitz,30.5,3386572800,424688640,0,1.62500,722.6220,103290.4704,104013.0924,+0.00,656670720,264240.7481,+0.00,1373.358,1071.58,0,31.57,237.04
microsoft__bitnet-b1.58-2B-4T,2084044800,0.4221,1.60,bitmap_A,dram_45nm_horowitz,30.5,3288396306,418222080,0,1.57789,861.1602,100296.0873,101157.2476,-2.75,656670720,261384.9033,-1.08,1624.994,919.65,0,31.94,239.76
microsoft__bitnet-b1.58-2B-4T,2084044800,0.4221,1.60,bitmap_B_resident,dram_45nm_horowitz,30.5,3288626706,418222080,230400,1.57800,711.9857,100303.1145,101015.1002,-2.88,656670720,261242.7559,-1.13,1448.636,1031.61,0,31.94,239.76
microsoft__bitnet-b1.58-2B-4T,2084044800,0.4221,1.60,bitmap_B_streamed,dram_45nm_horowitz,30.5,3288626706,418222080,230400,1.57800,801.7752,100303.1145,101104.8897,-2.80,656670720,261332.5454,-1.10,1693.356,882.52,0,31.94,239.76
microsoft__bitnet-b1.58-2B-4T,2084044800,0.4221,1.60,five_trit,ddr3_peak,70,3386572800,424688640,0,1.62500,722.6220,237060.0960,237782.7180,+0.00,656670720,605518.3212,+0.00,1373.358,1071.58,0,31.57,237.04
microsoft__bitnet-b1.58-2B-4T,2084044800,0.4221,1.60,bitmap_A,ddr3_peak,70,3288396306,418222080,0,1.57789,861.1602,230187.7414,231048.9017,-2.83,656670720,598784.5049,-1.11,1624.994,919.65,0,31.94,239.76
microsoft__bitnet-b1.58-2B-4T,2084044800,0.4221,1.60,bitmap_B_resident,ddr3_peak,70,3288626706,418222080,230400,1.57800,711.9857,230203.8694,230915.8551,-2.89,656670720,598651.4583,-1.13,1448.636,1031.61,0,31.94,239.76
microsoft__bitnet-b1.58-2B-4T,2084044800,0.4221,1.60,bitmap_B_streamed,ddr3_peak,70,3288626706,418222080,230400,1.57800,801.7752,230203.8694,231005.6446,-2.85,656670720,598741.2478,-1.12,1693.356,882.52,0,31.94,239.76
microsoft__bitnet-b1.58-2B-4T,2084044800,0.4221,2.00,five_trit,sram_8kb_45nm,0.156,3386572800,424688640,0,1.62500,611.9082,528.3054,1140.2135,+0.00,656670720,1959.7386,+0.00,1221.206,964.07,0,31.57,237.04
microsoft__bitnet-b1.58-2B-4T,2084044800,0.4221,2.00,bitmap_A,sram_8kb_45nm,0.156,3288396306,418222080,0,1.57789,789.5993,512.9898,1302.5891,+14.24,656670720,2122.1142,+8.29,1573.656,759.72,0,31.94,239.76
microsoft__bitnet-b1.58-2B-4T,2084044800,0.4221,2.00,bitmap_B_resident,sram_8kb_45nm,0.156,3288626706,418222080,230400,1.57800,661.4374,513.0258,1174.4631,+3.00,656670720,1993.9882,+1.75,1412.194,846.58,0,31.94,239.76
microsoft__bitnet-b1.58-2B-4T,2084044800,0.4221,2.00,bitmap_B_streamed,sram_8kb_45nm,0.156,3288626706,418222080,230400,1.57800,751.9899,513.0258,1265.0157,+10.95,656670720,2084.5407,+6.37,1656.914,721.54,0,31.94,239.76
microsoft__bitnet-b1.58-2B-4T,2084044800,0.4221,2.00,five_trit,sram_32kb_45nm,0.313,3386572800,424688640,0,1.62500,611.9082,1059.9973,1671.9055,+0.00,656670720,3316.2090,+0.00,1221.206,964.07,0,31.57,237.04
microsoft__bitnet-b1.58-2B-4T,2084044800,0.4221,2.00,bitmap_A,sram_32kb_45nm,0.313,3288396306,418222080,0,1.57789,789.5993,1029.2680,1818.8673,+8.79,656670720,3463.1708,+4.43,1573.656,759.72,0,31.94,239.76
microsoft__bitnet-b1.58-2B-4T,2084044800,0.4221,2.00,bitmap_B_resident,sram_32kb_45nm,0.313,3288626706,418222080,230400,1.57800,661.4374,1029.3402,1690.7775,+1.13,656670720,3335.0810,+0.57,1412.194,846.58,0,31.94,239.76
microsoft__bitnet-b1.58-2B-4T,2084044800,0.4221,2.00,bitmap_B_streamed,sram_32kb_45nm,0.313,3288626706,418222080,230400,1.57800,751.9899,1029.3402,1781.3301,+6.54,656670720,3425.6335,+3.30,1656.914,721.54,0,31.94,239.76
microsoft__bitnet-b1.58-2B-4T,2084044800,0.4221,2.00,five_trit,sram_1mb_45nm,1.563,3386572800,424688640,0,1.62500,611.9082,5293.2133,5905.1215,+0.00,656670720,14116.1322,+0.00,1221.206,964.07,0,31.57,237.04
microsoft__bitnet-b1.58-2B-4T,2084044800,0.4221,2.00,bitmap_A,sram_1mb_45nm,1.563,3288396306,418222080,0,1.57789,789.5993,5139.7634,5929.3627,+0.41,656670720,14140.3734,+0.17,1573.656,759.72,0,31.94,239.76
microsoft__bitnet-b1.58-2B-4T,2084044800,0.4221,2.00,bitmap_B_resident,sram_1mb_45nm,1.563,3288626706,418222080,230400,1.57800,661.4374,5140.1235,5801.5609,-1.75,656670720,14012.5716,-0.73,1412.194,846.58,0,31.94,239.76
microsoft__bitnet-b1.58-2B-4T,2084044800,0.4221,2.00,bitmap_B_streamed,sram_1mb_45nm,1.563,3288626706,418222080,230400,1.57800,751.9899,5140.1235,5892.1134,-0.22,656670720,14103.1241,-0.09,1656.914,721.54,0,31.94,239.76
microsoft__bitnet-b1.58-2B-4T,2084044800,0.4221,2.00,five_trit,sram_1mb_45nm_cacti,1.058,3386572800,424688640,0,1.62500,611.9082,3582.9940,4194.9022,+0.00,656670720,9752.9632,+0.00,1221.206,964.07,0,31.57,237.04
microsoft__bitnet-b1.58-2B-4T,2084044800,0.4221,2.00,bitmap_A,sram_1mb_45nm_cacti,1.058,3288396306,418222080,0,1.57789,789.5993,3479.1233,4268.7226,+1.76,656670720,9826.7835,+0.76,1573.656,759.72,0,31.94,239.76
microsoft__bitnet-b1.58-2B-4T,2084044800,0.4221,2.00,bitmap_B_resident,sram_1mb_45nm_cacti,1.058,3288626706,418222080,230400,1.57800,661.4374,3479.3671,4140.8044,-1.29,656670720,9698.8654,-0.55,1412.194,846.58,0,31.94,239.76
microsoft__bitnet-b1.58-2B-4T,2084044800,0.4221,2.00,bitmap_B_streamed,sram_1mb_45nm_cacti,1.058,3288626706,418222080,230400,1.57800,751.9899,3479.3671,4231.3570,+0.87,656670720,9789.4179,+0.37,1656.914,721.54,0,31.94,239.76
microsoft__bitnet-b1.58-2B-4T,2084044800,0.4221,2.00,five_trit,sram_32kb_7nm,0.133,3386572800,424688640,0,1.62500,611.9082,450.4142,1062.3224,+0.00,656670720,1761.0200,+0.00,1221.206,964.07,0,31.57,237.04
microsoft__bitnet-b1.58-2B-4T,2084044800,0.4221,2.00,bitmap_A,sram_32kb_7nm,0.133,3288396306,418222080,0,1.57789,789.5993,437.3567,1226.9560,+15.50,656670720,1925.6536,+9.35,1573.656,759.72,0,31.94,239.76
microsoft__bitnet-b1.58-2B-4T,2084044800,0.4221,2.00,bitmap_B_resident,sram_32kb_7nm,0.133,3288626706,418222080,230400,1.57800,661.4374,437.3874,1098.8247,+3.44,656670720,1797.5224,+2.07,1412.194,846.58,0,31.94,239.76
microsoft__bitnet-b1.58-2B-4T,2084044800,0.4221,2.00,bitmap_B_streamed,sram_32kb_7nm,0.133,3288626706,418222080,230400,1.57800,751.9899,437.3874,1189.3773,+11.96,656670720,1888.0749,+7.21,1656.914,721.54,0,31.94,239.76
microsoft__bitnet-b1.58-2B-4T,2084044800,0.4221,2.00,five_trit,sram_1mb_7nm,0.219,3386572800,424688640,0,1.62500,611.9082,741.6594,1353.5676,+0.00,656670720,2504.0547,+0.00,1221.206,964.07,0,31.57,237.04
microsoft__bitnet-b1.58-2B-4T,2084044800,0.4221,2.00,bitmap_A,sram_1mb_7nm,0.219,3288396306,418222080,0,1.57789,789.5993,720.1588,1509.7581,+11.54,656670720,2660.2452,+6.24,1573.656,759.72,0,31.94,239.76
microsoft__bitnet-b1.58-2B-4T,2084044800,0.4221,2.00,bitmap_B_resident,sram_1mb_7nm,0.219,3288626706,418222080,230400,1.57800,661.4374,720.2092,1381.6466,+2.07,656670720,2532.1337,+1.12,1412.194,846.58,0,31.94,239.76
microsoft__bitnet-b1.58-2B-4T,2084044800,0.4221,2.00,bitmap_B_streamed,sram_1mb_7nm,0.219,3288626706,418222080,230400,1.57800,751.9899,720.2092,1472.1992,+8.76,656670720,2622.6863,+4.74,1656.914,721.54,0,31.94,239.76
microsoft__bitnet-b1.58-2B-4T,2084044800,0.4221,2.00,five_trit,hbm2,3.97,3386572800,424688640,0,1.62500,611.9082,13444.6940,14056.6022,+0.00,656670720,34912.4643,+0.00,1221.206,964.07,0,31.57,237.04
microsoft__bitnet-b1.58-2B-4T,2084044800,0.4221,2.00,bitmap_A,hbm2,3.97,3288396306,418222080,0,1.57789,789.5993,13054.9333,13844.5326,-1.51,656670720,34700.3947,-0.61,1573.656,759.72,0,31.94,239.76
microsoft__bitnet-b1.58-2B-4T,2084044800,0.4221,2.00,bitmap_B_resident,hbm2,3.97,3288626706,418222080,230400,1.57800,661.4374,13055.8480,13717.2854,-2.41,656670720,34573.1475,-0.97,1412.194,846.58,0,31.94,239.76
microsoft__bitnet-b1.58-2B-4T,2084044800,0.4221,2.00,bitmap_B_streamed,hbm2,3.97,3288626706,418222080,230400,1.57800,751.9899,13055.8480,13807.8379,-1.77,656670720,34663.7000,-0.71,1656.914,721.54,0,31.94,239.76
microsoft__bitnet-b1.58-2B-4T,2084044800,0.4221,2.00,five_trit,hbm2_streamed,3.59,3386572800,424688640,0,1.62500,611.9082,12157.7964,12769.7045,+0.00,656670720,31629.2876,+0.00,1221.206,964.07,0,31.57,237.04
microsoft__bitnet-b1.58-2B-4T,2084044800,0.4221,2.00,bitmap_A,hbm2_streamed,3.59,3288396306,418222080,0,1.57789,789.5993,11805.3427,12594.9420,-1.37,656670720,31454.5251,-0.55,1573.656,759.72,0,31.94,239.76
microsoft__bitnet-b1.58-2B-4T,2084044800,0.4221,2.00,bitmap_B_resident,hbm2_streamed,3.59,3288626706,418222080,230400,1.57800,661.4374,11806.1699,12467.6072,-2.37,656670720,31327.1903,-0.96,1412.194,846.58,0,31.94,239.76
microsoft__bitnet-b1.58-2B-4T,2084044800,0.4221,2.00,bitmap_B_streamed,hbm2_streamed,3.59,3288626706,418222080,230400,1.57800,751.9899,11806.1699,12558.1598,-1.66,656670720,31417.7429,-0.67,1656.914,721.54,0,31.94,239.76
microsoft__bitnet-b1.58-2B-4T,2084044800,0.4221,2.00,five_trit,lpddr4_package,12,3386572800,424688640,0,1.62500,611.9082,40638.8736,41250.7818,+0.00,656670720,104291.1709,+0.00,1221.206,964.07,0,31.57,237.04
microsoft__bitnet-b1.58-2B-4T,2084044800,0.4221,2.00,bitmap_A,lpddr4_package,12,3288396306,418222080,0,1.57789,789.5993,39460.7557,40250.3549,-2.43,656670720,103290.7441,-0.96,1573.656,759.72,0,31.94,239.76
microsoft__bitnet-b1.58-2B-4T,2084044800,0.4221,2.00,bitmap_B_resident,lpddr4_package,12,3288626706,418222080,230400,1.57800,661.4374,39463.5205,40124.9578,-2.73,656670720,103165.3470,-1.08,1412.194,846.58,0,31.94,239.76
microsoft__bitnet-b1.58-2B-4T,2084044800,0.4221,2.00,bitmap_B_streamed,lpddr4_package,12,3288626706,418222080,230400,1.57800,751.9899,39463.5205,40215.5104,-2.51,656670720,103255.8995,-0.99,1656.914,721.54,0,31.94,239.76
microsoft__bitnet-b1.58-2B-4T,2084044800,0.4221,2.00,five_trit,gddr5,14.0,3386572800,424688640,0,1.62500,611.9082,47412.0192,48023.9274,+0.00,656670720,121571.0480,+0.00,1221.206,964.07,0,31.57,237.04
microsoft__bitnet-b1.58-2B-4T,2084044800,0.4221,2.00,bitmap_A,gddr5,14.0,3288396306,418222080,0,1.57789,789.5993,46037.5483,46827.1476,-2.49,656670720,120374.2682,-0.98,1573.656,759.72,0,31.94,239.76
microsoft__bitnet-b1.58-2B-4T,2084044800,0.4221,2.00,bitmap_B_resident,gddr5,14.0,3288626706,418222080,230400,1.57800,661.4374,46040.7739,46702.2113,-2.75,656670720,120249.3319,-1.09,1412.194,846.58,0,31.94,239.76
microsoft__bitnet-b1.58-2B-4T,2084044800,0.4221,2.00,bitmap_B_streamed,gddr5,14.0,3288626706,418222080,230400,1.57800,751.9899,46040.7739,46792.7638,-2.56,656670720,120339.8844,-1.01,1656.914,721.54,0,31.94,239.76
microsoft__bitnet-b1.58-2B-4T,2084044800,0.4221,2.00,five_trit,dram_45nm_horowitz,30.5,3386572800,424688640,0,1.62500,611.9082,103290.4704,103902.3786,+0.00,656670720,264130.0343,+0.00,1221.206,964.07,0,31.57,237.04
microsoft__bitnet-b1.58-2B-4T,2084044800,0.4221,2.00,bitmap_A,dram_45nm_horowitz,30.5,3288396306,418222080,0,1.57789,789.5993,100296.0873,101085.6866,-2.71,656670720,261313.3423,-1.07,1573.656,759.72,0,31.94,239.76
microsoft__bitnet-b1.58-2B-4T,2084044800,0.4221,2.00,bitmap_B_resident,dram_45nm_horowitz,30.5,3288626706,418222080,230400,1.57800,661.4374,100303.1145,100964.5519,-2.83,656670720,261192.2076,-1.11,1412.194,846.58,0,31.94,239.76
microsoft__bitnet-b1.58-2B-4T,2084044800,0.4221,2.00,bitmap_B_streamed,dram_45nm_horowitz,30.5,3288626706,418222080,230400,1.57800,751.9899,100303.1145,101055.1044,-2.74,656670720,261282.7601,-1.08,1656.914,721.54,0,31.94,239.76
microsoft__bitnet-b1.58-2B-4T,2084044800,0.4221,2.00,five_trit,ddr3_peak,70,3386572800,424688640,0,1.62500,611.9082,237060.0960,237672.0042,+0.00,656670720,605407.6074,+0.00,1221.206,964.07,0,31.57,237.04
microsoft__bitnet-b1.58-2B-4T,2084044800,0.4221,2.00,bitmap_A,ddr3_peak,70,3288396306,418222080,0,1.57789,789.5993,230187.7414,230977.3407,-2.82,656670720,598712.9439,-1.11,1573.656,759.72,0,31.94,239.76
microsoft__bitnet-b1.58-2B-4T,2084044800,0.4221,2.00,bitmap_B_resident,ddr3_peak,70,3288626706,418222080,230400,1.57800,661.4374,230203.8694,230865.3068,-2.86,656670720,598600.9100,-1.12,1412.194,846.58,0,31.94,239.76
microsoft__bitnet-b1.58-2B-4T,2084044800,0.4221,2.00,bitmap_B_streamed,ddr3_peak,70,3288626706,418222080,230400,1.57800,751.9899,230203.8694,230955.8593,-2.83,656670720,598691.4625,-1.11,1656.914,721.54,0,31.94,239.76
microsoft__bitnet-b1.58-2B-4T,2084044800,0.4221,2.50,five_trit,sram_8kb_45nm,0.156,3386572800,424688640,0,1.62500,595.7905,528.3054,1124.0959,+0.00,656670720,1943.6209,+0.00,1200.192,784.76,0,31.57,237.04
microsoft__bitnet-b1.58-2B-4T,2084044800,0.4221,2.50,bitmap_A,sram_8kb_45nm,0.156,3288396306,418222080,0,1.57789,791.4356,512.9898,1304.4254,+16.04,656670720,2123.9505,+9.28,1545.726,618.76,0,31.94,239.76
microsoft__bitnet-b1.58-2B-4T,2084044800,0.4221,2.50,bitmap_B_resident,sram_8kb_45nm,0.156,3288626706,418222080,230400,1.57800,654.2110,513.0258,1167.2367,+3.84,656670720,1986.7618,+2.22,1386.658,689.74,0,31.94,239.76
microsoft__bitnet-b1.58-2B-4T,2084044800,0.4221,2.50,bitmap_B_streamed,sram_8kb_45nm,0.156,3288626706,418222080,230400,1.57800,745.7169,513.0258,1258.7427,+11.98,656670720,2078.2678,+6.93,1631.378,586.27,0,31.94,239.76
microsoft__bitnet-b1.58-2B-4T,2084044800,0.4221,2.50,five_trit,sram_32kb_45nm,0.313,3386572800,424688640,0,1.62500,595.7905,1059.9973,1655.7878,+0.00,656670720,3300.0913,+0.00,1200.192,784.76,0,31.57,237.04
microsoft__bitnet-b1.58-2B-4T,2084044800,0.4221,2.50,bitmap_A,sram_32kb_45nm,0.313,3288396306,418222080,0,1.57789,791.4356,1029.2680,1820.7036,+9.96,656670720,3465.0071,+5.00,1545.726,618.76,0,31.94,239.76
microsoft__bitnet-b1.58-2B-4T,2084044800,0.4221,2.50,bitmap_B_resident,sram_32kb_45nm,0.313,3288626706,418222080,230400,1.57800,654.2110,1029.3402,1683.5511,+1.68,656670720,3327.8546,+0.84,1386.658,689.74,0,31.94,239.76
microsoft__bitnet-b1.58-2B-4T,2084044800,0.4221,2.50,bitmap_B_streamed,sram_32kb_45nm,0.313,3288626706,418222080,230400,1.57800,745.7169,1029.3402,1775.0571,+7.20,656670720,3419.3606,+3.61,1631.378,586.27,0,31.94,239.76
microsoft__bitnet-b1.58-2B-4T,2084044800,0.4221,2.50,five_trit,sram_1mb_45nm,1.563,3386572800,424688640,0,1.62500,595.7905,5293.2133,5889.0038,+0.00,656670720,14100.0145,+0.00,1200.192,784.76,0,31.57,237.04
microsoft__bitnet-b1.58-2B-4T,2084044800,0.4221,2.50,bitmap_A,sram_1mb_45nm,1.563,3288396306,418222080,0,1.57789,791.4356,5139.7634,5931.1990,+0.72,656670720,14142.2097,+0.30,1545.726,618.76,0,31.94,239.76
microsoft__bitnet-b1.58-2B-4T,2084044800,0.4221,2.50,bitmap_B_resident,sram_1mb_45nm,1.563,3288626706,418222080,230400,1.57800,654.2110,5140.1235,5794.3345,-1.61,656670720,14005.3452,-0.67,1386.658,689.74,0,31.94,239.76
microsoft__bitnet-b1.58-2B-4T,2084044800,0.4221,2.50,bitmap_B_streamed,sram_1mb_45nm,1.563,3288626706,418222080,230400,1.57800,745.7169,5140.1235,5885.8405,-0.05,656670720,14096.8512,-0.02,1631.378,586.27,0,31.94,239.76
microsoft__bitnet-b1.58-2B-4T,2084044800,0.4221,2.50,five_trit,sram_1mb_45nm_cacti,1.058,3386572800,424688640,0,1.62500,595.7905,3582.9940,4178.7845,+0.00,656670720,9736.8455,+0.00,1200.192,784.76,0,31.57,237.04
microsoft__bitnet-b1.58-2B-4T,2084044800,0.4221,2.50,bitmap_A,sram_1mb_45nm_cacti,1.058,3288396306,418222080,0,1.57789,791.4356,3479.1233,4270.5589,+2.20,656670720,9828.6199,+0.94,1545.726,618.76,0,31.94,239.76
microsoft__bitnet-b1.58-2B-4T,2084044800,0.4221,2.50,bitmap_B_resident,sram_1mb_45nm_cacti,1.058,3288626706,418222080,230400,1.57800,654.2110,3479.3671,4133.5780,-1.08,656670720,9691.6390,-0.46,1386.658,689.74,0,31.94,239.76
microsoft__bitnet-b1.58-2B-4T,2084044800,0.4221,2.50,bitmap_B_streamed,sram_1mb_45nm_cacti,1.058,3288626706,418222080,230400,1.57800,745.7169,3479.3671,4225.0840,+1.11,656670720,9783.1450,+0.48,1631.378,586.27,0,31.94,239.76
microsoft__bitnet-b1.58-2B-4T,2084044800,0.4221,2.50,five_trit,sram_32kb_7nm,0.133,3386572800,424688640,0,1.62500,595.7905,450.4142,1046.2047,+0.00,656670720,1744.9023,+0.00,1200.192,784.76,0,31.57,237.04
microsoft__bitnet-b1.58-2B-4T,2084044800,0.4221,2.50,bitmap_A,sram_32kb_7nm,0.133,3288396306,418222080,0,1.57789,791.4356,437.3567,1228.7923,+17.45,656670720,1927.4900,+10.46,1545.726,618.76,0,31.94,239.76
microsoft__bitnet-b1.58-2B-4T,2084044800,0.4221,2.50,bitmap_B_resident,sram_32kb_7nm,0.133,3288626706,418222080,230400,1.57800,654.2110,437.3874,1091.5983,+4.34,656670720,1790.2960,+2.60,1386.658,689.74,0,31.94,239.76
microsoft__bitnet-b1.58-2B-4T,2084044800,0.4221,2.50,bitmap_B_streamed,sram_32kb_7nm,0.133,3288626706,418222080,230400,1.57800,745.7169,437.3874,1183.1043,+13.09,656670720,1881.8019,+7.85,1631.378,586.27,0,31.94,239.76
microsoft__bitnet-b1.58-2B-4T,2084044800,0.4221,2.50,five_trit,sram_1mb_7nm,0.219,3386572800,424688640,0,1.62500,595.7905,741.6594,1337.4499,+0.00,656670720,2487.9370,+0.00,1200.192,784.76,0,31.57,237.04
microsoft__bitnet-b1.58-2B-4T,2084044800,0.4221,2.50,bitmap_A,sram_1mb_7nm,0.219,3288396306,418222080,0,1.57789,791.4356,720.1588,1511.5944,+13.02,656670720,2662.0815,+7.00,1545.726,618.76,0,31.94,239.76
microsoft__bitnet-b1.58-2B-4T,2084044800,0.4221,2.50,bitmap_B_resident,sram_1mb_7nm,0.219,3288626706,418222080,230400,1.57800,654.2110,720.2092,1374.4202,+2.76,656670720,2524.9073,+1.49,1386.658,689.74,0,31.94,239.76
microsoft__bitnet-b1.58-2B-4T,2084044800,0.4221,2.50,bitmap_B_streamed,sram_1mb_7nm,0.219,3288626706,418222080,230400,1.57800,745.7169,720.2092,1465.9262,+9.61,656670720,2616.4133,+5.16,1631.378,586.27,0,31.94,239.76
microsoft__bitnet-b1.58-2B-4T,2084044800,0.4221,2.50,five_trit,hbm2,3.97,3386572800,424688640,0,1.62500,595.7905,13444.6940,14040.4845,+0.00,656670720,34896.3466,+0.00,1200.192,784.76,0,31.57,237.04
microsoft__bitnet-b1.58-2B-4T,2084044800,0.4221,2.50,bitmap_A,hbm2,3.97,3288396306,418222080,0,1.57789,791.4356,13054.9333,13846.3689,-1.38,656670720,34702.2310,-0.56,1545.726,618.76,0,31.94,239.76
microsoft__bitnet-b1.58-2B-4T,2084044800,0.4221,2.50,bitmap_B_resident,hbm2,3.97,3288626706,418222080,230400,1.57800,654.2110,13055.8480,13710.0590,-2.35,656670720,34565.9211,-0.95,1386.658,689.74,0,31.94,239.76
microsoft__bitnet-b1.58-2B-4T,2084044800,0.4221,2.50,bitmap_B_streamed,hbm2,3.97,3288626706,418222080,230400,1.57800,745.7169,13055.8480,13801.5650,-1.70,656670720,34657.4270,-0.68,1631.378,586.27,0,31.94,239.76
microsoft__bitnet-b1.58-2B-4T,2084044800,0.4221,2.50,five_trit,hbm2_streamed,3.59,3386572800,424688640,0,1.62500,595.7905,12157.7964,12753.5868,+0.00,656670720,31613.1699,+0.00,1200.192,784.76,0,31.57,237.04
microsoft__bitnet-b1.58-2B-4T,2084044800,0.4221,2.50,bitmap_A,hbm2_streamed,3.59,3288396306,418222080,0,1.57789,791.4356,11805.3427,12596.7783,-1.23,656670720,31456.3614,-0.50,1545.726,618.76,0,31.94,239.76
microsoft__bitnet-b1.58-2B-4T,2084044800,0.4221,2.50,bitmap_B_resident,hbm2_streamed,3.59,3288626706,418222080,230400,1.57800,654.2110,11806.1699,12460.3808,-2.30,656670720,31319.9639,-0.93,1386.658,689.74,0,31.94,239.76
microsoft__bitnet-b1.58-2B-4T,2084044800,0.4221,2.50,bitmap_B_streamed,hbm2_streamed,3.59,3288626706,418222080,230400,1.57800,745.7169,11806.1699,12551.8868,-1.58,656670720,31411.4699,-0.64,1631.378,586.27,0,31.94,239.76
microsoft__bitnet-b1.58-2B-4T,2084044800,0.4221,2.50,five_trit,lpddr4_package,12,3386572800,424688640,0,1.62500,595.7905,40638.8736,41234.6641,+0.00,656670720,104275.0532,+0.00,1200.192,784.76,0,31.57,237.04
microsoft__bitnet-b1.58-2B-4T,2084044800,0.4221,2.50,bitmap_A,lpddr4_package,12,3288396306,418222080,0,1.57789,791.4356,39460.7557,40252.1913,-2.38,656670720,103292.5804,-0.94,1545.726,618.76,0,31.94,239.76
microsoft__bitnet-b1.58-2B-4T,2084044800,0.4221,2.50,bitmap_B_resident,lpddr4_package,12,3288626706,418222080,230400,1.57800,654.2110,39463.5205,40117.7314,-2.71,656670720,103158.1206,-1.07,1386.658,689.74,0,31.94,239.76
microsoft__bitnet-b1.58-2B-4T,2084044800,0.4221,2.50,bitmap_B_streamed,lpddr4_package,12,3288626706,418222080,230400,1.57800,745.7169,39463.5205,40209.2374,-2.49,656670720,103249.6265,-0.98,1631.378,586.27,0,31.94,239.76
microsoft__bitnet-b1.58-2B-4T,2084044800,0.4221,2.50,five_trit,gddr5,14.0,3386572800,424688640,0,1.62500,595.7905,47412.0192,48007.8097,+0.00,656670720,121554.9303,+0.00,1200.192,784.76,0,31.57,237.04
microsoft__bitnet-b1.58-2B-4T,2084044800,0.4221,2.50,bitmap_A,gddr5,14.0,3288396306,418222080,0,1.57789,791.4356,46037.5483,46828.9839,-2.46,656670720,120376.1045,-0.97,1545.726,618.76,0,31.94,239.76
microsoft__bitnet-b1.58-2B-4T,2084044800,0.4221,2.50,bitmap_B_resident,gddr5,14.0,3288626706,418222080,230400,1.57800,654.2110,46040.7739,46694.9848,-2.73,656670720,120242.1055,-1.08,1386.658,689.74,0,31.94,239.76
microsoft__bitnet-b1.58-2B-4T,2084044800,0.4221,2.50,bitmap_B_streamed,gddr5,14.0,3288626706,418222080,230400,1.57800,745.7169,46040.7739,46786.4908,-2.54,656670720,120333.6115,-1.00,1631.378,586.27,0,31.94,239.76
microsoft__bitnet-b1.58-2B-4T,2084044800,0.4221,2.50,five_trit,dram_45nm_horowitz,30.5,3386572800,424688640,0,1.62500,595.7905,103290.4704,103886.2609,+0.00,656670720,264113.9166,+0.00,1200.192,784.76,0,31.57,237.04
microsoft__bitnet-b1.58-2B-4T,2084044800,0.4221,2.50,bitmap_A,dram_45nm_horowitz,30.5,3288396306,418222080,0,1.57789,791.4356,100296.0873,101087.5229,-2.69,656670720,261315.1786,-1.06,1545.726,618.76,0,31.94,239.76
microsoft__bitnet-b1.58-2B-4T,2084044800,0.4221,2.50,bitmap_B_resident,dram_45nm_horowitz,30.5,3288626706,418222080,230400,1.57800,654.2110,100303.1145,100957.3255,-2.82,656670720,261184.9812,-1.11,1386.658,689.74,0,31.94,239.76
microsoft__bitnet-b1.58-2B-4T,2084044800,0.4221,2.50,bitmap_B_streamed,dram_45nm_horowitz,30.5,3288626706,418222080,230400,1.57800,745.7169,100303.1145,101048.8315,-2.73,656670720,261276.4872,-1.07,1631.378,586.27,0,31.94,239.76
microsoft__bitnet-b1.58-2B-4T,2084044800,0.4221,2.50,five_trit,ddr3_peak,70,3386572800,424688640,0,1.62500,595.7905,237060.0960,237655.8865,+0.00,656670720,605391.4897,+0.00,1200.192,784.76,0,31.57,237.04
microsoft__bitnet-b1.58-2B-4T,2084044800,0.4221,2.50,bitmap_A,ddr3_peak,70,3288396306,418222080,0,1.57789,791.4356,230187.7414,230979.1770,-2.81,656670720,598714.7802,-1.10,1545.726,618.76,0,31.94,239.76
microsoft__bitnet-b1.58-2B-4T,2084044800,0.4221,2.50,bitmap_B_resident,ddr3_peak,70,3288626706,418222080,230400,1.57800,654.2110,230203.8694,230858.0804,-2.86,656670720,598593.6836,-1.12,1386.658,689.74,0,31.94,239.76
microsoft__bitnet-b1.58-2B-4T,2084044800,0.4221,2.50,bitmap_B_streamed,ddr3_peak,70,3288626706,418222080,230400,1.57800,745.7169,230203.8694,230949.5864,-2.82,656670720,598685.1896,-1.11,1631.378,586.27,0,31.94,239.76
tiiuae__Falcon-E-1B-Instruct,1585446912,0.4080,1.60,five_trit,sram_8kb_45nm,0.156,2576351232,323248128,0,1.62500,553.0935,401.9108,955.0043,+0.00,134217728,1122.5081,+0.00,1373.358,1407.86,0,74.74,561.08
tiiuae__Falcon-E-1B-Instruct,1585446912,0.4080,1.60,bitmap_A,sram_8kb_45nm,0.156,2524016601,318554112,0,1.59199,658.0562,393.7466,1051.8028,+10.14,134217728,1219.3065,+8.62,1624.994,1207.38,0,75.82,569.24
tiiuae__Falcon-E-1B-Instruct,1585446912,0.4080,1.60,bitmap_B_resident,sram_8kb_45nm,0.156,2525319129,318554112,1302528,1.59281,544.4005,393.9498,938.3502,-1.74,134217728,1105.8540,-1.48,1448.636,1354.37,0,75.80,569.04
tiiuae__Falcon-E-1B-Instruct,1585446912,0.4080,1.60,bitmap_B_streamed,sram_8kb_45nm,0.156,2525319129,318554112,1302528,1.59281,612.9885,393.9498,1006.9383,+5.44,134217728,1174.4420,+4.63,1693.356,1158.64,0,75.80,569.04
tiiuae__Falcon-E-1B-Instruct,1585446912,0.4080,1.60,five_trit,sram_32kb_45nm,0.313,2576351232,323248128,0,1.62500,553.0935,806.3979,1359.4915,+0.00,134217728,1695.5727,+0.00,1373.358,1407.86,0,74.74,561.08
tiiuae__Falcon-E-1B-Instruct,1585446912,0.4080,1.60,bitmap_A,sram_32kb_45nm,0.313,2524016601,318554112,0,1.59199,658.0562,790.0172,1448.0734,+6.52,134217728,1784.1546,+5.22,1624.994,1207.38,0,75.82,569.24
tiiuae__Falcon-E-1B-Instruct,1585446912,0.4080,1.60,bitmap_B_resident,sram_32kb_45nm,0.313,2525319129,318554112,1302528,1.59281,544.4005,790.4249,1334.8253,-1.81,134217728,1670.9065,-1.45,1448.636,1354.37,0,75.80,569.04
tiiuae__Falcon-E-1B-Instruct,1585446912,0.4080,1.60,bitmap_B_streamed,sram_32kb_45nm,0.313,2525319129,318554112,1302528,1.59281,612.9885,790.4249,1403.4134,+3.23,134217728,1739.4946,+2.59,1693.356,1158.64,0,75.80,569.04
tiiuae__Falcon-E-1B-Instruct,1585446912,0.4080,1.60,five_trit,sram_1mb_45nm,1.563,2576351232,323248128,0,1.62500,553.0935,4026.8370,4579.9305,+0.00,134217728,6258.1890,+0.00,1373.358,1407.86,0,74.74,561.08
tiiuae__Falcon-E-1B-Instruct,1585446912,0.4080,1.60,bitmap_A,sram_1mb_45nm,1.563,2524016601,318554112,0,1.59199,658.0562,3945.0379,4603.0941,+0.51,134217728,6281.3526,+0.37,1624.994,1207.38,0,75.82,569.24
tiiuae__Falcon-E-1B-Instruct,1585446912,0.4080,1.60,bitmap_B_resident,sram_1mb_45nm,1.563,2525319129,318554112,1302528,1.59281,544.4005,3947.0738,4491.4742,-1.93,134217728,6169.7327,-1.41,1448.636,1354.37,0,75.80,569.04
tiiuae__Falcon-E-1B-Instruct,1585446912,0.4080,1.60,bitmap_B_streamed,sram_1mb_45nm,1.563,2525319129,318554112,1302528,1.59281,612.9885,3947.0738,4560.0623,-0.43,134217728,6238.3208,-0.32,1693.356,1158.64,0,75.80,569.04
tiiuae__Falcon-E-1B-Instruct,1585446912,0.4080,1.60,five_trit,sram_1mb_45nm_cacti,1.058,2576351232,323248128,0,1.62500,553.0935,2725.7796,3278.8732,+0.00,134217728,4414.8920,+0.00,1373.358,1407.86,0,74.74,561.08
tiiuae__Falcon-E-1B-Instruct,1585446912,0.4080,1.60,bitmap_A,sram_1mb_45nm_cacti,1.058,2524016601,318554112,0,1.59199,658.0562,2670.4096,3328.4658,+1.51,134217728,4464.4846,+1.12,1624.994,1207.38,0,75.82,569.24
tiiuae__Falcon-E-1B-Instruct,1585446912,0.4080,1.60,bitmap_B_resident,sram_1mb_45nm_cacti,1.058,2525319129,318554112,1302528,1.59281,544.4005,2671.7876,3216.1881,-1.91,134217728,4352.2069,-1.42,1448.636,1354.37,0,75.80,569.04
tiiuae__Falcon-E-1B-Instruct,1585446912,0.4080,1.60,bitmap_B_streamed,sram_1mb_45nm_cacti,1.058,2525319129,318554112,1302528,1.59281,612.9885,2671.7876,3284.7761,+0.18,134217728,4420.7950,+0.13,1693.356,1158.64,0,75.80,569.04
tiiuae__Falcon-E-1B-Instruct,1585446912,0.4080,1.60,five_trit,sram_32kb_7nm,0.133,2576351232,323248128,0,1.62500,553.0935,342.6547,895.7483,+0.00,134217728,1038.5559,+0.00,1373.358,1407.86,0,74.74,561.08
tiiuae__Falcon-E-1B-Instruct,1585446912,0.4080,1.60,bitmap_A,sram_32kb_7nm,0.133,2524016601,318554112,0,1.59199,658.0562,335.6942,993.7504,+10.94,134217728,1136.5581,+9.44,1624.994,1207.38,0,75.82,569.24
tiiuae__Falcon-E-1B-Instruct,1585446912,0.4080,1.60,bitmap_B_resident,sram_32kb_7nm,0.133,2525319129,318554112,1302528,1.59281,544.4005,335.8674,880.2679,-1.73,134217728,1023.0756,-1.49,1448.636,1354.37,0,75.80,569.04
tiiuae__Falcon-E-1B-Instruct,1585446912,0.4080,1.60,bitmap_B_streamed,sram_32kb_7nm,0.133,2525319129,318554112,1302528,1.59281,612.9885,335.8674,948.8559,+5.93,134217728,1091.6636,+5.11,1693.356,1158.64,0,75.80,569.04
tiiuae__Falcon-E-1B-Instruct,1585446912,0.4080,1.60,five_trit,sram_1mb_7nm,0.219,2576351232,323248128,0,1.62500,553.0935,564.2209,1117.3145,+0.00,134217728,1352.4639,+0.00,1373.358,1407.86,0,74.74,561.08
tiiuae__Falcon-E-1B-Instruct,1585446912,0.4080,1.60,bitmap_A,sram_1mb_7nm,0.219,2524016601,318554112,0,1.59199,658.0562,552.7596,1210.8158,+8.37,134217728,1445.9653,+6.91,1624.994,1207.38,0,75.82,569.24
tiiuae__Falcon-E-1B-Instruct,1585446912,0.4080,1.60,bitmap_B_resident,sram_1mb_7nm,0.219,2525319129,318554112,1302528,1.59281,544.4005,553.0449,1097.4453,-1.78,134217728,1332.5948,-1.47,1448.636,1354.37,0,75.80,569.04
tiiuae__Falcon-E-1B-Instruct,1585446912,0.4080,1.60,bitmap_B_streamed,sram_1mb_7nm,0.219,2525319129,318554112,1302528,1.59281,612.9885,553.0449,1166.0334,+4.36,134217728,1401.1828,+3.60,1693.356,1158.64,0,75.80,569.04
tiiuae__Falcon-E-1B-Instruct,1585446912,0.4080,1.60,five_trit,hbm2,3.97,2576351232,323248128,0,1.62500,553.0935,10228.1144,10781.2079,+0.00,134217728,15043.9630,+0.00,1373.358,1407.86,0,74.74,561.08
tiiuae__Falcon-E-1B-Instruct,1585446912,0.4080,1.60,bitmap_A,hbm2,3.97,2524016601,318554112,0,1.59199,658.0562,10020.3459,10678.4021,-0.95,134217728,14941.1571,-0.68,1624.994,1207.38,0,75.82,569.24
tiiuae__Falcon-E-1B-Instruct,1585446912,0.4080,1.60,bitmap_B_resident,hbm2,3.97,2525319129,318554112,1302528,1.59281,544.4005,10025.5169,10569.9174,-1.96,134217728,14832.6724,-1.40,1448.636,1354.37,0,75.80,569.04
tiiuae__Falcon-E-1B-Instruct,1585446912,0.4080,1.60,bitmap_B_streamed,hbm2,3.97,2525319129,318554112,1302528,1.59281,612.9885,10025.5169,10638.5054,-1.32,134217728,14901.2605,-0.95,1693.356,1158.64,0,75.80,569.04
tiiuae__Falcon-E-1B-Instruct,1585446912,0.4080,1.60,five_trit,hbm2_streamed,3.59,2576351232,323248128,0,1.62500,553.0935,9249.1009,9802.1945,+0.00,134217728,13656.9276,+0.00,1373.358,1407.86,0,74.74,561.08
tiiuae__Falcon-E-1B-Instruct,1585446912,0.4080,1.60,bitmap_A,hbm2_streamed,3.59,2524016601,318554112,0,1.59199,658.0562,9061.2196,9719.2758,-0.85,134217728,13574.0089,-0.61,1624.994,1207.38,0,75.82,569.24
tiiuae__Falcon-E-1B-Instruct,1585446912,0.4080,1.60,bitmap_B_resident,hbm2_streamed,3.59,2525319129,318554112,1302528,1.59281,544.4005,9065.8957,9610.2961,-1.96,134217728,13465.0293,-1.41,1448.636,1354.37,0,75.80,569.04
tiiuae__Falcon-E-1B-Instruct,1585446912,0.4080,1.60,bitmap_B_streamed,hbm2_streamed,3.59,2525319129,318554112,1302528,1.59281,612.9885,9065.8957,9678.8842,-1.26,134217728,13533.6173,-0.90,1693.356,1158.64,0,75.80,569.04
tiiuae__Falcon-E-1B-Instruct,1585446912,0.4080,1.60,five_trit,lpddr4_package,12,2576351232,323248128,0,1.62500,553.0935,30916.2148,31469.3083,+0.00,134217728,44354.2102,+0.00,1373.358,1407.86,0,74.74,561.08
tiiuae__Falcon-E-1B-Instruct,1585446912,0.4080,1.60,bitmap_A,lpddr4_package,12,2524016601,318554112,0,1.59199,658.0562,30288.1992,30946.2554,-1.66,134217728,43831.1573,-1.18,1624.994,1207.38,0,75.82,569.24
tiiuae__Falcon-E-1B-Instruct,1585446912,0.4080,1.60,bitmap_B_resident,lpddr4_package,12,2525319129,318554112,1302528,1.59281,544.4005,30303.8295,30848.2300,-1.97,134217728,43733.1319,-1.40,1448.636,1354.37,0,75.80,569.04
tiiuae__Falcon-E-1B-Instruct,1585446912,0.4080,1.60,bitmap_B_streamed,lpddr4_package,12,2525319129,318554112,1302528,1.59281,612.9885,30303.8295,30916.8180,-1.76,134217728,43801.7199,-1.25,1693.356,1158.64,0,75.80,569.04
tiiuae__Falcon-E-1B-Instruct,1585446912,0.4080,1.60,five_trit,gddr5,14.0,2576351232,323248128,0,1.62500,553.0935,36068.9172,36622.0108,+0.00,134217728,51654.3963,+0.00,1373.358,1407.86,0,74.74,561.08
tiiuae__Falcon-E-1B-Instruct,1585446912,0.4080,1.60,bitmap_A,gddr5,14.0,2524016601,318554112,0,1.59199,658.0562,35336.2324,35994.2886,-1.71,134217728,51026.6741,-1.22,1624.994,1207.38,0,75.82,569.24
tiiuae__Falcon-E-1B-Instruct,1585446912,0.4080,1.60,bitmap_B_resident,gddr5,14.0,2525319129,318554112,1302528,1.59281,544.4005,35354.4678,35898.8683,-1.97,134217728,50931.2538,-1.40,1448.636,1354.37,0,75.80,569.04
tiiuae__Falcon-E-1B-Instruct,1585446912,0.4080,1.60,bitmap_B_streamed,gddr5,14.0,2525319129,318554112,1302528,1.59281,612.9885,35354.4678,35967.4563,-1.79,134217728,50999.8418,-1.27,1693.356,1158.64,0,75.80,569.04
tiiuae__Falcon-E-1B-Instruct,1585446912,0.4080,1.60,five_trit,dram_45nm_horowitz,30.5,2576351232,323248128,0,1.62500,553.0935,78578.7126,79131.8061,+0.00,134217728,111880.9318,+0.00,1373.358,1407.86,0,74.74,561.08
tiiuae__Falcon-E-1B-Instruct,1585446912,0.4080,1.60,bitmap_A,dram_45nm_horowitz,30.5,2524016601,318554112,0,1.59199,658.0562,76982.5063,77640.5625,-1.88,134217728,110389.6882,-1.33,1624.994,1207.38,0,75.82,569.24
tiiuae__Falcon-E-1B-Instruct,1585446912,0.4080,1.60,bitmap_B_resident,dram_45nm_horowitz,30.5,2525319129,318554112,1302528,1.59281,544.4005,77022.2334,77566.6339,-1.98,134217728,110315.7595,-1.40,1448.636,1354.37,0,75.80,569.04
tiiuae__Falcon-E-1B-Instruct,1585446912,0.4080,1.60,bitmap_B_streamed,dram_45nm_horowitz,30.5,2525319129,318554112,1302528,1.59281,612.9885,77022.2334,77635.2219,-1.89,134217728,110384.3476,-1.34,1693.356,1158.64,0,75.80,569.04
tiiuae__Falcon-E-1B-Instruct,1585446912,0.4080,1.60,five_trit,ddr3_peak,70,2576351232,323248128,0,1.62500,553.0935,180344.5862,180897.6798,+0.00,134217728,256059.6075,+0.00,1373.358,1407.86,0,74.74,561.08
tiiuae__Falcon-E-1B-Instruct,1585446912,0.4080,1.60,bitmap_A,ddr3_peak,70,2524016601,318554112,0,1.59199,658.0562,176681.1621,177339.2183,-1.97,134217728,252501.1459,-1.39,1624.994,1207.38,0,75.82,569.24
tiiuae__Falcon-E-1B-Instruct,1585446912,0.4080,1.60,bitmap_B_resident,ddr3_peak,70,2525319129,318554112,1302528,1.59281,544.4005,176772.3390,177316.7395,-1.98,134217728,252478.6672,-1.40,1448.636,1354.37,0,75.80,569.04
tiiuae__Falcon-E-1B-Instruct,1585446912,0.4080,1.60,bitmap_B_streamed,ddr3_peak,70,2525319129,318554112,1302528,1.59281,612.9885,176772.3390,177385.3275,-1.94,134217728,252547.2552,-1.37,1693.356,1158.64,0,75.80,569.04
tiiuae__Falcon-E-1B-Instruct,1585446912,0.4080,2.00,five_trit,sram_8kb_45nm,0.156,2576351232,323248128,0,1.62500,467.9563,401.9108,869.8671,+0.00,134217728,1037.3709,+0.00,1221.206,1266.62,0,74.74,561.08
tiiuae__Falcon-E-1B-Instruct,1585446912,0.4080,2.00,bitmap_A,sram_8kb_45nm,0.156,2524016601,318554112,0,1.59199,603.1280,393.7466,996.8746,+14.60,134217728,1164.3783,+12.24,1573.656,997.42,0,75.82,569.24
tiiuae__Falcon-E-1B-Instruct,1585446912,0.4080,2.00,bitmap_B_resident,sram_8kb_45nm,0.156,2525319129,318554112,1302528,1.59281,505.5721,393.9498,899.5219,+3.41,134217728,1067.0256,+2.86,1412.194,1111.46,0,75.80,569.04
tiiuae__Falcon-E-1B-Instruct,1585446912,0.4080,2.00,bitmap_B_streamed,sram_8kb_45nm,0.156,2525319129,318554112,1302528,1.59281,574.7418,393.9498,968.6916,+11.36,134217728,1136.1953,+9.53,1656.914,947.30,0,75.80,569.04
tiiuae__Falcon-E-1B-Instruct,1585446912,0.4080,2.00,five_trit,sram_32kb_45nm,0.313,2576351232,323248128,0,1.62500,467.9563,806.3979,1274.3543,+0.00,134217728,1610.4355,+0.00,1221.206,1266.62,0,74.74,561.08
tiiuae__Falcon-E-1B-Instruct,1585446912,0.4080,2.00,bitmap_A,sram_32kb_45nm,0.313,2524016601,318554112,0,1.59199,603.1280,790.0172,1393.1452,+9.32,134217728,1729.2264,+7.38,1573.656,997.42,0,75.82,569.24
tiiuae__Falcon-E-1B-Instruct,1585446912,0.4080,2.00,bitmap_B_resident,sram_32kb_45nm,0.313,2525319129,318554112,1302528,1.59281,505.5721,790.4249,1295.9970,+1.70,134217728,1632.0782,+1.34,1412.194,1111.46,0,75.80,569.04
tiiuae__Falcon-E-1B-Instruct,1585446912,0.4080,2.00,bitmap_B_streamed,sram_32kb_45nm,0.313,2525319129,318554112,1302528,1.59281,574.7418,790.4249,1365.1667,+7.13,134217728,1701.2479,+5.64,1656.914,947.30,0,75.80,569.04
tiiuae__Falcon-E-1B-Instruct,1585446912,0.4080,2.00,five_trit,sram_1mb_45nm,1.563,2576351232,323248128,0,1.62500,467.9563,4026.8370,4494.7933,+0.00,134217728,6173.0518,+0.00,1221.206,1266.62,0,74.74,561.08
tiiuae__Falcon-E-1B-Instruct,1585446912,0.4080,2.00,bitmap_A,sram_1mb_45nm,1.563,2524016601,318554112,0,1.59199,603.1280,3945.0379,4548.1660,+1.19,134217728,6226.4244,+0.86,1573.656,997.42,0,75.82,569.24
tiiuae__Falcon-E-1B-Instruct,1585446912,0.4080,2.00,bitmap_B_resident,sram_1mb_45nm,1.563,2525319129,318554112,1302528,1.59281,505.5721,3947.0738,4452.6459,-0.94,134217728,6130.9044,-0.68,1412.194,1111.46,0,75.80,569.04
tiiuae__Falcon-E-1B-Instruct,1585446912,0.4080,2.00,bitmap_B_streamed,sram_1mb_45nm,1.563,2525319129,318554112,1302528,1.59281,574.7418,3947.0738,4521.8156,+0.60,134217728,6200.0741,+0.44,1656.914,947.30,0,75.80,569.04
tiiuae__Falcon-E-1B-Instruct,1585446912,0.4080,2.00,five_trit,sram_1mb_45nm_cacti,1.058,2576351232,323248128,0,1.62500,467.9563,2725.7796,3193.7359,+0.00,134217728,4329.7548,+0.00,1221.206,1266.62,0,74.74,561.08
tiiuae__Falcon-E-1B-Instruct,1585446912,0.4080,2.00,bitmap_A,sram_1mb_45nm_cacti,1.058,2524016601,318554112,0,1.59199,603.1280,2670.4096,3273.5376,+2.50,134217728,4409.5564,+1.84,1573.656,997.42,0,75.82,569.24
tiiuae__Falcon-E-1B-Instruct,1585446912,0.4080,2.00,bitmap_B_resident,sram_1mb_45nm_cacti,1.058,2525319129,318554112,1302528,1.59281,505.5721,2671.7876,3177.3598,-0.51,134217728,4313.3786,-0.38,1412.194,1111.46,0,75.80,569.04
tiiuae__Falcon-E-1B-Instruct,1585446912,0.4080,2.00,bitmap_B_streamed,sram_1mb_45nm_cacti,1.058,2525319129,318554112,1302528,1.59281,574.7418,2671.7876,3246.5295,+1.65,134217728,4382.5483,+1.22,1656.914,947.30,0,75.80,569.04
tiiuae__Falcon-E-1B-Instruct,1585446912,0.4080,2.00,five_trit,sram_32kb_7nm,0.133,2576351232,323248128,0,1.62500,467.9563,342.6547,810.6111,+0.00,134217728,953.4187,+0.00,1221.206,1266.62,0,74.74,561.08
tiiuae__Falcon-E-1B-Instruct,1585446912,0.4080,2.00,bitmap_A,sram_32kb_7nm,0.133,2524016601,318554112,0,1.59199,603.1280,335.6942,938.8222,+15.82,134217728,1081.6299,+13.45,1573.656,997.42,0,75.82,569.24
tiiuae__Falcon-E-1B-Instruct,1585446912,0.4080,2.00,bitmap_B_resident,sram_32kb_7nm,0.133,2525319129,318554112,1302528,1.59281,505.5721,335.8674,841.4396,+3.80,134217728,984.2472,+3.23,1412.194,1111.46,0,75.80,569.04
tiiuae__Falcon-E-1B-Instruct,1585446912,0.4080,2.00,bitmap_B_streamed,sram_32kb_7nm,0.133,2525319129,318554112,1302528,1.59281,574.7418,335.8674,910.6093,+12.34,134217728,1053.4169,+10.49,1656.914,947.30,0,75.80,569.04
tiiuae__Falcon-E-1B-Instruct,1585446912,0.4080,2.00,five_trit,sram_1mb_7nm,0.219,2576351232,323248128,0,1.62500,467.9563,564.2209,1032.1773,+0.00,134217728,1267.3267,+0.00,1221.206,1266.62,0,74.74,561.08
tiiuae__Falcon-E-1B-Instruct,1585446912,0.4080,2.00,bitmap_A,sram_1mb_7nm,0.219,2524016601,318554112,0,1.59199,603.1280,552.7596,1155.8876,+11.99,134217728,1391.0371,+9.76,1573.656,997.42,0,75.82,569.24
tiiuae__Falcon-E-1B-Instruct,1585446912,0.4080,2.00,bitmap_B_resident,sram_1mb_7nm,0.219,2525319129,318554112,1302528,1.59281,505.5721,553.0449,1058.6170,+2.56,134217728,1293.7665,+2.09,1412.194,1111.46,0,75.80,569.04
tiiuae__Falcon-E-1B-Instruct,1585446912,0.4080,2.00,bitmap_B_streamed,sram_1mb_7nm,0.219,2525319129,318554112,1302528,1.59281,574.7418,553.0449,1127.7867,+9.26,134217728,1362.9362,+7.54,1656.914,947.30,0,75.80,569.04
tiiuae__Falcon-E-1B-Instruct,1585446912,0.4080,2.00,five_trit,hbm2,3.97,2576351232,323248128,0,1.62500,467.9563,10228.1144,10696.0707,+0.00,134217728,14958.8258,+0.00,1221.206,1266.62,0,74.74,561.08
tiiuae__Falcon-E-1B-Instruct,1585446912,0.4080,2.00,bitmap_A,hbm2,3.97,2524016601,318554112,0,1.59199,603.1280,10020.3459,10623.4739,-0.68,134217728,14886.2290,-0.49,1573.656,997.42,0,75.82,569.24
tiiuae__Falcon-E-1B-Instruct,1585446912,0.4080,2.00,bitmap_B_resident,hbm2,3.97,2525319129,318554112,1302528,1.59281,505.5721,10025.5169,10531.0891,-1.54,134217728,14793.8441,-1.10,1412.194,1111.46,0,75.80,569.04
tiiuae__Falcon-E-1B-Instruct,1585446912,0.4080,2.00,bitmap_B_streamed,hbm2,3.97,2525319129,318554112,1302528,1.59281,574.7418,10025.5169,10600.2588,-0.90,134217728,14863.0138,-0.64,1656.914,947.30,0,75.80,569.04
tiiuae__Falcon-E-1B-Instruct,1585446912,0.4080,2.00,five_trit,hbm2_streamed,3.59,2576351232,323248128,0,1.62500,467.9563,9249.1009,9717.0573,+0.00,134217728,13571.7904,+0.00,1221.206,1266.62,0,74.74,561.08
tiiuae__Falcon-E-1B-Instruct,1585446912,0.4080,2.00,bitmap_A,hbm2_streamed,3.59,2524016601,318554112,0,1.59199,603.1280,9061.2196,9664.3476,-0.54,134217728,13519.0808,-0.39,1573.656,997.42,0,75.82,569.24
tiiuae__Falcon-E-1B-Instruct,1585446912,0.4080,2.00,bitmap_B_resident,hbm2_streamed,3.59,2525319129,318554112,1302528,1.59281,505.5721,9065.8957,9571.4678,-1.50,134217728,13426.2009,-1.07,1412.194,1111.46,0,75.80,569.04
tiiuae__Falcon-E-1B-Instruct,1585446912,0.4080,2.00,bitmap_B_streamed,hbm2_streamed,3.59,2525319129,318554112,1302528,1.59281,574.7418,9065.8957,9640.6375,-0.79,134217728,13495.3706,-0.56,1656.914,947.30,0,75.80,569.04
tiiuae__Falcon-E-1B-Instruct,1585446912,0.4080,2.00,five_trit,lpddr4_package,12,2576351232,323248128,0,1.62500,467.9563,30916.2148,31384.1711,+0.00,134217728,44269.0730,+0.00,1221.206,1266.62,0,74.74,561.08
tiiuae__Falcon-E-1B-Instruct,1585446912,0.4080,2.00,bitmap_A,lpddr4_package,12,2524016601,318554112,0,1.59199,603.1280,30288.1992,30891.3272,-1.57,134217728,43776.2291,-1.11,1573.656,997.42,0,75.82,569.24
tiiuae__Falcon-E-1B-Instruct,1585446912,0.4080,2.00,bitmap_B_resident,lpddr4_package,12,2525319129,318554112,1302528,1.59281,505.5721,30303.8295,30809.4017,-1.83,134217728,43694.3036,-1.30,1412.194,1111.46,0,75.80,569.04
tiiuae__Falcon-E-1B-Instruct,1585446912,0.4080,2.00,bitmap_B_streamed,lpddr4_package,12,2525319129,318554112,1302528,1.59281,574.7418,30303.8295,30878.5714,-1.61,134217728,43763.4732,-1.14,1656.914,947.30,0,75.80,569.04
tiiuae__Falcon-E-1B-Instruct,1585446912,0.4080,2.00,five_trit,gddr5,14.0,2576351232,323248128,0,1.62500,467.9563,36068.9172,36536.8736,+0.00,134217728,51569.2591,+0.00,1221.206,1266.62,0,74.74,561.08
tiiuae__Falcon-E-1B-Instruct,1585446912,0.4080,2.00,bitmap_A,gddr5,14.0,2524016601,318554112,0,1.59199,603.1280,35336.2324,35939.3604,-1.64,134217728,50971.7460,-1.16,1573.656,997.42,0,75.82,569.24
tiiuae__Falcon-E-1B-Instruct,1585446912,0.4080,2.00,bitmap_B_resident,gddr5,14.0,2525319129,318554112,1302528,1.59281,505.5721,35354.4678,35860.0399,-1.85,134217728,50892.4255,-1.31,1412.194,1111.46,0,75.80,569.04
tiiuae__Falcon-E-1B-Instruct,1585446912,0.4080,2.00,bitmap_B_streamed,gddr5,14.0,2525319129,318554112,1302528,1.59281,574.7418,35354.4678,35929.2096,-1.66,134217728,50961.5952,-1.18,1656.914,947.30,0,75.80,569.04
tiiuae__Falcon-E-1B-Instruct,1585446912,0.4080,2.00,five_trit,dram_45nm_horowitz,30.5,2576351232,323248128,0,1.62500,467.9563,78578.7126,79046.6689,+0.00,134217728,111795.7945,+0.00,1221.206,1266.62,0,74.74,561.08
tiiuae__Falcon-E-1B-Instruct,1585446912,0.4080,2.00,bitmap_A,dram_45nm_horowitz,30.5,2524016601,318554112,0,1.59199,603.1280,76982.5063,77585.6343,-1.85,134217728,110334.7600,-1.31,1573.656,997.42,0,75.82,569.24
tiiuae__Falcon-E-1B-Instruct,1585446912,0.4080,2.00,bitmap_B_resident,dram_45nm_horowitz,30.5,2525319129,318554112,1302528,1.59281,505.5721,77022.2334,77527.8056,-1.92,134217728,110276.9312,-1.36,1412.194,1111.46,0,75.80,569.04
tiiuae__Falcon-E-1B-Instruct,1585446912,0.4080,2.00,bitmap_B_streamed,dram_45nm_horowitz,30.5,2525319129,318554112,1302528,1.59281,574.7418,77022.2334,77596.9752,-1.83,134217728,110346.1009,-1.30,1656.914,947.30,0,75.80,569.04
tiiuae__Falcon-E-1B-Instruct,1585446912,0.4080,2.00,five_trit,ddr3_peak,70,2576351232,323248128,0,1.62500,467.9563,180344.5862,180812.5426,+0.00,134217728,255974.4703,+0.00,1221.206,1266.62,0,74.74,561.08
tiiuae__Falcon-E-1B-Instruct,1585446912,0.4080,2.00,bitmap_A,ddr3_peak,70,2524016601,318554112,0,1.59199,603.1280,176681.1621,177284.2901,-1.95,134217728,252446.2178,-1.38,1573.656,997.42,0,75.82,569.24
tiiuae__Falcon-E-1B-Instruct,1585446912,0.4080,2.00,bitmap_B_resident,ddr3_peak,70,2525319129,318554112,1302528,1.59281,505.5721,176772.3390,177277.9112,-1.95,134217728,252439.8388,-1.38,1412.194,1111.46,0,75.80,569.04
tiiuae__Falcon-E-1B-Instruct,1585446912,0.4080,2.00,bitmap_B_streamed,ddr3_peak,70,2525319129,318554112,1302528,1.59281,574.7418,176772.3390,177347.0808,-1.92,134217728,252509.0085,-1.35,1656.914,947.30,0,75.80,569.04
tiiuae__Falcon-E-1B-Instruct,1585446912,0.4080,2.50,five_trit,sram_8kb_45nm,0.156,2576351232,323248128,0,1.62500,455.5671,401.9108,857.4779,+0.00,134217728,1024.9816,+0.00,1200.192,1031.03,0,74.74,561.08
tiiuae__Falcon-E-1B-Instruct,1585446912,0.4080,2.50,bitmap_A,sram_8kb_45nm,0.156,2524016601,318554112,0,1.59199,604.5227,393.7466,998.2693,+16.42,134217728,1165.7731,+13.74,1545.726,812.35,0,75.82,569.24
tiiuae__Falcon-E-1B-Instruct,1585446912,0.4080,2.50,bitmap_B_resident,sram_8kb_45nm,0.156,2525319129,318554112,1302528,1.59281,500.1424,393.9498,894.0921,+4.27,134217728,1061.5959,+3.57,1386.658,905.54,0,75.80,569.04
tiiuae__Falcon-E-1B-Instruct,1585446912,0.4080,2.50,bitmap_B_streamed,sram_8kb_45nm,0.156,2525319129,318554112,1302528,1.59281,570.0389,393.9498,963.9887,+12.42,134217728,1131.4924,+10.39,1631.378,769.70,0,75.80,569.04
tiiuae__Falcon-E-1B-Instruct,1585446912,0.4080,2.50,five_trit,sram_32kb_45nm,0.313,2576351232,323248128,0,1.62500,455.5671,806.3979,1261.9650,+0.00,134217728,1598.0462,+0.00,1200.192,1031.03,0,74.74,561.08
tiiuae__Falcon-E-1B-Instruct,1585446912,0.4080,2.50,bitmap_A,sram_32kb_45nm,0.313,2524016601,318554112,0,1.59199,604.5227,790.0172,1394.5399,+10.51,134217728,1730.6211,+8.30,1545.726,812.35,0,75.82,569.24
tiiuae__Falcon-E-1B-Instruct,1585446912,0.4080,2.50,bitmap_B_resident,sram_32kb_45nm,0.313,2525319129,318554112,1302528,1.59281,500.1424,790.4249,1290.5672,+2.27,134217728,1626.6484,+1.79,1386.658,905.54,0,75.80,569.04
tiiuae__Falcon-E-1B-Instruct,1585446912,0.4080,2.50,bitmap_B_streamed,sram_32kb_45nm,0.313,2525319129,318554112,1302528,1.59281,570.0389,790.4249,1360.4638,+7.81,134217728,1696.5450,+6.16,1631.378,769.70,0,75.80,569.04
tiiuae__Falcon-E-1B-Instruct,1585446912,0.4080,2.50,five_trit,sram_1mb_45nm,1.563,2576351232,323248128,0,1.62500,455.5671,4026.8370,4482.4041,+0.00,134217728,6160.6625,+0.00,1200.192,1031.03,0,74.74,561.08
tiiuae__Falcon-E-1B-Instruct,1585446912,0.4080,2.50,bitmap_A,sram_1mb_45nm,1.563,2524016601,318554112,0,1.59199,604.5227,3945.0379,4549.5607,+1.50,134217728,6227.8192,+1.09,1545.726,812.35,0,75.82,569.24
tiiuae__Falcon-E-1B-Instruct,1585446912,0.4080,2.50,bitmap_B_resident,sram_1mb_45nm,1.563,2525319129,318554112,1302528,1.59281,500.1424,3947.0738,4447.2161,-0.79,134217728,6125.4746,-0.57,1386.658,905.54,0,75.80,569.04
tiiuae__Falcon-E-1B-Instruct,1585446912,0.4080,2.50,bitmap_B_streamed,sram_1mb_45nm,1.563,2525319129,318554112,1302528,1.59281,570.0389,3947.0738,4517.1127,+0.77,134217728,6195.3712,+0.56,1631.378,769.70,0,75.80,569.04
tiiuae__Falcon-E-1B-Instruct,1585446912,0.4080,2.50,five_trit,sram_1mb_45nm_cacti,1.058,2576351232,323248128,0,1.62500,455.5671,2725.7796,3181.3467,+0.00,134217728,4317.3656,+0.00,1200.192,1031.03,0,74.74,561.08
tiiuae__Falcon-E-1B-Instruct,1585446912,0.4080,2.50,bitmap_A,sram_1mb_45nm_cacti,1.058,2524016601,318554112,0,1.59199,604.5227,2670.4096,3274.9323,+2.94,134217728,4410.9512,+2.17,1545.726,812.35,0,75.82,569.24
tiiuae__Falcon-E-1B-Instruct,1585446912,0.4080,2.50,bitmap_B_resident,sram_1mb_45nm_cacti,1.058,2525319129,318554112,1302528,1.59281,500.1424,2671.7876,3171.9300,-0.30,134217728,4307.9488,-0.22,1386.658,905.54,0,75.80,569.04
tiiuae__Falcon-E-1B-Instruct,1585446912,0.4080,2.50,bitmap_B_streamed,sram_1mb_45nm_cacti,1.058,2525319129,318554112,1302528,1.59281,570.0389,2671.7876,3241.8265,+1.90,134217728,4377.8454,+1.40,1631.378,769.70,0,75.80,569.04
tiiuae__Falcon-E-1B-Instruct,1585446912,0.4080,2.50,five_trit,sram_32kb_7nm,0.133,2576351232,323248128,0,1.62500,455.5671,342.6547,798.2218,+0.00,134217728,941.0295,+0.00,1200.192,1031.03,0,74.74,561.08
tiiuae__Falcon-E-1B-Instruct,1585446912,0.4080,2.50,bitmap_A,sram_32kb_7nm,0.133,2524016601,318554112,0,1.59199,604.5227,335.6942,940.2170,+17.79,134217728,1083.0246,+15.09,1545.726,812.35,0,75.82,569.24
tiiuae__Falcon-E-1B-Instruct,1585446912,0.4080,2.50,bitmap_B_resident,sram_32kb_7nm,0.133,2525319129,318554112,1302528,1.59281,500.1424,335.8674,836.0098,+4.73,134217728,978.8175,+4.02,1386.658,905.54,0,75.80,569.04
tiiuae__Falcon-E-1B-Instruct,1585446912,0.4080,2.50,bitmap_B_streamed,sram_32kb_7nm,0.133,2525319129,318554112,1302528,1.59281,570.0389,335.8674,905.9063,+13.49,134217728,1048.7140,+11.44,1631.378,769.70,0,75.80,569.04
tiiuae__Falcon-E-1B-Instruct,1585446912,0.4080,2.50,five_trit,sram_1mb_7nm,0.219,2576351232,323248128,0,1.62500,455.5671,564.2209,1019.7880,+0.00,134217728,1254.9375,+0.00,1200.192,1031.03,0,74.74,561.08
tiiuae__Falcon-E-1B-Instruct,1585446912,0.4080,2.50,bitmap_A,sram_1mb_7nm,0.219,2524016601,318554112,0,1.59199,604.5227,552.7596,1157.2824,+13.48,134217728,1392.4318,+10.96,1545.726,812.35,0,75.82,569.24
tiiuae__Falcon-E-1B-Instruct,1585446912,0.4080,2.50,bitmap_B_resident,sram_1mb_7nm,0.219,2525319129,318554112,1302528,1.59281,500.1424,553.0449,1053.1872,+3.28,134217728,1288.3367,+2.66,1386.658,905.54,0,75.80,569.04
tiiuae__Falcon-E-1B-Instruct,1585446912,0.4080,2.50,bitmap_B_streamed,sram_1mb_7nm,0.219,2525319129,318554112,1302528,1.59281,570.0389,553.0449,1123.0838,+10.13,134217728,1358.2332,+8.23,1631.378,769.70,0,75.80,569.04
tiiuae__Falcon-E-1B-Instruct,1585446912,0.4080,2.50,five_trit,hbm2,3.97,2576351232,323248128,0,1.62500,455.5671,10228.1144,10683.6815,+0.00,134217728,14946.4365,+0.00,1200.192,1031.03,0,74.74,561.08
tiiuae__Falcon-E-1B-Instruct,1585446912,0.4080,2.50,bitmap_A,hbm2,3.97,2524016601,318554112,0,1.59199,604.5227,10020.3459,10624.8687,-0.55,134217728,14887.6237,-0.39,1545.726,812.35,0,75.82,569.24
tiiuae__Falcon-E-1B-Instruct,1585446912,0.4080,2.50,bitmap_B_resident,hbm2,3.97,2525319129,318554112,1302528,1.59281,500.1424,10025.5169,10525.6593,-1.48,134217728,14788.4143,-1.06,1386.658,905.54,0,75.80,569.04
tiiuae__Falcon-E-1B-Instruct,1585446912,0.4080,2.50,bitmap_B_streamed,hbm2,3.97,2525319129,318554112,1302528,1.59281,570.0389,10025.5169,10595.5558,-0.82,134217728,14858.3109,-0.59,1631.378,769.70,0,75.80,569.04
tiiuae__Falcon-E-1B-Instruct,1585446912,0.4080,2.50,five_trit,hbm2_streamed,3.59,2576351232,323248128,0,1.62500,455.5671,9249.1009,9704.6680,+0.00,134217728,13559.4012,+0.00,1200.192,1031.03,0,74.74,561.08
tiiuae__Falcon-E-1B-Instruct,1585446912,0.4080,2.50,bitmap_A,hbm2_streamed,3.59,2524016601,318554112,0,1.59199,604.5227,9061.2196,9665.7423,-0.40,134217728,13520.4755,-0.29,1545.726,812.35,0,75.82,569.24
tiiuae__Falcon-E-1B-Instruct,1585446912,0.4080,2.50,bitmap_B_resident,hbm2_streamed,3.59,2525319129,318554112,1302528,1.59281,500.1424,9065.8957,9566.0380,-1.43,134217728,13420.7712,-1.02,1386.658,905.54,0,75.80,569.04
tiiuae__Falcon-E-1B-Instruct,1585446912,0.4080,2.50,bitmap_B_streamed,hbm2_streamed,3.59,2525319129,318554112,1302528,1.59281,570.0389,9065.8957,9635.9346,-0.71,134217728,13490.6677,-0.51,1631.378,769.70,0,75.80,569.04
tiiuae__Falcon-E-1B-Instruct,1585446912,0.4080,2.50,five_trit,lpddr4_package,12,2576351232,323248128,0,1.62500,455.5671,30916.2148,31371.7819,+0.00,134217728,44256.6838,+0.00,1200.192,1031.03,0,74.74,561.08
tiiuae__Falcon-E-1B-Instruct,1585446912,0.4080,2.50,bitmap_A,lpddr4_package,12,2524016601,318554112,0,1.59199,604.5227,30288.1992,30892.7220,-1.53,134217728,43777.6238,-1.08,1545.726,812.35,0,75.82,569.24
tiiuae__Falcon-E-1B-Instruct,1585446912,0.4080,2.50,bitmap_B_resident,lpddr4_package,12,2525319129,318554112,1302528,1.59281,500.1424,30303.8295,30803.9719,-1.81,134217728,43688.8738,-1.28,1386.658,905.54,0,75.80,569.04
tiiuae__Falcon-E-1B-Instruct,1585446912,0.4080,2.50,bitmap_B_streamed,lpddr4_package,12,2525319129,318554112,1302528,1.59281,570.0389,30303.8295,30873.8684,-1.59,134217728,43758.7703,-1.13,1631.378,769.70,0,75.80,569.04
tiiuae__Falcon-E-1B-Instruct,1585446912,0.4080,2.50,five_trit,gddr5,14.0,2576351232,323248128,0,1.62500,455.5671,36068.9172,36524.4843,+0.00,134217728,51556.8699,+0.00,1200.192,1031.03,0,74.74,561.08
tiiuae__Falcon-E-1B-Instruct,1585446912,0.4080,2.50,bitmap_A,gddr5,14.0,2524016601,318554112,0,1.59199,604.5227,35336.2324,35940.7552,-1.60,134217728,50973.1407,-1.13,1545.726,812.35,0,75.82,569.24
tiiuae__Falcon-E-1B-Instruct,1585446912,0.4080,2.50,bitmap_B_resident,gddr5,14.0,2525319129,318554112,1302528,1.59281,500.1424,35354.4678,35854.6102,-1.83,134217728,50886.9957,-1.30,1386.658,905.54,0,75.80,569.04
tiiuae__Falcon-E-1B-Instruct,1585446912,0.4080,2.50,bitmap_B_streamed,gddr5,14.0,2525319129,318554112,1302528,1.59281,570.0389,35354.4678,35924.5067,-1.64,134217728,50956.8922,-1.16,1631.378,769.70,0,75.80,569.04
tiiuae__Falcon-E-1B-Instruct,1585446912,0.4080,2.50,five_trit,dram_45nm_horowitz,30.5,2576351232,323248128,0,1.62500,455.5671,78578.7126,79034.2797,+0.00,134217728,111783.4053,+0.00,1200.192,1031.03,0,74.74,561.08
tiiuae__Falcon-E-1B-Instruct,1585446912,0.4080,2.50,bitmap_A,dram_45nm_horowitz,30.5,2524016601,318554112,0,1.59199,604.5227,76982.5063,77587.0291,-1.83,134217728,110336.1547,-1.29,1545.726,812.35,0,75.82,569.24
tiiuae__Falcon-E-1B-Instruct,1585446912,0.4080,2.50,bitmap_B_resident,dram_45nm_horowitz,30.5,2525319129,318554112,1302528,1.59281,500.1424,77022.2334,77522.3758,-1.91,134217728,110271.5014,-1.35,1386.658,905.54,0,75.80,569.04
tiiuae__Falcon-E-1B-Instruct,1585446912,0.4080,2.50,bitmap_B_streamed,dram_45nm_horowitz,30.5,2525319129,318554112,1302528,1.59281,570.0389,77022.2334,77592.2723,-1.82,134217728,110341.3980,-1.29,1631.378,769.70,0,75.80,569.04
tiiuae__Falcon-E-1B-Instruct,1585446912,0.4080,2.50,five_trit,ddr3_peak,70,2576351232,323248128,0,1.62500,455.5671,180344.5862,180800.1533,+0.00,134217728,255962.0810,+0.00,1200.192,1031.03,0,74.74,561.08
tiiuae__Falcon-E-1B-Instruct,1585446912,0.4080,2.50,bitmap_A,ddr3_peak,70,2524016601,318554112,0,1.59199,604.5227,176681.1621,177285.6848,-1.94,134217728,252447.6125,-1.37,1545.726,812.35,0,75.82,569.24
tiiuae__Falcon-E-1B-Instruct,1585446912,0.4080,2.50,bitmap_B_resident,ddr3_peak,70,2525319129,318554112,1302528,1.59281,500.1424,176772.3390,177272.4814,-1.95,134217728,252434.4091,-1.38,1386.658,905.54,0,75.80,569.04
tiiuae__Falcon-E-1B-Instruct,1585446912,0.4080,2.50,bitmap_B_streamed,ddr3_peak,70,2525319129,318554112,1302528,1.59281,570.0389,176772.3390,177342.3779,-1.91,134217728,252504.3056,-1.35,1631.378,769.70,0,75.80,569.04
tiiuae__Falcon-E-3B-Instruct,2919235584,0.3958,1.60,five_trit,sram_8kb_45nm,0.156,4743757824,595099648,0,1.62500,1022.2498,740.0262,1762.2760,+0.00,134217728,1929.7797,+0.00,1373.358,764.73,0,46.89,352.04
tiiuae__Falcon-E-3B-Instruct,2919235584,0.3958,1.60,bitmap_A,sram_8kb_45nm,0.156,4683095342,586416128,0,1.60422,1213.8907,730.5629,1944.4536,+10.34,134217728,2111.9573,+9.44,1624.994,655.88,0,47.39,355.75
tiiuae__Falcon-E-3B-Instruct,2919235584,0.3958,1.60,bitmap_B_resident,sram_8kb_45nm,0.156,4685290798,586416128,2195456,1.60497,1004.6902,730.9054,1735.5955,-1.51,134217728,1903.0993,-1.38,1448.636,735.72,0,47.37,355.62
tiiuae__Falcon-E-3B-Instruct,2919235584,0.3958,1.60,bitmap_B_streamed,sram_8kb_45nm,0.156,4685290798,586416128,2195456,1.60497,1131.4252,730.9054,1862.3306,+5.68,134217728,2029.8343,+5.18,1693.356,629.40,0,47.37,355.62
tiiuae__Falcon-E-3B-Instruct,2919235584,0.3958,1.60,five_trit,sram_32kb_45nm,0.313,4743757824,595099648,0,1.62500,1022.2498,1484.7962,2507.0460,+0.00,134217728,2843.1272,+0.00,1373.358,764.73,0,46.89,352.04
tiiuae__Falcon-E-3B-Instruct,2919235584,0.3958,1.60,bitmap_A,sram_32kb_45nm,0.313,4683095342,586416128,0,1.60422,1213.8907,1465.8088,2679.6995,+6.89,134217728,3015.7807,+6.07,1624.994,655.88,0,47.39,355.75
tiiuae__Falcon-E-3B-Instruct,2919235584,0.3958,1.60,bitmap_B_resident,sram_32kb_45nm,0.313,4685290798,586416128,2195456,1.60497,1004.6902,1466.4960,2471.1862,-1.43,134217728,2807.2674,-1.26,1448.636,735.72,0,47.37,355.62
tiiuae__Falcon-E-3B-Instruct,2919235584,0.3958,1.60,bitmap_B_streamed,sram_32kb_45nm,0.313,4685290798,586416128,2195456,1.60497,1131.4252,1466.4960,2597.9212,+3.62,134217728,2934.0024,+3.20,1693.356,629.40,0,47.37,355.62
tiiuae__Falcon-E-3B-Instruct,2919235584,0.3958,1.60,five_trit,sram_1mb_45nm,1.563,4743757824,595099648,0,1.62500,1022.2498,7414.4935,8436.7433,+0.00,134217728,10115.0018,+0.00,1373.358,764.73,0,46.89,352.04
tiiuae__Falcon-E-3B-Instruct,2919235584,0.3958,1.60,bitmap_A,sram_1mb_45nm,1.563,4683095342,586416128,0,1.60422,1213.8907,7319.6780,8533.5687,+1.15,134217728,10211.8272,+0.96,1624.994,655.88,0,47.39,355.75
tiiuae__Falcon-E-3B-Instruct,2919235584,0.3958,1.60,bitmap_B_resident,sram_1mb_45nm,1.563,4685290798,586416128,2195456,1.60497,1004.6902,7323.1095,8327.7997,-1.29,134217728,10006.0582,-1.08,1448.636,735.72,0,47.37,355.62
tiiuae__Falcon-E-3B-Instruct,2919235584,0.3958,1.60,bitmap_B_streamed,sram_1mb_45nm,1.563,4685290798,586416128,2195456,1.60497,1131.4252,7323.1095,8454.5347,+0.21,134217728,10132.7932,+0.18,1693.356,629.40,0,47.37,355.62
tiiuae__Falcon-E-3B-Instruct,2919235584,0.3958,1.60,five_trit,sram_1mb_45nm_cacti,1.058,4743757824,595099648,0,1.62500,1022.2498,5018.8958,6041.1456,+0.00,134217728,7177.1644,+0.00,1373.358,764.73,0,46.89,352.04
tiiuae__Falcon-E-3B-Instruct,2919235584,0.3958,1.60,bitmap_A,sram_1mb_45nm_cacti,1.058,4683095342,586416128,0,1.60422,1213.8907,4954.7149,6168.6056,+2.11,134217728,7304.6244,+1.78,1624.994,655.88,0,47.39,355.75
tiiuae__Falcon-E-3B-Instruct,2919235584,0.3958,1.60,bitmap_B_resident,sram_1mb_45nm_cacti,1.058,4685290798,586416128,2195456,1.60497,1004.6902,4957.0377,5961.7278,-1.31,134217728,7097.7467,-1.11,1448.636,735.72,0,47.37,355.62
tiiuae__Falcon-E-3B-Instruct,2919235584,0.3958,1.60,bitmap_B_streamed,sram_1mb_45nm_cacti,1.058,4685290798,586416128,2195456,1.60497,1131.4252,4957.0377,6088.4629,+0.78,134217728,7224.4817,+0.66,1693.356,629.40,0,47.37,355.62
tiiuae__Falcon-E-3B-Instruct,2919235584,0.3958,1.60,five_trit,sram_32kb_7nm,0.133,4743757824,595099648,0,1.62500,1022.2498,630.9198,1653.1696,+0.00,134217728,1795.9773,+0.00,1373.358,764.73,0,46.89,352.04
tiiuae__Falcon-E-3B-Instruct,2919235584,0.3958,1.60,bitmap_A,sram_32kb_7nm,0.133,4683095342,586416128,0,1.60422,1213.8907,622.8517,1836.7424,+11.10,134217728,1979.5501,+10.22,1624.994,655.88,0,47.39,355.75
tiiuae__Falcon-E-3B-Instruct,2919235584,0.3958,1.60,bitmap_B_resident,sram_32kb_7nm,0.133,4685290798,586416128,2195456,1.60497,1004.6902,623.1437,1627.8338,-1.53,134217728,1770.6415,-1.41,1448.636,735.72,0,47.37,355.62
tiiuae__Falcon-E-3B-Instruct,2919235584,0.3958,1.60,bitmap_B_streamed,sram_32kb_7nm,0.133,4685290798,586416128,2195456,1.60497,1131.4252,623.1437,1754.5689,+6.13,134217728,1897.3766,+5.65,1693.356,629.40,0,47.37,355.62
tiiuae__Falcon-E-3B-Instruct,2919235584,0.3958,1.60,five_trit,sram_1mb_7nm,0.219,4743757824,595099648,0,1.62500,1022.2498,1038.8830,2061.1328,+0.00,134217728,2296.2822,+0.00,1373.358,764.73,0,46.89,352.04
tiiuae__Falcon-E-3B-Instruct,2919235584,0.3958,1.60,bitmap_A,sram_1mb_7nm,0.219,4683095342,586416128,0,1.60422,1213.8907,1025.5979,2239.4886,+8.65,134217728,2474.6380,+7.77,1624.994,655.88,0,47.39,355.75
tiiuae__Falcon-E-3B-Instruct,2919235584,0.3958,1.60,bitmap_B_resident,sram_1mb_7nm,0.219,4685290798,586416128,2195456,1.60497,1004.6902,1026.0787,2030.7688,-1.47,134217728,2265.9183,-1.32,1448.636,735.72,0,47.37,355.62
tiiuae__Falcon-E-3B-Instruct,2919235584,0.3958,1.60,bitmap_B_streamed,sram_1mb_7nm,0.219,4685290798,586416128,2195456,1.60497,1131.4252,1026.0787,2157.5039,+4.68,134217728,2392.6534,+4.20,1693.356,629.40,0,47.37,355.62
tiiuae__Falcon-E-3B-Instruct,2919235584,0.3958,1.60,five_trit,hbm2,3.97,4743757824,595099648,0,1.62500,1022.2498,18832.7186,19854.9684,+0.00,134217728,24117.7234,+0.00,1373.358,764.73,0,46.89,352.04
tiiuae__Falcon-E-3B-Instruct,2919235584,0.3958,1.60,bitmap_A,hbm2,3.97,4683095342,586416128,0,1.60422,1213.8907,18591.8885,19805.7792,-0.25,134217728,24068.5343,-0.20,1624.994,655.88,0,47.39,355.75
tiiuae__Falcon-E-3B-Instruct,2919235584,0.3958,1.60,bitmap_B_resident,hbm2,3.97,4685290798,586416128,2195456,1.60497,1004.6902,18600.6045,19605.2946,-1.26,134217728,23868.0497,-1.04,1448.636,735.72,0,47.37,355.62
tiiuae__Falcon-E-3B-Instruct,2919235584,0.3958,1.60,bitmap_B_streamed,hbm2,3.97,4685290798,586416128,2195456,1.60497,1131.4252,18600.6045,19732.0297,-0.62,134217728,23994.7847,-0.51,1693.356,629.40,0,47.37,355.62
tiiuae__Falcon-E-3B-Instruct,2919235584,0.3958,1.60,five_trit,hbm2_streamed,3.59,4743757824,595099648,0,1.62500,1022.2498,17030.0906,18052.3404,+0.00,134217728,21907.0735,+0.00,1373.358,764.73,0,46.89,352.04
tiiuae__Falcon-E-3B-Instruct,2919235584,0.3958,1.60,bitmap_A,hbm2_streamed,3.59,4683095342,586416128,0,1.60422,1213.8907,16812.3123,18026.2030,-0.14,134217728,21880.9361,-0.12,1624.994,655.88,0,47.39,355.75
tiiuae__Falcon-E-3B-Instruct,2919235584,0.3958,1.60,bitmap_B_resident,hbm2_streamed,3.59,4685290798,586416128,2195456,1.60497,1004.6902,16820.1940,17824.8841,-1.26,134217728,21679.6173,-1.04,1448.636,735.72,0,47.37,355.62
tiiuae__Falcon-E-3B-Instruct,2919235584,0.3958,1.60,bitmap_B_streamed,hbm2_streamed,3.59,4685290798,586416128,2195456,1.60497,1131.4252,16820.1940,17951.6192,-0.56,134217728,21806.3523,-0.46,1693.356,629.40,0,47.37,355.62
tiiuae__Falcon-E-3B-Instruct,2919235584,0.3958,1.60,five_trit,lpddr4_package,12,4743757824,595099648,0,1.62500,1022.2498,56925.0939,57947.3437,+0.00,134217728,70832.2456,+0.00,1373.358,764.73,0,46.89,352.04
tiiuae__Falcon-E-3B-Instruct,2919235584,0.3958,1.60,bitmap_A,lpddr4_package,12,4683095342,586416128,0,1.60422,1213.8907,56197.1441,57411.0348,-0.93,134217728,70295.9367,-0.76,1624.994,655.88,0,47.39,355.75
tiiuae__Falcon-E-3B-Instruct,2919235584,0.3958,1.60,bitmap_B_resident,lpddr4_package,12,4685290798,586416128,2195456,1.60497,1004.6902,56223.4896,57228.1797,-1.24,134217728,70113.0816,-1.02,1448.636,735.72,0,47.37,355.62
tiiuae__Falcon-E-3B-Instruct,2919235584,0.3958,1.60,bitmap_B_streamed,lpddr4_package,12,4685290798,586416128,2195456,1.60497,1131.4252,56223.4896,57354.9148,-1.02,134217728,70239.8167,-0.84,1693.356,629.40,0,47.37,355.62
tiiuae__Falcon-E-3B-Instruct,2919235584,0.3958,1.60,five_trit,gddr5,14.0,4743757824,595099648,0,1.62500,1022.2498,66412.6095,67434.8593,+0.00,134217728,82467.2449,+0.00,1373.358,764.73,0,46.89,352.04
tiiuae__Falcon-E-3B-Instruct,2919235584,0.3958,1.60,bitmap_A,gddr5,14.0,4683095342,586416128,0,1.60422,1213.8907,65563.3348,66777.2255,-0.98,134217728,81809.6110,-0.80,1624.994,655.88,0,47.39,355.75
tiiuae__Falcon-E-3B-Instruct,2919235584,0.3958,1.60,bitmap_B_resident,gddr5,14.0,4685290798,586416128,2195456,1.60497,1004.6902,65594.0712,66598.7613,-1.24,134217728,81631.1469,-1.01,1448.636,735.72,0,47.37,355.62
tiiuae__Falcon-E-3B-Instruct,2919235584,0.3958,1.60,bitmap_B_streamed,gddr5,14.0,4685290798,586416128,2195456,1.60497,1131.4252,65594.0712,66725.4964,-1.05,134217728,81757.8819,-0.86,1693.356,629.40,0,47.37,355.62
tiiuae__Falcon-E-3B-Instruct,2919235584,0.3958,1.60,five_trit,dram_45nm_horowitz,30.5,4743757824,595099648,0,1.62500,1022.2498,144684.6136,145706.8634,+0.00,134217728,178455.9891,+0.00,1373.358,764.73,0,46.89,352.04
tiiuae__Falcon-E-3B-Instruct,2919235584,0.3958,1.60,bitmap_A,dram_45nm_horowitz,30.5,4683095342,586416128,0,1.60422,1213.8907,142834.4079,144048.2986,-1.14,134217728,176797.4243,-0.93,1624.994,655.88,0,47.39,355.75
tiiuae__Falcon-E-3B-Instruct,2919235584,0.3958,1.60,bitmap_B_resident,dram_45nm_horowitz,30.5,4685290798,586416128,2195456,1.60497,1004.6902,142901.3693,143906.0595,-1.24,134217728,176655.1851,-1.01,1448.636,735.72,0,47.37,355.62
tiiuae__Falcon-E-3B-Instruct,2919235584,0.3958,1.60,bitmap_B_streamed,dram_45nm_horowitz,30.5,4685290798,586416128,2195456,1.60497,1131.4252,142901.3693,144032.7946,-1.15,134217728,176781.9202,-0.94,1693.356,629.40,0,47.37,355.62
tiiuae__Falcon-E-3B-Instruct,2919235584,0.3958,1.60,five_trit,ddr3_peak,70,4743757824,595099648,0,1.62500,1022.2498,332063.0477,333085.2975,+0.00,134217728,408247.2252,+0.00,1373.358,764.73,0,46.89,352.04
tiiuae__Falcon-E-3B-Instruct,2919235584,0.3958,1.60,bitmap_A,ddr3_peak,70,4683095342,586416128,0,1.60422,1213.8907,327816.6739,329030.5646,-1.22,134217728,404192.4923,-0.99,1624.994,655.88,0,47.39,355.75
tiiuae__Falcon-E-3B-Instruct,2919235584,0.3958,1.60,bitmap_B_resident,ddr3_peak,70,4685290798,586416128,2195456,1.60497,1004.6902,327970.3559,328975.0460,-1.23,134217728,404136.9737,-1.01,1448.636,735.72,0,47.37,355.62
tiiuae__Falcon-E-3B-Instruct,2919235584,0.3958,1.60,bitmap_B_streamed,ddr3_peak,70,4685290798,586416128,2195456,1.60497,1131.4252,327970.3559,329101.7811,-1.20,134217728,404263.7088,-0.98,1693.356,629.40,0,47.37,355.62
tiiuae__Falcon-E-3B-Instruct,2919235584,0.3958,2.00,five_trit,sram_8kb_45nm,0.156,4743757824,595099648,0,1.62500,864.2773,740.0262,1604.3035,+0.00,134217728,1771.8072,+0.00,1221.206,688.00,0,46.89,352.04
tiiuae__Falcon-E-3B-Instruct,2919235584,0.3958,2.00,bitmap_A,sram_8kb_45nm,0.156,4683095342,586416128,0,1.60422,1112.0909,730.5629,1842.6538,+14.86,134217728,2010.1575,+13.45,1573.656,541.82,0,47.39,355.75
tiiuae__Falcon-E-3B-Instruct,2919235584,0.3958,2.00,bitmap_B_resident,sram_8kb_45nm,0.156,4685290798,586416128,2195456,1.60497,932.7372,730.9054,1663.6426,+3.70,134217728,1831.1463,+3.35,1412.194,603.77,0,47.37,355.62
tiiuae__Falcon-E-3B-Instruct,2919235584,0.3958,2.00,bitmap_B_streamed,sram_8kb_45nm,0.156,4685290798,586416128,2195456,1.60497,1060.5437,730.9054,1791.4491,+11.67,134217728,1958.9528,+10.56,1656.914,514.59,0,47.37,355.62
tiiuae__Falcon-E-3B-Instruct,2919235584,0.3958,2.00,five_trit,sram_32kb_45nm,0.313,4743757824,595099648,0,1.62500,864.2773,1484.7962,2349.0735,+0.00,134217728,2685.1546,+0.00,1221.206,688.00,0,46.89,352.04
tiiuae__Falcon-E-3B-Instruct,2919235584,0.3958,2.00,bitmap_A,sram_32kb_45nm,0.313,4683095342,586416128,0,1.60422,1112.0909,1465.8088,2577.8997,+9.74,134217728,2913.9809,+8.52,1573.656,541.82,0,47.39,355.75
tiiuae__Falcon-E-3B-Instruct,2919235584,0.3958,2.00,bitmap_B_resident,sram_32kb_45nm,0.313,4685290798,586416128,2195456,1.60497,932.7372,1466.4960,2399.2332,+2.14,134217728,2735.3144,+1.87,1412.194,603.77,0,47.37,355.62
tiiuae__Falcon-E-3B-Instruct,2919235584,0.3958,2.00,bitmap_B_streamed,sram_32kb_45nm,0.313,4685290798,586416128,2195456,1.60497,1060.5437,1466.4960,2527.0397,+7.58,134217728,2863.1209,+6.63,1656.914,514.59,0,47.37,355.62
tiiuae__Falcon-E-3B-Instruct,2919235584,0.3958,2.00,five_trit,sram_1mb_45nm,1.563,4743757824,595099648,0,1.62500,864.2773,7414.4935,8278.7707,+0.00,134217728,9957.0292,+0.00,1221.206,688.00,0,46.89,352.04
tiiuae__Falcon-E-3B-Instruct,2919235584,0.3958,2.00,bitmap_A,sram_1mb_45nm,1.563,4683095342,586416128,0,1.60422,1112.0909,7319.6780,8431.7689,+1.85,134217728,10110.0274,+1.54,1573.656,541.82,0,47.39,355.75
tiiuae__Falcon-E-3B-Instruct,2919235584,0.3958,2.00,bitmap_B_resident,sram_1mb_45nm,1.563,4685290798,586416128,2195456,1.60497,932.7372,7323.1095,8255.8467,-0.28,134217728,9934.1052,-0.23,1412.194,603.77,0,47.37,355.62
tiiuae__Falcon-E-3B-Instruct,2919235584,0.3958,2.00,bitmap_B_streamed,sram_1mb_45nm,1.563,4685290798,586416128,2195456,1.60497,1060.5437,7323.1095,8383.6532,+1.27,134217728,10061.9117,+1.05,1656.914,514.59,0,47.37,355.62
tiiuae__Falcon-E-3B-Instruct,2919235584,0.3958,2.00,five_trit,sram_1mb_45nm_cacti,1.058,4743757824,595099648,0,1.62500,864.2773,5018.8958,5883.1730,+0.00,134217728,7019.1919,+0.00,1221.206,688.00,0,46.89,352.04
tiiuae__Falcon-E-3B-Instruct,2919235584,0.3958,2.00,bitmap_A,sram_1mb_45nm_cacti,1.058,4683095342,586416128,0,1.60422,1112.0909,4954.7149,6066.8058,+3.12,134217728,7202.8246,+2.62,1573.656,541.82,0,47.39,355.75
tiiuae__Falcon-E-3B-Instruct,2919235584,0.3958,2.00,bitmap_B_resident,sram_1mb_45nm_cacti,1.058,4685290798,586416128,2195456,1.60497,932.7372,4957.0377,5889.7749,+0.11,134217728,7025.7937,+0.09,1412.194,603.77,0,47.37,355.62
tiiuae__Falcon-E-3B-Instruct,2919235584,0.3958,2.00,bitmap_B_streamed,sram_1mb_45nm_cacti,1.058,4685290798,586416128,2195456,1.60497,1060.5437,4957.0377,6017.5814,+2.28,134217728,7153.6002,+1.91,1656.914,514.59,0,47.37,355.62
tiiuae__Falcon-E-3B-Instruct,2919235584,0.3958,2.00,five_trit,sram_32kb_7nm,0.133,4743757824,595099648,0,1.62500,864.2773,630.9198,1495.1970,+0.00,134217728,1638.0047,+0.00,1221.206,688.00,0,46.89,352.04
tiiuae__Falcon-E-3B-Instruct,2919235584,0.3958,2.00,bitmap_A,sram_32kb_7nm,0.133,4683095342,586416128,0,1.60422,1112.0909,622.8517,1734.9426,+16.03,134217728,1877.7502,+14.64,1573.656,541.82,0,47.39,355.75
tiiuae__Falcon-E-3B-Instruct,2919235584,0.3958,2.00,bitmap_B_resident,sram_32kb_7nm,0.133,4685290798,586416128,2195456,1.60497,932.7372,623.1437,1555.8809,+4.06,134217728,1698.6886,+3.70,1412.194,603.77,0,47.37,355.62
tiiuae__Falcon-E-3B-Instruct,2919235584,0.3958,2.00,bitmap_B_streamed,sram_32kb_7nm,0.133,4685290798,586416128,2195456,1.60497,1060.5437,623.1437,1683.6874,+12.61,134217728,1826.4951,+11.51,1656.914,514.59,0,47.37,355.62
tiiuae__Falcon-E-3B-Instruct,2919235584,0.3958,2.00,five_trit,sram_1mb_7nm,0.219,4743757824,595099648,0,1.62500,864.2773,1038.8830,1903.1602,+0.00,134217728,2138.3097,+0.00,1221.206,688.00,0,46.89,352.04
tiiuae__Falcon-E-3B-Instruct,2919235584,0.3958,2.00,bitmap_A,sram_1mb_7nm,0.219,4683095342,586416128,0,1.60422,1112.0909,1025.5979,2137.6888,+12.32,134217728,2372.8382,+10.97,1573.656,541.82,0,47.39,355.75
tiiuae__Falcon-E-3B-Instruct,2919235584,0.3958,2.00,bitmap_B_resident,sram_1mb_7nm,0.219,4685290798,586416128,2195456,1.60497,932.7372,1026.0787,1958.8159,+2.92,134217728,2193.9654,+2.60,1412.194,603.77,0,47.37,355.62
tiiuae__Falcon-E-3B-Instruct,2919235584,0.3958,2.00,bitmap_B_streamed,sram_1mb_7nm,0.219,4685290798,586416128,2195456,1.60497,1060.5437,1026.0787,2086.6224,+9.64,134217728,2321.7719,+8.58,1656.914,514.59,0,47.37,355.62
tiiuae__Falcon-E-3B-Instruct,2919235584,0.3958,2.00,five_trit,hbm2,3.97,4743757824,595099648,0,1.62500,864.2773,18832.7186,19696.9958,+0.00,134217728,23959.7509,+0.00,1221.206,688.00,0,46.89,352.04
tiiuae__Falcon-E-3B-Instruct,2919235584,0.3958,2.00,bitmap_A,hbm2,3.97,4683095342,586416128,0,1.60422,1112.0909,18591.8885,19703.9794,+0.04,134217728,23966.7344,+0.03,1573.656,541.82,0,47.39,355.75
tiiuae__Falcon-E-3B-Instruct,2919235584,0.3958,2.00,bitmap_B_resident,hbm2,3.97,4685290798,586416128,2195456,1.60497,932.7372,18600.6045,19533.3417,-0.83,134217728,23796.0967,-0.68,1412.194,603.77,0,47.37,355.62
tiiuae__Falcon-E-3B-Instruct,2919235584,0.3958,2.00,bitmap_B_streamed,hbm2,3.97,4685290798,586416128,2195456,1.60497,1060.5437,18600.6045,19661.1482,-0.18,134217728,23923.9032,-0.15,1656.914,514.59,0,47.37,355.62
tiiuae__Falcon-E-3B-Instruct,2919235584,0.3958,2.00,five_trit,hbm2_streamed,3.59,4743757824,595099648,0,1.62500,864.2773,17030.0906,17894.3678,+0.00,134217728,21749.1010,+0.00,1221.206,688.00,0,46.89,352.04
tiiuae__Falcon-E-3B-Instruct,2919235584,0.3958,2.00,bitmap_A,hbm2_streamed,3.59,4683095342,586416128,0,1.60422,1112.0909,16812.3123,17924.4032,+0.17,134217728,21779.1363,+0.14,1573.656,541.82,0,47.39,355.75
tiiuae__Falcon-E-3B-Instruct,2919235584,0.3958,2.00,bitmap_B_resident,hbm2_streamed,3.59,4685290798,586416128,2195456,1.60497,932.7372,16820.1940,17752.9312,-0.79,134217728,21607.6643,-0.65,1412.194,603.77,0,47.37,355.62
tiiuae__Falcon-E-3B-Instruct,2919235584,0.3958,2.00,bitmap_B_streamed,hbm2_streamed,3.59,4685290798,586416128,2195456,1.60497,1060.5437,16820.1940,17880.7377,-0.08,134217728,21735.4708,-0.06,1656.914,514.59,0,47.37,355.62
tiiuae__Falcon-E-3B-Instruct,2919235584,0.3958,2.00,five_trit,lpddr4_package,12,4743757824,595099648,0,1.62500,864.2773,56925.0939,57789.3711,+0.00,134217728,70674.2730,+0.00,1221.206,688.00,0,46.89,352.04
tiiuae__Falcon-E-3B-Instruct,2919235584,0.3958,2.00,bitmap_A,lpddr4_package,12,4683095342,586416128,0,1.60422,1112.0909,56197.1441,57309.2350,-0.83,134217728,70194.1369,-0.68,1573.656,541.82,0,47.39,355.75
tiiuae__Falcon-E-3B-Instruct,2919235584,0.3958,2.00,bitmap_B_resident,lpddr4_package,12,4685290798,586416128,2195456,1.60497,932.7372,56223.4896,57156.2268,-1.10,134217728,70041.1287,-0.90,1412.194,603.77,0,47.37,355.62
tiiuae__Falcon-E-3B-Instruct,2919235584,0.3958,2.00,bitmap_B_streamed,lpddr4_package,12,4685290798,586416128,2195456,1.60497,1060.5437,56223.4896,57284.0333,-0.87,134217728,70168.9352,-0.72,1656.914,514.59,0,47.37,355.62
tiiuae__Falcon-E-3B-Instruct,2919235584,0.3958,2.00,five_trit,gddr5,14.0,4743757824,595099648,0,1.62500,864.2773,66412.6095,67276.8868,+0.00,134217728,82309.2723,+0.00,1221.206,688.00,0,46.89,352.04
tiiuae__Falcon-E-3B-Instruct,2919235584,0.3958,2.00,bitmap_A,gddr5,14.0,4683095342,586416128,0,1.60422,1112.0909,65563.3348,66675.4257,-0.89,134217728,81707.8112,-0.73,1573.656,541.82,0,47.39,355.75
tiiuae__Falcon-E-3B-Instruct,2919235584,0.3958,2.00,bitmap_B_resident,gddr5,14.0,4685290798,586416128,2195456,1.60497,932.7372,65594.0712,66526.8084,-1.11,134217728,81559.1939,-0.91,1412.194,603.77,0,47.37,355.62
tiiuae__Falcon-E-3B-Instruct,2919235584,0.3958,2.00,bitmap_B_streamed,gddr5,14.0,4685290798,586416128,2195456,1.60497,1060.5437,65594.0712,66654.6149,-0.92,134217728,81687.0004,-0.76,1656.914,514.59,0,47.37,355.62
tiiuae__Falcon-E-3B-Instruct,2919235584,0.3958,2.00,five_trit,dram_45nm_horowitz,30.5,4743757824,595099648,0,1.62500,864.2773,144684.6136,145548.8909,+0.00,134217728,178298.0165,+0.00,1221.206,688.00,0,46.89,352.04
tiiuae__Falcon-E-3B-Instruct,2919235584,0.3958,2.00,bitmap_A,dram_45nm_horowitz,30.5,4683095342,586416128,0,1.60422,1112.0909,142834.4079,143946.4988,-1.10,134217728,176695.6244,-0.90,1573.656,541.82,0,47.39,355.75
tiiuae__Falcon-E-3B-Instruct,2919235584,0.3958,2.00,bitmap_B_resident,dram_45nm_horowitz,30.5,4685290798,586416128,2195456,1.60497,932.7372,142901.3693,143834.1066,-1.18,134217728,176583.2322,-0.96,1412.194,603.77,0,47.37,355.62
tiiuae__Falcon-E-3B-Instruct,2919235584,0.3958,2.00,bitmap_B_streamed,dram_45nm_horowitz,30.5,4685290798,586416128,2195456,1.60497,1060.5437,142901.3693,143961.9131,-1.09,134217728,176711.0387,-0.89,1656.914,514.59,0,47.37,355.62
tiiuae__Falcon-E-3B-Instruct,2919235584,0.3958,2.00,five_trit,ddr3_peak,70,4743757824,595099648,0,1.62500,864.2773,332063.0477,332927.3249,+0.00,134217728,408089.2526,+0.00,1221.206,688.00,0,46.89,352.04
tiiuae__Falcon-E-3B-Instruct,2919235584,0.3958,2.00,bitmap_A,ddr3_peak,70,4683095342,586416128,0,1.60422,1112.0909,327816.6739,328928.7648,-1.20,134217728,404090.6925,-0.98,1573.656,541.82,0,47.39,355.75
tiiuae__Falcon-E-3B-Instruct,2919235584,0.3958,2.00,bitmap_B_resident,ddr3_peak,70,4685290798,586416128,2195456,1.60497,932.7372,327970.3559,328903.0931,-1.21,134217728,404065.0208,-0.99,1412.194,603.77,0,47.37,355.62
tiiuae__Falcon-E-3B-Instruct,2919235584,0.3958,2.00,bitmap_B_streamed,ddr3_peak,70,4685290798,586416128,2195456,1.60497,1060.5437,327970.3559,329030.8996,-1.17,134217728,404192.8273,-0.95,1656.914,514.59,0,47.37,355.62
tiiuae__Falcon-E-3B-Instruct,2919235584,0.3958,2.50,five_trit,sram_8kb_45nm,0.156,4743757824,595099648,0,1.62500,841.3266,740.0262,1581.3529,+0.00,134217728,1748.8566,+0.00,1200.192,560.04,0,46.89,352.04
tiiuae__Falcon-E-3B-Instruct,2919235584,0.3958,2.50,bitmap_A,sram_8kb_45nm,0.156,4683095342,586416128,0,1.60422,1114.6474,730.5629,1845.2103,+16.69,134217728,2012.7140,+15.09,1545.726,441.29,0,47.39,355.75
tiiuae__Falcon-E-3B-Instruct,2919235584,0.3958,2.50,bitmap_B_resident,sram_8kb_45nm,0.156,4685290798,586416128,2195456,1.60497,922.9182,730.9054,1653.8235,+4.58,134217728,1821.3273,+4.14,1386.658,491.91,0,47.37,355.62
tiiuae__Falcon-E-3B-Instruct,2919235584,0.3958,2.50,bitmap_B_streamed,sram_8kb_45nm,0.156,4685290798,586416128,2195456,1.60497,1052.0636,730.9054,1782.9690,+12.75,134217728,1950.4727,+11.53,1631.378,418.12,0,47.37,355.62
tiiuae__Falcon-E-3B-Instruct,2919235584,0.3958,2.50,five_trit,sram_32kb_45nm,0.313,4743757824,595099648,0,1.62500,841.3266,1484.7962,2326.1228,+0.00,134217728,2662.2040,+0.00,1200.192,560.04,0,46.89,352.04
tiiuae__Falcon-E-3B-Instruct,2919235584,0.3958,2.50,bitmap_A,sram_32kb_45nm,0.313,4683095342,586416128,0,1.60422,1114.6474,1465.8088,2580.4563,+10.93,134217728,2916.5375,+9.55,1545.726,441.29,0,47.39,355.75
tiiuae__Falcon-E-3B-Instruct,2919235584,0.3958,2.50,bitmap_B_resident,sram_32kb_45nm,0.313,4685290798,586416128,2195456,1.60497,922.9182,1466.4960,2389.4142,+2.72,134217728,2725.4954,+2.38,1386.658,491.91,0,47.37,355.62
tiiuae__Falcon-E-3B-Instruct,2919235584,0.3958,2.50,bitmap_B_streamed,sram_32kb_45nm,0.313,4685290798,586416128,2195456,1.60497,1052.0636,1466.4960,2518.5596,+8.27,134217728,2854.6408,+7.23,1631.378,418.12,0,47.37,355.62
tiiuae__Falcon-E-3B-Instruct,2919235584,0.3958,2.50,five_trit,sram_1mb_45nm,1.563,4743757824,595099648,0,1.62500,841.3266,7414.4935,8255.8201,+0.00,134217728,9934.0786,+0.00,1200.192,560.04,0,46.89,352.04
tiiuae__Falcon-E-3B-Instruct,2919235584,0.3958,2.50,bitmap_A,sram_1mb_45nm,1.563,4683095342,586416128,0,1.60422,1114.6474,7319.6780,8434.3255,+2.16,134217728,10112.5839,+1.80,1545.726,441.29,0,47.39,355.75
tiiuae__Falcon-E-3B-Instruct,2919235584,0.3958,2.50,bitmap_B_resident,sram_1mb_45nm,1.563,4685290798,586416128,2195456,1.60497,922.9182,7323.1095,8246.0277,-0.12,134217728,9924.2862,-0.10,1386.658,491.91,0,47.37,355.62
tiiuae__Falcon-E-3B-Instruct,2919235584,0.3958,2.50,bitmap_B_streamed,sram_1mb_45nm,1.563,4685290798,586416128,2195456,1.60497,1052.0636,7323.1095,8375.1731,+1.45,134217728,10053.4316,+1.20,1631.378,418.12,0,47.37,355.62
tiiuae__Falcon-E-3B-Instruct,2919235584,0.3958,2.50,five_trit,sram_1mb_45nm_cacti,1.058,4743757824,595099648,0,1.62500,841.3266,5018.8958,5860.2224,+0.00,134217728,6996.2413,+0.00,1200.192,560.04,0,46.89,352.04
tiiuae__Falcon-E-3B-Instruct,2919235584,0.3958,2.50,bitmap_A,sram_1mb_45nm_cacti,1.058,4683095342,586416128,0,1.60422,1114.6474,4954.7149,6069.3623,+3.57,134217728,7205.3812,+2.99,1545.726,441.29,0,47.39,355.75
tiiuae__Falcon-E-3B-Instruct,2919235584,0.3958,2.50,bitmap_B_resident,sram_1mb_45nm_cacti,1.058,4685290798,586416128,2195456,1.60497,922.9182,4957.0377,5879.9558,+0.34,134217728,7015.9747,+0.28,1386.658,491.91,0,47.37,355.62
tiiuae__Falcon-E-3B-Instruct,2919235584,0.3958,2.50,bitmap_B_streamed,sram_1mb_45nm_cacti,1.058,4685290798,586416128,2195456,1.60497,1052.0636,4957.0377,6009.1013,+2.54,134217728,7145.1201,+2.13,1631.378,418.12,0,47.37,355.62
tiiuae__Falcon-E-3B-Instruct,2919235584,0.3958,2.50,five_trit,sram_32kb_7nm,0.133,4743757824,595099648,0,1.62500,841.3266,630.9198,1472.2464,+0.00,134217728,1615.0541,+0.00,1200.192,560.04,0,46.89,352.04
tiiuae__Falcon-E-3B-Instruct,2919235584,0.3958,2.50,bitmap_A,sram_32kb_7nm,0.133,4683095342,586416128,0,1.60422,1114.6474,622.8517,1737.4991,+18.02,134217728,1880.3068,+16.42,1545.726,441.29,0,47.39,355.75
tiiuae__Falcon-E-3B-Instruct,2919235584,0.3958,2.50,bitmap_B_resident,sram_32kb_7nm,0.133,4685290798,586416128,2195456,1.60497,922.9182,623.1437,1546.0619,+5.01,134217728,1688.8695,+4.57,1386.658,491.91,0,47.37,355.62
tiiuae__Falcon-E-3B-Instruct,2919235584,0.3958,2.50,bitmap_B_streamed,sram_32kb_7nm,0.133,4685290798,586416128,2195456,1.60497,1052.0636,623.1437,1675.2073,+13.79,134217728,1818.0149,+12.57,1631.378,418.12,0,47.37,355.62
tiiuae__Falcon-E-3B-Instruct,2919235584,0.3958,2.50,five_trit,sram_1mb_7nm,0.219,4743757824,595099648,0,1.62500,841.3266,1038.8830,1880.2096,+0.00,134217728,2115.3591,+0.00,1200.192,560.04,0,46.89,352.04
tiiuae__Falcon-E-3B-Instruct,2919235584,0.3958,2.50,bitmap_A,sram_1mb_7nm,0.219,4683095342,586416128,0,1.60422,1114.6474,1025.5979,2140.2453,+13.83,134217728,2375.3948,+12.29,1545.726,441.29,0,47.39,355.75
tiiuae__Falcon-E-3B-Instruct,2919235584,0.3958,2.50,bitmap_B_resident,sram_1mb_7nm,0.219,4685290798,586416128,2195456,1.60497,922.9182,1026.0787,1948.9969,+3.66,134217728,2184.1463,+3.25,1386.658,491.91,0,47.37,355.62
tiiuae__Falcon-E-3B-Instruct,2919235584,0.3958,2.50,bitmap_B_streamed,sram_1mb_7nm,0.219,4685290798,586416128,2195456,1.60497,1052.0636,1026.0787,2078.1423,+10.53,134217728,2313.2917,+9.36,1631.378,418.12,0,47.37,355.62
tiiuae__Falcon-E-3B-Instruct,2919235584,0.3958,2.50,five_trit,hbm2,3.97,4743757824,595099648,0,1.62500,841.3266,18832.7186,19674.0452,+0.00,134217728,23936.8003,+0.00,1200.192,560.04,0,46.89,352.04
tiiuae__Falcon-E-3B-Instruct,2919235584,0.3958,2.50,bitmap_A,hbm2,3.97,4683095342,586416128,0,1.60422,1114.6474,18591.8885,19706.5359,+0.17,134217728,23969.2910,+0.14,1545.726,441.29,0,47.39,355.75
tiiuae__Falcon-E-3B-Instruct,2919235584,0.3958,2.50,bitmap_B_resident,hbm2,3.97,4685290798,586416128,2195456,1.60497,922.9182,18600.6045,19523.5227,-0.77,134217728,23786.2777,-0.63,1386.658,491.91,0,47.37,355.62
tiiuae__Falcon-E-3B-Instruct,2919235584,0.3958,2.50,bitmap_B_streamed,hbm2,3.97,4685290798,586416128,2195456,1.60497,1052.0636,18600.6045,19652.6681,-0.11,134217728,23915.4231,-0.09,1631.378,418.12,0,47.37,355.62
tiiuae__Falcon-E-3B-Instruct,2919235584,0.3958,2.50,five_trit,hbm2_streamed,3.59,4743757824,595099648,0,1.62500,841.3266,17030.0906,17871.4172,+0.00,134217728,21726.1504,+0.00,1200.192,560.04,0,46.89,352.04
tiiuae__Falcon-E-3B-Instruct,2919235584,0.3958,2.50,bitmap_A,hbm2_streamed,3.59,4683095342,586416128,0,1.60422,1114.6474,16812.3123,17926.9597,+0.31,134217728,21781.6929,+0.26,1545.726,441.29,0,47.39,355.75
tiiuae__Falcon-E-3B-Instruct,2919235584,0.3958,2.50,bitmap_B_resident,hbm2_streamed,3.59,4685290798,586416128,2195456,1.60497,922.9182,16820.1940,17743.1121,-0.72,134217728,21597.8453,-0.59,1386.658,491.91,0,47.37,355.62
tiiuae__Falcon-E-3B-Instruct,2919235584,0.3958,2.50,bitmap_B_streamed,hbm2_streamed,3.59,4685290798,586416128,2195456,1.60497,1052.0636,16820.1940,17872.2576,+0.00,134217728,21726.9907,+0.00,1631.378,418.12,0,47.37,355.62
tiiuae__Falcon-E-3B-Instruct,2919235584,0.3958,2.50,five_trit,lpddr4_package,12,4743757824,595099648,0,1.62500,841.3266,56925.0939,57766.4205,+0.00,134217728,70651.3224,+0.00,1200.192,560.04,0,46.89,352.04
tiiuae__Falcon-E-3B-Instruct,2919235584,0.3958,2.50,bitmap_A,lpddr4_package,12,4683095342,586416128,0,1.60422,1114.6474,56197.1441,57311.7915,-0.79,134217728,70196.6934,-0.64,1545.726,441.29,0,47.39,355.75
tiiuae__Falcon-E-3B-Instruct,2919235584,0.3958,2.50,bitmap_B_resident,lpddr4_package,12,4685290798,586416128,2195456,1.60497,922.9182,56223.4896,57146.4078,-1.07,134217728,70031.3096,-0.88,1386.658,491.91,0,47.37,355.62
tiiuae__Falcon-E-3B-Instruct,2919235584,0.3958,2.50,bitmap_B_streamed,lpddr4_package,12,4685290798,586416128,2195456,1.60497,1052.0636,56223.4896,57275.5532,-0.85,134217728,70160.4551,-0.69,1631.378,418.12,0,47.37,355.62
tiiuae__Falcon-E-3B-Instruct,2919235584,0.3958,2.50,five_trit,gddr5,14.0,4743757824,595099648,0,1.62500,841.3266,66412.6095,67253.9362,+0.00,134217728,82286.3217,+0.00,1200.192,560.04,0,46.89,352.04
tiiuae__Falcon-E-3B-Instruct,2919235584,0.3958,2.50,bitmap_A,gddr5,14.0,4683095342,586416128,0,1.60422,1114.6474,65563.3348,66677.9822,-0.86,134217728,81710.3678,-0.70,1545.726,441.29,0,47.39,355.75
tiiuae__Falcon-E-3B-Instruct,2919235584,0.3958,2.50,bitmap_B_resident,gddr5,14.0,4685290798,586416128,2195456,1.60497,922.9182,65594.0712,66516.9894,-1.10,134217728,81549.3749,-0.90,1386.658,491.91,0,47.37,355.62
tiiuae__Falcon-E-3B-Instruct,2919235584,0.3958,2.50,bitmap_B_streamed,gddr5,14.0,4685290798,586416128,2195456,1.60497,1052.0636,65594.0712,66646.1348,-0.90,134217728,81678.5203,-0.74,1631.378,418.12,0,47.37,355.62
tiiuae__Falcon-E-3B-Instruct,2919235584,0.3958,2.50,five_trit,dram_45nm_horowitz,30.5,4743757824,595099648,0,1.62500,841.3266,144684.6136,145525.9403,+0.00,134217728,178275.0659,+0.00,1200.192,560.04,0,46.89,352.04
tiiuae__Falcon-E-3B-Instruct,2919235584,0.3958,2.50,bitmap_A,dram_45nm_horowitz,30.5,4683095342,586416128,0,1.60422,1114.6474,142834.4079,143949.0554,-1.08,134217728,176698.1810,-0.88,1545.726,441.29,0,47.39,355.75
tiiuae__Falcon-E-3B-Instruct,2919235584,0.3958,2.50,bitmap_B_resident,dram_45nm_horowitz,30.5,4685290798,586416128,2195456,1.60497,922.9182,142901.3693,143824.2875,-1.17,134217728,176573.4132,-0.95,1386.658,491.91,0,47.37,355.62
tiiuae__Falcon-E-3B-Instruct,2919235584,0.3958,2.50,bitmap_B_streamed,dram_45nm_horowitz,30.5,4685290798,586416128,2195456,1.60497,1052.0636,142901.3693,143953.4329,-1.08,134217728,176702.5586,-0.88,1631.378,418.12,0,47.37,355.62
tiiuae__Falcon-E-3B-Instruct,2919235584,0.3958,2.50,five_trit,ddr3_peak,70,4743757824,595099648,0,1.62500,841.3266,332063.0477,332904.3743,+0.00,134217728,408066.3020,+0.00,1200.192,560.04,0,46.89,352.04
tiiuae__Falcon-E-3B-Instruct,2919235584,0.3958,2.50,bitmap_A,ddr3_peak,70,4683095342,586416128,0,1.60422,1114.6474,327816.6739,328931.3214,-1.19,134217728,404093.2491,-0.97,1545.726,441.29,0,47.39,355.75
tiiuae__Falcon-E-3B-Instruct,2919235584,0.3958,2.50,bitmap_B_resident,ddr3_peak,70,4685290798,586416128,2195456,1.60497,922.9182,327970.3559,328893.2740,-1.20,134217728,404055.2017,-0.98,1386.658,491.91,0,47.37,355.62
tiiuae__Falcon-E-3B-Instruct,2919235584,0.3958,2.50,bitmap_B_streamed,ddr3_peak,70,4685290798,586416128,2195456,1.60497,1052.0636,327970.3559,329022.4195,-1.17,134217728,404184.3471,-0.95,1631.378,418.12,0,47.37,355.62
tiiuae__Falcon3-1B-Instruct-1.58bit,1132462080,0.2969,1.60,five_trit,sram_8kb_45nm,0.156,1840250880,230916096,0,1.62500,406.3083,287.0791,693.3875,+0.00,536870912,1363.4024,+0.00,1373.358,1970.80,0,44.46,333.81
tiiuae__Falcon3-1B-Instruct-1.58bit,1132462080,0.2969,1.60,bitmap_A,sram_8kb_45nm,0.156,1928667988,227561472,0,1.70308,476.0360,300.8722,776.9082,+12.05,536870912,1446.9231,+6.13,1624.994,1690.17,0,43.83,329.07
tiiuae__Falcon3-1B-Instruct-1.58bit,1132462080,0.2969,1.60,bitmap_B_resident,sram_8kb_45nm,0.156,1929589588,227561472,921600,1.70389,395.2073,301.0160,696.2233,+0.41,536870912,1366.2382,+0.21,1448.636,1895.93,0,43.83,329.02
tiiuae__Falcon3-1B-Instruct-1.58bit,1132462080,0.2969,1.60,bitmap_B_streamed,sram_8kb_45nm,0.156,1929589588,227561472,921600,1.70389,446.4042,301.0160,747.4202,+7.79,536870912,1417.4351,+3.96,1693.356,1621.93,0,43.83,329.02
tiiuae__Falcon3-1B-Instruct-1.58bit,1132462080,0.2969,1.60,five_trit,sram_32kb_45nm,0.313,1840250880,230916096,0,1.62500,406.3083,575.9985,982.3068,+0.00,536870912,2326.6316,+0.00,1373.358,1970.80,0,44.46,333.81
tiiuae__Falcon3-1B-Instruct-1.58bit,1132462080,0.2969,1.60,bitmap_A,sram_32kb_45nm,0.313,1928667988,227561472,0,1.70308,476.0360,603.6731,1079.7091,+9.92,536870912,2424.0339,+4.19,1624.994,1690.17,0,43.83,329.07
tiiuae__Falcon3-1B-Instruct-1.58bit,1132462080,0.2969,1.60,bitmap_B_resident,sram_32kb_45nm,0.313,1929589588,227561472,921600,1.70389,395.2073,603.9615,999.1688,+1.72,536870912,2343.4936,+0.72,1448.636,1895.93,0,43.83,329.02
tiiuae__Falcon3-1B-Instruct-1.58bit,1132462080,0.2969,1.60,bitmap_B_streamed,sram_32kb_45nm,0.313,1929589588,227561472,921600,1.70389,446.4042,603.9615,1050.3658,+6.93,536870912,2394.6905,+2.93,1693.356,1621.93,0,43.83,329.02
tiiuae__Falcon3-1B-Instruct-1.58bit,1132462080,0.2969,1.60,five_trit,sram_1mb_45nm,1.563,1840250880,230916096,0,1.62500,406.3083,2876.3121,3282.6204,+0.00,536870912,9995.6543,+0.00,1373.358,1970.80,0,44.46,333.81
tiiuae__Falcon3-1B-Instruct-1.58bit,1132462080,0.2969,1.60,bitmap_A,sram_1mb_45nm,1.563,1928667988,227561472,0,1.70308,476.0360,3014.5081,3490.5441,+6.33,536870912,10203.5780,+2.08,1624.994,1690.17,0,43.83,329.07
tiiuae__Falcon3-1B-Instruct-1.58bit,1132462080,0.2969,1.60,bitmap_B_resident,sram_1mb_45nm,1.563,1929589588,227561472,921600,1.70389,395.2073,3015.9485,3411.1558,+3.92,536870912,10124.1897,+1.29,1448.636,1895.93,0,43.83,329.02
tiiuae__Falcon3-1B-Instruct-1.58bit,1132462080,0.2969,1.60,bitmap_B_streamed,sram_1mb_45nm,1.563,1929589588,227561472,921600,1.70389,446.4042,3015.9485,3462.3528,+5.48,536870912,10175.3866,+1.80,1693.356,1621.93,0,43.83,329.02
tiiuae__Falcon3-1B-Instruct-1.58bit,1132462080,0.2969,1.60,five_trit,sram_1mb_45nm_cacti,1.058,1840250880,230916096,0,1.62500,406.3083,1946.9854,2353.2938,+0.00,536870912,6897.3692,+0.00,1373.358,1970.80,0,44.46,333.81
tiiuae__Falcon3-1B-Instruct-1.58bit,1132462080,0.2969,1.60,bitmap_A,sram_1mb_45nm_cacti,1.058,1928667988,227561472,0,1.70308,476.0360,2040.5307,2516.5668,+6.94,536870912,7060.6422,+2.37,1624.994,1690.17,0,43.83,329.07
tiiuae__Falcon3-1B-Instruct-1.58bit,1132462080,0.2969,1.60,bitmap_B_resident,sram_1mb_45nm_cacti,1.058,1929589588,227561472,921600,1.70389,395.2073,2041.5058,2436.7131,+3.54,536870912,6980.7885,+1.21,1448.636,1895.93,0,43.83,329.02
tiiuae__Falcon3-1B-Instruct-1.58bit,1132462080,0.2969,1.60,bitmap_B_streamed,sram_1mb_45nm_cacti,1.058,1929589588,227561472,921600,1.70389,446.4042,2041.5058,2487.9100,+5.72,536870912,7031.9854,+1.95,1693.356,1621.93,0,43.83,329.02
tiiuae__Falcon3-1B-Instruct-1.58bit,1132462080,0.2969,1.60,five_trit,sram_32kb_7nm,0.133,1840250880,230916096,0,1.62500,406.3083,244.7534,651.0617,+0.00,536870912,1222.2923,+0.00,1373.358,1970.80,0,44.46,333.81
tiiuae__Falcon3-1B-Instruct-1.58bit,1132462080,0.2969,1.60,bitmap_A,sram_32kb_7nm,0.133,1928667988,227561472,0,1.70308,476.0360,256.5128,732.5489,+12.52,536870912,1303.7795,+6.67,1624.994,1690.17,0,43.83,329.07
tiiuae__Falcon3-1B-Instruct-1.58bit,1132462080,0.2969,1.60,bitmap_B_resident,sram_32kb_7nm,0.133,1929589588,227561472,921600,1.70389,395.2073,256.6354,651.8427,+0.12,536870912,1223.0733,+0.06,1448.636,1895.93,0,43.83,329.02
tiiuae__Falcon3-1B-Instruct-1.58bit,1132462080,0.2969,1.60,bitmap_B_streamed,sram_32kb_7nm,0.133,1929589588,227561472,921600,1.70389,446.4042,256.6354,703.0397,+7.98,536870912,1274.2703,+4.25,1693.356,1621.93,0,43.83,329.02
tiiuae__Falcon3-1B-Instruct-1.58bit,1132462080,0.2969,1.60,five_trit,sram_1mb_7nm,0.219,1840250880,230916096,0,1.62500,406.3083,403.0149,809.3233,+0.00,536870912,1749.9211,+0.00,1373.358,1970.80,0,44.46,333.81
tiiuae__Falcon3-1B-Instruct-1.58bit,1132462080,0.2969,1.60,bitmap_A,sram_1mb_7nm,0.219,1928667988,227561472,0,1.70308,476.0360,422.3783,898.4143,+11.01,536870912,1839.0122,+5.09,1624.994,1690.17,0,43.83,329.07
tiiuae__Falcon3-1B-Instruct-1.58bit,1132462080,0.2969,1.60,bitmap_B_resident,sram_1mb_7nm,0.219,1929589588,227561472,921600,1.70389,395.2073,422.5801,817.7874,+1.05,536870912,1758.3852,+0.48,1448.636,1895.93,0,43.83,329.02
tiiuae__Falcon3-1B-Instruct-1.58bit,1132462080,0.2969,1.60,bitmap_B_streamed,sram_1mb_7nm,0.219,1929589588,227561472,921600,1.70389,446.4042,422.5801,868.9844,+7.37,536870912,1809.5822,+3.41,1693.356,1621.93,0,43.83,329.02
tiiuae__Falcon3-1B-Instruct-1.58bit,1132462080,0.2969,1.60,five_trit,hbm2,3.97,1840250880,230916096,0,1.62500,406.3083,7305.7960,7712.1043,+0.00,536870912,24763.1245,+0.00,1373.358,1970.80,0,44.46,333.81
tiiuae__Falcon3-1B-Instruct-1.58bit,1132462080,0.2969,1.60,bitmap_A,hbm2,3.97,1928667988,227561472,0,1.70308,476.0360,7656.8119,8132.8479,+5.46,536870912,25183.8681,+1.70,1624.994,1690.17,0,43.83,329.07
tiiuae__Falcon3-1B-Instruct-1.58bit,1132462080,0.2969,1.60,bitmap_B_resident,hbm2,3.97,1929589588,227561472,921600,1.70389,395.2073,7660.4707,8055.6779,+4.45,536870912,25106.6981,+1.39,1448.636,1895.93,0,43.83,329.02
tiiuae__Falcon3-1B-Instruct-1.58bit,1132462080,0.2969,1.60,bitmap_B_streamed,hbm2,3.97,1929589588,227561472,921600,1.70389,446.4042,7660.4707,8106.8749,+5.12,536870912,25157.8951,+1.59,1693.356,1621.93,0,43.83,329.02
tiiuae__Falcon3-1B-Instruct-1.58bit,1132462080,0.2969,1.60,five_trit,hbm2_streamed,3.59,1840250880,230916096,0,1.62500,406.3083,6606.5007,7012.8090,+0.00,536870912,22431.7416,+0.00,1373.358,1970.80,0,44.46,333.81
tiiuae__Falcon3-1B-Instruct-1.58bit,1132462080,0.2969,1.60,bitmap_A,hbm2_streamed,3.59,1928667988,227561472,0,1.70308,476.0360,6923.9181,7399.9541,+5.52,536870912,22818.8867,+1.73,1624.994,1690.17,0,43.83,329.07
tiiuae__Falcon3-1B-Instruct-1.58bit,1132462080,0.2969,1.60,bitmap_B_resident,hbm2_streamed,3.59,1929589588,227561472,921600,1.70389,395.2073,6927.2266,7322.4339,+4.42,536870912,22741.3665,+1.38,1448.636,1895.93,0,43.83,329.02
tiiuae__Falcon3-1B-Instruct-1.58bit,1132462080,0.2969,1.60,bitmap_B_streamed,hbm2_streamed,3.59,1929589588,227561472,921600,1.70389,446.4042,6927.2266,7373.6309,+5.15,536870912,22792.5635,+1.61,1693.356,1621.93,0,43.83,329.02
tiiuae__Falcon3-1B-Instruct-1.58bit,1132462080,0.2969,1.60,five_trit,lpddr4_package,12,1840250880,230916096,0,1.62500,406.3083,22083.0106,22489.3189,+0.00,536870912,74028.9264,+0.00,1373.358,1970.80,0,44.46,333.81
tiiuae__Falcon3-1B-Instruct-1.58bit,1132462080,0.2969,1.60,bitmap_A,lpddr4_package,12,1928667988,227561472,0,1.70308,476.0360,23144.0159,23620.0519,+5.03,536870912,75159.6594,+1.53,1624.994,1690.17,0,43.83,329.07
tiiuae__Falcon3-1B-Instruct-1.58bit,1132462080,0.2969,1.60,bitmap_B_resident,lpddr4_package,12,1929589588,227561472,921600,1.70389,395.2073,23155.0751,23550.2823,+4.72,536870912,75089.8899,+1.43,1448.636,1895.93,0,43.83,329.02
tiiuae__Falcon3-1B-Instruct-1.58bit,1132462080,0.2969,1.60,bitmap_B_streamed,lpddr4_package,12,1929589588,227561472,921600,1.70389,446.4042,23155.0751,23601.4793,+4.95,536870912,75141.0868,+1.50,1693.356,1621.93,0,43.83,329.02
tiiuae__Falcon3-1B-Instruct-1.58bit,1132462080,0.2969,1.60,five_trit,gddr5,14.0,1840250880,230916096,0,1.62500,406.3083,25763.5123,26169.8206,+0.00,536870912,86299.3628,+0.00,1373.358,1970.80,0,44.46,333.81
tiiuae__Falcon3-1B-Instruct-1.58bit,1132462080,0.2969,1.60,bitmap_A,gddr5,14.0,1928667988,227561472,0,1.70308,476.0360,27001.3518,27477.3879,+5.00,536870912,87606.9300,+1.52,1624.994,1690.17,0,43.83,329.07
tiiuae__Falcon3-1B-Instruct-1.58bit,1132462080,0.2969,1.60,bitmap_B_resident,gddr5,14.0,1929589588,227561472,921600,1.70389,395.2073,27014.2542,27409.4615,+4.74,536870912,87539.0037,+1.44,1448.636,1895.93,0,43.83,329.02
tiiuae__Falcon3-1B-Instruct-1.58bit,1132462080,0.2969,1.60,bitmap_B_streamed,gddr5,14.0,1929589588,227561472,921600,1.70389,446.4042,27014.2542,27460.6585,+4.93,536870912,87590.2006,+1.50,1693.356,1621.93,0,43.83,329.02
tiiuae__Falcon3-1B-Instruct-1.58bit,1132462080,0.2969,1.60,five_trit,dram_45nm_horowitz,30.5,1840250880,230916096,0,1.62500,406.3083,56127.6518,56533.9602,+0.00,536870912,187530.4627,+0.00,1373.358,1970.80,0,44.46,333.81
tiiuae__Falcon3-1B-Instruct-1.58bit,1132462080,0.2969,1.60,bitmap_A,dram_45nm_horowitz,30.5,1928667988,227561472,0,1.70308,476.0360,58824.3736,59300.4097,+4.89,536870912,190296.9122,+1.48,1624.994,1690.17,0,43.83,329.07
tiiuae__Falcon3-1B-Instruct-1.58bit,1132462080,0.2969,1.60,bitmap_B_resident,dram_45nm_horowitz,30.5,1929589588,227561472,921600,1.70389,395.2073,58852.4824,59247.6897,+4.80,536870912,190244.1922,+1.45,1448.636,1895.93,0,43.83,329.02
tiiuae__Falcon3-1B-Instruct-1.58bit,1132462080,0.2969,1.60,bitmap_B_streamed,dram_45nm_horowitz,30.5,1929589588,227561472,921600,1.70389,446.4042,58852.4824,59298.8867,+4.89,536870912,190295.3892,+1.47,1693.356,1621.93,0,43.83,329.02
tiiuae__Falcon3-1B-Instruct-1.58bit,1132462080,0.2969,1.60,five_trit,ddr3_peak,70,1840250880,230916096,0,1.62500,406.3083,128817.5616,129223.8699,+0.00,536870912,429871.5806,+0.00,1373.358,1970.80,0,44.46,333.81
tiiuae__Falcon3-1B-Instruct-1.58bit,1132462080,0.2969,1.60,bitmap_A,ddr3_peak,70,1928667988,227561472,0,1.70308,476.0360,135006.7592,135482.7952,+4.84,536870912,436130.5059,+1.46,1624.994,1690.17,0,43.83,329.07
tiiuae__Falcon3-1B-Instruct-1.58bit,1132462080,0.2969,1.60,bitmap_B_resident,ddr3_peak,70,1929589588,227561472,921600,1.70389,395.2073,135071.2712,135466.4784,+4.83,536870912,436114.1892,+1.45,1448.636,1895.93,0,43.83,329.02
tiiuae__Falcon3-1B-Instruct-1.58bit,1132462080,0.2969,1.60,bitmap_B_streamed,ddr3_peak,70,1929589588,227561472,921600,1.70389,446.4042,135071.2712,135517.6754,+4.87,536870912,436165.3861,+1.46,1693.356,1621.93,0,43.83,329.02
tiiuae__Falcon3-1B-Instruct-1.58bit,1132462080,0.2969,2.00,five_trit,sram_8kb_45nm,0.156,1840250880,230916096,0,1.62500,341.5820,287.0791,628.6612,+0.00,536870912,1298.6761,+0.00,1221.206,1773.07,0,44.46,333.81
tiiuae__Falcon3-1B-Instruct-1.58bit,1132462080,0.2969,2.00,bitmap_A,sram_8kb_45nm,0.156,1928667988,227561472,0,1.70308,434.3808,300.8722,735.2530,+16.96,536870912,1405.2679,+8.21,1573.656,1396.24,0,43.83,329.07
tiiuae__Falcon3-1B-Instruct-1.58bit,1132462080,0.2969,2.00,bitmap_B_resident,sram_8kb_45nm,0.156,1929589588,227561472,921600,1.70389,365.9535,301.0160,666.9695,+6.09,536870912,1336.9844,+2.95,1412.194,1555.88,0,43.83,329.02
tiiuae__Falcon3-1B-Instruct-1.58bit,1132462080,0.2969,2.00,bitmap_B_streamed,sram_8kb_45nm,0.156,1929589588,227561472,921600,1.70389,417.5681,301.0160,718.5841,+14.30,536870912,1388.5990,+6.92,1656.914,1326.08,0,43.83,329.02
tiiuae__Falcon3-1B-Instruct-1.58bit,1132462080,0.2969,2.00,five_trit,sram_32kb_45nm,0.313,1840250880,230916096,0,1.62500,341.5820,575.9985,917.5806,+0.00,536870912,2261.9053,+0.00,1221.206,1773.07,0,44.46,333.81
tiiuae__Falcon3-1B-Instruct-1.58bit,1132462080,0.2969,2.00,bitmap_A,sram_32kb_45nm,0.313,1928667988,227561472,0,1.70308,434.3808,603.6731,1038.0538,+13.13,536870912,2382.3786,+5.33,1573.656,1396.24,0,43.83,329.07
tiiuae__Falcon3-1B-Instruct-1.58bit,1132462080,0.2969,2.00,bitmap_B_resident,sram_32kb_45nm,0.313,1929589588,227561472,921600,1.70389,365.9535,603.9615,969.9151,+5.70,536870912,2314.2398,+2.31,1412.194,1555.88,0,43.83,329.02
tiiuae__Falcon3-1B-Instruct-1.58bit,1132462080,0.2969,2.00,bitmap_B_streamed,sram_32kb_45nm,0.313,1929589588,227561472,921600,1.70389,417.5681,603.9615,1021.5297,+11.33,536870912,2365.8544,+4.60,1656.914,1326.08,0,43.83,329.02
tiiuae__Falcon3-1B-Instruct-1.58bit,1132462080,0.2969,2.00,five_trit,sram_1mb_45nm,1.563,1840250880,230916096,0,1.62500,341.5820,2876.3121,3217.8942,+0.00,536870912,9930.9281,+0.00,1221.206,1773.07,0,44.46,333.81
tiiuae__Falcon3-1B-Instruct-1.58bit,1132462080,0.2969,2.00,bitmap_A,sram_1mb_45nm,1.563,1928667988,227561472,0,1.70308,434.3808,3014.5081,3448.8888,+7.18,536870912,10161.9227,+2.33,1573.656,1396.24,0,43.83,329.07
tiiuae__Falcon3-1B-Instruct-1.58bit,1132462080,0.2969,2.00,bitmap_B_resident,sram_1mb_45nm,1.563,1929589588,227561472,921600,1.70389,365.9535,3015.9485,3381.9021,+5.10,536870912,10094.9359,+1.65,1412.194,1555.88,0,43.83,329.02
tiiuae__Falcon3-1B-Instruct-1.58bit,1132462080,0.2969,2.00,bitmap_B_streamed,sram_1mb_45nm,1.563,1929589588,227561472,921600,1.70389,417.5681,3015.9485,3433.5167,+6.70,536870912,10146.5506,+2.17,1656.914,1326.08,0,43.83,329.02
tiiuae__Falcon3-1B-Instruct-1.58bit,1132462080,0.2969,2.00,five_trit,sram_1mb_45nm_cacti,1.058,1840250880,230916096,0,1.62500,341.5820,1946.9854,2288.5675,+0.00,536870912,6832.6429,+0.00,1221.206,1773.07,0,44.46,333.81
tiiuae__Falcon3-1B-Instruct-1.58bit,1132462080,0.2969,2.00,bitmap_A,sram_1mb_45nm_cacti,1.058,1928667988,227561472,0,1.70308,434.3808,2040.5307,2474.9115,+8.14,536870912,7018.9869,+2.73,1573.656,1396.24,0,43.83,329.07
tiiuae__Falcon3-1B-Instruct-1.58bit,1132462080,0.2969,2.00,bitmap_B_resident,sram_1mb_45nm_cacti,1.058,1929589588,227561472,921600,1.70389,365.9535,2041.5058,2407.4593,+5.20,536870912,6951.5347,+1.74,1412.194,1555.88,0,43.83,329.02
tiiuae__Falcon3-1B-Instruct-1.58bit,1132462080,0.2969,2.00,bitmap_B_streamed,sram_1mb_45nm_cacti,1.058,1929589588,227561472,921600,1.70389,417.5681,2041.5058,2459.0739,+7.45,536870912,7003.1493,+2.50,1656.914,1326.08,0,43.83,329.02
tiiuae__Falcon3-1B-Instruct-1.58bit,1132462080,0.2969,2.00,five_trit,sram_32kb_7nm,0.133,1840250880,230916096,0,1.62500,341.5820,244.7534,586.3354,+0.00,536870912,1157.5661,+0.00,1221.206,1773.07,0,44.46,333.81
tiiuae__Falcon3-1B-Instruct-1.58bit,1132462080,0.2969,2.00,bitmap_A,sram_32kb_7nm,0.133,1928667988,227561472,0,1.70308,434.3808,256.5128,690.8936,+17.83,536870912,1262.1243,+9.03,1573.656,1396.24,0,43.83,329.07
tiiuae__Falcon3-1B-Instruct-1.58bit,1132462080,0.2969,2.00,bitmap_B_resident,sram_32kb_7nm,0.133,1929589588,227561472,921600,1.70389,365.9535,256.6354,622.5890,+6.18,536870912,1193.8196,+3.13,1412.194,1555.88,0,43.83,329.02
tiiuae__Falcon3-1B-Instruct-1.58bit,1132462080,0.2969,2.00,bitmap_B_streamed,sram_32kb_7nm,0.133,1929589588,227561472,921600,1.70389,417.5681,256.6354,674.2036,+14.99,536870912,1245.4342,+7.59,1656.914,1326.08,0,43.83,329.02
tiiuae__Falcon3-1B-Instruct-1.58bit,1132462080,0.2969,2.00,five_trit,sram_1mb_7nm,0.219,1840250880,230916096,0,1.62500,341.5820,403.0149,744.5970,+0.00,536870912,1685.1948,+0.00,1221.206,1773.07,0,44.46,333.81
tiiuae__Falcon3-1B-Instruct-1.58bit,1132462080,0.2969,2.00,bitmap_A,sram_1mb_7nm,0.219,1928667988,227561472,0,1.70308,434.3808,422.3783,856.7591,+15.06,536870912,1797.3569,+6.66,1573.656,1396.24,0,43.83,329.07
tiiuae__Falcon3-1B-Instruct-1.58bit,1132462080,0.2969,2.00,bitmap_B_resident,sram_1mb_7nm,0.219,1929589588,227561472,921600,1.70389,365.9535,422.5801,788.5337,+5.90,536870912,1729.1315,+2.61,1412.194,1555.88,0,43.83,329.02
tiiuae__Falcon3-1B-Instruct-1.58bit,1132462080,0.2969,2.00,bitmap_B_streamed,sram_1mb_7nm,0.219,1929589588,227561472,921600,1.70389,417.5681,422.5801,840.1483,+12.83,536870912,1780.7461,+5.67,1656.914,1326.08,0,43.83,329.02
tiiuae__Falcon3-1B-Instruct-1.58bit,1132462080,0.2969,2.00,five_trit,hbm2,3.97,1840250880,230916096,0,1.62500,341.5820,7305.7960,7647.3780,+0.00,536870912,24698.3982,+0.00,1221.206,1773.07,0,44.46,333.81
tiiuae__Falcon3-1B-Instruct-1.58bit,1132462080,0.2969,2.00,bitmap_A,hbm2,3.97,1928667988,227561472,0,1.70308,434.3808,7656.8119,8091.1927,+5.80,536870912,25142.2128,+1.80,1573.656,1396.24,0,43.83,329.07
tiiuae__Falcon3-1B-Instruct-1.58bit,1132462080,0.2969,2.00,bitmap_B_resident,hbm2,3.97,1929589588,227561472,921600,1.70389,365.9535,7660.4707,8026.4242,+4.96,536870912,25077.4444,+1.53,1412.194,1555.88,0,43.83,329.02
tiiuae__Falcon3-1B-Instruct-1.58bit,1132462080,0.2969,2.00,bitmap_B_streamed,hbm2,3.97,1929589588,227561472,921600,1.70389,417.5681,7660.4707,8078.0388,+5.63,536870912,25129.0590,+1.74,1656.914,1326.08,0,43.83,329.02
tiiuae__Falcon3-1B-Instruct-1.58bit,1132462080,0.2969,2.00,five_trit,hbm2_streamed,3.59,1840250880,230916096,0,1.62500,341.5820,6606.5007,6948.0827,+0.00,536870912,22367.0153,+0.00,1221.206,1773.07,0,44.46,333.81
tiiuae__Falcon3-1B-Instruct-1.58bit,1132462080,0.2969,2.00,bitmap_A,hbm2_streamed,3.59,1928667988,227561472,0,1.70308,434.3808,6923.9181,7358.2988,+5.90,536870912,22777.2314,+1.83,1573.656,1396.24,0,43.83,329.07
tiiuae__Falcon3-1B-Instruct-1.58bit,1132462080,0.2969,2.00,bitmap_B_resident,hbm2_streamed,3.59,1929589588,227561472,921600,1.70389,365.9535,6927.2266,7293.1802,+4.97,536870912,22712.1128,+1.54,1412.194,1555.88,0,43.83,329.02
tiiuae__Falcon3-1B-Instruct-1.58bit,1132462080,0.2969,2.00,bitmap_B_streamed,hbm2_streamed,3.59,1929589588,227561472,921600,1.70389,417.5681,6927.2266,7344.7948,+5.71,536870912,22763.7274,+1.77,1656.914,1326.08,0,43.83,329.02
tiiuae__Falcon3-1B-Instruct-1.58bit,1132462080,0.2969,2.00,five_trit,lpddr4_package,12,1840250880,230916096,0,1.62500,341.5820,22083.0106,22424.5926,+0.00,536870912,73964.2002,+0.00,1221.206,1773.07,0,44.46,333.81
tiiuae__Falcon3-1B-Instruct-1.58bit,1132462080,0.2969,2.00,bitmap_A,lpddr4_package,12,1928667988,227561472,0,1.70308,434.3808,23144.0159,23578.3966,+5.15,536870912,75118.0042,+1.56,1573.656,1396.24,0,43.83,329.07
tiiuae__Falcon3-1B-Instruct-1.58bit,1132462080,0.2969,2.00,bitmap_B_resident,lpddr4_package,12,1929589588,227561472,921600,1.70389,365.9535,23155.0751,23521.0286,+4.89,536870912,75060.6361,+1.48,1412.194,1555.88,0,43.83,329.02
tiiuae__Falcon3-1B-Instruct-1.58bit,1132462080,0.2969,2.00,bitmap_B_streamed,lpddr4_package,12,1929589588,227561472,921600,1.70389,417.5681,23155.0751,23572.6432,+5.12,536870912,75112.2507,+1.55,1656.914,1326.08,0,43.83,329.02
tiiuae__Falcon3-1B-Instruct-1.58bit,1132462080,0.2969,2.00,five_trit,gddr5,14.0,1840250880,230916096,0,1.62500,341.5820,25763.5123,26105.0944,+0.00,536870912,86234.6365,+0.00,1221.206,1773.07,0,44.46,333.81
tiiuae__Falcon3-1B-Instruct-1.58bit,1132462080,0.2969,2.00,bitmap_A,gddr5,14.0,1928667988,227561472,0,1.70308,434.3808,27001.3518,27435.7326,+5.10,536870912,87565.2747,+1.54,1573.656,1396.24,0,43.83,329.07
tiiuae__Falcon3-1B-Instruct-1.58bit,1132462080,0.2969,2.00,bitmap_B_resident,gddr5,14.0,1929589588,227561472,921600,1.70389,365.9535,27014.2542,27380.2078,+4.88,536870912,87509.7499,+1.48,1412.194,1555.88,0,43.83,329.02
tiiuae__Falcon3-1B-Instruct-1.58bit,1132462080,0.2969,2.00,bitmap_B_streamed,gddr5,14.0,1929589588,227561472,921600,1.70389,417.5681,27014.2542,27431.8224,+5.08,536870912,87561.3645,+1.54,1656.914,1326.08,0,43.83,329.02
tiiuae__Falcon3-1B-Instruct-1.58bit,1132462080,0.2969,2.00,five_trit,dram_45nm_horowitz,30.5,1840250880,230916096,0,1.62500,341.5820,56127.6518,56469.2339,+0.00,536870912,187465.7364,+0.00,1221.206,1773.07,0,44.46,333.81
tiiuae__Falcon3-1B-Instruct-1.58bit,1132462080,0.2969,2.00,bitmap_A,dram_45nm_horowitz,30.5,1928667988,227561472,0,1.70308,434.3808,58824.3736,59258.7544,+4.94,536870912,190255.2569,+1.49,1573.656,1396.24,0,43.83,329.07
tiiuae__Falcon3-1B-Instruct-1.58bit,1132462080,0.2969,2.00,bitmap_B_resident,dram_45nm_horowitz,30.5,1929589588,227561472,921600,1.70389,365.9535,58852.4824,59218.4360,+4.87,536870912,190214.9385,+1.47,1412.194,1555.88,0,43.83,329.02
tiiuae__Falcon3-1B-Instruct-1.58bit,1132462080,0.2969,2.00,bitmap_B_streamed,dram_45nm_horowitz,30.5,1929589588,227561472,921600,1.70389,417.5681,58852.4824,59270.0506,+4.96,536870912,190266.5531,+1.49,1656.914,1326.08,0,43.83,329.02
tiiuae__Falcon3-1B-Instruct-1.58bit,1132462080,0.2969,2.00,five_trit,ddr3_peak,70,1840250880,230916096,0,1.62500,341.5820,128817.5616,129159.1436,+0.00,536870912,429806.8544,+0.00,1221.206,1773.07,0,44.46,333.81
tiiuae__Falcon3-1B-Instruct-1.58bit,1132462080,0.2969,2.00,bitmap_A,ddr3_peak,70,1928667988,227561472,0,1.70308,434.3808,135006.7592,135441.1399,+4.86,536870912,436088.8506,+1.46,1573.656,1396.24,0,43.83,329.07
tiiuae__Falcon3-1B-Instruct-1.58bit,1132462080,0.2969,2.00,bitmap_B_resident,ddr3_peak,70,1929589588,227561472,921600,1.70389,365.9535,135071.2712,135437.2247,+4.86,536870912,436084.9354,+1.46,1412.194,1555.88,0,43.83,329.02
tiiuae__Falcon3-1B-Instruct-1.58bit,1132462080,0.2969,2.00,bitmap_B_streamed,ddr3_peak,70,1929589588,227561472,921600,1.70389,417.5681,135071.2712,135488.8393,+4.90,536870912,436136.5500,+1.47,1656.914,1326.08,0,43.83,329.02
tiiuae__Falcon3-1B-Instruct-1.58bit,1132462080,0.2969,2.50,five_trit,sram_8kb_45nm,0.156,1840250880,230916096,0,1.62500,332.4715,287.0791,619.5507,+0.00,536870912,1289.5656,+0.00,1200.192,1443.29,0,44.46,333.81
tiiuae__Falcon3-1B-Instruct-1.58bit,1132462080,0.2969,2.50,bitmap_A,sram_8kb_45nm,0.156,1928667988,227561472,0,1.70308,435.2665,300.8722,736.1387,+18.82,536870912,1406.1536,+9.04,1545.726,1137.18,0,43.83,329.07
tiiuae__Falcon3-1B-Instruct-1.58bit,1132462080,0.2969,2.50,bitmap_B_resident,sram_8kb_45nm,0.156,1929589588,227561472,921600,1.70389,362.8452,301.0160,663.8611,+7.15,536870912,1333.8760,+3.44,1386.658,1267.63,0,43.83,329.02
tiiuae__Falcon3-1B-Instruct-1.58bit,1132462080,0.2969,2.50,bitmap_B_streamed,sram_8kb_45nm,0.156,1929589588,227561472,921600,1.70389,414.9820,301.0160,715.9980,+15.57,536870912,1386.0129,+7.48,1631.378,1077.47,0,43.83,329.02
tiiuae__Falcon3-1B-Instruct-1.58bit,1132462080,0.2969,2.50,five_trit,sram_32kb_45nm,0.313,1840250880,230916096,0,1.62500,332.4715,575.9985,908.4700,+0.00,536870912,2252.7948,+0.00,1200.192,1443.29,0,44.46,333.81
tiiuae__Falcon3-1B-Instruct-1.58bit,1132462080,0.2969,2.50,bitmap_A,sram_32kb_45nm,0.313,1928667988,227561472,0,1.70308,435.2665,603.6731,1038.9396,+14.36,536870912,2383.2644,+5.79,1545.726,1137.18,0,43.83,329.07
tiiuae__Falcon3-1B-Instruct-1.58bit,1132462080,0.2969,2.50,bitmap_B_resident,sram_32kb_45nm,0.313,1929589588,227561472,921600,1.70389,362.8452,603.9615,966.8067,+6.42,536870912,2311.1315,+2.59,1386.658,1267.63,0,43.83,329.02
tiiuae__Falcon3-1B-Instruct-1.58bit,1132462080,0.2969,2.50,bitmap_B_streamed,sram_32kb_45nm,0.313,1929589588,227561472,921600,1.70389,414.9820,603.9615,1018.9435,+12.16,536870912,2363.2683,+4.90,1631.378,1077.47,0,43.83,329.02
tiiuae__Falcon3-1B-Instruct-1.58bit,1132462080,0.2969,2.50,five_trit,sram_1mb_45nm,1.563,1840250880,230916096,0,1.62500,332.4715,2876.3121,3208.7836,+0.00,536870912,9921.8175,+0.00,1200.192,1443.29,0,44.46,333.81
tiiuae__Falcon3-1B-Instruct-1.58bit,1132462080,0.2969,2.50,bitmap_A,sram_1mb_45nm,1.563,1928667988,227561472,0,1.70308,435.2665,3014.5081,3449.7746,+7.51,536870912,10162.8085,+2.43,1545.726,1137.18,0,43.83,329.07
tiiuae__Falcon3-1B-Instruct-1.58bit,1132462080,0.2969,2.50,bitmap_B_resident,sram_1mb_45nm,1.563,1929589588,227561472,921600,1.70389,362.8452,3015.9485,3378.7937,+5.30,536870912,10091.8276,+1.71,1386.658,1267.63,0,43.83,329.02
tiiuae__Falcon3-1B-Instruct-1.58bit,1132462080,0.2969,2.50,bitmap_B_streamed,sram_1mb_45nm,1.563,1929589588,227561472,921600,1.70389,414.9820,3015.9485,3430.9305,+6.92,536870912,10143.9644,+2.24,1631.378,1077.47,0,43.83,329.02
tiiuae__Falcon3-1B-Instruct-1.58bit,1132462080,0.2969,2.50,five_trit,sram_1mb_45nm_cacti,1.058,1840250880,230916096,0,1.62500,332.4715,1946.9854,2279.4570,+0.00,536870912,6823.5324,+0.00,1200.192,1443.29,0,44.46,333.81
tiiuae__Falcon3-1B-Instruct-1.58bit,1132462080,0.2969,2.50,bitmap_A,sram_1mb_45nm_cacti,1.058,1928667988,227561472,0,1.70308,435.2665,2040.5307,2475.7972,+8.61,536870912,7019.8726,+2.88,1545.726,1137.18,0,43.83,329.07
tiiuae__Falcon3-1B-Instruct-1.58bit,1132462080,0.2969,2.50,bitmap_B_resident,sram_1mb_45nm_cacti,1.058,1929589588,227561472,921600,1.70389,362.8452,2041.5058,2404.3509,+5.48,536870912,6948.4263,+1.83,1386.658,1267.63,0,43.83,329.02
tiiuae__Falcon3-1B-Instruct-1.58bit,1132462080,0.2969,2.50,bitmap_B_streamed,sram_1mb_45nm_cacti,1.058,1929589588,227561472,921600,1.70389,414.9820,2041.5058,2456.4878,+7.77,536870912,7000.5632,+2.59,1631.378,1077.47,0,43.83,329.02
tiiuae__Falcon3-1B-Instruct-1.58bit,1132462080,0.2969,2.50,five_trit,sram_32kb_7nm,0.133,1840250880,230916096,0,1.62500,332.4715,244.7534,577.2249,+0.00,536870912,1148.4555,+0.00,1200.192,1443.29,0,44.46,333.81
tiiuae__Falcon3-1B-Instruct-1.58bit,1132462080,0.2969,2.50,bitmap_A,sram_32kb_7nm,0.133,1928667988,227561472,0,1.70308,435.2665,256.5128,691.7793,+19.85,536870912,1263.0100,+9.97,1545.726,1137.18,0,43.83,329.07
tiiuae__Falcon3-1B-Instruct-1.58bit,1132462080,0.2969,2.50,bitmap_B_resident,sram_32kb_7nm,0.133,1929589588,227561472,921600,1.70389,362.8452,256.6354,619.4806,+7.32,536870912,1190.7112,+3.68,1386.658,1267.63,0,43.83,329.02
tiiuae__Falcon3-1B-Instruct-1.58bit,1132462080,0.2969,2.50,bitmap_B_streamed,sram_32kb_7nm,0.133,1929589588,227561472,921600,1.70389,414.9820,256.6354,671.6174,+16.35,536870912,1242.8481,+8.22,1631.378,1077.47,0,43.83,329.02
tiiuae__Falcon3-1B-Instruct-1.58bit,1132462080,0.2969,2.50,five_trit,sram_1mb_7nm,0.219,1840250880,230916096,0,1.62500,332.4715,403.0149,735.4865,+0.00,536870912,1676.0843,+0.00,1200.192,1443.29,0,44.46,333.81
tiiuae__Falcon3-1B-Instruct-1.58bit,1132462080,0.2969,2.50,bitmap_A,sram_1mb_7nm,0.219,1928667988,227561472,0,1.70308,435.2665,422.3783,857.6448,+16.61,536870912,1798.2426,+7.29,1545.726,1137.18,0,43.83,329.07
tiiuae__Falcon3-1B-Instruct-1.58bit,1132462080,0.2969,2.50,bitmap_B_resident,sram_1mb_7nm,0.219,1929589588,227561472,921600,1.70389,362.8452,422.5801,785.4253,+6.79,536870912,1726.0231,+2.98,1386.658,1267.63,0,43.83,329.02
tiiuae__Falcon3-1B-Instruct-1.58bit,1132462080,0.2969,2.50,bitmap_B_streamed,sram_1mb_7nm,0.219,1929589588,227561472,921600,1.70389,414.9820,422.5801,837.5621,+13.88,536870912,1778.1600,+6.09,1631.378,1077.47,0,43.83,329.02
tiiuae__Falcon3-1B-Instruct-1.58bit,1132462080,0.2969,2.50,five_trit,hbm2,3.97,1840250880,230916096,0,1.62500,332.4715,7305.7960,7638.2675,+0.00,536870912,24689.2877,+0.00,1200.192,1443.29,0,44.46,333.81
tiiuae__Falcon3-1B-Instruct-1.58bit,1132462080,0.2969,2.50,bitmap_A,hbm2,3.97,1928667988,227561472,0,1.70308,435.2665,7656.8119,8092.0784,+5.94,536870912,25143.0986,+1.84,1545.726,1137.18,0,43.83,329.07
tiiuae__Falcon3-1B-Instruct-1.58bit,1132462080,0.2969,2.50,bitmap_B_resident,hbm2,3.97,1929589588,227561472,921600,1.70389,362.8452,7660.4707,8023.3158,+5.04,536870912,25074.3360,+1.56,1386.658,1267.63,0,43.83,329.02
tiiuae__Falcon3-1B-Instruct-1.58bit,1132462080,0.2969,2.50,bitmap_B_streamed,hbm2,3.97,1929589588,227561472,921600,1.70389,414.9820,7660.4707,8075.4527,+5.72,536870912,25126.4728,+1.77,1631.378,1077.47,0,43.83,329.02
tiiuae__Falcon3-1B-Instruct-1.58bit,1132462080,0.2969,2.50,five_trit,hbm2_streamed,3.59,1840250880,230916096,0,1.62500,332.4715,6606.5007,6938.9722,+0.00,536870912,22357.9048,+0.00,1200.192,1443.29,0,44.46,333.81
tiiuae__Falcon3-1B-Instruct-1.58bit,1132462080,0.2969,2.50,bitmap_A,hbm2_streamed,3.59,1928667988,227561472,0,1.70308,435.2665,6923.9181,7359.1846,+6.06,536870912,22778.1172,+1.88,1545.726,1137.18,0,43.83,329.07
tiiuae__Falcon3-1B-Instruct-1.58bit,1132462080,0.2969,2.50,bitmap_B_resident,hbm2_streamed,3.59,1929589588,227561472,921600,1.70389,362.8452,6927.2266,7290.0718,+5.06,536870912,22709.0044,+1.57,1386.658,1267.63,0,43.83,329.02
tiiuae__Falcon3-1B-Instruct-1.58bit,1132462080,0.2969,2.50,bitmap_B_streamed,hbm2_streamed,3.59,1929589588,227561472,921600,1.70389,414.9820,6927.2266,7342.2086,+5.81,536870912,22761.1412,+1.80,1631.378,1077.47,0,43.83,329.02
tiiuae__Falcon3-1B-Instruct-1.58bit,1132462080,0.2969,2.50,five_trit,lpddr4_package,12,1840250880,230916096,0,1.62500,332.4715,22083.0106,22415.4821,+0.00,536870912,73955.0896,+0.00,1200.192,1443.29,0,44.46,333.81
tiiuae__Falcon3-1B-Instruct-1.58bit,1132462080,0.2969,2.50,bitmap_A,lpddr4_package,12,1928667988,227561472,0,1.70308,435.2665,23144.0159,23579.2824,+5.19,536870912,75118.8899,+1.57,1545.726,1137.18,0,43.83,329.07
tiiuae__Falcon3-1B-Instruct-1.58bit,1132462080,0.2969,2.50,bitmap_B_resident,lpddr4_package,12,1929589588,227561472,921600,1.70389,362.8452,23155.0751,23517.9202,+4.92,536870912,75057.5278,+1.49,1386.658,1267.63,0,43.83,329.02
tiiuae__Falcon3-1B-Instruct-1.58bit,1132462080,0.2969,2.50,bitmap_B_streamed,lpddr4_package,12,1929589588,227561472,921600,1.70389,414.9820,23155.0751,23570.0571,+5.15,536870912,75109.6646,+1.56,1631.378,1077.47,0,43.83,329.02
tiiuae__Falcon3-1B-Instruct-1.58bit,1132462080,0.2969,2.50,five_trit,gddr5,14.0,1840250880,230916096,0,1.62500,332.4715,25763.5123,26095.9838,+0.00,536870912,86225.5260,+0.00,1200.192,1443.29,0,44.46,333.81
tiiuae__Falcon3-1B-Instruct-1.58bit,1132462080,0.2969,2.50,bitmap_A,gddr5,14.0,1928667988,227561472,0,1.70308,435.2665,27001.3518,27436.6183,+5.14,536870912,87566.1605,+1.55,1545.726,1137.18,0,43.83,329.07
tiiuae__Falcon3-1B-Instruct-1.58bit,1132462080,0.2969,2.50,bitmap_B_resident,gddr5,14.0,1929589588,227561472,921600,1.70389,362.8452,27014.2542,27377.0994,+4.91,536870912,87506.6415,+1.49,1386.658,1267.63,0,43.83,329.02
tiiuae__Falcon3-1B-Instruct-1.58bit,1132462080,0.2969,2.50,bitmap_B_streamed,gddr5,14.0,1929589588,227561472,921600,1.70389,414.9820,27014.2542,27429.2362,+5.11,536870912,87558.7784,+1.55,1631.378,1077.47,0,43.83,329.02
tiiuae__Falcon3-1B-Instruct-1.58bit,1132462080,0.2969,2.50,five_trit,dram_45nm_horowitz,30.5,1840250880,230916096,0,1.62500,332.4715,56127.6518,56460.1234,+0.00,536870912,187456.6259,+0.00,1200.192,1443.29,0,44.46,333.81
tiiuae__Falcon3-1B-Instruct-1.58bit,1132462080,0.2969,2.50,bitmap_A,dram_45nm_horowitz,30.5,1928667988,227561472,0,1.70308,435.2665,58824.3736,59259.6401,+4.96,536870912,190256.1427,+1.49,1545.726,1137.18,0,43.83,329.07
tiiuae__Falcon3-1B-Instruct-1.58bit,1132462080,0.2969,2.50,bitmap_B_resident,dram_45nm_horowitz,30.5,1929589588,227561472,921600,1.70389,362.8452,58852.4824,59215.3276,+4.88,536870912,190211.8301,+1.47,1386.658,1267.63,0,43.83,329.02
tiiuae__Falcon3-1B-Instruct-1.58bit,1132462080,0.2969,2.50,bitmap_B_streamed,dram_45nm_horowitz,30.5,1929589588,227561472,921600,1.70389,414.9820,58852.4824,59267.4644,+4.97,536870912,190263.9670,+1.50,1631.378,1077.47,0,43.83,329.02
tiiuae__Falcon3-1B-Instruct-1.58bit,1132462080,0.2969,2.50,five_trit,ddr3_peak,70,1840250880,230916096,0,1.62500,332.4715,128817.5616,129150.0331,+0.00,536870912,429797.7438,+0.00,1200.192,1443.29,0,44.46,333.81
tiiuae__Falcon3-1B-Instruct-1.58bit,1132462080,0.2969,2.50,bitmap_A,ddr3_peak,70,1928667988,227561472,0,1.70308,435.2665,135006.7592,135442.0257,+4.87,536870912,436089.7364,+1.46,1545.726,1137.18,0,43.83,329.07
tiiuae__Falcon3-1B-Instruct-1.58bit,1132462080,0.2969,2.50,bitmap_B_resident,ddr3_peak,70,1929589588,227561472,921600,1.70389,362.8452,135071.2712,135434.1163,+4.87,536870912,436081.8270,+1.46,1386.658,1267.63,0,43.83,329.02
tiiuae__Falcon3-1B-Instruct-1.58bit,1132462080,0.2969,2.50,bitmap_B_streamed,ddr3_peak,70,1929589588,227561472,921600,1.70389,414.9820,135071.2712,135486.2532,+4.91,536870912,436133.9639,+1.47,1631.378,1077.47,0,43.83,329.02
tiiuae__Falcon3-3B-Instruct-1.58bit,2422210560,0.2920,1.60,five_trit,sram_8kb_45nm,0.156,3936092160,493318144,0,1.62500,868.8290,614.0304,1482.8594,+0.00,805306368,2487.8817,+0.00,1373.358,922.51,0,26.28,197.33
tiiuae__Falcon3-3B-Instruct-1.58bit,2422210560,0.2920,1.60,bitmap_A,sram_8kb_45nm,0.156,4137105238,486154240,0,1.70799,1017.2997,645.3884,1662.6881,+12.13,805306368,2667.7104,+7.23,1624.994,791.14,0,25.79,193.58
tiiuae__Falcon3-3B-Instruct-1.58bit,2422210560,0.2920,1.60,bitmap_B_resident,sram_8kb_45nm,0.156,4139132758,486154240,2027520,1.70882,844.7145,645.7047,1490.4192,+0.51,805306368,2495.4416,+0.30,1448.636,887.46,0,25.78,193.54
tiiuae__Falcon3-3B-Instruct-1.58bit,2422210560,0.2920,1.60,bitmap_B_streamed,sram_8kb_45nm,0.156,4139132758,486154240,2027520,1.70882,954.4230,645.7047,1600.1277,+7.91,805306368,2605.1500,+4.71,1693.356,759.20,0,25.78,193.54
tiiuae__Falcon3-3B-Instruct-1.58bit,2422210560,0.2920,1.60,five_trit,sram_32kb_45nm,0.313,3936092160,493318144,0,1.62500,868.8290,1231.9968,2100.8258,+0.00,805306368,4117.3130,+0.00,1373.358,922.51,0,26.28,197.33
tiiuae__Falcon3-3B-Instruct-1.58bit,2422210560,0.2920,1.60,bitmap_A,sram_32kb_45nm,0.313,4137105238,486154240,0,1.70799,1017.2997,1294.9139,2312.2136,+10.06,805306368,4328.7008,+5.13,1624.994,791.14,0,25.79,193.58
tiiuae__Falcon3-3B-Instruct-1.58bit,2422210560,0.2920,1.60,bitmap_B_resident,sram_32kb_45nm,0.313,4139132758,486154240,2027520,1.70882,844.7145,1295.5486,2140.2631,+1.88,805306368,4156.7502,+0.96,1448.636,887.46,0,25.78,193.54
tiiuae__Falcon3-3B-Instruct-1.58bit,2422210560,0.2920,1.60,bitmap_B_streamed,sram_32kb_45nm,0.313,4139132758,486154240,2027520,1.70882,954.4230,1295.5486,2249.9715,+7.10,805306368,4266.4587,+3.62,1693.356,759.20,0,25.78,193.54
tiiuae__Falcon3-3B-Instruct-1.58bit,2422210560,0.2920,1.60,five_trit,sram_1mb_45nm,1.563,3936092160,493318144,0,1.62500,868.8290,6152.1120,7020.9410,+0.00,805306368,17090.4919,+0.00,1373.358,922.51,0,26.28,197.33
tiiuae__Falcon3-3B-Instruct-1.58bit,2422210560,0.2920,1.60,bitmap_A,sram_1mb_45nm,1.563,4137105238,486154240,0,1.70799,1017.2997,6466.2955,7483.5952,+6.59,805306368,17553.1460,+2.71,1624.994,791.14,0,25.79,193.58
tiiuae__Falcon3-3B-Instruct-1.58bit,2422210560,0.2920,1.60,bitmap_B_resident,sram_1mb_45nm,1.563,4139132758,486154240,2027520,1.70882,844.7145,6469.4645,7314.1790,+4.18,805306368,17383.7298,+1.72,1448.636,887.46,0,25.78,193.54
tiiuae__Falcon3-3B-Instruct-1.58bit,2422210560,0.2920,1.60,bitmap_B_streamed,sram_1mb_45nm,1.563,4139132758,486154240,2027520,1.70882,954.4230,6469.4645,7423.8875,+5.74,805306368,17493.4383,+2.36,1693.356,759.20,0,25.78,193.54
tiiuae__Falcon3-3B-Instruct-1.58bit,2422210560,0.2920,1.60,five_trit,sram_1mb_45nm_cacti,1.058,3936092160,493318144,0,1.62500,868.8290,4164.3855,5033.2145,+0.00,805306368,11849.3276,+0.00,1373.358,922.51,0,26.28,197.33
tiiuae__Falcon3-3B-Instruct-1.58bit,2422210560,0.2920,1.60,bitmap_A,sram_1mb_45nm_cacti,1.058,4137105238,486154240,0,1.70799,1017.2997,4377.0573,5394.3570,+7.18,805306368,12210.4701,+3.05,1624.994,791.14,0,25.79,193.58
tiiuae__Falcon3-3B-Instruct-1.58bit,2422210560,0.2920,1.60,bitmap_B_resident,sram_1mb_45nm_cacti,1.058,4139132758,486154240,2027520,1.70882,844.7145,4379.2025,5223.9170,+3.79,805306368,12040.0301,+1.61,1448.636,887.46,0,25.78,193.54
tiiuae__Falcon3-3B-Instruct-1.58bit,2422210560,0.2920,1.60,bitmap_B_streamed,sram_1mb_45nm_cacti,1.058,4139132758,486154240,2027520,1.70882,954.4230,4379.2025,5333.6254,+5.97,805306368,12149.7385,+2.54,1693.356,759.20,0,25.78,193.54
tiiuae__Falcon3-3B-Instruct-1.58bit,2422210560,0.2920,1.60,five_trit,sram_32kb_7nm,0.133,3936092160,493318144,0,1.62500,868.8290,523.5003,1392.3293,+0.00,805306368,2249.1752,+0.00,1373.358,922.51,0,26.28,197.33
tiiuae__Falcon3-3B-Instruct-1.58bit,2422210560,0.2920,1.60,bitmap_A,sram_32kb_7nm,0.133,4137105238,486154240,0,1.70799,1017.2997,550.2350,1567.5347,+12.58,805306368,2424.3807,+7.79,1624.994,791.14,0,25.79,193.58
tiiuae__Falcon3-3B-Instruct-1.58bit,2422210560,0.2920,1.60,bitmap_B_resident,sram_32kb_7nm,0.133,4139132758,486154240,2027520,1.70882,844.7145,550.5047,1395.2192,+0.21,805306368,2252.0652,+0.13,1448.636,887.46,0,25.78,193.54
tiiuae__Falcon3-3B-Instruct-1.58bit,2422210560,0.2920,1.60,bitmap_B_streamed,sram_32kb_7nm,0.133,4139132758,486154240,2027520,1.70882,954.4230,550.5047,1504.9276,+8.09,805306368,2361.7736,+5.01,1693.356,759.20,0,25.78,193.54
tiiuae__Falcon3-3B-Instruct-1.58bit,2422210560,0.2920,1.60,five_trit,sram_1mb_7nm,0.219,3936092160,493318144,0,1.62500,868.8290,862.0042,1730.8332,+0.00,805306368,3141.7299,+0.00,1373.358,922.51,0,26.28,197.33
tiiuae__Falcon3-3B-Instruct-1.58bit,2422210560,0.2920,1.60,bitmap_A,sram_1mb_7nm,0.219,4137105238,486154240,0,1.70799,1017.2997,906.0260,1923.3257,+11.12,805306368,3334.2225,+6.13,1624.994,791.14,0,25.79,193.58
tiiuae__Falcon3-3B-Instruct-1.58bit,2422210560,0.2920,1.60,bitmap_B_resident,sram_1mb_7nm,0.219,4139132758,486154240,2027520,1.70882,844.7145,906.4701,1751.1846,+1.18,805306368,3162.0814,+0.65,1448.636,887.46,0,25.78,193.54
tiiuae__Falcon3-3B-Instruct-1.58bit,2422210560,0.2920,1.60,bitmap_B_streamed,sram_1mb_7nm,0.219,4139132758,486154240,2027520,1.70882,954.4230,906.4701,1860.8930,+7.51,805306368,3271.7898,+4.14,1693.356,759.20,0,25.78,193.54
tiiuae__Falcon3-3B-Instruct-1.58bit,2422210560,0.2920,1.60,five_trit,hbm2,3.97,3936092160,493318144,0,1.62500,868.8290,15626.2859,16495.1149,+0.00,805306368,42071.6451,+0.00,1373.358,922.51,0,26.28,197.33
tiiuae__Falcon3-3B-Instruct-1.58bit,2422210560,0.2920,1.60,bitmap_A,hbm2,3.97,4137105238,486154240,0,1.70799,1017.2997,16424.3078,17441.6075,+5.74,805306368,43018.1377,+2.25,1624.994,791.14,0,25.79,193.58
tiiuae__Falcon3-3B-Instruct-1.58bit,2422210560,0.2920,1.60,bitmap_B_resident,hbm2,3.97,4139132758,486154240,2027520,1.70882,844.7145,16432.3570,17277.0716,+4.74,805306368,42853.6018,+1.86,1448.636,887.46,0,25.78,193.54
tiiuae__Falcon3-3B-Instruct-1.58bit,2422210560,0.2920,1.60,bitmap_B_streamed,hbm2,3.97,4139132758,486154240,2027520,1.70882,954.4230,16432.3570,17386.7800,+5.41,805306368,42963.3103,+2.12,1693.356,759.20,0,25.78,193.54
tiiuae__Falcon3-3B-Instruct-1.58bit,2422210560,0.2920,1.60,five_trit,hbm2_streamed,3.59,3936092160,493318144,0,1.62500,868.8290,14130.5709,14999.3999,+0.00,805306368,38127.7987,+0.00,1373.358,922.51,0,26.28,197.33
tiiuae__Falcon3-3B-Instruct-1.58bit,2422210560,0.2920,1.60,bitmap_A,hbm2_streamed,3.59,4137105238,486154240,0,1.70799,1017.2997,14852.2078,15869.5075,+5.80,805306368,38997.9064,+2.28,1624.994,791.14,0,25.79,193.58
tiiuae__Falcon3-3B-Instruct-1.58bit,2422210560,0.2920,1.60,bitmap_B_resident,hbm2_streamed,3.59,4139132758,486154240,2027520,1.70882,844.7145,14859.4866,15704.2011,+4.70,805306368,38832.6000,+1.85,1448.636,887.46,0,25.78,193.54
tiiuae__Falcon3-3B-Instruct-1.58bit,2422210560,0.2920,1.60,bitmap_B_streamed,hbm2_streamed,3.59,4139132758,486154240,2027520,1.70882,954.4230,14859.4866,15813.9096,+5.43,805306368,38942.3085,+2.14,1693.356,759.20,0,25.78,193.54
tiiuae__Falcon3-3B-Instruct-1.58bit,2422210560,0.2920,1.60,five_trit,lpddr4_package,12,3936092160,493318144,0,1.62500,868.8290,47233.1059,48101.9349,+0.00,805306368,125411.3462,+0.00,1373.358,922.51,0,26.28,197.33
tiiuae__Falcon3-3B-Instruct-1.58bit,2422210560,0.2920,1.60,bitmap_A,lpddr4_package,12,4137105238,486154240,0,1.70799,1017.2997,49645.2629,50662.5625,+5.32,805306368,127971.9739,+2.04,1624.994,791.14,0,25.79,193.58
tiiuae__Falcon3-3B-Instruct-1.58bit,2422210560,0.2920,1.60,bitmap_B_resident,lpddr4_package,12,4139132758,486154240,2027520,1.70882,844.7145,49669.5931,50514.3076,+5.02,805306368,127823.7189,+1.92,1448.636,887.46,0,25.78,193.54
tiiuae__Falcon3-3B-Instruct-1.58bit,2422210560,0.2920,1.60,bitmap_B_streamed,lpddr4_package,12,4139132758,486154240,2027520,1.70882,954.4230,49669.5931,50624.0161,+5.24,805306368,127933.4274,+2.01,1693.356,759.20,0,25.78,193.54
tiiuae__Falcon3-3B-Instruct-1.58bit,2422210560,0.2920,1.60,five_trit,gddr5,14.0,3936092160,493318144,0,1.62500,868.8290,55105.2902,55974.1192,+0.00,805306368,146168.4325,+0.00,1373.358,922.51,0,26.28,197.33
tiiuae__Falcon3-3B-Instruct-1.58bit,2422210560,0.2920,1.60,bitmap_A,gddr5,14.0,4137105238,486154240,0,1.70799,1017.2997,57919.4733,58936.7730,+5.29,805306368,149131.0862,+2.03,1624.994,791.14,0,25.79,193.58
tiiuae__Falcon3-3B-Instruct-1.58bit,2422210560,0.2920,1.60,bitmap_B_resident,gddr5,14.0,4139132758,486154240,2027520,1.70882,844.7145,57947.8586,58792.5731,+5.04,805306368,148986.8864,+1.93,1448.636,887.46,0,25.78,193.54
tiiuae__Falcon3-3B-Instruct-1.58bit,2422210560,0.2920,1.60,bitmap_B_streamed,gddr5,14.0,4139132758,486154240,2027520,1.70882,954.4230,57947.8586,58902.2816,+5.23,805306368,149096.5948,+2.00,1693.356,759.20,0,25.78,193.54
tiiuae__Falcon3-3B-Instruct-1.58bit,2422210560,0.2920,1.60,five_trit,dram_45nm_horowitz,30.5,3936092160,493318144,0,1.62500,868.8290,120050.8109,120919.6399,+0.00,805306368,317414.3937,+0.00,1373.358,922.51,0,26.28,197.33
tiiuae__Falcon3-3B-Instruct-1.58bit,2422210560,0.2920,1.60,bitmap_A,dram_45nm_horowitz,30.5,4137105238,486154240,0,1.70799,1017.2997,126181.7098,127199.0094,+5.19,805306368,323693.7632,+1.98,1624.994,791.14,0,25.79,193.58
tiiuae__Falcon3-3B-Instruct-1.58bit,2422210560,0.2920,1.60,bitmap_B_resident,dram_45nm_horowitz,30.5,4139132758,486154240,2027520,1.70882,844.7145,126243.5491,127088.2636,+5.10,805306368,323583.0174,+1.94,1448.636,887.46,0,25.78,193.54
tiiuae__Falcon3-3B-Instruct-1.58bit,2422210560,0.2920,1.60,bitmap_B_streamed,dram_45nm_horowitz,30.5,4139132758,486154240,2027520,1.70882,954.4230,126243.5491,127197.9721,+5.19,805306368,323692.7259,+1.98,1693.356,759.20,0,25.78,193.54
tiiuae__Falcon3-3B-Instruct-1.58bit,2422210560,0.2920,1.60,five_trit,ddr3_peak,70,3936092160,493318144,0,1.62500,868.8290,275526.4512,276395.2802,+0.00,805306368,727366.8463,+0.00,1373.358,922.51,0,26.28,197.33
tiiuae__Falcon3-3B-Instruct-1.58bit,2422210560,0.2920,1.60,bitmap_A,ddr3_peak,70,4137105238,486154240,0,1.70799,1017.2997,289597.3667,290614.6663,+5.14,805306368,741586.2324,+1.95,1624.994,791.14,0,25.79,193.58
tiiuae__Falcon3-3B-Instruct-1.58bit,2422210560,0.2920,1.60,bitmap_B_resident,ddr3_peak,70,4139132758,486154240,2027520,1.70882,844.7145,289739.2931,290584.0076,+5.13,805306368,741555.5737,+1.95,1448.636,887.46,0,25.78,193.54
tiiuae__Falcon3-3B-Instruct-1.58bit,2422210560,0.2920,1.60,bitmap_B_streamed,ddr3_peak,70,4139132758,486154240,2027520,1.70882,954.4230,289739.2931,290693.7160,+5.17,805306368,741665.2821,+1.97,1693.356,759.20,0,25.78,193.54
tiiuae__Falcon3-3B-Instruct-1.58bit,2422210560,0.2920,2.00,five_trit,sram_8kb_45nm,0.156,3936092160,493318144,0,1.62500,730.2766,614.0304,1344.3070,+0.00,805306368,2349.3293,+0.00,1221.206,829.95,0,26.28,197.33
tiiuae__Falcon3-3B-Instruct-1.58bit,2422210560,0.2920,2.00,bitmap_A,sram_8kb_45nm,0.156,4137105238,486154240,0,1.70799,928.0616,645.3884,1573.4500,+17.05,805306368,2578.4724,+9.75,1573.656,653.56,0,25.79,193.58
tiiuae__Falcon3-3B-Instruct-1.58bit,2422210560,0.2920,2.00,bitmap_B_resident,sram_8kb_45nm,0.156,4139132758,486154240,2027520,1.70882,782.1005,645.7047,1427.8052,+6.21,805306368,2432.8276,+3.55,1412.194,728.29,0,25.78,193.54
tiiuae__Falcon3-3B-Instruct-1.58bit,2422210560,0.2920,2.00,bitmap_B_streamed,sram_8kb_45nm,0.156,4139132758,486154240,2027520,1.70882,892.7014,645.7047,1538.4061,+14.44,805306368,2543.4285,+8.26,1656.914,620.72,0,25.78,193.54
tiiuae__Falcon3-3B-Instruct-1.58bit,2422210560,0.2920,2.00,five_trit,sram_32kb_45nm,0.313,3936092160,493318144,0,1.62500,730.2766,1231.9968,1962.2734,+0.00,805306368,3978.7606,+0.00,1221.206,829.95,0,26.28,197.33
tiiuae__Falcon3-3B-Instruct-1.58bit,2422210560,0.2920,2.00,bitmap_A,sram_32kb_45nm,0.313,4137105238,486154240,0,1.70799,928.0616,1294.9139,2222.9756,+13.29,805306368,4239.4627,+6.55,1573.656,653.56,0,25.79,193.58
tiiuae__Falcon3-3B-Instruct-1.58bit,2422210560,0.2920,2.00,bitmap_B_resident,sram_32kb_45nm,0.313,4139132758,486154240,2027520,1.70882,782.1005,1295.5486,2077.6490,+5.88,805306368,4094.1362,+2.90,1412.194,728.29,0,25.78,193.54
tiiuae__Falcon3-3B-Instruct-1.58bit,2422210560,0.2920,2.00,bitmap_B_streamed,sram_32kb_45nm,0.313,4139132758,486154240,2027520,1.70882,892.7014,1295.5486,2188.2500,+11.52,805306368,4204.7371,+5.68,1656.914,620.72,0,25.78,193.54
tiiuae__Falcon3-3B-Instruct-1.58bit,2422210560,0.2920,2.00,five_trit,sram_1mb_45nm,1.563,3936092160,493318144,0,1.62500,730.2766,6152.1120,6882.3886,+0.00,805306368,16951.9395,+0.00,1221.206,829.95,0,26.28,197.33
tiiuae__Falcon3-3B-Instruct-1.58bit,2422210560,0.2920,2.00,bitmap_A,sram_1mb_45nm,1.563,4137105238,486154240,0,1.70799,928.0616,6466.2955,7394.3571,+7.44,805306368,17463.9079,+3.02,1573.656,653.56,0,25.79,193.58
tiiuae__Falcon3-3B-Instruct-1.58bit,2422210560,0.2920,2.00,bitmap_B_resident,sram_1mb_45nm,1.563,4139132758,486154240,2027520,1.70882,782.1005,6469.4645,7251.5650,+5.36,805306368,17321.1158,+2.18,1412.194,728.29,0,25.78,193.54
tiiuae__Falcon3-3B-Instruct-1.58bit,2422210560,0.2920,2.00,bitmap_B_streamed,sram_1mb_45nm,1.563,4139132758,486154240,2027520,1.70882,892.7014,6469.4645,7362.1659,+6.97,805306368,17431.7167,+2.83,1656.914,620.72,0,25.78,193.54
tiiuae__Falcon3-3B-Instruct-1.58bit,2422210560,0.2920,2.00,five_trit,sram_1mb_45nm_cacti,1.058,3936092160,493318144,0,1.62500,730.2766,4164.3855,4894.6621,+0.00,805306368,11710.7752,+0.00,1221.206,829.95,0,26.28,197.33
tiiuae__Falcon3-3B-Instruct-1.58bit,2422210560,0.2920,2.00,bitmap_A,sram_1mb_45nm_cacti,1.058,4137105238,486154240,0,1.70799,928.0616,4377.0573,5305.1190,+8.39,805306368,12121.2321,+3.50,1573.656,653.56,0,25.79,193.58
tiiuae__Falcon3-3B-Instruct-1.58bit,2422210560,0.2920,2.00,bitmap_B_resident,sram_1mb_45nm_cacti,1.058,4139132758,486154240,2027520,1.70882,782.1005,4379.2025,5161.3030,+5.45,805306368,11977.4161,+2.28,1412.194,728.29,0,25.78,193.54
tiiuae__Falcon3-3B-Instruct-1.58bit,2422210560,0.2920,2.00,bitmap_B_streamed,sram_1mb_45nm_cacti,1.058,4139132758,486154240,2027520,1.70882,892.7014,4379.2025,5271.9039,+7.71,805306368,12088.0170,+3.22,1656.914,620.72,0,25.78,193.54
tiiuae__Falcon3-3B-Instruct-1.58bit,2422210560,0.2920,2.00,five_trit,sram_32kb_7nm,0.133,3936092160,493318144,0,1.62500,730.2766,523.5003,1253.7768,+0.00,805306368,2110.6228,+0.00,1221.206,829.95,0,26.28,197.33
tiiuae__Falcon3-3B-Instruct-1.58bit,2422210560,0.2920,2.00,bitmap_A,sram_32kb_7nm,0.133,4137105238,486154240,0,1.70799,928.0616,550.2350,1478.2966,+17.91,805306368,2335.1426,+10.64,1573.656,653.56,0,25.79,193.58
tiiuae__Falcon3-3B-Instruct-1.58bit,2422210560,0.2920,2.00,bitmap_B_resident,sram_32kb_7nm,0.133,4139132758,486154240,2027520,1.70882,782.1005,550.5047,1332.6052,+6.29,805306368,2189.4511,+3.73,1412.194,728.29,0,25.78,193.54
tiiuae__Falcon3-3B-Instruct-1.58bit,2422210560,0.2920,2.00,bitmap_B_streamed,sram_32kb_7nm,0.133,4139132758,486154240,2027520,1.70882,892.7014,550.5047,1443.2061,+15.11,805306368,2300.0520,+8.98,1656.914,620.72,0,25.78,193.54
tiiuae__Falcon3-3B-Instruct-1.58bit,2422210560,0.2920,2.00,five_trit,sram_1mb_7nm,0.219,3936092160,493318144,0,1.62500,730.2766,862.0042,1592.2808,+0.00,805306368,3003.1775,+0.00,1221.206,829.95,0,26.28,197.33
tiiuae__Falcon3-3B-Instruct-1.58bit,2422210560,0.2920,2.00,bitmap_A,sram_1mb_7nm,0.219,4137105238,486154240,0,1.70799,928.0616,906.0260,1834.0877,+15.19,805306368,3244.9844,+8.05,1573.656,653.56,0,25.79,193.58
tiiuae__Falcon3-3B-Instruct-1.58bit,2422210560,0.2920,2.00,bitmap_B_resident,sram_1mb_7nm,0.219,4139132758,486154240,2027520,1.70882,782.1005,906.4701,1688.5706,+6.05,805306368,3099.4673,+3.21,1412.194,728.29,0,25.78,193.54
tiiuae__Falcon3-3B-Instruct-1.58bit,2422210560,0.2920,2.00,bitmap_B_streamed,sram_1mb_7nm,0.219,4139132758,486154240,2027520,1.70882,892.7014,906.4701,1799.1715,+12.99,805306368,3210.0682,+6.89,1656.914,620.72,0,25.78,193.54
tiiuae__Falcon3-3B-Instruct-1.58bit,2422210560,0.2920,2.00,five_trit,hbm2,3.97,3936092160,493318144,0,1.62500,730.2766,15626.2859,16356.5625,+0.00,805306368,41933.0927,+0.00,1221.206,829.95,0,26.28,197.33
tiiuae__Falcon3-3B-Instruct-1.58bit,2422210560,0.2920,2.00,bitmap_A,hbm2,3.97,4137105238,486154240,0,1.70799,928.0616,16424.3078,17352.3694,+6.09,805306368,42928.8997,+2.37,1573.656,653.56,0,25.79,193.58
tiiuae__Falcon3-3B-Instruct-1.58bit,2422210560,0.2920,2.00,bitmap_B_resident,hbm2,3.97,4139132758,486154240,2027520,1.70882,782.1005,16432.3570,17214.4575,+5.24,805306368,42790.9878,+2.05,1412.194,728.29,0,25.78,193.54
tiiuae__Falcon3-3B-Instruct-1.58bit,2422210560,0.2920,2.00,bitmap_B_streamed,hbm2,3.97,4139132758,486154240,2027520,1.70882,892.7014,16432.3570,17325.0585,+5.92,805306368,42901.5887,+2.31,1656.914,620.72,0,25.78,193.54
tiiuae__Falcon3-3B-Instruct-1.58bit,2422210560,0.2920,2.00,five_trit,hbm2_streamed,3.59,3936092160,493318144,0,1.62500,730.2766,14130.5709,14860.8474,+0.00,805306368,37989.2463,+0.00,1221.206,829.95,0,26.28,197.33
tiiuae__Falcon3-3B-Instruct-1.58bit,2422210560,0.2920,2.00,bitmap_A,hbm2_streamed,3.59,4137105238,486154240,0,1.70799,928.0616,14852.2078,15780.2694,+6.19,805306368,38908.6683,+2.42,1573.656,653.56,0,25.79,193.58
tiiuae__Falcon3-3B-Instruct-1.58bit,2422210560,0.2920,2.00,bitmap_B_resident,hbm2_streamed,3.59,4139132758,486154240,2027520,1.70882,782.1005,14859.4866,15641.5871,+5.25,805306368,38769.9860,+2.06,1412.194,728.29,0,25.78,193.54
tiiuae__Falcon3-3B-Instruct-1.58bit,2422210560,0.2920,2.00,bitmap_B_streamed,hbm2_streamed,3.59,4139132758,486154240,2027520,1.70882,892.7014,14859.4866,15752.1880,+6.00,805306368,38880.5869,+2.35,1656.914,620.72,0,25.78,193.54
tiiuae__Falcon3-3B-Instruct-1.58bit,2422210560,0.2920,2.00,five_trit,lpddr4_package,12,3936092160,493318144,0,1.62500,730.2766,47233.1059,47963.3825,+0.00,805306368,125272.7938,+0.00,1221.206,829.95,0,26.28,197.33
tiiuae__Falcon3-3B-Instruct-1.58bit,2422210560,0.2920,2.00,bitmap_A,lpddr4_package,12,4137105238,486154240,0,1.70799,928.0616,49645.2629,50573.3245,+5.44,805306368,127882.7358,+2.08,1573.656,653.56,0,25.79,193.58
tiiuae__Falcon3-3B-Instruct-1.58bit,2422210560,0.2920,2.00,bitmap_B_resident,lpddr4_package,12,4139132758,486154240,2027520,1.70882,782.1005,49669.5931,50451.6936,+5.19,805306368,127761.1049,+1.99,1412.194,728.29,0,25.78,193.54
tiiuae__Falcon3-3B-Instruct-1.58bit,2422210560,0.2920,2.00,bitmap_B_streamed,lpddr4_package,12,4139132758,486154240,2027520,1.70882,892.7014,49669.5931,50562.2945,+5.42,805306368,127871.7058,+2.07,1656.914,620.72,0,25.78,193.54
tiiuae__Falcon3-3B-Instruct-1.58bit,2422210560,0.2920,2.00,five_trit,gddr5,14.0,3936092160,493318144,0,1.62500,730.2766,55105.2902,55835.5668,+0.00,805306368,146029.8800,+0.00,1221.206,829.95,0,26.28,197.33
tiiuae__Falcon3-3B-Instruct-1.58bit,2422210560,0.2920,2.00,bitmap_A,gddr5,14.0,4137105238,486154240,0,1.70799,928.0616,57919.4733,58847.5350,+5.39,805306368,149041.8482,+2.06,1573.656,653.56,0,25.79,193.58
tiiuae__Falcon3-3B-Instruct-1.58bit,2422210560,0.2920,2.00,bitmap_B_resident,gddr5,14.0,4139132758,486154240,2027520,1.70882,782.1005,57947.8586,58729.9591,+5.18,805306368,148924.2723,+1.98,1412.194,728.29,0,25.78,193.54
tiiuae__Falcon3-3B-Instruct-1.58bit,2422210560,0.2920,2.00,bitmap_B_streamed,gddr5,14.0,4139132758,486154240,2027520,1.70882,892.7014,57947.8586,58840.5600,+5.38,805306368,149034.8732,+2.06,1656.914,620.72,0,25.78,193.54
tiiuae__Falcon3-3B-Instruct-1.58bit,2422210560,0.2920,2.00,five_trit,dram_45nm_horowitz,30.5,3936092160,493318144,0,1.62500,730.2766,120050.8109,120781.0875,+0.00,805306368,317275.8413,+0.00,1221.206,829.95,0,26.28,197.33
tiiuae__Falcon3-3B-Instruct-1.58bit,2422210560,0.2920,2.00,bitmap_A,dram_45nm_horowitz,30.5,4137105238,486154240,0,1.70799,928.0616,126181.7098,127109.7714,+5.24,805306368,323604.5252,+1.99,1573.656,653.56,0,25.79,193.58
tiiuae__Falcon3-3B-Instruct-1.58bit,2422210560,0.2920,2.00,bitmap_B_resident,dram_45nm_horowitz,30.5,4139132758,486154240,2027520,1.70882,782.1005,126243.5491,127025.6496,+5.17,805306368,323520.4034,+1.97,1412.194,728.29,0,25.78,193.54
tiiuae__Falcon3-3B-Instruct-1.58bit,2422210560,0.2920,2.00,bitmap_B_streamed,dram_45nm_horowitz,30.5,4139132758,486154240,2027520,1.70882,892.7014,126243.5491,127136.2505,+5.26,805306368,323631.0043,+2.00,1656.914,620.72,0,25.78,193.54
tiiuae__Falcon3-3B-Instruct-1.58bit,2422210560,0.2920,2.00,five_trit,ddr3_peak,70,3936092160,493318144,0,1.62500,730.2766,275526.4512,276256.7278,+0.00,805306368,727228.2939,+0.00,1221.206,829.95,0,26.28,197.33
tiiuae__Falcon3-3B-Instruct-1.58bit,2422210560,0.2920,2.00,bitmap_A,ddr3_peak,70,4137105238,486154240,0,1.70799,928.0616,289597.3667,290525.4283,+5.17,805306368,741496.9944,+1.96,1573.656,653.56,0,25.79,193.58
tiiuae__Falcon3-3B-Instruct-1.58bit,2422210560,0.2920,2.00,bitmap_B_resident,ddr3_peak,70,4139132758,486154240,2027520,1.70882,782.1005,289739.2931,290521.3936,+5.16,805306368,741492.9596,+1.96,1412.194,728.29,0,25.78,193.54
tiiuae__Falcon3-3B-Instruct-1.58bit,2422210560,0.2920,2.00,bitmap_B_streamed,ddr3_peak,70,4139132758,486154240,2027520,1.70882,892.7014,289739.2931,290631.9945,+5.20,805306368,741603.5605,+1.98,1656.914,620.72,0,25.78,193.54
tiiuae__Falcon3-3B-Instruct-1.58bit,2422210560,0.2920,2.50,five_trit,sram_8kb_45nm,0.156,3936092160,493318144,0,1.62500,710.8147,614.0304,1324.8451,+0.00,805306368,2329.8674,+0.00,1200.192,675.59,0,26.28,197.33
tiiuae__Falcon3-3B-Instruct-1.58bit,2422210560,0.2920,2.50,bitmap_A,sram_8kb_45nm,0.156,4137105238,486154240,0,1.70799,929.9484,645.3884,1575.3368,+18.91,805306368,2580.3591,+10.75,1545.726,532.30,0,25.79,193.58
tiiuae__Falcon3-3B-Instruct-1.58bit,2422210560,0.2920,2.50,bitmap_B_resident,sram_8kb_45nm,0.156,4139132758,486154240,2027520,1.70882,775.5874,645.7047,1421.2921,+7.28,805306368,2426.3144,+4.14,1386.658,593.36,0,25.78,193.54
tiiuae__Falcon3-3B-Instruct-1.58bit,2422210560,0.2920,2.50,bitmap_B_streamed,sram_8kb_45nm,0.156,4139132758,486154240,2027520,1.70882,887.3041,645.7047,1533.0088,+15.71,805306368,2538.0312,+8.93,1631.378,504.35,0,25.78,193.54
tiiuae__Falcon3-3B-Instruct-1.58bit,2422210560,0.2920,2.50,five_trit,sram_32kb_45nm,0.313,3936092160,493318144,0,1.62500,710.8147,1231.9968,1942.8115,+0.00,805306368,3959.2987,+0.00,1200.192,675.59,0,26.28,197.33
tiiuae__Falcon3-3B-Instruct-1.58bit,2422210560,0.2920,2.50,bitmap_A,sram_32kb_45nm,0.313,4137105238,486154240,0,1.70799,929.9484,1294.9139,2224.8623,+14.52,805306368,4241.3494,+7.12,1545.726,532.30,0,25.79,193.58
tiiuae__Falcon3-3B-Instruct-1.58bit,2422210560,0.2920,2.50,bitmap_B_resident,sram_32kb_45nm,0.313,4139132758,486154240,2027520,1.70882,775.5874,1295.5486,2071.1359,+6.61,805306368,4087.6231,+3.24,1386.658,593.36,0,25.78,193.54
tiiuae__Falcon3-3B-Instruct-1.58bit,2422210560,0.2920,2.50,bitmap_B_streamed,sram_32kb_45nm,0.313,4139132758,486154240,2027520,1.70882,887.3041,1295.5486,2182.8527,+12.36,805306368,4199.3398,+6.06,1631.378,504.35,0,25.78,193.54
tiiuae__Falcon3-3B-Instruct-1.58bit,2422210560,0.2920,2.50,five_trit,sram_1mb_45nm,1.563,3936092160,493318144,0,1.62500,710.8147,6152.1120,6862.9267,+0.00,805306368,16932.4775,+0.00,1200.192,675.59,0,26.28,197.33
tiiuae__Falcon3-3B-Instruct-1.58bit,2422210560,0.2920,2.50,bitmap_A,sram_1mb_45nm,1.563,4137105238,486154240,0,1.70799,929.9484,6466.2955,7396.2438,+7.77,805306368,17465.7947,+3.15,1545.726,532.30,0,25.79,193.58
tiiuae__Falcon3-3B-Instruct-1.58bit,2422210560,0.2920,2.50,bitmap_B_resident,sram_1mb_45nm,1.563,4139132758,486154240,2027520,1.70882,775.5874,6469.4645,7245.0519,+5.57,805306368,17314.6027,+2.26,1386.658,593.36,0,25.78,193.54
tiiuae__Falcon3-3B-Instruct-1.58bit,2422210560,0.2920,2.50,bitmap_B_streamed,sram_1mb_45nm,1.563,4139132758,486154240,2027520,1.70882,887.3041,6469.4645,7356.7686,+7.20,805306368,17426.3194,+2.92,1631.378,504.35,0,25.78,193.54
tiiuae__Falcon3-3B-Instruct-1.58bit,2422210560,0.2920,2.50,five_trit,sram_1mb_45nm_cacti,1.058,3936092160,493318144,0,1.62500,710.8147,4164.3855,4875.2002,+0.00,805306368,11691.3133,+0.00,1200.192,675.59,0,26.28,197.33
tiiuae__Falcon3-3B-Instruct-1.58bit,2422210560,0.2920,2.50,bitmap_A,sram_1mb_45nm_cacti,1.058,4137105238,486154240,0,1.70799,929.9484,4377.0573,5307.0057,+8.86,805306368,12123.1188,+3.69,1545.726,532.30,0,25.79,193.58
tiiuae__Falcon3-3B-Instruct-1.58bit,2422210560,0.2920,2.50,bitmap_B_resident,sram_1mb_45nm_cacti,1.058,4139132758,486154240,2027520,1.70882,775.5874,4379.2025,5154.7898,+5.73,805306368,11970.9029,+2.39,1386.658,593.36,0,25.78,193.54
tiiuae__Falcon3-3B-Instruct-1.58bit,2422210560,0.2920,2.50,bitmap_B_streamed,sram_1mb_45nm_cacti,1.058,4139132758,486154240,2027520,1.70882,887.3041,4379.2025,5266.5066,+8.03,805306368,12082.6197,+3.35,1631.378,504.35,0,25.78,193.54
tiiuae__Falcon3-3B-Instruct-1.58bit,2422210560,0.2920,2.50,five_trit,sram_32kb_7nm,0.133,3936092160,493318144,0,1.62500,710.8147,523.5003,1234.3149,+0.00,805306368,2091.1609,+0.00,1200.192,675.59,0,26.28,197.33
tiiuae__Falcon3-3B-Instruct-1.58bit,2422210560,0.2920,2.50,bitmap_A,sram_32kb_7nm,0.133,4137105238,486154240,0,1.70799,929.9484,550.2350,1480.1834,+19.92,805306368,2337.0293,+11.76,1545.726,532.30,0,25.79,193.58
tiiuae__Falcon3-3B-Instruct-1.58bit,2422210560,0.2920,2.50,bitmap_B_resident,sram_32kb_7nm,0.133,4139132758,486154240,2027520,1.70882,775.5874,550.5047,1326.0920,+7.44,805306368,2182.9380,+4.39,1386.658,593.36,0,25.78,193.54
tiiuae__Falcon3-3B-Instruct-1.58bit,2422210560,0.2920,2.50,bitmap_B_streamed,sram_32kb_7nm,0.133,4139132758,486154240,2027520,1.70882,887.3041,550.5047,1437.8088,+16.49,805306368,2294.6547,+9.73,1631.378,504.35,0,25.78,193.54
tiiuae__Falcon3-3B-Instruct-1.58bit,2422210560,0.2920,2.50,five_trit,sram_1mb_7nm,0.219,3936092160,493318144,0,1.62500,710.8147,862.0042,1572.8189,+0.00,805306368,2983.7156,+0.00,1200.192,675.59,0,26.28,197.33
tiiuae__Falcon3-3B-Instruct-1.58bit,2422210560,0.2920,2.50,bitmap_A,sram_1mb_7nm,0.219,4137105238,486154240,0,1.70799,929.9484,906.0260,1835.9744,+16.73,805306368,3246.8712,+8.82,1545.726,532.30,0,25.79,193.58
tiiuae__Falcon3-3B-Instruct-1.58bit,2422210560,0.2920,2.50,bitmap_B_resident,sram_1mb_7nm,0.219,4139132758,486154240,2027520,1.70882,775.5874,906.4701,1682.0574,+6.95,805306368,3092.9542,+3.66,1386.658,593.36,0,25.78,193.54
tiiuae__Falcon3-3B-Instruct-1.58bit,2422210560,0.2920,2.50,bitmap_B_streamed,sram_1mb_7nm,0.219,4139132758,486154240,2027520,1.70882,887.3041,906.4701,1793.7742,+14.05,805306368,3204.6709,+7.41,1631.378,504.35,0,25.78,193.54
tiiuae__Falcon3-3B-Instruct-1.58bit,2422210560,0.2920,2.50,five_trit,hbm2,3.97,3936092160,493318144,0,1.62500,710.8147,15626.2859,16337.1006,+0.00,805306368,41913.6308,+0.00,1200.192,675.59,0,26.28,197.33
tiiuae__Falcon3-3B-Instruct-1.58bit,2422210560,0.2920,2.50,bitmap_A,hbm2,3.97,4137105238,486154240,0,1.70799,929.9484,16424.3078,17354.2562,+6.23,805306368,42930.7864,+2.43,1545.726,532.30,0,25.79,193.58
tiiuae__Falcon3-3B-Instruct-1.58bit,2422210560,0.2920,2.50,bitmap_B_resident,hbm2,3.97,4139132758,486154240,2027520,1.70882,775.5874,16432.3570,17207.9444,+5.33,805306368,42784.4746,+2.08,1386.658,593.36,0,25.78,193.54
tiiuae__Falcon3-3B-Instruct-1.58bit,2422210560,0.2920,2.50,bitmap_B_streamed,hbm2,3.97,4139132758,486154240,2027520,1.70882,887.3041,16432.3570,17319.6612,+6.01,805306368,42896.1914,+2.34,1631.378,504.35,0,25.78,193.54
tiiuae__Falcon3-3B-Instruct-1.58bit,2422210560,0.2920,2.50,five_trit,hbm2_streamed,3.59,3936092160,493318144,0,1.62500,710.8147,14130.5709,14841.3855,+0.00,805306368,37969.7844,+0.00,1200.192,675.59,0,26.28,197.33
tiiuae__Falcon3-3B-Instruct-1.58bit,2422210560,0.2920,2.50,bitmap_A,hbm2_streamed,3.59,4137105238,486154240,0,1.70799,929.9484,14852.2078,15782.1562,+6.34,805306368,38910.5551,+2.48,1545.726,532.30,0,25.79,193.58
tiiuae__Falcon3-3B-Instruct-1.58bit,2422210560,0.2920,2.50,bitmap_B_resident,hbm2_streamed,3.59,4139132758,486154240,2027520,1.70882,775.5874,14859.4866,15635.0740,+5.35,805306368,38763.4728,+2.09,1386.658,593.36,0,25.78,193.54
tiiuae__Falcon3-3B-Instruct-1.58bit,2422210560,0.2920,2.50,bitmap_B_streamed,hbm2_streamed,3.59,4139132758,486154240,2027520,1.70882,887.3041,14859.4866,15746.7907,+6.10,805306368,38875.1896,+2.38,1631.378,504.35,0,25.78,193.54
tiiuae__Falcon3-3B-Instruct-1.58bit,2422210560,0.2920,2.50,five_trit,lpddr4_package,12,3936092160,493318144,0,1.62500,710.8147,47233.1059,47943.9206,+0.00,805306368,125253.3319,+0.00,1200.192,675.59,0,26.28,197.33
tiiuae__Falcon3-3B-Instruct-1.58bit,2422210560,0.2920,2.50,bitmap_A,lpddr4_package,12,4137105238,486154240,0,1.70799,929.9484,49645.2629,50575.2112,+5.49,805306368,127884.6225,+2.10,1545.726,532.30,0,25.79,193.58
tiiuae__Falcon3-3B-Instruct-1.58bit,2422210560,0.2920,2.50,bitmap_B_resident,lpddr4_package,12,4139132758,486154240,2027520,1.70882,775.5874,49669.5931,50445.1804,+5.22,805306368,127754.5918,+2.00,1386.658,593.36,0,25.78,193.54
tiiuae__Falcon3-3B-Instruct-1.58bit,2422210560,0.2920,2.50,bitmap_B_streamed,lpddr4_package,12,4139132758,486154240,2027520,1.70882,887.3041,49669.5931,50556.8972,+5.45,805306368,127866.3085,+2.09,1631.378,504.35,0,25.78,193.54
tiiuae__Falcon3-3B-Instruct-1.58bit,2422210560,0.2920,2.50,five_trit,gddr5,14.0,3936092160,493318144,0,1.62500,710.8147,55105.2902,55816.1049,+0.00,805306368,146010.4181,+0.00,1200.192,675.59,0,26.28,197.33
tiiuae__Falcon3-3B-Instruct-1.58bit,2422210560,0.2920,2.50,bitmap_A,gddr5,14.0,4137105238,486154240,0,1.70799,929.9484,57919.4733,58849.4217,+5.43,805306368,149043.7349,+2.08,1545.726,532.30,0,25.79,193.58
tiiuae__Falcon3-3B-Instruct-1.58bit,2422210560,0.2920,2.50,bitmap_B_resident,gddr5,14.0,4139132758,486154240,2027520,1.70882,775.5874,57947.8586,58723.4460,+5.21,805306368,148917.7592,+1.99,1386.658,593.36,0,25.78,193.54
tiiuae__Falcon3-3B-Instruct-1.58bit,2422210560,0.2920,2.50,bitmap_B_streamed,gddr5,14.0,4139132758,486154240,2027520,1.70882,887.3041,57947.8586,58835.1627,+5.41,805306368,149029.4759,+2.07,1631.378,504.35,0,25.78,193.54
tiiuae__Falcon3-3B-Instruct-1.58bit,2422210560,0.2920,2.50,five_trit,dram_45nm_horowitz,30.5,3936092160,493318144,0,1.62500,710.8147,120050.8109,120761.6256,+0.00,805306368,317256.3794,+0.00,1200.192,675.59,0,26.28,197.33
tiiuae__Falcon3-3B-Instruct-1.58bit,2422210560,0.2920,2.50,bitmap_A,dram_45nm_horowitz,30.5,4137105238,486154240,0,1.70799,929.9484,126181.7098,127111.6581,+5.26,805306368,323606.4119,+2.00,1545.726,532.30,0,25.79,193.58
tiiuae__Falcon3-3B-Instruct-1.58bit,2422210560,0.2920,2.50,bitmap_B_resident,dram_45nm_horowitz,30.5,4139132758,486154240,2027520,1.70882,775.5874,126243.5491,127019.1365,+5.18,805306368,323513.8903,+1.97,1386.658,593.36,0,25.78,193.54
tiiuae__Falcon3-3B-Instruct-1.58bit,2422210560,0.2920,2.50,bitmap_B_streamed,dram_45nm_horowitz,30.5,4139132758,486154240,2027520,1.70882,887.3041,126243.5491,127130.8532,+5.27,805306368,323625.6070,+2.01,1631.378,504.35,0,25.78,193.54
tiiuae__Falcon3-3B-Instruct-1.58bit,2422210560,0.2920,2.50,five_trit,ddr3_peak,70,3936092160,493318144,0,1.62500,710.8147,275526.4512,276237.2659,+0.00,805306368,727208.8320,+0.00,1200.192,675.59,0,26.28,197.33
tiiuae__Falcon3-3B-Instruct-1.58bit,2422210560,0.2920,2.50,bitmap_A,ddr3_peak,70,4137105238,486154240,0,1.70799,929.9484,289597.3667,290527.3150,+5.17,805306368,741498.8811,+1.97,1545.726,532.30,0,25.79,193.58
tiiuae__Falcon3-3B-Instruct-1.58bit,2422210560,0.2920,2.50,bitmap_B_resident,ddr3_peak,70,4139132758,486154240,2027520,1.70882,775.5874,289739.2931,290514.8804,+5.17,805306368,741486.4465,+1.96,1386.658,593.36,0,25.78,193.54
tiiuae__Falcon3-3B-Instruct-1.58bit,2422210560,0.2920,2.50,bitmap_B_streamed,ddr3_peak,70,4139132758,486154240,2027520,1.70882,887.3041,289739.2931,290626.5972,+5.21,805306368,741598.1632,+1.98,1631.378,504.35,0,25.78,193.54
tiiuae__Falcon3-7B-Instruct-1.58bit,6650068992,0.3133,1.60,five_trit,sram_8kb_45nm,0.156,10806362112,1354006528,0,1.62500,2373.9195,1685.7925,4059.7120,+0.00,805355520,5064.7957,+0.00,1373.358,336.11,0,15.82,118.73
tiiuae__Falcon3-7B-Instruct-1.58bit,6650068992,0.3133,1.60,bitmap_A,sram_8kb_45nm,0.156,11216905504,1334136832,0,1.68674,2786.8921,1749.8373,4536.7294,+11.75,805355520,5541.8131,+9.42,1624.994,288.29,0,15.45,115.97
tiiuae__Falcon3-7B-Instruct-1.58bit,6650068992,0.3133,1.60,bitmap_B_resident,sram_8kb_45nm,0.156,11221464352,1334136832,4558848,1.68742,2312.4637,1750.5484,4063.0122,+0.08,805355520,5068.0959,+0.07,1448.636,323.39,0,15.44,115.94
tiiuae__Falcon3-7B-Instruct-1.58bit,6650068992,0.3133,1.60,bitmap_B_streamed,sram_8kb_45nm,0.156,11221464352,1334136832,4558848,1.68742,2610.2316,1750.5484,4360.7801,+7.42,805355520,5365.8638,+5.94,1693.356,276.65,0,15.44,115.94
tiiuae__Falcon3-7B-Instruct-1.58bit,6650068992,0.3133,1.60,five_trit,sram_32kb_45nm,0.313,10806362112,1354006528,0,1.62500,2373.9195,3382.3913,5756.3108,+0.00,805355520,7772.9210,+0.00,1373.358,336.11,0,15.82,118.73
tiiuae__Falcon3-7B-Instruct-1.58bit,6650068992,0.3133,1.60,bitmap_A,sram_32kb_45nm,0.313,11216905504,1334136832,0,1.68674,2786.8921,3510.8914,6297.7835,+9.41,805355520,8314.3938,+6.97,1624.994,288.29,0,15.45,115.97
tiiuae__Falcon3-7B-Instruct-1.58bit,6650068992,0.3133,1.60,bitmap_B_resident,sram_32kb_45nm,0.313,11221464352,1334136832,4558848,1.68742,2312.4637,3512.3183,5824.7821,+1.19,805355520,7841.3923,+0.88,1448.636,323.39,0,15.44,115.94
tiiuae__Falcon3-7B-Instruct-1.58bit,6650068992,0.3133,1.60,bitmap_B_streamed,sram_32kb_45nm,0.313,11221464352,1334136832,4558848,1.68742,2610.2316,3512.3183,6122.5500,+6.36,805355520,8139.1602,+4.71,1693.356,276.65,0,15.44,115.94
tiiuae__Falcon3-7B-Instruct-1.58bit,6650068992,0.3133,1.60,five_trit,sram_1mb_45nm,1.563,10806362112,1354006528,0,1.62500,2373.9195,16890.3440,19264.2635,+0.00,805355520,29334.4289,+0.00,1373.358,336.11,0,15.82,118.73
tiiuae__Falcon3-7B-Instruct-1.58bit,6650068992,0.3133,1.60,bitmap_A,sram_1mb_45nm,1.563,11216905504,1334136832,0,1.68674,2786.8921,17532.0233,20318.9154,+5.47,805355520,30389.0808,+3.60,1624.994,288.29,0,15.45,115.97
tiiuae__Falcon3-7B-Instruct-1.58bit,6650068992,0.3133,1.60,bitmap_B_resident,sram_1mb_45nm,1.563,11221464352,1334136832,4558848,1.68742,2312.4637,17539.1488,19851.6125,+3.05,805355520,29921.7779,+2.00,1448.636,323.39,0,15.44,115.94
tiiuae__Falcon3-7B-Instruct-1.58bit,6650068992,0.3133,1.60,bitmap_B_streamed,sram_1mb_45nm,1.563,11221464352,1334136832,4558848,1.68742,2610.2316,17539.1488,20149.3804,+4.59,805355520,30219.5458,+3.02,1693.356,276.65,0,15.44,115.94
tiiuae__Falcon3-7B-Instruct-1.58bit,6650068992,0.3133,1.60,five_trit,sram_1mb_45nm_cacti,1.058,10806362112,1354006528,0,1.62500,2373.9195,11433.1311,13807.0506,+0.00,805355520,20623.5797,+0.00,1373.358,336.11,0,15.82,118.73
tiiuae__Falcon3-7B-Instruct-1.58bit,6650068992,0.3133,1.60,bitmap_A,sram_1mb_45nm_cacti,1.058,11216905504,1334136832,0,1.68674,2786.8921,11867.4860,14654.3781,+6.14,805355520,21470.9073,+4.11,1624.994,288.29,0,15.45,115.97
tiiuae__Falcon3-7B-Instruct-1.58bit,6650068992,0.3133,1.60,bitmap_B_resident,sram_1mb_45nm_cacti,1.058,11221464352,1334136832,4558848,1.68742,2312.4637,11872.3093,14184.7730,+2.74,805355520,21001.3021,+1.83,1448.636,323.39,0,15.44,115.94
tiiuae__Falcon3-7B-Instruct-1.58bit,6650068992,0.3133,1.60,bitmap_B_streamed,sram_1mb_45nm_cacti,1.058,11221464352,1334136832,4558848,1.68742,2610.2316,11872.3093,14482.5409,+4.89,805355520,21299.0700,+3.28,1693.356,276.65,0,15.44,115.94
tiiuae__Falcon3-7B-Instruct-1.58bit,6650068992,0.3133,1.60,five_trit,sram_32kb_7nm,0.133,10806362112,1354006528,0,1.62500,2373.9195,1437.2462,3811.1656,+0.00,805355520,4668.0639,+0.00,1373.358,336.11,0,15.82,118.73
tiiuae__Falcon3-7B-Instruct-1.58bit,6650068992,0.3133,1.60,bitmap_A,sram_32kb_7nm,0.133,11216905504,1334136832,0,1.68674,2786.8921,1491.8484,4278.7405,+12.27,805355520,5135.6388,+10.02,1624.994,288.29,0,15.45,115.97
tiiuae__Falcon3-7B-Instruct-1.58bit,6650068992,0.3133,1.60,bitmap_B_resident,sram_32kb_7nm,0.133,11221464352,1334136832,4558848,1.68742,2312.4637,1492.4548,3804.9185,-0.16,805355520,4661.8168,-0.13,1448.636,323.39,0,15.44,115.94
tiiuae__Falcon3-7B-Instruct-1.58bit,6650068992,0.3133,1.60,bitmap_B_streamed,sram_32kb_7nm,0.133,11221464352,1334136832,4558848,1.68742,2610.2316,1492.4548,4102.6864,+7.65,805355520,4959.5847,+6.25,1693.356,276.65,0,15.44,115.94
tiiuae__Falcon3-7B-Instruct-1.58bit,6650068992,0.3133,1.60,five_trit,sram_1mb_7nm,0.219,10806362112,1354006528,0,1.62500,2373.9195,2366.5933,4740.5128,+0.00,805355520,6151.4957,+0.00,1373.358,336.11,0,15.82,118.73
tiiuae__Falcon3-7B-Instruct-1.58bit,6650068992,0.3133,1.60,bitmap_A,sram_1mb_7nm,0.219,11216905504,1334136832,0,1.68674,2786.8921,2456.5023,5243.3944,+10.61,805355520,6654.3773,+8.17,1624.994,288.29,0,15.45,115.97
tiiuae__Falcon3-7B-Instruct-1.58bit,6650068992,0.3133,1.60,bitmap_B_resident,sram_1mb_7nm,0.219,11221464352,1334136832,4558848,1.68742,2312.4637,2457.5007,4769.9644,+0.62,805355520,6180.9473,+0.48,1448.636,323.39,0,15.44,115.94
tiiuae__Falcon3-7B-Instruct-1.58bit,6650068992,0.3133,1.60,bitmap_B_streamed,sram_1mb_7nm,0.219,11221464352,1334136832,4558848,1.68742,2610.2316,2457.5007,5067.7323,+6.90,805355520,6478.7152,+5.32,1693.356,276.65,0,15.44,115.94
tiiuae__Falcon3-7B-Instruct-1.58bit,6650068992,0.3133,1.60,five_trit,hbm2,3.97,10806362112,1354006528,0,1.62500,2373.9195,42901.2576,45275.1771,+0.00,805355520,70853.2684,+0.00,1373.358,336.11,0,15.82,118.73
tiiuae__Falcon3-7B-Instruct-1.58bit,6650068992,0.3133,1.60,bitmap_A,hbm2,3.97,11216905504,1334136832,0,1.68674,2786.8921,44531.1149,47318.0070,+4.51,805355520,72896.0983,+2.88,1624.994,288.29,0,15.45,115.97
tiiuae__Falcon3-7B-Instruct-1.58bit,6650068992,0.3133,1.60,bitmap_B_resident,hbm2,3.97,11221464352,1334136832,4558848,1.68742,2312.4637,44549.2135,46861.6772,+3.50,805355520,72439.7685,+2.24,1448.636,323.39,0,15.44,115.94
tiiuae__Falcon3-7B-Instruct-1.58bit,6650068992,0.3133,1.60,bitmap_B_streamed,hbm2,3.97,11221464352,1334136832,4558848,1.68742,2610.2316,44549.2135,47159.4451,+4.16,805355520,72737.5364,+2.66,1693.356,276.65,0,15.44,115.94
tiiuae__Falcon3-7B-Instruct-1.58bit,6650068992,0.3133,1.60,five_trit,hbm2_streamed,3.59,10806362112,1354006528,0,1.62500,2373.9195,38794.8400,41168.7595,+0.00,805355520,64298.5700,+0.00,1373.358,336.11,0,15.82,118.73
tiiuae__Falcon3-7B-Instruct-1.58bit,6650068992,0.3133,1.60,bitmap_A,hbm2_streamed,3.59,11216905504,1334136832,0,1.68674,2786.8921,40268.6908,43055.5829,+4.58,805355520,66185.3934,+2.93,1624.994,288.29,0,15.45,115.97
tiiuae__Falcon3-7B-Instruct-1.58bit,6650068992,0.3133,1.60,bitmap_B_resident,hbm2_streamed,3.59,11221464352,1334136832,4558848,1.68742,2312.4637,40285.0570,42597.5207,+3.47,805355520,65727.3313,+2.22,1448.636,323.39,0,15.44,115.94
tiiuae__Falcon3-7B-Instruct-1.58bit,6650068992,0.3133,1.60,bitmap_B_streamed,hbm2_streamed,3.59,11221464352,1334136832,4558848,1.68742,2610.2316,40285.0570,42895.2887,+4.19,805355520,66025.0992,+2.69,1693.356,276.65,0,15.44,115.94
tiiuae__Falcon3-7B-Instruct-1.58bit,6650068992,0.3133,1.60,five_trit,lpddr4_package,12,10806362112,1354006528,0,1.62500,2373.9195,129676.3453,132050.2648,+0.00,805355520,209364.3947,+0.00,1373.358,336.11,0,15.82,118.73
tiiuae__Falcon3-7B-Instruct-1.58bit,6650068992,0.3133,1.60,bitmap_A,lpddr4_package,12,11216905504,1334136832,0,1.68674,2786.8921,134602.8660,137389.7582,+4.04,805355520,214703.8881,+2.55,1624.994,288.29,0,15.45,115.97
tiiuae__Falcon3-7B-Instruct-1.58bit,6650068992,0.3133,1.60,bitmap_B_resident,lpddr4_package,12,11221464352,1334136832,4558848,1.68742,2312.4637,134657.5722,136970.0359,+3.73,805355520,214284.1659,+2.35,1448.636,323.39,0,15.44,115.94
tiiuae__Falcon3-7B-Instruct-1.58bit,6650068992,0.3133,1.60,bitmap_B_streamed,lpddr4_package,12,11221464352,1334136832,4558848,1.68742,2610.2316,134657.5722,137267.8039,+3.95,805355520,214581.9338,+2.49,1693.356,276.65,0,15.44,115.94
tiiuae__Falcon3-7B-Instruct-1.58bit,6650068992,0.3133,1.60,five_trit,gddr5,14.0,10806362112,1354006528,0,1.62500,2373.9195,151289.0696,153662.9890,+0.00,805355520,243862.8073,+0.00,1373.358,336.11,0,15.82,118.73
tiiuae__Falcon3-7B-Instruct-1.58bit,6650068992,0.3133,1.60,bitmap_A,gddr5,14.0,11216905504,1334136832,0,1.68674,2786.8921,157036.6771,159823.5692,+4.01,805355520,250023.3874,+2.53,1624.994,288.29,0,15.45,115.97
tiiuae__Falcon3-7B-Instruct-1.58bit,6650068992,0.3133,1.60,bitmap_B_resident,gddr5,14.0,11221464352,1334136832,4558848,1.68742,2312.4637,157100.5009,159412.9647,+3.74,805355520,249612.7829,+2.36,1448.636,323.39,0,15.44,115.94
tiiuae__Falcon3-7B-Instruct-1.58bit,6650068992,0.3133,1.60,bitmap_B_streamed,gddr5,14.0,11221464352,1334136832,4558848,1.68742,2610.2316,157100.5009,159710.7326,+3.94,805355520,249910.5508,+2.48,1693.356,276.65,0,15.44,115.94
tiiuae__Falcon3-7B-Instruct-1.58bit,6650068992,0.3133,1.60,five_trit,dram_45nm_horowitz,30.5,10806362112,1354006528,0,1.62500,2373.9195,329594.0444,331967.9639,+0.00,805355520,528474.7108,+0.00,1373.358,336.11,0,15.82,118.73
tiiuae__Falcon3-7B-Instruct-1.58bit,6650068992,0.3133,1.60,bitmap_A,dram_45nm_horowitz,30.5,11216905504,1334136832,0,1.68674,2786.8921,342115.6179,344902.5100,+3.90,805355520,541409.2569,+2.45,1624.994,288.29,0,15.45,115.97
tiiuae__Falcon3-7B-Instruct-1.58bit,6650068992,0.3133,1.60,bitmap_B_resident,dram_45nm_horowitz,30.5,11221464352,1334136832,4558848,1.68742,2312.4637,342254.6627,344567.1265,+3.80,805355520,541073.8733,+2.38,1448.636,323.39,0,15.44,115.94
tiiuae__Falcon3-7B-Instruct-1.58bit,6650068992,0.3133,1.60,bitmap_B_streamed,dram_45nm_horowitz,30.5,11221464352,1334136832,4558848,1.68742,2610.2316,342254.6627,344864.8944,+3.88,805355520,541371.6413,+2.44,1693.356,276.65,0,15.44,115.94
tiiuae__Falcon3-7B-Instruct-1.58bit,6650068992,0.3133,1.60,five_trit,ddr3_peak,70,10806362112,1354006528,0,1.62500,2373.9195,756445.3478,758819.2673,+0.00,805355520,1209818.3585,+0.00,1373.358,336.11,0,15.82,118.73
tiiuae__Falcon3-7B-Instruct-1.58bit,6650068992,0.3133,1.60,bitmap_A,ddr3_peak,70,11216905504,1334136832,0,1.68674,2786.8921,785183.3853,787970.2774,+3.84,805355520,1238969.3686,+2.41,1624.994,288.29,0,15.45,115.97
tiiuae__Falcon3-7B-Instruct-1.58bit,6650068992,0.3133,1.60,bitmap_B_resident,ddr3_peak,70,11221464352,1334136832,4558848,1.68742,2312.4637,785502.5046,787814.9684,+3.82,805355520,1238814.0596,+2.40,1448.636,323.39,0,15.44,115.94
tiiuae__Falcon3-7B-Instruct-1.58bit,6650068992,0.3133,1.60,bitmap_B_streamed,ddr3_peak,70,11221464352,1334136832,4558848,1.68742,2610.2316,785502.5046,788112.7363,+3.86,805355520,1239111.8275,+2.42,1693.356,276.65,0,15.44,115.94
tiiuae__Falcon3-7B-Instruct-1.58bit,6650068992,0.3133,2.00,five_trit,sram_8kb_45nm,0.156,10806362112,1354006528,0,1.62500,1997.3866,1685.7925,3683.1791,+0.00,805355520,4688.2628,+0.00,1221.206,302.39,0,15.82,118.73
tiiuae__Falcon3-7B-Instruct-1.58bit,6650068992,0.3133,2.00,bitmap_A,sram_8kb_45nm,0.156,11216905504,1334136832,0,1.68674,2544.8298,1749.8373,4294.6671,+16.60,805355520,5299.7508,+13.04,1573.656,238.16,0,15.45,115.97
tiiuae__Falcon3-7B-Instruct-1.58bit,6650068992,0.3133,2.00,bitmap_B_resident,sram_8kb_45nm,0.156,11221464352,1334136832,4558848,1.68742,2142.1593,1750.5484,3892.7077,+5.69,805355520,4897.7914,+4.47,1412.194,265.38,0,15.44,115.94
tiiuae__Falcon3-7B-Instruct-1.58bit,6650068992,0.3133,2.00,bitmap_B_streamed,sram_8kb_45nm,0.156,11221464352,1334136832,4558848,1.68742,2442.3739,1750.5484,4192.9223,+13.84,805355520,5198.0060,+10.87,1656.914,226.19,0,15.44,115.94
tiiuae__Falcon3-7B-Instruct-1.58bit,6650068992,0.3133,2.00,five_trit,sram_32kb_45nm,0.313,10806362112,1354006528,0,1.62500,1997.3866,3382.3913,5379.7780,+0.00,805355520,7396.3882,+0.00,1221.206,302.39,0,15.82,118.73
tiiuae__Falcon3-7B-Instruct-1.58bit,6650068992,0.3133,2.00,bitmap_A,sram_32kb_45nm,0.313,11216905504,1334136832,0,1.68674,2544.8298,3510.8914,6055.7213,+12.56,805355520,8072.3315,+9.14,1573.656,238.16,0,15.45,115.97
tiiuae__Falcon3-7B-Instruct-1.58bit,6650068992,0.3133,2.00,bitmap_B_resident,sram_32kb_45nm,0.313,11221464352,1334136832,4558848,1.68742,2142.1593,3512.3183,5654.4776,+5.11,805355520,7671.0879,+3.71,1412.194,265.38,0,15.44,115.94
tiiuae__Falcon3-7B-Instruct-1.58bit,6650068992,0.3133,2.00,bitmap_B_streamed,sram_32kb_45nm,0.313,11221464352,1334136832,4558848,1.68742,2442.3739,3512.3183,5954.6922,+10.69,805355520,7971.3024,+7.77,1656.914,226.19,0,15.44,115.94
tiiuae__Falcon3-7B-Instruct-1.58bit,6650068992,0.3133,2.00,five_trit,sram_1mb_45nm,1.563,10806362112,1354006528,0,1.62500,1997.3866,16890.3440,18887.7306,+0.00,805355520,28957.8960,+0.00,1221.206,302.39,0,15.82,118.73
tiiuae__Falcon3-7B-Instruct-1.58bit,6650068992,0.3133,2.00,bitmap_A,sram_1mb_45nm,1.563,11216905504,1334136832,0,1.68674,2544.8298,17532.0233,20076.8531,+6.30,805355520,30147.0186,+4.11,1573.656,238.16,0,15.45,115.97
tiiuae__Falcon3-7B-Instruct-1.58bit,6650068992,0.3133,2.00,bitmap_B_resident,sram_1mb_45nm,1.563,11221464352,1334136832,4558848,1.68742,2142.1593,17539.1488,19681.3081,+4.20,805355520,29751.4735,+2.74,1412.194,265.38,0,15.44,115.94
tiiuae__Falcon3-7B-Instruct-1.58bit,6650068992,0.3133,2.00,bitmap_B_streamed,sram_1mb_45nm,1.563,11221464352,1334136832,4558848,1.68742,2442.3739,17539.1488,19981.5226,+5.79,805355520,30051.6881,+3.78,1656.914,226.19,0,15.44,115.94
tiiuae__Falcon3-7B-Instruct-1.58bit,6650068992,0.3133,2.00,five_trit,sram_1mb_45nm_cacti,1.058,10806362112,1354006528,0,1.62500,1997.3866,11433.1311,13430.5177,+0.00,805355520,20247.0469,+0.00,1221.206,302.39,0,15.82,118.73
tiiuae__Falcon3-7B-Instruct-1.58bit,6650068992,0.3133,2.00,bitmap_A,sram_1mb_45nm_cacti,1.058,11216905504,1334136832,0,1.68674,2544.8298,11867.4860,14412.3159,+7.31,805355520,21228.8450,+4.85,1573.656,238.16,0,15.45,115.97
tiiuae__Falcon3-7B-Instruct-1.58bit,6650068992,0.3133,2.00,bitmap_B_resident,sram_1mb_45nm_cacti,1.058,11221464352,1334136832,4558848,1.68742,2142.1593,11872.3093,14014.4686,+4.35,805355520,20830.9977,+2.88,1412.194,265.38,0,15.44,115.94
tiiuae__Falcon3-7B-Instruct-1.58bit,6650068992,0.3133,2.00,bitmap_B_streamed,sram_1mb_45nm_cacti,1.058,11221464352,1334136832,4558848,1.68742,2442.3739,11872.3093,14314.6831,+6.58,805355520,21131.2123,+4.37,1656.914,226.19,0,15.44,115.94
tiiuae__Falcon3-7B-Instruct-1.58bit,6650068992,0.3133,2.00,five_trit,sram_32kb_7nm,0.133,10806362112,1354006528,0,1.62500,1997.3866,1437.2462,3434.6328,+0.00,805355520,4291.5311,+0.00,1221.206,302.39,0,15.82,118.73
tiiuae__Falcon3-7B-Instruct-1.58bit,6650068992,0.3133,2.00,bitmap_A,sram_32kb_7nm,0.133,11216905504,1334136832,0,1.68674,2544.8298,1491.8484,4036.6783,+17.53,805355520,4893.5765,+14.03,1573.656,238.16,0,15.45,115.97
tiiuae__Falcon3-7B-Instruct-1.58bit,6650068992,0.3133,2.00,bitmap_B_resident,sram_32kb_7nm,0.133,11221464352,1334136832,4558848,1.68742,2142.1593,1492.4548,3634.6141,+5.82,805355520,4491.5123,+4.66,1412.194,265.38,0,15.44,115.94
tiiuae__Falcon3-7B-Instruct-1.58bit,6650068992,0.3133,2.00,bitmap_B_streamed,sram_32kb_7nm,0.133,11221464352,1334136832,4558848,1.68742,2442.3739,1492.4548,3934.8286,+14.56,805355520,4791.7269,+11.66,1656.914,226.19,0,15.44,115.94
tiiuae__Falcon3-7B-Instruct-1.58bit,6650068992,0.3133,2.00,five_trit,sram_1mb_7nm,0.219,10806362112,1354006528,0,1.62500,1997.3866,2366.5933,4363.9799,+0.00,805355520,5774.9628,+0.00,1221.206,302.39,0,15.82,118.73
tiiuae__Falcon3-7B-Instruct-1.58bit,6650068992,0.3133,2.00,bitmap_A,sram_1mb_7nm,0.219,11216905504,1334136832,0,1.68674,2544.8298,2456.5023,5001.3321,+14.60,805355520,6412.3150,+11.04,1573.656,238.16,0,15.45,115.97
tiiuae__Falcon3-7B-Instruct-1.58bit,6650068992,0.3133,2.00,bitmap_B_resident,sram_1mb_7nm,0.219,11221464352,1334136832,4558848,1.68742,2142.1593,2457.5007,4599.6600,+5.40,805355520,6010.6429,+4.08,1412.194,265.38,0,15.44,115.94
tiiuae__Falcon3-7B-Instruct-1.58bit,6650068992,0.3133,2.00,bitmap_B_streamed,sram_1mb_7nm,0.219,11221464352,1334136832,4558848,1.68742,2442.3739,2457.5007,4899.8746,+12.28,805355520,6310.8574,+9.28,1656.914,226.19,0,15.44,115.94
tiiuae__Falcon3-7B-Instruct-1.58bit,6650068992,0.3133,2.00,five_trit,hbm2,3.97,10806362112,1354006528,0,1.62500,1997.3866,42901.2576,44898.6442,+0.00,805355520,70476.7355,+0.00,1221.206,302.39,0,15.82,118.73
tiiuae__Falcon3-7B-Instruct-1.58bit,6650068992,0.3133,2.00,bitmap_A,hbm2,3.97,11216905504,1334136832,0,1.68674,2544.8298,44531.1149,47075.9447,+4.85,805355520,72654.0360,+3.09,1573.656,238.16,0,15.45,115.97
tiiuae__Falcon3-7B-Instruct-1.58bit,6650068992,0.3133,2.00,bitmap_B_resident,hbm2,3.97,11221464352,1334136832,4558848,1.68742,2142.1593,44549.2135,46691.3728,+3.99,805355520,72269.4641,+2.54,1412.194,265.38,0,15.44,115.94
tiiuae__Falcon3-7B-Instruct-1.58bit,6650068992,0.3133,2.00,bitmap_B_streamed,hbm2,3.97,11221464352,1334136832,4558848,1.68742,2442.3739,44549.2135,46991.5873,+4.66,805355520,72569.6787,+2.97,1656.914,226.19,0,15.44,115.94
tiiuae__Falcon3-7B-Instruct-1.58bit,6650068992,0.3133,2.00,five_trit,hbm2_streamed,3.59,10806362112,1354006528,0,1.62500,1997.3866,38794.8400,40792.2266,+0.00,805355520,63922.0371,+0.00,1221.206,302.39,0,15.82,118.73
tiiuae__Falcon3-7B-Instruct-1.58bit,6650068992,0.3133,2.00,bitmap_A,hbm2_streamed,3.59,11216905504,1334136832,0,1.68674,2544.8298,40268.6908,42813.5206,+4.96,805355520,65943.3311,+3.16,1573.656,238.16,0,15.45,115.97
tiiuae__Falcon3-7B-Instruct-1.58bit,6650068992,0.3133,2.00,bitmap_B_resident,hbm2_streamed,3.59,11221464352,1334136832,4558848,1.68742,2142.1593,40285.0570,42427.2163,+4.01,805355520,65557.0268,+2.56,1412.194,265.38,0,15.44,115.94
tiiuae__Falcon3-7B-Instruct-1.58bit,6650068992,0.3133,2.00,bitmap_B_streamed,hbm2_streamed,3.59,11221464352,1334136832,4558848,1.68742,2442.3739,40285.0570,42727.4309,+4.74,805355520,65857.2414,+3.03,1656.914,226.19,0,15.44,115.94
tiiuae__Falcon3-7B-Instruct-1.58bit,6650068992,0.3133,2.00,five_trit,lpddr4_package,12,10806362112,1354006528,0,1.62500,1997.3866,129676.3453,131673.7320,+0.00,805355520,208987.8619,+0.00,1221.206,302.39,0,15.82,118.73
tiiuae__Falcon3-7B-Instruct-1.58bit,6650068992,0.3133,2.00,bitmap_A,lpddr4_package,12,11216905504,1334136832,0,1.68674,2544.8298,134602.8660,137147.6959,+4.16,805355520,214461.8258,+2.62,1573.656,238.16,0,15.45,115.97
tiiuae__Falcon3-7B-Instruct-1.58bit,6650068992,0.3133,2.00,bitmap_B_resident,lpddr4_package,12,11221464352,1334136832,4558848,1.68742,2142.1593,134657.5722,136799.7315,+3.89,805355520,214113.8614,+2.45,1412.194,265.38,0,15.44,115.94
tiiuae__Falcon3-7B-Instruct-1.58bit,6650068992,0.3133,2.00,bitmap_B_streamed,lpddr4_package,12,11221464352,1334136832,4558848,1.68742,2442.3739,134657.5722,137099.9461,+4.12,805355520,214414.0760,+2.60,1656.914,226.19,0,15.44,115.94
tiiuae__Falcon3-7B-Instruct-1.58bit,6650068992,0.3133,2.00,five_trit,gddr5,14.0,10806362112,1354006528,0,1.62500,1997.3866,151289.0696,153286.4562,+0.00,805355520,243486.2744,+0.00,1221.206,302.39,0,15.82,118.73
tiiuae__Falcon3-7B-Instruct-1.58bit,6650068992,0.3133,2.00,bitmap_A,gddr5,14.0,11216905504,1334136832,0,1.68674,2544.8298,157036.6771,159581.5069,+4.11,805355520,249781.3251,+2.59,1573.656,238.16,0,15.45,115.97
tiiuae__Falcon3-7B-Instruct-1.58bit,6650068992,0.3133,2.00,bitmap_B_resident,gddr5,14.0,11221464352,1334136832,4558848,1.68742,2142.1593,157100.5009,159242.6602,+3.89,805355520,249442.4785,+2.45,1412.194,265.38,0,15.44,115.94
tiiuae__Falcon3-7B-Instruct-1.58bit,6650068992,0.3133,2.00,bitmap_B_streamed,gddr5,14.0,11221464352,1334136832,4558848,1.68742,2442.3739,157100.5009,159542.8748,+4.08,805355520,249742.6930,+2.57,1656.914,226.19,0,15.44,115.94
tiiuae__Falcon3-7B-Instruct-1.58bit,6650068992,0.3133,2.00,five_trit,dram_45nm_horowitz,30.5,10806362112,1354006528,0,1.62500,1997.3866,329594.0444,331591.4310,+0.00,805355520,528098.1779,+0.00,1221.206,302.39,0,15.82,118.73
tiiuae__Falcon3-7B-Instruct-1.58bit,6650068992,0.3133,2.00,bitmap_A,dram_45nm_horowitz,30.5,11216905504,1334136832,0,1.68674,2544.8298,342115.6179,344660.4477,+3.94,805355520,541167.1946,+2.47,1573.656,238.16,0,15.45,115.97
tiiuae__Falcon3-7B-Instruct-1.58bit,6650068992,0.3133,2.00,bitmap_B_resident,dram_45nm_horowitz,30.5,11221464352,1334136832,4558848,1.68742,2142.1593,342254.6627,344396.8220,+3.86,805355520,540903.5689,+2.42,1412.194,265.38,0,15.44,115.94
tiiuae__Falcon3-7B-Instruct-1.58bit,6650068992,0.3133,2.00,bitmap_B_streamed,dram_45nm_horowitz,30.5,11221464352,1334136832,4558848,1.68742,2442.3739,342254.6627,344697.0366,+3.95,805355520,541203.7835,+2.48,1656.914,226.19,0,15.44,115.94
tiiuae__Falcon3-7B-Instruct-1.58bit,6650068992,0.3133,2.00,five_trit,ddr3_peak,70,10806362112,1354006528,0,1.62500,1997.3866,756445.3478,758442.7345,+0.00,805355520,1209441.8257,+0.00,1221.206,302.39,0,15.82,118.73
tiiuae__Falcon3-7B-Instruct-1.58bit,6650068992,0.3133,2.00,bitmap_A,ddr3_peak,70,11216905504,1334136832,0,1.68674,2544.8298,785183.3853,787728.2151,+3.86,805355520,1238727.3063,+2.42,1573.656,238.16,0,15.45,115.97
tiiuae__Falcon3-7B-Instruct-1.58bit,6650068992,0.3133,2.00,bitmap_B_resident,ddr3_peak,70,11221464352,1334136832,4558848,1.68742,2142.1593,785502.5046,787644.6639,+3.85,805355520,1238643.7551,+2.41,1412.194,265.38,0,15.44,115.94
tiiuae__Falcon3-7B-Instruct-1.58bit,6650068992,0.3133,2.00,bitmap_B_streamed,ddr3_peak,70,11221464352,1334136832,4558848,1.68742,2442.3739,785502.5046,787944.8785,+3.89,805355520,1238943.9697,+2.44,1656.914,226.19,0,15.44,115.94
tiiuae__Falcon3-7B-Instruct-1.58bit,6650068992,0.3133,2.50,five_trit,sram_8kb_45nm,0.156,10806362112,1354006528,0,1.62500,1944.0768,1685.7925,3629.8693,+0.00,805355520,4634.9530,+0.00,1200.192,246.14,0,15.82,118.73
tiiuae__Falcon3-7B-Instruct-1.58bit,6650068992,0.3133,2.50,bitmap_A,sram_8kb_45nm,0.156,11216905504,1334136832,0,1.68674,2550.1078,1749.8373,4299.9450,+18.46,805355520,5305.0287,+14.46,1545.726,193.97,0,15.45,115.97
tiiuae__Falcon3-7B-Instruct-1.58bit,6650068992,0.3133,2.50,bitmap_B_resident,sram_8kb_45nm,0.156,11221464352,1334136832,4558848,1.68742,2123.0654,1750.5484,3873.6138,+6.71,805355520,4878.6975,+5.26,1386.658,216.22,0,15.44,115.94
tiiuae__Falcon3-7B-Instruct-1.58bit,6650068992,0.3133,2.50,bitmap_B_streamed,sram_8kb_45nm,0.156,11221464352,1334136832,4558848,1.68742,2426.3395,1750.5484,4176.8880,+15.07,805355520,5181.9717,+11.80,1631.378,183.78,0,15.44,115.94
tiiuae__Falcon3-7B-Instruct-1.58bit,6650068992,0.3133,2.50,five_trit,sram_32kb_45nm,0.313,10806362112,1354006528,0,1.62500,1944.0768,3382.3913,5326.4681,+0.00,805355520,7343.0784,+0.00,1200.192,246.14,0,15.82,118.73
tiiuae__Falcon3-7B-Instruct-1.58bit,6650068992,0.3133,2.50,bitmap_A,sram_32kb_45nm,0.313,11216905504,1334136832,0,1.68674,2550.1078,3510.8914,6060.9992,+13.79,805355520,8077.6094,+10.00,1545.726,193.97,0,15.45,115.97
tiiuae__Falcon3-7B-Instruct-1.58bit,6650068992,0.3133,2.50,bitmap_B_resident,sram_32kb_45nm,0.313,11221464352,1334136832,4558848,1.68742,2123.0654,3512.3183,5635.3837,+5.80,805355520,7651.9939,+4.21,1386.658,216.22,0,15.44,115.94
tiiuae__Falcon3-7B-Instruct-1.58bit,6650068992,0.3133,2.50,bitmap_B_streamed,sram_32kb_45nm,0.313,11221464352,1334136832,4558848,1.68742,2426.3395,3512.3183,5938.6579,+11.49,805355520,7955.2681,+8.34,1631.378,183.78,0,15.44,115.94
tiiuae__Falcon3-7B-Instruct-1.58bit,6650068992,0.3133,2.50,five_trit,sram_1mb_45nm,1.563,10806362112,1354006528,0,1.62500,1944.0768,16890.3440,18834.4208,+0.00,805355520,28904.5862,+0.00,1200.192,246.14,0,15.82,118.73
tiiuae__Falcon3-7B-Instruct-1.58bit,6650068992,0.3133,2.50,bitmap_A,sram_1mb_45nm,1.563,11216905504,1334136832,0,1.68674,2550.1078,17532.0233,20082.1311,+6.62,805355520,30152.2965,+4.32,1545.726,193.97,0,15.45,115.97
tiiuae__Falcon3-7B-Instruct-1.58bit,6650068992,0.3133,2.50,bitmap_B_resident,sram_1mb_45nm,1.563,11221464352,1334136832,4558848,1.68742,2123.0654,17539.1488,19662.2141,+4.40,805355520,29732.3796,+2.86,1386.658,216.22,0,15.44,115.94
tiiuae__Falcon3-7B-Instruct-1.58bit,6650068992,0.3133,2.50,bitmap_B_streamed,sram_1mb_45nm,1.563,11221464352,1334136832,4558848,1.68742,2426.3395,17539.1488,19965.4883,+6.01,805355520,30035.6537,+3.91,1631.378,183.78,0,15.44,115.94
tiiuae__Falcon3-7B-Instruct-1.58bit,6650068992,0.3133,2.50,five_trit,sram_1mb_45nm_cacti,1.058,10806362112,1354006528,0,1.62500,1944.0768,11433.1311,13377.2079,+0.00,805355520,20193.7370,+0.00,1200.192,246.14,0,15.82,118.73
tiiuae__Falcon3-7B-Instruct-1.58bit,6650068992,0.3133,2.50,bitmap_A,sram_1mb_45nm_cacti,1.058,11216905504,1334136832,0,1.68674,2550.1078,11867.4860,14417.5938,+7.78,805355520,21234.1229,+5.15,1545.726,193.97,0,15.45,115.97
tiiuae__Falcon3-7B-Instruct-1.58bit,6650068992,0.3133,2.50,bitmap_B_resident,sram_1mb_45nm_cacti,1.058,11221464352,1334136832,4558848,1.68742,2123.0654,11872.3093,13995.3747,+4.62,805355520,20811.9038,+3.06,1386.658,216.22,0,15.44,115.94
tiiuae__Falcon3-7B-Instruct-1.58bit,6650068992,0.3133,2.50,bitmap_B_streamed,sram_1mb_45nm_cacti,1.058,11221464352,1334136832,4558848,1.68742,2426.3395,11872.3093,14298.6488,+6.89,805355520,21115.1779,+4.56,1631.378,183.78,0,15.44,115.94
tiiuae__Falcon3-7B-Instruct-1.58bit,6650068992,0.3133,2.50,five_trit,sram_32kb_7nm,0.133,10806362112,1354006528,0,1.62500,1944.0768,1437.2462,3381.3230,+0.00,805355520,4238.2212,+0.00,1200.192,246.14,0,15.82,118.73
tiiuae__Falcon3-7B-Instruct-1.58bit,6650068992,0.3133,2.50,bitmap_A,sram_32kb_7nm,0.133,11216905504,1334136832,0,1.68674,2550.1078,1491.8484,4041.9562,+19.54,805355520,4898.8545,+15.59,1545.726,193.97,0,15.45,115.97
tiiuae__Falcon3-7B-Instruct-1.58bit,6650068992,0.3133,2.50,bitmap_B_resident,sram_32kb_7nm,0.133,11221464352,1334136832,4558848,1.68742,2123.0654,1492.4548,3615.5201,+6.93,805355520,4472.4184,+5.53,1386.658,216.22,0,15.44,115.94
tiiuae__Falcon3-7B-Instruct-1.58bit,6650068992,0.3133,2.50,bitmap_B_streamed,sram_32kb_7nm,0.133,11221464352,1334136832,4558848,1.68742,2426.3395,1492.4548,3918.7943,+15.90,805355520,4775.6926,+12.68,1631.378,183.78,0,15.44,115.94
tiiuae__Falcon3-7B-Instruct-1.58bit,6650068992,0.3133,2.50,five_trit,sram_1mb_7nm,0.219,10806362112,1354006528,0,1.62500,1944.0768,2366.5933,4310.6701,+0.00,805355520,5721.6530,+0.00,1200.192,246.14,0,15.82,118.73
tiiuae__Falcon3-7B-Instruct-1.58bit,6650068992,0.3133,2.50,bitmap_A,sram_1mb_7nm,0.219,11216905504,1334136832,0,1.68674,2550.1078,2456.5023,5006.6101,+16.14,805355520,6417.5929,+12.16,1545.726,193.97,0,15.45,115.97
tiiuae__Falcon3-7B-Instruct-1.58bit,6650068992,0.3133,2.50,bitmap_B_resident,sram_1mb_7nm,0.219,11221464352,1334136832,4558848,1.68742,2123.0654,2457.5007,4580.5661,+6.26,805355520,5991.5489,+4.72,1386.658,216.22,0,15.44,115.94
tiiuae__Falcon3-7B-Instruct-1.58bit,6650068992,0.3133,2.50,bitmap_B_streamed,sram_1mb_7nm,0.219,11221464352,1334136832,4558848,1.68742,2426.3395,2457.5007,4883.8402,+13.30,805355520,6294.8231,+10.02,1631.378,183.78,0,15.44,115.94
tiiuae__Falcon3-7B-Instruct-1.58bit,6650068992,0.3133,2.50,five_trit,hbm2,3.97,10806362112,1354006528,0,1.62500,1944.0768,42901.2576,44845.3344,+0.00,805355520,70423.4257,+0.00,1200.192,246.14,0,15.82,118.73
tiiuae__Falcon3-7B-Instruct-1.58bit,6650068992,0.3133,2.50,bitmap_A,hbm2,3.97,11216905504,1334136832,0,1.68674,2550.1078,44531.1149,47081.2226,+4.99,805355520,72659.3139,+3.17,1545.726,193.97,0,15.45,115.97
tiiuae__Falcon3-7B-Instruct-1.58bit,6650068992,0.3133,2.50,bitmap_B_resident,hbm2,3.97,11221464352,1334136832,4558848,1.68742,2123.0654,44549.2135,46672.2788,+4.07,805355520,72250.3702,+2.59,1386.658,216.22,0,15.44,115.94
tiiuae__Falcon3-7B-Instruct-1.58bit,6650068992,0.3133,2.50,bitmap_B_streamed,hbm2,3.97,11221464352,1334136832,4558848,1.68742,2426.3395,44549.2135,46975.5530,+4.75,805355520,72553.6443,+3.02,1631.378,183.78,0,15.44,115.94
tiiuae__Falcon3-7B-Instruct-1.58bit,6650068992,0.3133,2.50,five_trit,hbm2_streamed,3.59,10806362112,1354006528,0,1.62500,1944.0768,38794.8400,40738.9168,+0.00,805355520,63868.7273,+0.00,1200.192,246.14,0,15.82,118.73
tiiuae__Falcon3-7B-Instruct-1.58bit,6650068992,0.3133,2.50,bitmap_A,hbm2_streamed,3.59,11216905504,1334136832,0,1.68674,2550.1078,40268.6908,42818.7985,+5.11,805355520,65948.6091,+3.26,1545.726,193.97,0,15.45,115.97
tiiuae__Falcon3-7B-Instruct-1.58bit,6650068992,0.3133,2.50,bitmap_B_resident,hbm2_streamed,3.59,11221464352,1334136832,4558848,1.68742,2123.0654,40285.0570,42408.1224,+4.10,805355520,65537.9329,+2.61,1386.658,216.22,0,15.44,115.94
tiiuae__Falcon3-7B-Instruct-1.58bit,6650068992,0.3133,2.50,bitmap_B_streamed,hbm2_streamed,3.59,11221464352,1334136832,4558848,1.68742,2426.3395,40285.0570,42711.3966,+4.84,805355520,65841.2071,+3.09,1631.378,183.78,0,15.44,115.94
tiiuae__Falcon3-7B-Instruct-1.58bit,6650068992,0.3133,2.50,five_trit,lpddr4_package,12,10806362112,1354006528,0,1.62500,1944.0768,129676.3453,131620.4222,+0.00,805355520,208934.5521,+0.00,1200.192,246.14,0,15.82,118.73
tiiuae__Falcon3-7B-Instruct-1.58bit,6650068992,0.3133,2.50,bitmap_A,lpddr4_package,12,11216905504,1334136832,0,1.68674,2550.1078,134602.8660,137152.9738,+4.20,805355520,214467.1037,+2.65,1545.726,193.97,0,15.45,115.97
tiiuae__Falcon3-7B-Instruct-1.58bit,6650068992,0.3133,2.50,bitmap_B_resident,lpddr4_package,12,11221464352,1334136832,4558848,1.68742,2123.0654,134657.5722,136780.6376,+3.92,805355520,214094.7675,+2.47,1386.658,216.22,0,15.44,115.94
tiiuae__Falcon3-7B-Instruct-1.58bit,6650068992,0.3133,2.50,bitmap_B_streamed,lpddr4_package,12,11221464352,1334136832,4558848,1.68742,2426.3395,134657.5722,137083.9118,+4.15,805355520,214398.0417,+2.61,1631.378,183.78,0,15.44,115.94
tiiuae__Falcon3-7B-Instruct-1.58bit,6650068992,0.3133,2.50,five_trit,gddr5,14.0,10806362112,1354006528,0,1.62500,1944.0768,151289.0696,153233.1464,+0.00,805355520,243432.9646,+0.00,1200.192,246.14,0,15.82,118.73
tiiuae__Falcon3-7B-Instruct-1.58bit,6650068992,0.3133,2.50,bitmap_A,gddr5,14.0,11216905504,1334136832,0,1.68674,2550.1078,157036.6771,159586.7848,+4.15,805355520,249786.6031,+2.61,1545.726,193.97,0,15.45,115.97
tiiuae__Falcon3-7B-Instruct-1.58bit,6650068992,0.3133,2.50,bitmap_B_resident,gddr5,14.0,11221464352,1334136832,4558848,1.68742,2123.0654,157100.5009,159223.5663,+3.91,805355520,249423.3845,+2.46,1386.658,216.22,0,15.44,115.94
tiiuae__Falcon3-7B-Instruct-1.58bit,6650068992,0.3133,2.50,bitmap_B_streamed,gddr5,14.0,11221464352,1334136832,4558848,1.68742,2426.3395,157100.5009,159526.8405,+4.11,805355520,249726.6587,+2.59,1631.378,183.78,0,15.44,115.94
tiiuae__Falcon3-7B-Instruct-1.58bit,6650068992,0.3133,2.50,five_trit,dram_45nm_horowitz,30.5,10806362112,1354006528,0,1.62500,1944.0768,329594.0444,331538.1212,+0.00,805355520,528044.8681,+0.00,1200.192,246.14,0,15.82,118.73
tiiuae__Falcon3-7B-Instruct-1.58bit,6650068992,0.3133,2.50,bitmap_A,dram_45nm_horowitz,30.5,11216905504,1334136832,0,1.68674,2550.1078,342115.6179,344665.7256,+3.96,805355520,541172.4725,+2.49,1545.726,193.97,0,15.45,115.97
tiiuae__Falcon3-7B-Instruct-1.58bit,6650068992,0.3133,2.50,bitmap_B_resident,dram_45nm_horowitz,30.5,11221464352,1334136832,4558848,1.68742,2123.0654,342254.6627,344377.7281,+3.87,805355520,540884.4750,+2.43,1386.658,216.22,0,15.44,115.94
tiiuae__Falcon3-7B-Instruct-1.58bit,6650068992,0.3133,2.50,bitmap_B_streamed,dram_45nm_horowitz,30.5,11221464352,1334136832,4558848,1.68742,2426.3395,342254.6627,344681.0023,+3.96,805355520,541187.7492,+2.49,1631.378,183.78,0,15.44,115.94
tiiuae__Falcon3-7B-Instruct-1.58bit,6650068992,0.3133,2.50,five_trit,ddr3_peak,70,10806362112,1354006528,0,1.62500,1944.0768,756445.3478,758389.4246,+0.00,805355520,1209388.5158,+0.00,1200.192,246.14,0,15.82,118.73
tiiuae__Falcon3-7B-Instruct-1.58bit,6650068992,0.3133,2.50,bitmap_A,ddr3_peak,70,11216905504,1334136832,0,1.68674,2550.1078,785183.3853,787733.4930,+3.87,805355520,1238732.5842,+2.43,1545.726,193.97,0,15.45,115.97
tiiuae__Falcon3-7B-Instruct-1.58bit,6650068992,0.3133,2.50,bitmap_B_resident,ddr3_peak,70,11221464352,1334136832,4558848,1.68742,2123.0654,785502.5046,787625.5700,+3.86,805355520,1238624.6612,+2.42,1386.658,216.22,0,15.44,115.94
tiiuae__Falcon3-7B-Instruct-1.58bit,6650068992,0.3133,2.50,bitmap_B_streamed,ddr3_peak,70,11221464352,1334136832,4558848,1.68742,2426.3395,785502.5046,787928.8442,+3.90,805355520,1238927.9354,+2.44,1631.378,183.78,0,15.44,115.94
