checkpoint,ternary_weights,zero_density,clock_period_ns,design,memory_id,memory_pj_per_bit,weight_bits_per_token,execution_cycles_per_token,presence_padding_bits_per_token,bits_per_ternary_weight,compute_uj_per_token,weight_read_uj_per_token,total_uj_per_token,total_vs_five_trit_pct,non_ternary_weight_bytes,total_with_other_weights_uj,with_other_weights_vs_five_trit_pct,engine_area,compute_bound_tokens_per_s_per_mm2,extrapolated_tensors,memory_bound_tokens_per_s_at_34.1GBps,memory_bound_tokens_per_s_at_256GBps
1bitLLM__bitnet_b1_58-large,679477248,0.3664,1.60,five_trit,sram_8kb_45nm,0.156,1089601536,136962048,0,1.60359,236.8725,169.9778,406.8504,+0.00,196620288,652.2325,+0.00,1373.358,3322.74,0,102.46,769.18
1bitLLM__bitnet_b1_58-large,679477248,0.3664,1.60,bitmap_A,sram_8kb_45nm,0.156,1109984517,136962048,0,1.63359,284.3094,173.1576,457.4670,+12.44,196620288,702.8491,+7.76,1624.994,2808.20,0,101.68,763.34
1bitLLM__bitnet_b1_58-large,679477248,0.3664,1.60,bitmap_B_resident,sram_8kb_45nm,0.156,1111508229,136962048,1523712,1.63583,235.5152,173.3953,408.9105,+0.51,196620288,654.2926,+0.32,1448.636,3150.07,0,101.62,762.91
1bitLLM__bitnet_b1_58-large,679477248,0.3664,1.60,bitmap_B_streamed,sram_8kb_45nm,0.156,1111508229,136962048,1523712,1.63583,265.4801,173.3953,438.8754,+7.87,196620288,684.2575,+4.91,1693.356,2694.83,0,101.62,762.91
1bitLLM__bitnet_b1_58-large,679477248,0.3664,1.60,five_trit,sram_32kb_45nm,0.313,1089601536,136962048,0,1.60359,236.8725,341.0453,577.9178,+0.00,196620288,1070.2550,+0.00,1373.358,3322.74,0,102.46,769.18
1bitLLM__bitnet_b1_58-large,679477248,0.3664,1.60,bitmap_A,sram_32kb_45nm,0.313,1109984517,136962048,0,1.63359,284.3094,347.4252,631.7346,+9.31,196620288,1124.0718,+5.03,1624.994,2808.20,0,101.68,763.34
1bitLLM__bitnet_b1_58-large,679477248,0.3664,1.60,bitmap_B_resident,sram_32kb_45nm,0.313,1111508229,136962048,1523712,1.63583,235.5152,347.9021,583.4173,+0.95,196620288,1075.7545,+0.51,1448.636,3150.07,0,101.62,762.91
1bitLLM__bitnet_b1_58-large,679477248,0.3664,1.60,bitmap_B_streamed,sram_32kb_45nm,0.313,1111508229,136962048,1523712,1.63583,265.4801,347.9021,613.3822,+6.14,196620288,1105.7194,+3.31,1693.356,2694.83,0,101.62,762.91
1bitLLM__bitnet_b1_58-large,679477248,0.3664,1.60,five_trit,sram_1mb_45nm,1.563,1089601536,136962048,0,1.60359,236.8725,1703.0472,1939.9197,+0.00,196620288,4398.4598,+0.00,1373.358,3322.74,0,102.46,769.18
1bitLLM__bitnet_b1_58-large,679477248,0.3664,1.60,bitmap_A,sram_1mb_45nm,1.563,1109984517,136962048,0,1.63359,284.3094,1734.9058,2019.2152,+4.09,196620288,4477.7553,+1.80,1624.994,2808.20,0,101.68,763.34
1bitLLM__bitnet_b1_58-large,679477248,0.3664,1.60,bitmap_B_resident,sram_1mb_45nm,1.563,1111508229,136962048,1523712,1.63583,235.5152,1737.2874,1972.8026,+1.70,196620288,4431.3427,+0.75,1448.636,3150.07,0,101.62,762.91
1bitLLM__bitnet_b1_58-large,679477248,0.3664,1.60,bitmap_B_streamed,sram_1mb_45nm,1.563,1111508229,136962048,1523712,1.63583,265.4801,1737.2874,2002.7675,+3.24,196620288,4461.3076,+1.43,1693.356,2694.83,0,101.62,762.91
1bitLLM__bitnet_b1_58-large,679477248,0.3664,1.60,five_trit,sram_1mb_45nm_cacti,1.058,1089601536,136962048,0,1.60359,236.8725,1152.7984,1389.6710,+0.00,196620288,3053.8651,+0.00,1373.358,3322.74,0,102.46,769.18
1bitLLM__bitnet_b1_58-large,679477248,0.3664,1.60,bitmap_A,sram_1mb_45nm_cacti,1.058,1109984517,136962048,0,1.63359,284.3094,1174.3636,1458.6731,+4.97,196620288,3122.8672,+2.26,1624.994,2808.20,0,101.68,763.34
1bitLLM__bitnet_b1_58-large,679477248,0.3664,1.60,bitmap_B_resident,sram_1mb_45nm_cacti,1.058,1111508229,136962048,1523712,1.63583,235.5152,1175.9757,1411.4909,+1.57,196620288,3075.6850,+0.71,1448.636,3150.07,0,101.62,762.91
1bitLLM__bitnet_b1_58-large,679477248,0.3664,1.60,bitmap_B_streamed,sram_1mb_45nm_cacti,1.058,1111508229,136962048,1523712,1.63583,265.4801,1175.9757,1441.4558,+3.73,196620288,3105.6499,+1.70,1693.356,2694.83,0,101.62,762.91
1bitLLM__bitnet_b1_58-large,679477248,0.3664,1.60,five_trit,sram_32kb_7nm,0.133,1089601536,136962048,0,1.60359,236.8725,144.9170,381.7895,+0.00,196620288,590.9935,+0.00,1373.358,3322.74,0,102.46,769.18
1bitLLM__bitnet_b1_58-large,679477248,0.3664,1.60,bitmap_A,sram_32kb_7nm,0.133,1109984517,136962048,0,1.63359,284.3094,147.6279,431.9374,+13.13,196620288,641.1414,+8.49,1624.994,2808.20,0,101.68,763.34
1bitLLM__bitnet_b1_58-large,679477248,0.3664,1.60,bitmap_B_resident,sram_32kb_7nm,0.133,1111508229,136962048,1523712,1.63583,235.5152,147.8306,383.3458,+0.41,196620288,592.5498,+0.26,1448.636,3150.07,0,101.62,762.91
1bitLLM__bitnet_b1_58-large,679477248,0.3664,1.60,bitmap_B_streamed,sram_32kb_7nm,0.133,1111508229,136962048,1523712,1.63583,265.4801,147.8306,413.3107,+8.26,196620288,622.5147,+5.33,1693.356,2694.83,0,101.62,762.91
1bitLLM__bitnet_b1_58-large,679477248,0.3664,1.60,five_trit,sram_1mb_7nm,0.219,1089601536,136962048,0,1.60359,236.8725,238.6227,475.4953,+0.00,196620288,819.9740,+0.00,1373.358,3322.74,0,102.46,769.18
1bitLLM__bitnet_b1_58-large,679477248,0.3664,1.60,bitmap_A,sram_1mb_7nm,0.219,1109984517,136962048,0,1.63359,284.3094,243.0866,527.3960,+10.92,196620288,871.8747,+6.33,1624.994,2808.20,0,101.68,763.34
1bitLLM__bitnet_b1_58-large,679477248,0.3664,1.60,bitmap_B_resident,sram_1mb_7nm,0.219,1111508229,136962048,1523712,1.63583,235.5152,243.4203,478.9355,+0.72,196620288,823.4142,+0.42,1448.636,3150.07,0,101.62,762.91
1bitLLM__bitnet_b1_58-large,679477248,0.3664,1.60,bitmap_B_streamed,sram_1mb_7nm,0.219,1111508229,136962048,1523712,1.63583,265.4801,243.4203,508.9004,+7.03,196620288,853.3791,+4.07,1693.356,2694.83,0,101.62,762.91
1bitLLM__bitnet_b1_58-large,679477248,0.3664,1.60,five_trit,hbm2,3.97,1089601536,136962048,0,1.60359,236.8725,4325.7181,4562.5906,+0.00,196620288,10807.2509,+0.00,1373.358,3322.74,0,102.46,769.18
1bitLLM__bitnet_b1_58-large,679477248,0.3664,1.60,bitmap_A,hbm2,3.97,1109984517,136962048,0,1.63359,284.3094,4406.6385,4690.9480,+2.81,196620288,10935.6083,+1.19,1624.994,2808.20,0,101.68,763.34
1bitLLM__bitnet_b1_58-large,679477248,0.3664,1.60,bitmap_B_resident,hbm2,3.97,1111508229,136962048,1523712,1.63583,235.5152,4412.6877,4648.2029,+1.88,196620288,10892.8632,+0.79,1448.636,3150.07,0,101.62,762.91
1bitLLM__bitnet_b1_58-large,679477248,0.3664,1.60,bitmap_B_streamed,hbm2,3.97,1111508229,136962048,1523712,1.63583,265.4801,4412.6877,4678.1678,+2.53,196620288,10922.8281,+1.07,1693.356,2694.83,0,101.62,762.91
1bitLLM__bitnet_b1_58-large,679477248,0.3664,1.60,five_trit,hbm2_streamed,3.59,1089601536,136962048,0,1.60359,236.8725,3911.6695,4148.5420,+0.00,196620288,9795.4767,+0.00,1373.358,3322.74,0,102.46,769.18
1bitLLM__bitnet_b1_58-large,679477248,0.3664,1.60,bitmap_A,hbm2_streamed,3.59,1109984517,136962048,0,1.63359,284.3094,3984.8444,4269.1539,+2.91,196620288,9916.0886,+1.23,1624.994,2808.20,0,101.68,763.34
1bitLLM__bitnet_b1_58-large,679477248,0.3664,1.60,bitmap_B_resident,hbm2_streamed,3.59,1111508229,136962048,1523712,1.63583,235.5152,3990.3145,4225.8298,+1.86,196620288,9872.7645,+0.79,1448.636,3150.07,0,101.62,762.91
1bitLLM__bitnet_b1_58-large,679477248,0.3664,1.60,bitmap_B_streamed,hbm2_streamed,3.59,1111508229,136962048,1523712,1.63583,265.4801,3990.3145,4255.7947,+2.59,196620288,9902.7294,+1.09,1693.356,2694.83,0,101.62,762.91
1bitLLM__bitnet_b1_58-large,679477248,0.3664,1.60,five_trit,lpddr4_package,12,1089601536,136962048,0,1.60359,236.8725,13075.2184,13312.0910,+0.00,196620288,32187.6386,+0.00,1373.358,3322.74,0,102.46,769.18
1bitLLM__bitnet_b1_58-large,679477248,0.3664,1.60,bitmap_A,lpddr4_package,12,1109984517,136962048,0,1.63359,284.3094,13319.8142,13604.1236,+2.19,196620288,32479.6712,+0.91,1624.994,2808.20,0,101.68,763.34
1bitLLM__bitnet_b1_58-large,679477248,0.3664,1.60,bitmap_B_resident,lpddr4_package,12,1111508229,136962048,1523712,1.63583,235.5152,13338.0987,13573.6140,+1.96,196620288,32449.1616,+0.81,1448.636,3150.07,0,101.62,762.91
1bitLLM__bitnet_b1_58-large,679477248,0.3664,1.60,bitmap_B_streamed,lpddr4_package,12,1111508229,136962048,1523712,1.63583,265.4801,13338.0987,13603.5789,+2.19,196620288,32479.1265,+0.91,1693.356,2694.83,0,101.62,762.91
1bitLLM__bitnet_b1_58-large,679477248,0.3664,1.60,five_trit,gddr5,14.0,1089601536,136962048,0,1.60359,236.8725,15254.4215,15491.2940,+0.00,196620288,37512.7663,+0.00,1373.358,3322.74,0,102.46,769.18
1bitLLM__bitnet_b1_58-large,679477248,0.3664,1.60,bitmap_A,gddr5,14.0,1109984517,136962048,0,1.63359,284.3094,15539.7832,15824.0927,+2.15,196620288,37845.5650,+0.89,1624.994,2808.20,0,101.68,763.34
1bitLLM__bitnet_b1_58-large,679477248,0.3664,1.60,bitmap_B_resident,gddr5,14.0,1111508229,136962048,1523712,1.63583,235.5152,15561.1152,15796.6304,+1.97,196620288,37818.1027,+0.81,1448.636,3150.07,0,101.62,762.91
1bitLLM__bitnet_b1_58-large,679477248,0.3664,1.60,bitmap_B_streamed,gddr5,14.0,1111508229,136962048,1523712,1.63583,265.4801,15561.1152,15826.5953,+2.16,196620288,37848.0676,+0.89,1693.356,2694.83,0,101.62,762.91
1bitLLM__bitnet_b1_58-large,679477248,0.3664,1.60,five_trit,dram_45nm_horowitz,30.5,1089601536,136962048,0,1.60359,236.8725,33232.8468,33469.7194,+0.00,196620288,81445.0697,+0.00,1373.358,3322.74,0,102.46,769.18
1bitLLM__bitnet_b1_58-large,679477248,0.3664,1.60,bitmap_A,dram_45nm_horowitz,30.5,1109984517,136962048,0,1.63359,284.3094,33854.5278,34138.8372,+2.00,196620288,82114.1875,+0.82,1624.994,2808.20,0,101.68,763.34
1bitLLM__bitnet_b1_58-large,679477248,0.3664,1.60,bitmap_B_resident,dram_45nm_horowitz,30.5,1111508229,136962048,1523712,1.63583,235.5152,33901.0010,34136.5162,+1.99,196620288,82111.8665,+0.82,1448.636,3150.07,0,101.62,762.91
1bitLLM__bitnet_b1_58-large,679477248,0.3664,1.60,bitmap_B_streamed,dram_45nm_horowitz,30.5,1111508229,136962048,1523712,1.63583,265.4801,33901.0010,34166.4811,+2.08,196620288,82141.8314,+0.86,1693.356,2694.83,0,101.62,762.91
1bitLLM__bitnet_b1_58-large,679477248,0.3664,1.60,five_trit,ddr3_peak,70,1089601536,136962048,0,1.60359,236.8725,76272.1075,76508.9801,+0.00,196620288,186616.3414,+0.00,1373.358,3322.74,0,102.46,769.18
1bitLLM__bitnet_b1_58-large,679477248,0.3664,1.60,bitmap_A,ddr3_peak,70,1109984517,136962048,0,1.63359,284.3094,77698.9162,77983.2256,+1.93,196620288,188090.5869,+0.79,1624.994,2808.20,0,101.68,763.34
1bitLLM__bitnet_b1_58-large,679477248,0.3664,1.60,bitmap_B_resident,ddr3_peak,70,1111508229,136962048,1523712,1.63583,235.5152,77805.5760,78041.0913,+2.00,196620288,188148.4526,+0.82,1448.636,3150.07,0,101.62,762.91
1bitLLM__bitnet_b1_58-large,679477248,0.3664,1.60,bitmap_B_streamed,ddr3_peak,70,1111508229,136962048,1523712,1.63583,265.4801,77805.5760,78071.0562,+2.04,196620288,188178.4175,+0.84,1693.356,2694.83,0,101.62,762.91
1bitLLM__bitnet_b1_58-large,679477248,0.3664,2.00,five_trit,sram_8kb_45nm,0.156,1089601536,136962048,0,1.60359,199.9171,169.9778,369.8949,+0.00,196620288,615.2770,+0.00,1221.206,2989.38,0,102.46,769.18
1bitLLM__bitnet_b1_58-large,679477248,0.3664,2.00,bitmap_A,sram_8kb_45nm,0.156,1109984517,136962048,0,1.63359,260.1520,173.1576,433.3096,+17.14,196620288,678.6917,+10.31,1573.656,2319.85,0,101.68,763.34
1bitLLM__bitnet_b1_58-large,679477248,0.3664,2.00,bitmap_B_resident,sram_8kb_45nm,0.156,1111508229,136962048,1523712,1.63583,218.4754,173.3953,391.8707,+5.94,196620288,637.2528,+3.57,1412.194,2585.09,0,101.62,762.91
1bitLLM__bitnet_b1_58-large,679477248,0.3664,2.00,bitmap_B_streamed,sram_8kb_45nm,0.156,1111508229,136962048,1523712,1.63583,248.6909,173.3953,422.0862,+14.11,196620288,667.4683,+8.48,1656.914,2203.28,0,101.62,762.91
1bitLLM__bitnet_b1_58-large,679477248,0.3664,2.00,five_trit,sram_32kb_45nm,0.313,1089601536,136962048,0,1.60359,199.9171,341.0453,540.9624,+0.00,196620288,1033.2996,+0.00,1221.206,2989.38,0,102.46,769.18
1bitLLM__bitnet_b1_58-large,679477248,0.3664,2.00,bitmap_A,sram_32kb_45nm,0.313,1109984517,136962048,0,1.63359,260.1520,347.4252,607.5771,+12.31,196620288,1099.9143,+6.45,1573.656,2319.85,0,101.68,763.34
1bitLLM__bitnet_b1_58-large,679477248,0.3664,2.00,bitmap_B_resident,sram_32kb_45nm,0.313,1111508229,136962048,1523712,1.63583,218.4754,347.9021,566.3775,+4.70,196620288,1058.7147,+2.46,1412.194,2585.09,0,101.62,762.91
1bitLLM__bitnet_b1_58-large,679477248,0.3664,2.00,bitmap_B_streamed,sram_32kb_45nm,0.313,1111508229,136962048,1523712,1.63583,248.6909,347.9021,596.5930,+10.28,196620288,1088.9302,+5.38,1656.914,2203.28,0,101.62,762.91
1bitLLM__bitnet_b1_58-large,679477248,0.3664,2.00,five_trit,sram_1mb_45nm,1.563,1089601536,136962048,0,1.60359,199.9171,1703.0472,1902.9643,+0.00,196620288,4361.5044,+0.00,1221.206,2989.38,0,102.46,769.18
1bitLLM__bitnet_b1_58-large,679477248,0.3664,2.00,bitmap_A,sram_1mb_45nm,1.563,1109984517,136962048,0,1.63359,260.1520,1734.9058,1995.0578,+4.84,196620288,4453.5979,+2.11,1573.656,2319.85,0,101.68,763.34
1bitLLM__bitnet_b1_58-large,679477248,0.3664,2.00,bitmap_B_resident,sram_1mb_45nm,1.563,1111508229,136962048,1523712,1.63583,218.4754,1737.2874,1955.7628,+2.77,196620288,4414.3029,+1.21,1412.194,2585.09,0,101.62,762.91
1bitLLM__bitnet_b1_58-large,679477248,0.3664,2.00,bitmap_B_streamed,sram_1mb_45nm,1.563,1111508229,136962048,1523712,1.63583,248.6909,1737.2874,1985.9782,+4.36,196620288,4444.5183,+1.90,1656.914,2203.28,0,101.62,762.91
1bitLLM__bitnet_b1_58-large,679477248,0.3664,2.00,five_trit,sram_1mb_45nm_cacti,1.058,1089601536,136962048,0,1.60359,199.9171,1152.7984,1352.7155,+0.00,196620288,3016.9096,+0.00,1221.206,2989.38,0,102.46,769.18
1bitLLM__bitnet_b1_58-large,679477248,0.3664,2.00,bitmap_A,sram_1mb_45nm_cacti,1.058,1109984517,136962048,0,1.63359,260.1520,1174.3636,1434.5156,+6.05,196620288,3098.7097,+2.71,1573.656,2319.85,0,101.68,763.34
1bitLLM__bitnet_b1_58-large,679477248,0.3664,2.00,bitmap_B_resident,sram_1mb_45nm_cacti,1.058,1111508229,136962048,1523712,1.63583,218.4754,1175.9757,1394.4511,+3.09,196620288,3058.6452,+1.38,1412.194,2585.09,0,101.62,762.91
1bitLLM__bitnet_b1_58-large,679477248,0.3664,2.00,bitmap_B_streamed,sram_1mb_45nm_cacti,1.058,1111508229,136962048,1523712,1.63583,248.6909,1175.9757,1424.6666,+5.32,196620288,3088.8607,+2.38,1656.914,2203.28,0,101.62,762.91
1bitLLM__bitnet_b1_58-large,679477248,0.3664,2.00,five_trit,sram_32kb_7nm,0.133,1089601536,136962048,0,1.60359,199.9171,144.9170,344.8341,+0.00,196620288,554.0381,+0.00,1221.206,2989.38,0,102.46,769.18
1bitLLM__bitnet_b1_58-large,679477248,0.3664,2.00,bitmap_A,sram_32kb_7nm,0.133,1109984517,136962048,0,1.63359,260.1520,147.6279,407.7799,+18.25,196620288,616.9839,+11.36,1573.656,2319.85,0,101.68,763.34
1bitLLM__bitnet_b1_58-large,679477248,0.3664,2.00,bitmap_B_resident,sram_32kb_7nm,0.133,1111508229,136962048,1523712,1.63583,218.4754,147.8306,366.3060,+6.23,196620288,575.5100,+3.88,1412.194,2585.09,0,101.62,762.91
1bitLLM__bitnet_b1_58-large,679477248,0.3664,2.00,bitmap_B_streamed,sram_32kb_7nm,0.133,1111508229,136962048,1523712,1.63583,248.6909,147.8306,396.5215,+14.99,196620288,605.7255,+9.33,1656.914,2203.28,0,101.62,762.91
1bitLLM__bitnet_b1_58-large,679477248,0.3664,2.00,five_trit,sram_1mb_7nm,0.219,1089601536,136962048,0,1.60359,199.9171,238.6227,438.5398,+0.00,196620288,783.0185,+0.00,1221.206,2989.38,0,102.46,769.18
1bitLLM__bitnet_b1_58-large,679477248,0.3664,2.00,bitmap_A,sram_1mb_7nm,0.219,1109984517,136962048,0,1.63359,260.1520,243.0866,503.2386,+14.75,196620288,847.7173,+8.26,1573.656,2319.85,0,101.68,763.34
1bitLLM__bitnet_b1_58-large,679477248,0.3664,2.00,bitmap_B_resident,sram_1mb_7nm,0.219,1111508229,136962048,1523712,1.63583,218.4754,243.4203,461.8957,+5.33,196620288,806.3744,+2.98,1412.194,2585.09,0,101.62,762.91
1bitLLM__bitnet_b1_58-large,679477248,0.3664,2.00,bitmap_B_streamed,sram_1mb_7nm,0.219,1111508229,136962048,1523712,1.63583,248.6909,243.4203,492.1112,+12.22,196620288,836.5899,+6.84,1656.914,2203.28,0,101.62,762.91
1bitLLM__bitnet_b1_58-large,679477248,0.3664,2.00,five_trit,hbm2,3.97,1089601536,136962048,0,1.60359,199.9171,4325.7181,4525.6352,+0.00,196620288,10770.2955,+0.00,1221.206,2989.38,0,102.46,769.18
1bitLLM__bitnet_b1_58-large,679477248,0.3664,2.00,bitmap_A,hbm2,3.97,1109984517,136962048,0,1.63359,260.1520,4406.6385,4666.7905,+3.12,196620288,10911.4508,+1.31,1573.656,2319.85,0,101.68,763.34
1bitLLM__bitnet_b1_58-large,679477248,0.3664,2.00,bitmap_B_resident,hbm2,3.97,1111508229,136962048,1523712,1.63583,218.4754,4412.6877,4631.1631,+2.33,196620288,10875.8234,+0.98,1412.194,2585.09,0,101.62,762.91
1bitLLM__bitnet_b1_58-large,679477248,0.3664,2.00,bitmap_B_streamed,hbm2,3.97,1111508229,136962048,1523712,1.63583,248.6909,4412.6877,4661.3785,+3.00,196620288,10906.0388,+1.26,1656.914,2203.28,0,101.62,762.91
1bitLLM__bitnet_b1_58-large,679477248,0.3664,2.00,five_trit,hbm2_streamed,3.59,1089601536,136962048,0,1.60359,199.9171,3911.6695,4111.5866,+0.00,196620288,9758.5213,+0.00,1221.206,2989.38,0,102.46,769.18
1bitLLM__bitnet_b1_58-large,679477248,0.3664,2.00,bitmap_A,hbm2_streamed,3.59,1109984517,136962048,0,1.63359,260.1520,3984.8444,4244.9964,+3.24,196620288,9891.9311,+1.37,1573.656,2319.85,0,101.68,763.34
1bitLLM__bitnet_b1_58-large,679477248,0.3664,2.00,bitmap_B_resident,hbm2_streamed,3.59,1111508229,136962048,1523712,1.63583,218.4754,3990.3145,4208.7900,+2.36,196620288,9855.7247,+1.00,1412.194,2585.09,0,101.62,762.91
1bitLLM__bitnet_b1_58-large,679477248,0.3664,2.00,bitmap_B_streamed,hbm2_streamed,3.59,1111508229,136962048,1523712,1.63583,248.6909,3990.3145,4239.0054,+3.10,196620288,9885.9401,+1.31,1656.914,2203.28,0,101.62,762.91
1bitLLM__bitnet_b1_58-large,679477248,0.3664,2.00,five_trit,lpddr4_package,12,1089601536,136962048,0,1.60359,199.9171,13075.2184,13275.1355,+0.00,196620288,32150.6831,+0.00,1221.206,2989.38,0,102.46,769.18
1bitLLM__bitnet_b1_58-large,679477248,0.3664,2.00,bitmap_A,lpddr4_package,12,1109984517,136962048,0,1.63359,260.1520,13319.8142,13579.9662,+2.30,196620288,32455.5138,+0.95,1573.656,2319.85,0,101.68,763.34
1bitLLM__bitnet_b1_58-large,679477248,0.3664,2.00,bitmap_B_resident,lpddr4_package,12,1111508229,136962048,1523712,1.63583,218.4754,13338.0987,13556.5742,+2.12,196620288,32432.1218,+0.88,1412.194,2585.09,0,101.62,762.91
1bitLLM__bitnet_b1_58-large,679477248,0.3664,2.00,bitmap_B_streamed,lpddr4_package,12,1111508229,136962048,1523712,1.63583,248.6909,13338.0987,13586.7896,+2.35,196620288,32462.3372,+0.97,1656.914,2203.28,0,101.62,762.91
1bitLLM__bitnet_b1_58-large,679477248,0.3664,2.00,five_trit,gddr5,14.0,1089601536,136962048,0,1.60359,199.9171,15254.4215,15454.3386,+0.00,196620288,37475.8109,+0.00,1221.206,2989.38,0,102.46,769.18
1bitLLM__bitnet_b1_58-large,679477248,0.3664,2.00,bitmap_A,gddr5,14.0,1109984517,136962048,0,1.63359,260.1520,15539.7832,15799.9352,+2.24,196620288,37821.4075,+0.92,1573.656,2319.85,0,101.68,763.34
1bitLLM__bitnet_b1_58-large,679477248,0.3664,2.00,bitmap_B_resident,gddr5,14.0,1111508229,136962048,1523712,1.63583,218.4754,15561.1152,15779.5906,+2.10,196620288,37801.0629,+0.87,1412.194,2585.09,0,101.62,762.91
1bitLLM__bitnet_b1_58-large,679477248,0.3664,2.00,bitmap_B_streamed,gddr5,14.0,1111508229,136962048,1523712,1.63583,248.6909,15561.1152,15809.8061,+2.30,196620288,37831.2784,+0.95,1656.914,2203.28,0,101.62,762.91
1bitLLM__bitnet_b1_58-large,679477248,0.3664,2.00,five_trit,dram_45nm_horowitz,30.5,1089601536,136962048,0,1.60359,199.9171,33232.8468,33432.7639,+0.00,196620288,81408.1142,+0.00,1221.206,2989.38,0,102.46,769.18
1bitLLM__bitnet_b1_58-large,679477248,0.3664,2.00,bitmap_A,dram_45nm_horowitz,30.5,1109984517,136962048,0,1.63359,260.1520,33854.5278,34114.6798,+2.04,196620288,82090.0301,+0.84,1573.656,2319.85,0,101.68,763.34
1bitLLM__bitnet_b1_58-large,679477248,0.3664,2.00,bitmap_B_resident,dram_45nm_horowitz,30.5,1111508229,136962048,1523712,1.63583,218.4754,33901.0010,34119.4764,+2.05,196620288,82094.8267,+0.84,1412.194,2585.09,0,101.62,762.91
1bitLLM__bitnet_b1_58-large,679477248,0.3664,2.00,bitmap_B_streamed,dram_45nm_horowitz,30.5,1111508229,136962048,1523712,1.63583,248.6909,33901.0010,34149.6919,+2.14,196620288,82125.0422,+0.88,1656.914,2203.28,0,101.62,762.91
1bitLLM__bitnet_b1_58-large,679477248,0.3664,2.00,five_trit,ddr3_peak,70,1089601536,136962048,0,1.60359,199.9171,76272.1075,76472.0246,+0.00,196620288,186579.3859,+0.00,1221.206,2989.38,0,102.46,769.18
1bitLLM__bitnet_b1_58-large,679477248,0.3664,2.00,bitmap_A,ddr3_peak,70,1109984517,136962048,0,1.63359,260.1520,77698.9162,77959.0682,+1.94,196620288,188066.4295,+0.80,1573.656,2319.85,0,101.68,763.34
1bitLLM__bitnet_b1_58-large,679477248,0.3664,2.00,bitmap_B_resident,ddr3_peak,70,1111508229,136962048,1523712,1.63583,218.4754,77805.5760,78024.0514,+2.03,196620288,188131.4127,+0.83,1412.194,2585.09,0,101.62,762.91
1bitLLM__bitnet_b1_58-large,679477248,0.3664,2.00,bitmap_B_streamed,ddr3_peak,70,1111508229,136962048,1523712,1.63583,248.6909,77805.5760,78054.2669,+2.07,196620288,188161.6282,+0.85,1656.914,2203.28,0,101.62,762.91
1bitLLM__bitnet_b1_58-large,679477248,0.3664,2.50,five_trit,sram_8kb_45nm,0.156,1089601536,136962048,0,1.60359,194.6061,169.9778,364.5840,+0.00,196620288,609.9661,+0.00,1200.192,2433.37,0,102.46,769.18
1bitLLM__bitnet_b1_58-large,679477248,0.3664,2.50,bitmap_A,sram_8kb_45nm,0.156,1109984517,136962048,0,1.63359,260.7257,173.1576,433.8833,+19.01,196620288,679.2654,+11.36,1545.726,1889.41,0,101.68,763.34
1bitLLM__bitnet_b1_58-large,679477248,0.3664,2.50,bitmap_B_resident,sram_8kb_45nm,0.156,1111508229,136962048,1523712,1.63583,216.3055,173.3953,389.7007,+6.89,196620288,635.0828,+4.12,1386.658,2106.16,0,101.62,762.91
1bitLLM__bitnet_b1_58-large,679477248,0.3664,2.50,bitmap_B_streamed,sram_8kb_45nm,0.156,1111508229,136962048,1523712,1.63583,246.8341,173.3953,420.2294,+15.26,196620288,665.6115,+9.12,1631.378,1790.21,0,101.62,762.91
1bitLLM__bitnet_b1_58-large,679477248,0.3664,2.50,five_trit,sram_32kb_45nm,0.313,1089601536,136962048,0,1.60359,194.6061,341.0453,535.6514,+0.00,196620288,1027.9886,+0.00,1200.192,2433.37,0,102.46,769.18
1bitLLM__bitnet_b1_58-large,679477248,0.3664,2.50,bitmap_A,sram_32kb_45nm,0.313,1109984517,136962048,0,1.63359,260.7257,347.4252,608.1509,+13.53,196620288,1100.4881,+7.05,1545.726,1889.41,0,101.68,763.34
1bitLLM__bitnet_b1_58-large,679477248,0.3664,2.50,bitmap_B_resident,sram_32kb_45nm,0.313,1111508229,136962048,1523712,1.63583,216.3055,347.9021,564.2075,+5.33,196620288,1056.5447,+2.78,1386.658,2106.16,0,101.62,762.91
1bitLLM__bitnet_b1_58-large,679477248,0.3664,2.50,bitmap_B_streamed,sram_32kb_45nm,0.313,1111508229,136962048,1523712,1.63583,246.8341,347.9021,594.7362,+11.03,196620288,1087.0734,+5.75,1631.378,1790.21,0,101.62,762.91
1bitLLM__bitnet_b1_58-large,679477248,0.3664,2.50,five_trit,sram_1mb_45nm,1.563,1089601536,136962048,0,1.60359,194.6061,1703.0472,1897.6533,+0.00,196620288,4356.1934,+0.00,1200.192,2433.37,0,102.46,769.18
1bitLLM__bitnet_b1_58-large,679477248,0.3664,2.50,bitmap_A,sram_1mb_45nm,1.563,1109984517,136962048,0,1.63359,260.7257,1734.9058,1995.6315,+5.16,196620288,4454.1716,+2.25,1545.726,1889.41,0,101.68,763.34
1bitLLM__bitnet_b1_58-large,679477248,0.3664,2.50,bitmap_B_resident,sram_1mb_45nm,1.563,1111508229,136962048,1523712,1.63583,216.3055,1737.2874,1953.5928,+2.95,196620288,4412.1329,+1.28,1386.658,2106.16,0,101.62,762.91
1bitLLM__bitnet_b1_58-large,679477248,0.3664,2.50,bitmap_B_streamed,sram_1mb_45nm,1.563,1111508229,136962048,1523712,1.63583,246.8341,1737.2874,1984.1215,+4.56,196620288,4442.6616,+1.98,1631.378,1790.21,0,101.62,762.91
1bitLLM__bitnet_b1_58-large,679477248,0.3664,2.50,five_trit,sram_1mb_45nm_cacti,1.058,1089601536,136962048,0,1.60359,194.6061,1152.7984,1347.4046,+0.00,196620288,3011.5987,+0.00,1200.192,2433.37,0,102.46,769.18
1bitLLM__bitnet_b1_58-large,679477248,0.3664,2.50,bitmap_A,sram_1mb_45nm_cacti,1.058,1109984517,136962048,0,1.63359,260.7257,1174.3636,1435.0894,+6.51,196620288,3099.2835,+2.91,1545.726,1889.41,0,101.68,763.34
1bitLLM__bitnet_b1_58-large,679477248,0.3664,2.50,bitmap_B_resident,sram_1mb_45nm_cacti,1.058,1111508229,136962048,1523712,1.63583,216.3055,1175.9757,1392.2812,+3.33,196620288,3056.4753,+1.49,1386.658,2106.16,0,101.62,762.91
1bitLLM__bitnet_b1_58-large,679477248,0.3664,2.50,bitmap_B_streamed,sram_1mb_45nm_cacti,1.058,1111508229,136962048,1523712,1.63583,246.8341,1175.9757,1422.8098,+5.60,196620288,3087.0039,+2.50,1631.378,1790.21,0,101.62,762.91
1bitLLM__bitnet_b1_58-large,679477248,0.3664,2.50,five_trit,sram_32kb_7nm,0.133,1089601536,136962048,0,1.60359,194.6061,144.9170,339.5232,+0.00,196620288,548.7272,+0.00,1200.192,2433.37,0,102.46,769.18
1bitLLM__bitnet_b1_58-large,679477248,0.3664,2.50,bitmap_A,sram_32kb_7nm,0.133,1109984517,136962048,0,1.63359,260.7257,147.6279,408.3537,+20.27,196620288,617.5577,+12.54,1545.726,1889.41,0,101.68,763.34
1bitLLM__bitnet_b1_58-large,679477248,0.3664,2.50,bitmap_B_resident,sram_32kb_7nm,0.133,1111508229,136962048,1523712,1.63583,216.3055,147.8306,364.1361,+7.25,196620288,573.3401,+4.49,1386.658,2106.16,0,101.62,762.91
1bitLLM__bitnet_b1_58-large,679477248,0.3664,2.50,bitmap_B_streamed,sram_32kb_7nm,0.133,1111508229,136962048,1523712,1.63583,246.8341,147.8306,394.6647,+16.24,196620288,603.8687,+10.05,1631.378,1790.21,0,101.62,762.91
1bitLLM__bitnet_b1_58-large,679477248,0.3664,2.50,five_trit,sram_1mb_7nm,0.219,1089601536,136962048,0,1.60359,194.6061,238.6227,433.2289,+0.00,196620288,777.7076,+0.00,1200.192,2433.37,0,102.46,769.18
1bitLLM__bitnet_b1_58-large,679477248,0.3664,2.50,bitmap_A,sram_1mb_7nm,0.219,1109984517,136962048,0,1.63359,260.7257,243.0866,503.8123,+16.29,196620288,848.2910,+9.08,1545.726,1889.41,0,101.68,763.34
1bitLLM__bitnet_b1_58-large,679477248,0.3664,2.50,bitmap_B_resident,sram_1mb_7nm,0.219,1111508229,136962048,1523712,1.63583,216.3055,243.4203,459.7258,+6.12,196620288,804.2045,+3.41,1386.658,2106.16,0,101.62,762.91
1bitLLM__bitnet_b1_58-large,679477248,0.3664,2.50,bitmap_B_streamed,sram_1mb_7nm,0.219,1111508229,136962048,1523712,1.63583,246.8341,243.4203,490.2544,+13.16,196620288,834.7331,+7.33,1631.378,1790.21,0,101.62,762.91
1bitLLM__bitnet_b1_58-large,679477248,0.3664,2.50,five_trit,hbm2,3.97,1089601536,136962048,0,1.60359,194.6061,4325.7181,4520.3242,+0.00,196620288,10764.9845,+0.00,1200.192,2433.37,0,102.46,769.18
1bitLLM__bitnet_b1_58-large,679477248,0.3664,2.50,bitmap_A,hbm2,3.97,1109984517,136962048,0,1.63359,260.7257,4406.6385,4667.3643,+3.25,196620288,10912.0246,+1.37,1545.726,1889.41,0,101.68,763.34
1bitLLM__bitnet_b1_58-large,679477248,0.3664,2.50,bitmap_B_resident,hbm2,3.97,1111508229,136962048,1523712,1.63583,216.3055,4412.6877,4628.9931,+2.40,196620288,10873.6534,+1.01,1386.658,2106.16,0,101.62,762.91
1bitLLM__bitnet_b1_58-large,679477248,0.3664,2.50,bitmap_B_streamed,hbm2,3.97,1111508229,136962048,1523712,1.63583,246.8341,4412.6877,4659.5218,+3.08,196620288,10904.1821,+1.29,1631.378,1790.21,0,101.62,762.91
1bitLLM__bitnet_b1_58-large,679477248,0.3664,2.50,five_trit,hbm2_streamed,3.59,1089601536,136962048,0,1.60359,194.6061,3911.6695,4106.2757,+0.00,196620288,9753.2104,+0.00,1200.192,2433.37,0,102.46,769.18
1bitLLM__bitnet_b1_58-large,679477248,0.3664,2.50,bitmap_A,hbm2_streamed,3.59,1109984517,136962048,0,1.63359,260.7257,3984.8444,4245.5702,+3.39,196620288,9892.5049,+1.43,1545.726,1889.41,0,101.68,763.34
1bitLLM__bitnet_b1_58-large,679477248,0.3664,2.50,bitmap_B_resident,hbm2_streamed,3.59,1111508229,136962048,1523712,1.63583,216.3055,3990.3145,4206.6200,+2.44,196620288,9853.5547,+1.03,1386.658,2106.16,0,101.62,762.91
1bitLLM__bitnet_b1_58-large,679477248,0.3664,2.50,bitmap_B_streamed,hbm2_streamed,3.59,1111508229,136962048,1523712,1.63583,246.8341,3990.3145,4237.1487,+3.19,196620288,9884.0834,+1.34,1631.378,1790.21,0,101.62,762.91
1bitLLM__bitnet_b1_58-large,679477248,0.3664,2.50,five_trit,lpddr4_package,12,1089601536,136962048,0,1.60359,194.6061,13075.2184,13269.8246,+0.00,196620288,32145.3722,+0.00,1200.192,2433.37,0,102.46,769.18
1bitLLM__bitnet_b1_58-large,679477248,0.3664,2.50,bitmap_A,lpddr4_package,12,1109984517,136962048,0,1.63359,260.7257,13319.8142,13580.5399,+2.34,196620288,32456.0875,+0.97,1545.726,1889.41,0,101.68,763.34
1bitLLM__bitnet_b1_58-large,679477248,0.3664,2.50,bitmap_B_resident,lpddr4_package,12,1111508229,136962048,1523712,1.63583,216.3055,13338.0987,13554.4042,+2.14,196620288,32429.9518,+0.89,1386.658,2106.16,0,101.62,762.91
1bitLLM__bitnet_b1_58-large,679477248,0.3664,2.50,bitmap_B_streamed,lpddr4_package,12,1111508229,136962048,1523712,1.63583,246.8341,13338.0987,13584.9329,+2.37,196620288,32460.4805,+0.98,1631.378,1790.21,0,101.62,762.91
1bitLLM__bitnet_b1_58-large,679477248,0.3664,2.50,five_trit,gddr5,14.0,1089601536,136962048,0,1.60359,194.6061,15254.4215,15449.0277,+0.00,196620288,37470.5000,+0.00,1200.192,2433.37,0,102.46,769.18
1bitLLM__bitnet_b1_58-large,679477248,0.3664,2.50,bitmap_A,gddr5,14.0,1109984517,136962048,0,1.63359,260.7257,15539.7832,15800.5090,+2.28,196620288,37821.9813,+0.94,1545.726,1889.41,0,101.68,763.34
1bitLLM__bitnet_b1_58-large,679477248,0.3664,2.50,bitmap_B_resident,gddr5,14.0,1111508229,136962048,1523712,1.63583,216.3055,15561.1152,15777.4207,+2.13,196620288,37798.8930,+0.88,1386.658,2106.16,0,101.62,762.91
1bitLLM__bitnet_b1_58-large,679477248,0.3664,2.50,bitmap_B_streamed,gddr5,14.0,1111508229,136962048,1523712,1.63583,246.8341,15561.1152,15807.9493,+2.32,196620288,37829.4216,+0.96,1631.378,1790.21,0,101.62,762.91
1bitLLM__bitnet_b1_58-large,679477248,0.3664,2.50,five_trit,dram_45nm_horowitz,30.5,1089601536,136962048,0,1.60359,194.6061,33232.8468,33427.4530,+0.00,196620288,81402.8033,+0.00,1200.192,2433.37,0,102.46,769.18
1bitLLM__bitnet_b1_58-large,679477248,0.3664,2.50,bitmap_A,dram_45nm_horowitz,30.5,1109984517,136962048,0,1.63359,260.7257,33854.5278,34115.2535,+2.06,196620288,82090.6038,+0.84,1545.726,1889.41,0,101.68,763.34
1bitLLM__bitnet_b1_58-large,679477248,0.3664,2.50,bitmap_B_resident,dram_45nm_horowitz,30.5,1111508229,136962048,1523712,1.63583,216.3055,33901.0010,34117.3064,+2.06,196620288,82092.6567,+0.85,1386.658,2106.16,0,101.62,762.91
1bitLLM__bitnet_b1_58-large,679477248,0.3664,2.50,bitmap_B_streamed,dram_45nm_horowitz,30.5,1111508229,136962048,1523712,1.63583,246.8341,33901.0010,34147.8351,+2.16,196620288,82123.1854,+0.88,1631.378,1790.21,0,101.62,762.91
1bitLLM__bitnet_b1_58-large,679477248,0.3664,2.50,five_trit,ddr3_peak,70,1089601536,136962048,0,1.60359,194.6061,76272.1075,76466.7137,+0.00,196620288,186574.0750,+0.00,1200.192,2433.37,0,102.46,769.18
1bitLLM__bitnet_b1_58-large,679477248,0.3664,2.50,bitmap_A,ddr3_peak,70,1109984517,136962048,0,1.63359,260.7257,77698.9162,77959.6419,+1.95,196620288,188067.0032,+0.80,1545.726,1889.41,0,101.68,763.34
1bitLLM__bitnet_b1_58-large,679477248,0.3664,2.50,bitmap_B_resident,ddr3_peak,70,1111508229,136962048,1523712,1.63583,216.3055,77805.5760,78021.8815,+2.03,196620288,188129.2428,+0.83,1386.658,2106.16,0,101.62,762.91
1bitLLM__bitnet_b1_58-large,679477248,0.3664,2.50,bitmap_B_streamed,ddr3_peak,70,1111508229,136962048,1523712,1.63583,246.8341,77805.5760,78052.4102,+2.07,196620288,188159.7715,+0.85,1631.378,1790.21,0,101.62,762.91
HF1BitLLM__Llama3-8B-1.58-100B-tokens,6979321856,0.3566,1.60,five_trit,sram_8kb_45nm,0.156,11175723008,1399717888,0,1.60126,2426.5749,1743.4128,4169.9877,+0.00,1050673152,5481.2278,+0.00,1373.358,325.13,0,13.93,104.59
HF1BitLLM__Llama3-8B-1.58-100B-tokens,6979321856,0.3566,1.60,bitmap_A,sram_8kb_45nm,0.156,11469517943,1399717888,0,1.64336,2908.5858,1789.2448,4697.8306,+12.66,1050673152,6009.0706,+9.63,1624.994,274.78,0,13.73,103.04
HF1BitLLM__Llama3-8B-1.58-100B-tokens,6979321856,0.3566,1.60,bitmap_B_resident,sram_8kb_45nm,0.156,11475022967,1399717888,5505024,1.64415,2410.1494,1790.1036,4200.2530,+0.73,1050673152,5511.4931,+0.55,1448.636,308.23,0,13.72,103.02
HF1BitLLM__Llama3-8B-1.58-100B-tokens,6979321856,0.3566,1.60,bitmap_B_streamed,sram_8kb_45nm,0.156,11475022967,1399717888,5505024,1.64415,2717.6606,1790.1036,4507.7642,+8.10,1050673152,5819.0043,+6.16,1693.356,263.69,0,13.72,103.02
HF1BitLLM__Llama3-8B-1.58-100B-tokens,6979321856,0.3566,1.60,five_trit,sram_32kb_45nm,0.313,11175723008,1399717888,0,1.60126,2426.5749,3498.0013,5924.5762,+0.00,1050673152,8555.4618,+0.00,1373.358,325.13,0,13.93,104.59
HF1BitLLM__Llama3-8B-1.58-100B-tokens,6979321856,0.3566,1.60,bitmap_A,sram_32kb_45nm,0.313,11469517943,1399717888,0,1.64336,2908.5858,3589.9591,6498.5449,+9.69,1050673152,9129.4304,+6.71,1624.994,274.78,0,13.73,103.04
HF1BitLLM__Llama3-8B-1.58-100B-tokens,6979321856,0.3566,1.60,bitmap_B_resident,sram_32kb_45nm,0.313,11475022967,1399717888,5505024,1.64415,2410.1494,3591.6822,6001.8316,+1.30,1050673152,8632.7172,+0.90,1448.636,308.23,0,13.72,103.02
HF1BitLLM__Llama3-8B-1.58-100B-tokens,6979321856,0.3566,1.60,bitmap_B_streamed,sram_32kb_45nm,0.313,11475022967,1399717888,5505024,1.64415,2717.6606,3591.6822,6309.3428,+6.49,1050673152,8940.2284,+4.50,1693.356,263.69,0,13.72,103.02
HF1BitLLM__Llama3-8B-1.58-100B-tokens,6979321856,0.3566,1.60,five_trit,sram_1mb_45nm,1.563,11175723008,1399717888,0,1.60126,2426.5749,17467.6551,19894.2300,+0.00,1050673152,33031.8471,+0.00,1373.358,325.13,0,13.93,104.59
HF1BitLLM__Llama3-8B-1.58-100B-tokens,6979321856,0.3566,1.60,bitmap_A,sram_1mb_45nm,1.563,11469517943,1399717888,0,1.64336,2908.5858,17926.8565,20835.4423,+4.73,1050673152,33973.0594,+2.85,1624.994,274.78,0,13.73,103.04
HF1BitLLM__Llama3-8B-1.58-100B-tokens,6979321856,0.3566,1.60,bitmap_B_resident,sram_1mb_45nm,1.563,11475022967,1399717888,5505024,1.64415,2410.1494,17935.4609,20345.6103,+2.27,1050673152,33483.2274,+1.37,1448.636,308.23,0,13.72,103.02
HF1BitLLM__Llama3-8B-1.58-100B-tokens,6979321856,0.3566,1.60,bitmap_B_streamed,sram_1mb_45nm,1.563,11475022967,1399717888,5505024,1.64415,2717.6606,17935.4609,20653.1215,+3.81,1050673152,33790.7386,+2.30,1693.356,263.69,0,13.72,103.02
HF1BitLLM__Llama3-8B-1.58-100B-tokens,6979321856,0.3566,1.60,five_trit,sram_1mb_45nm_cacti,1.058,11175723008,1399717888,0,1.60126,2426.5749,11823.9149,14250.4899,+0.00,1050673152,23143.3874,+0.00,1373.358,325.13,0,13.93,104.59
HF1BitLLM__Llama3-8B-1.58-100B-tokens,6979321856,0.3566,1.60,bitmap_A,sram_1mb_45nm_cacti,1.058,11469517943,1399717888,0,1.64336,2908.5858,12134.7500,15043.3357,+5.56,1050673152,23936.2333,+3.43,1624.994,274.78,0,13.73,103.04
HF1BitLLM__Llama3-8B-1.58-100B-tokens,6979321856,0.3566,1.60,bitmap_B_resident,sram_1mb_45nm_cacti,1.058,11475022967,1399717888,5505024,1.64415,2410.1494,12140.5743,14550.7237,+2.11,1050673152,23443.6213,+1.30,1448.636,308.23,0,13.72,103.02
HF1BitLLM__Llama3-8B-1.58-100B-tokens,6979321856,0.3566,1.60,bitmap_B_streamed,sram_1mb_45nm_cacti,1.058,11475022967,1399717888,5505024,1.64415,2717.6606,12140.5743,14858.2349,+4.26,1050673152,23751.1325,+2.63,1693.356,263.69,0,13.72,103.02
HF1BitLLM__Llama3-8B-1.58-100B-tokens,6979321856,0.3566,1.60,five_trit,sram_32kb_7nm,0.133,11175723008,1399717888,0,1.60126,2426.5749,1486.3712,3912.9461,+0.00,1050673152,5030.8623,+0.00,1373.358,325.13,0,13.93,104.59
HF1BitLLM__Llama3-8B-1.58-100B-tokens,6979321856,0.3566,1.60,bitmap_A,sram_32kb_7nm,0.133,11469517943,1399717888,0,1.64336,2908.5858,1525.4459,4434.0316,+13.32,1050673152,5551.9479,+10.36,1624.994,274.78,0,13.73,103.04
HF1BitLLM__Llama3-8B-1.58-100B-tokens,6979321856,0.3566,1.60,bitmap_B_resident,sram_32kb_7nm,0.133,11475022967,1399717888,5505024,1.64415,2410.1494,1526.1781,3936.3275,+0.60,1050673152,5054.2437,+0.46,1448.636,308.23,0,13.72,103.02
HF1BitLLM__Llama3-8B-1.58-100B-tokens,6979321856,0.3566,1.60,bitmap_B_streamed,sram_32kb_7nm,0.133,11475022967,1399717888,5505024,1.64415,2717.6606,1526.1781,4243.8387,+8.46,1050673152,5361.7549,+6.58,1693.356,263.69,0,13.72,103.02
HF1BitLLM__Llama3-8B-1.58-100B-tokens,6979321856,0.3566,1.60,five_trit,sram_1mb_7nm,0.219,11175723008,1399717888,0,1.60126,2426.5749,2447.4833,4874.0583,+0.00,1050673152,6714.8376,+0.00,1373.358,325.13,0,13.93,104.59
HF1BitLLM__Llama3-8B-1.58-100B-tokens,6979321856,0.3566,1.60,bitmap_A,sram_1mb_7nm,0.219,11469517943,1399717888,0,1.64336,2908.5858,2511.8244,5420.4102,+11.21,1050673152,7261.1895,+8.14,1624.994,274.78,0,13.73,103.04
HF1BitLLM__Llama3-8B-1.58-100B-tokens,6979321856,0.3566,1.60,bitmap_B_resident,sram_1mb_7nm,0.219,11475022967,1399717888,5505024,1.64415,2410.1494,2513.0300,4923.1795,+1.01,1050673152,6763.9588,+0.73,1448.636,308.23,0,13.72,103.02
HF1BitLLM__Llama3-8B-1.58-100B-tokens,6979321856,0.3566,1.60,bitmap_B_streamed,sram_1mb_7nm,0.219,11475022967,1399717888,5505024,1.64415,2717.6606,2513.0300,5230.6907,+7.32,1050673152,7071.4700,+5.31,1693.356,263.69,0,13.72,103.02
HF1BitLLM__Llama3-8B-1.58-100B-tokens,6979321856,0.3566,1.60,five_trit,hbm2,3.97,11175723008,1399717888,0,1.60126,2426.5749,44367.6203,46794.1953,+0.00,1050673152,80163.5746,+0.00,1373.358,325.13,0,13.93,104.59
HF1BitLLM__Llama3-8B-1.58-100B-tokens,6979321856,0.3566,1.60,bitmap_A,hbm2,3.97,11469517943,1399717888,0,1.64336,2908.5858,45533.9862,48442.5720,+3.52,1050673152,81811.9513,+2.06,1624.994,274.78,0,13.73,103.04
HF1BitLLM__Llama3-8B-1.58-100B-tokens,6979321856,0.3566,1.60,bitmap_B_resident,hbm2,3.97,11475022967,1399717888,5505024,1.64415,2410.1494,45555.8412,47965.9906,+2.50,1050673152,81335.3699,+1.46,1448.636,308.23,0,13.72,103.02
HF1BitLLM__Llama3-8B-1.58-100B-tokens,6979321856,0.3566,1.60,bitmap_B_streamed,hbm2,3.97,11475022967,1399717888,5505024,1.64415,2717.6606,45555.8412,48273.5018,+3.16,1050673152,81642.8811,+1.85,1693.356,263.69,0,13.72,103.02
HF1BitLLM__Llama3-8B-1.58-100B-tokens,6979321856,0.3566,1.60,five_trit,hbm2_streamed,3.59,11175723008,1399717888,0,1.60126,2426.5749,40120.8456,42547.4205,+0.00,1050673152,72722.7535,+0.00,1373.358,325.13,0,13.93,104.59
HF1BitLLM__Llama3-8B-1.58-100B-tokens,6979321856,0.3566,1.60,bitmap_A,hbm2_streamed,3.59,11469517943,1399717888,0,1.64336,2908.5858,41175.5694,44084.1552,+3.61,1050673152,74259.4881,+2.11,1624.994,274.78,0,13.73,103.04
HF1BitLLM__Llama3-8B-1.58-100B-tokens,6979321856,0.3566,1.60,bitmap_B_resident,hbm2_streamed,3.59,11475022967,1399717888,5505024,1.64415,2410.1494,41195.3325,43605.4819,+2.49,1050673152,73780.8148,+1.45,1448.636,308.23,0,13.72,103.02
HF1BitLLM__Llama3-8B-1.58-100B-tokens,6979321856,0.3566,1.60,bitmap_B_streamed,hbm2_streamed,3.59,11475022967,1399717888,5505024,1.64415,2717.6606,41195.3325,43912.9931,+3.21,1050673152,74088.3260,+1.88,1693.356,263.69,0,13.72,103.02
HF1BitLLM__Llama3-8B-1.58-100B-tokens,6979321856,0.3566,1.60,five_trit,lpddr4_package,12,11175723008,1399717888,0,1.60126,2426.5749,134108.6761,136535.2510,+0.00,1050673152,237399.8736,+0.00,1373.358,325.13,0,13.93,104.59
HF1BitLLM__Llama3-8B-1.58-100B-tokens,6979321856,0.3566,1.60,bitmap_A,lpddr4_package,12,11469517943,1399717888,0,1.64336,2908.5858,137634.2153,140542.8011,+2.94,1050673152,241407.4237,+1.69,1624.994,274.78,0,13.73,103.04
HF1BitLLM__Llama3-8B-1.58-100B-tokens,6979321856,0.3566,1.60,bitmap_B_resident,lpddr4_package,12,11475022967,1399717888,5505024,1.64415,2410.1494,137700.2756,140110.4250,+2.62,1050673152,240975.0476,+1.51,1448.636,308.23,0,13.72,103.02
HF1BitLLM__Llama3-8B-1.58-100B-tokens,6979321856,0.3566,1.60,bitmap_B_streamed,lpddr4_package,12,11475022967,1399717888,5505024,1.64415,2717.6606,137700.2756,140417.9362,+2.84,1050673152,241282.5588,+1.64,1693.356,263.69,0,13.72,103.02
HF1BitLLM__Llama3-8B-1.58-100B-tokens,6979321856,0.3566,1.60,five_trit,gddr5,14.0,11175723008,1399717888,0,1.60126,2426.5749,156460.1221,158886.6970,+0.00,1050673152,276562.0901,+0.00,1373.358,325.13,0,13.93,104.59
HF1BitLLM__Llama3-8B-1.58-100B-tokens,6979321856,0.3566,1.60,bitmap_A,gddr5,14.0,11469517943,1399717888,0,1.64336,2908.5858,160573.2512,163481.8370,+2.89,1050673152,281157.2300,+1.66,1624.994,274.78,0,13.73,103.04
HF1BitLLM__Llama3-8B-1.58-100B-tokens,6979321856,0.3566,1.60,bitmap_B_resident,gddr5,14.0,11475022967,1399717888,5505024,1.64415,2410.1494,160650.3215,163060.4710,+2.63,1050673152,280735.8640,+1.51,1448.636,308.23,0,13.72,103.02
HF1BitLLM__Llama3-8B-1.58-100B-tokens,6979321856,0.3566,1.60,bitmap_B_streamed,gddr5,14.0,11475022967,1399717888,5505024,1.64415,2717.6606,160650.3215,163367.9822,+2.82,1050673152,281043.3752,+1.62,1693.356,263.69,0,13.72,103.02
HF1BitLLM__Llama3-8B-1.58-100B-tokens,6979321856,0.3566,1.60,five_trit,dram_45nm_horowitz,30.5,11175723008,1399717888,0,1.60126,2426.5749,340859.5517,343286.1267,+0.00,1050673152,599650.3758,+0.00,1373.358,325.13,0,13.93,104.59
HF1BitLLM__Llama3-8B-1.58-100B-tokens,6979321856,0.3566,1.60,bitmap_A,dram_45nm_horowitz,30.5,11469517943,1399717888,0,1.64336,2908.5858,349820.2973,352728.8830,+2.75,1050673152,609093.1321,+1.57,1624.994,274.78,0,13.73,103.04
HF1BitLLM__Llama3-8B-1.58-100B-tokens,6979321856,0.3566,1.60,bitmap_B_resident,dram_45nm_horowitz,30.5,11475022967,1399717888,5505024,1.64415,2410.1494,349988.2005,352398.3499,+2.65,1050673152,608762.5990,+1.52,1448.636,308.23,0,13.72,103.02
HF1BitLLM__Llama3-8B-1.58-100B-tokens,6979321856,0.3566,1.60,bitmap_B_streamed,dram_45nm_horowitz,30.5,11475022967,1399717888,5505024,1.64415,2717.6606,349988.2005,352705.8611,+2.74,1050673152,609070.1102,+1.57,1693.356,263.69,0,13.72,103.02
HF1BitLLM__Llama3-8B-1.58-100B-tokens,6979321856,0.3566,1.60,five_trit,ddr3_peak,70,11175723008,1399717888,0,1.60126,2426.5749,782300.6106,784727.1855,+0.00,1050673152,1373104.1506,+0.00,1373.358,325.13,0,13.93,104.59
HF1BitLLM__Llama3-8B-1.58-100B-tokens,6979321856,0.3566,1.60,bitmap_A,ddr3_peak,70,11469517943,1399717888,0,1.64336,2908.5858,802866.2560,805774.8418,+2.68,1050673152,1394151.8069,+1.53,1624.994,274.78,0,13.73,103.04
HF1BitLLM__Llama3-8B-1.58-100B-tokens,6979321856,0.3566,1.60,bitmap_B_resident,ddr3_peak,70,11475022967,1399717888,5505024,1.64415,2410.1494,803251.6077,805661.7571,+2.67,1050673152,1394038.7222,+1.52,1448.636,308.23,0,13.72,103.02
HF1BitLLM__Llama3-8B-1.58-100B-tokens,6979321856,0.3566,1.60,bitmap_B_streamed,ddr3_peak,70,11475022967,1399717888,5505024,1.64415,2717.6606,803251.6077,805969.2683,+2.71,1050673152,1394346.2334,+1.55,1693.356,263.69,0,13.72,103.02
HF1BitLLM__Llama3-8B-1.58-100B-tokens,6979321856,0.3566,2.00,five_trit,sram_8kb_45nm,0.156,11175723008,1399717888,0,1.60126,2046.8953,1743.4128,3790.3081,+0.00,1050673152,5101.5482,+0.00,1221.206,292.51,0,13.93,104.59
HF1BitLLM__Llama3-8B-1.58-100B-tokens,6979321856,0.3566,2.00,bitmap_A,sram_8kb_45nm,0.156,11469517943,1399717888,0,1.64336,2660.3692,1789.2448,4449.6140,+17.39,1050673152,5760.8541,+12.92,1573.656,227.00,0,13.73,103.04
HF1BitLLM__Llama3-8B-1.58-100B-tokens,6979321856,0.3566,2.00,bitmap_B_resident,sram_8kb_45nm,0.156,11475022967,1399717888,5505024,1.64415,2235.2008,1790.1036,4025.3044,+6.20,1050673152,5336.5444,+4.61,1412.194,252.95,0,13.72,103.02
HF1BitLLM__Llama3-8B-1.58-100B-tokens,6979321856,0.3566,2.00,bitmap_B_streamed,sram_8kb_45nm,0.156,11475022967,1399717888,5505024,1.64415,2545.2738,1790.1036,4335.3774,+14.38,1050673152,5646.6175,+10.68,1656.914,215.59,0,13.72,103.02
HF1BitLLM__Llama3-8B-1.58-100B-tokens,6979321856,0.3566,2.00,five_trit,sram_32kb_45nm,0.313,11175723008,1399717888,0,1.60126,2046.8953,3498.0013,5544.8966,+0.00,1050673152,8175.7822,+0.00,1221.206,292.51,0,13.93,104.59
HF1BitLLM__Llama3-8B-1.58-100B-tokens,6979321856,0.3566,2.00,bitmap_A,sram_32kb_45nm,0.313,11469517943,1399717888,0,1.64336,2660.3692,3589.9591,6250.3283,+12.72,1050673152,8881.2139,+8.63,1573.656,227.00,0,13.73,103.04
HF1BitLLM__Llama3-8B-1.58-100B-tokens,6979321856,0.3566,2.00,bitmap_B_resident,sram_32kb_45nm,0.313,11475022967,1399717888,5505024,1.64415,2235.2008,3591.6822,5826.8830,+5.09,1050673152,8457.7685,+3.45,1412.194,252.95,0,13.72,103.02
HF1BitLLM__Llama3-8B-1.58-100B-tokens,6979321856,0.3566,2.00,bitmap_B_streamed,sram_32kb_45nm,0.313,11475022967,1399717888,5505024,1.64415,2545.2738,3591.6822,6136.9560,+10.68,1050673152,8767.8416,+7.24,1656.914,215.59,0,13.72,103.02
HF1BitLLM__Llama3-8B-1.58-100B-tokens,6979321856,0.3566,2.00,five_trit,sram_1mb_45nm,1.563,11175723008,1399717888,0,1.60126,2046.8953,17467.6551,19514.5504,+0.00,1050673152,32652.1675,+0.00,1221.206,292.51,0,13.93,104.59
HF1BitLLM__Llama3-8B-1.58-100B-tokens,6979321856,0.3566,2.00,bitmap_A,sram_1mb_45nm,1.563,11469517943,1399717888,0,1.64336,2660.3692,17926.8565,20587.2257,+5.50,1050673152,33724.8428,+3.29,1573.656,227.00,0,13.73,103.04
HF1BitLLM__Llama3-8B-1.58-100B-tokens,6979321856,0.3566,2.00,bitmap_B_resident,sram_1mb_45nm,1.563,11475022967,1399717888,5505024,1.64415,2235.2008,17935.4609,20170.6617,+3.36,1050673152,33308.2788,+2.01,1412.194,252.95,0,13.72,103.02
HF1BitLLM__Llama3-8B-1.58-100B-tokens,6979321856,0.3566,2.00,bitmap_B_streamed,sram_1mb_45nm,1.563,11475022967,1399717888,5505024,1.64415,2545.2738,17935.4609,20480.7347,+4.95,1050673152,33618.3518,+2.96,1656.914,215.59,0,13.72,103.02
HF1BitLLM__Llama3-8B-1.58-100B-tokens,6979321856,0.3566,2.00,five_trit,sram_1mb_45nm_cacti,1.058,11175723008,1399717888,0,1.60126,2046.8953,11823.9149,13870.8103,+0.00,1050673152,22763.7078,+0.00,1221.206,292.51,0,13.93,104.59
HF1BitLLM__Llama3-8B-1.58-100B-tokens,6979321856,0.3566,2.00,bitmap_A,sram_1mb_45nm_cacti,1.058,11469517943,1399717888,0,1.64336,2660.3692,12134.7500,14795.1192,+6.66,1050673152,23688.0167,+4.06,1573.656,227.00,0,13.73,103.04
HF1BitLLM__Llama3-8B-1.58-100B-tokens,6979321856,0.3566,2.00,bitmap_B_resident,sram_1mb_45nm_cacti,1.058,11475022967,1399717888,5505024,1.64415,2235.2008,12140.5743,14375.7751,+3.64,1050673152,23268.6726,+2.22,1412.194,252.95,0,13.72,103.02
HF1BitLLM__Llama3-8B-1.58-100B-tokens,6979321856,0.3566,2.00,bitmap_B_streamed,sram_1mb_45nm_cacti,1.058,11475022967,1399717888,5505024,1.64415,2545.2738,12140.5743,14685.8481,+5.88,1050673152,23578.7457,+3.58,1656.914,215.59,0,13.72,103.02
HF1BitLLM__Llama3-8B-1.58-100B-tokens,6979321856,0.3566,2.00,five_trit,sram_32kb_7nm,0.133,11175723008,1399717888,0,1.60126,2046.8953,1486.3712,3533.2665,+0.00,1050673152,4651.1827,+0.00,1221.206,292.51,0,13.93,104.59
HF1BitLLM__Llama3-8B-1.58-100B-tokens,6979321856,0.3566,2.00,bitmap_A,sram_32kb_7nm,0.133,11469517943,1399717888,0,1.64336,2660.3692,1525.4459,4185.8151,+18.47,1050673152,5303.7313,+14.03,1573.656,227.00,0,13.73,103.04
HF1BitLLM__Llama3-8B-1.58-100B-tokens,6979321856,0.3566,2.00,bitmap_B_resident,sram_32kb_7nm,0.133,11475022967,1399717888,5505024,1.64415,2235.2008,1526.1781,3761.3788,+6.46,1050673152,4879.2951,+4.90,1412.194,252.95,0,13.72,103.02
HF1BitLLM__Llama3-8B-1.58-100B-tokens,6979321856,0.3566,2.00,bitmap_B_streamed,sram_32kb_7nm,0.133,11475022967,1399717888,5505024,1.64415,2545.2738,1526.1781,4071.4519,+15.23,1050673152,5189.3681,+11.57,1656.914,215.59,0,13.72,103.02
HF1BitLLM__Llama3-8B-1.58-100B-tokens,6979321856,0.3566,2.00,five_trit,sram_1mb_7nm,0.219,11175723008,1399717888,0,1.60126,2046.8953,2447.4833,4494.3787,+0.00,1050673152,6335.1580,+0.00,1221.206,292.51,0,13.93,104.59
HF1BitLLM__Llama3-8B-1.58-100B-tokens,6979321856,0.3566,2.00,bitmap_A,sram_1mb_7nm,0.219,11469517943,1399717888,0,1.64336,2660.3692,2511.8244,5172.1936,+15.08,1050673152,7012.9730,+10.70,1573.656,227.00,0,13.73,103.04
HF1BitLLM__Llama3-8B-1.58-100B-tokens,6979321856,0.3566,2.00,bitmap_B_resident,sram_1mb_7nm,0.219,11475022967,1399717888,5505024,1.64415,2235.2008,2513.0300,4748.2308,+5.65,1050673152,6589.0102,+4.01,1412.194,252.95,0,13.72,103.02
HF1BitLLM__Llama3-8B-1.58-100B-tokens,6979321856,0.3566,2.00,bitmap_B_streamed,sram_1mb_7nm,0.219,11475022967,1399717888,5505024,1.64415,2545.2738,2513.0300,5058.3039,+12.55,1050673152,6899.0832,+8.90,1656.914,215.59,0,13.72,103.02
HF1BitLLM__Llama3-8B-1.58-100B-tokens,6979321856,0.3566,2.00,five_trit,hbm2,3.97,11175723008,1399717888,0,1.60126,2046.8953,44367.6203,46414.5157,+0.00,1050673152,79783.8950,+0.00,1221.206,292.51,0,13.93,104.59
HF1BitLLM__Llama3-8B-1.58-100B-tokens,6979321856,0.3566,2.00,bitmap_A,hbm2,3.97,11469517943,1399717888,0,1.64336,2660.3692,45533.9862,48194.3554,+3.83,1050673152,81563.7347,+2.23,1573.656,227.00,0,13.73,103.04
HF1BitLLM__Llama3-8B-1.58-100B-tokens,6979321856,0.3566,2.00,bitmap_B_resident,hbm2,3.97,11475022967,1399717888,5505024,1.64415,2235.2008,45555.8412,47791.0420,+2.97,1050673152,81160.4213,+1.73,1412.194,252.95,0,13.72,103.02
HF1BitLLM__Llama3-8B-1.58-100B-tokens,6979321856,0.3566,2.00,bitmap_B_streamed,hbm2,3.97,11475022967,1399717888,5505024,1.64415,2545.2738,45555.8412,48101.1150,+3.63,1050673152,81470.4943,+2.11,1656.914,215.59,0,13.72,103.02
HF1BitLLM__Llama3-8B-1.58-100B-tokens,6979321856,0.3566,2.00,five_trit,hbm2_streamed,3.59,11175723008,1399717888,0,1.60126,2046.8953,40120.8456,42167.7409,+0.00,1050673152,72343.0739,+0.00,1221.206,292.51,0,13.93,104.59
HF1BitLLM__Llama3-8B-1.58-100B-tokens,6979321856,0.3566,2.00,bitmap_A,hbm2_streamed,3.59,11469517943,1399717888,0,1.64336,2660.3692,41175.5694,43835.9386,+3.96,1050673152,74011.2715,+2.31,1573.656,227.00,0,13.73,103.04
HF1BitLLM__Llama3-8B-1.58-100B-tokens,6979321856,0.3566,2.00,bitmap_B_resident,hbm2_streamed,3.59,11475022967,1399717888,5505024,1.64415,2235.2008,41195.3325,43430.5332,+2.99,1050673152,73605.8661,+1.75,1412.194,252.95,0,13.72,103.02
HF1BitLLM__Llama3-8B-1.58-100B-tokens,6979321856,0.3566,2.00,bitmap_B_streamed,hbm2_streamed,3.59,11475022967,1399717888,5505024,1.64415,2545.2738,41195.3325,43740.6063,+3.73,1050673152,73915.9392,+2.17,1656.914,215.59,0,13.72,103.02
HF1BitLLM__Llama3-8B-1.58-100B-tokens,6979321856,0.3566,2.00,five_trit,lpddr4_package,12,11175723008,1399717888,0,1.60126,2046.8953,134108.6761,136155.5714,+0.00,1050673152,237020.1940,+0.00,1221.206,292.51,0,13.93,104.59
HF1BitLLM__Llama3-8B-1.58-100B-tokens,6979321856,0.3566,2.00,bitmap_A,lpddr4_package,12,11469517943,1399717888,0,1.64336,2660.3692,137634.2153,140294.5845,+3.04,1050673152,241159.2071,+1.75,1573.656,227.00,0,13.73,103.04
HF1BitLLM__Llama3-8B-1.58-100B-tokens,6979321856,0.3566,2.00,bitmap_B_resident,lpddr4_package,12,11475022967,1399717888,5505024,1.64415,2235.2008,137700.2756,139935.4764,+2.78,1050673152,240800.0990,+1.59,1412.194,252.95,0,13.72,103.02
HF1BitLLM__Llama3-8B-1.58-100B-tokens,6979321856,0.3566,2.00,bitmap_B_streamed,lpddr4_package,12,11475022967,1399717888,5505024,1.64415,2545.2738,137700.2756,140245.5495,+3.00,1050673152,241110.1720,+1.73,1656.914,215.59,0,13.72,103.02
HF1BitLLM__Llama3-8B-1.58-100B-tokens,6979321856,0.3566,2.00,five_trit,gddr5,14.0,11175723008,1399717888,0,1.60126,2046.8953,156460.1221,158507.0174,+0.00,1050673152,276182.4105,+0.00,1221.206,292.51,0,13.93,104.59
HF1BitLLM__Llama3-8B-1.58-100B-tokens,6979321856,0.3566,2.00,bitmap_A,gddr5,14.0,11469517943,1399717888,0,1.64336,2660.3692,160573.2512,163233.6204,+2.98,1050673152,280909.0134,+1.71,1573.656,227.00,0,13.73,103.04
HF1BitLLM__Llama3-8B-1.58-100B-tokens,6979321856,0.3566,2.00,bitmap_B_resident,gddr5,14.0,11475022967,1399717888,5505024,1.64415,2235.2008,160650.3215,162885.5223,+2.76,1050673152,280560.9153,+1.59,1412.194,252.95,0,13.72,103.02
HF1BitLLM__Llama3-8B-1.58-100B-tokens,6979321856,0.3566,2.00,bitmap_B_streamed,gddr5,14.0,11475022967,1399717888,5505024,1.64415,2545.2738,160650.3215,163195.5954,+2.96,1050673152,280870.9884,+1.70,1656.914,215.59,0,13.72,103.02
HF1BitLLM__Llama3-8B-1.58-100B-tokens,6979321856,0.3566,2.00,five_trit,dram_45nm_horowitz,30.5,11175723008,1399717888,0,1.60126,2046.8953,340859.5517,342906.4471,+0.00,1050673152,599270.6962,+0.00,1221.206,292.51,0,13.93,104.59
HF1BitLLM__Llama3-8B-1.58-100B-tokens,6979321856,0.3566,2.00,bitmap_A,dram_45nm_horowitz,30.5,11469517943,1399717888,0,1.64336,2660.3692,349820.2973,352480.6665,+2.79,1050673152,608844.9155,+1.60,1573.656,227.00,0,13.73,103.04
HF1BitLLM__Llama3-8B-1.58-100B-tokens,6979321856,0.3566,2.00,bitmap_B_resident,dram_45nm_horowitz,30.5,11475022967,1399717888,5505024,1.64415,2235.2008,349988.2005,352223.4013,+2.72,1050673152,608587.6504,+1.55,1412.194,252.95,0,13.72,103.02
HF1BitLLM__Llama3-8B-1.58-100B-tokens,6979321856,0.3566,2.00,bitmap_B_streamed,dram_45nm_horowitz,30.5,11475022967,1399717888,5505024,1.64415,2545.2738,349988.2005,352533.4743,+2.81,1050673152,608897.7234,+1.61,1656.914,215.59,0,13.72,103.02
HF1BitLLM__Llama3-8B-1.58-100B-tokens,6979321856,0.3566,2.00,five_trit,ddr3_peak,70,11175723008,1399717888,0,1.60126,2046.8953,782300.6106,784347.5059,+0.00,1050673152,1372724.4710,+0.00,1221.206,292.51,0,13.93,104.59
HF1BitLLM__Llama3-8B-1.58-100B-tokens,6979321856,0.3566,2.00,bitmap_A,ddr3_peak,70,11469517943,1399717888,0,1.64336,2660.3692,802866.2560,805526.6252,+2.70,1050673152,1393903.5903,+1.54,1573.656,227.00,0,13.73,103.04
HF1BitLLM__Llama3-8B-1.58-100B-tokens,6979321856,0.3566,2.00,bitmap_B_resident,ddr3_peak,70,11475022967,1399717888,5505024,1.64415,2235.2008,803251.6077,805486.8085,+2.70,1050673152,1393863.7736,+1.54,1412.194,252.95,0,13.72,103.02
HF1BitLLM__Llama3-8B-1.58-100B-tokens,6979321856,0.3566,2.00,bitmap_B_streamed,ddr3_peak,70,11475022967,1399717888,5505024,1.64415,2545.2738,803251.6077,805796.8815,+2.73,1050673152,1394173.8467,+1.56,1656.914,215.59,0,13.72,103.02
HF1BitLLM__Llama3-8B-1.58-100B-tokens,6979321856,0.3566,2.50,five_trit,sram_8kb_45nm,0.156,11175723008,1399717888,0,1.60126,1992.4732,1743.4128,3735.8860,+0.00,1050673152,5047.1260,+0.00,1200.192,238.11,0,13.93,104.59
HF1BitLLM__Llama3-8B-1.58-100B-tokens,6979321856,0.3566,2.50,bitmap_A,sram_8kb_45nm,0.156,11469517943,1399717888,0,1.64336,2666.1970,1789.2448,4455.4418,+19.26,1050673152,5766.6819,+14.26,1545.726,184.88,0,13.73,103.04
HF1BitLLM__Llama3-8B-1.58-100B-tokens,6979321856,0.3566,2.50,bitmap_B_resident,sram_8kb_45nm,0.156,11475022967,1399717888,5505024,1.64415,2213.4940,1790.1036,4003.5976,+7.17,1050673152,5314.8377,+5.30,1386.658,206.09,0,13.72,103.02
HF1BitLLM__Llama3-8B-1.58-100B-tokens,6979321856,0.3566,2.50,bitmap_B_streamed,sram_8kb_45nm,0.156,11475022967,1399717888,5505024,1.64415,2526.7695,1790.1036,4316.8730,+15.55,1050673152,5628.1131,+11.51,1631.378,175.17,0,13.72,103.02
HF1BitLLM__Llama3-8B-1.58-100B-tokens,6979321856,0.3566,2.50,five_trit,sram_32kb_45nm,0.313,11175723008,1399717888,0,1.60126,1992.4732,3498.0013,5490.4745,+0.00,1050673152,8121.3600,+0.00,1200.192,238.11,0,13.93,104.59
HF1BitLLM__Llama3-8B-1.58-100B-tokens,6979321856,0.3566,2.50,bitmap_A,sram_32kb_45nm,0.313,11469517943,1399717888,0,1.64336,2666.1970,3589.9591,6256.1561,+13.95,1050673152,8887.0417,+9.43,1545.726,184.88,0,13.73,103.04
HF1BitLLM__Llama3-8B-1.58-100B-tokens,6979321856,0.3566,2.50,bitmap_B_resident,sram_32kb_45nm,0.313,11475022967,1399717888,5505024,1.64415,2213.4940,3591.6822,5805.1762,+5.73,1050673152,8436.0618,+3.87,1386.658,206.09,0,13.72,103.02
HF1BitLLM__Llama3-8B-1.58-100B-tokens,6979321856,0.3566,2.50,bitmap_B_streamed,sram_32kb_45nm,0.313,11475022967,1399717888,5505024,1.64415,2526.7695,3591.6822,6118.4517,+11.44,1050673152,8749.3372,+7.73,1631.378,175.17,0,13.72,103.02
HF1BitLLM__Llama3-8B-1.58-100B-tokens,6979321856,0.3566,2.50,five_trit,sram_1mb_45nm,1.563,11175723008,1399717888,0,1.60126,1992.4732,17467.6551,19460.1282,+0.00,1050673152,32597.7453,+0.00,1200.192,238.11,0,13.93,104.59
HF1BitLLM__Llama3-8B-1.58-100B-tokens,6979321856,0.3566,2.50,bitmap_A,sram_1mb_45nm,1.563,11469517943,1399717888,0,1.64336,2666.1970,17926.8565,20593.0536,+5.82,1050673152,33730.6706,+3.48,1545.726,184.88,0,13.73,103.04
HF1BitLLM__Llama3-8B-1.58-100B-tokens,6979321856,0.3566,2.50,bitmap_B_resident,sram_1mb_45nm,1.563,11475022967,1399717888,5505024,1.64415,2213.4940,17935.4609,20148.9549,+3.54,1050673152,33286.5720,+2.11,1386.658,206.09,0,13.72,103.02
HF1BitLLM__Llama3-8B-1.58-100B-tokens,6979321856,0.3566,2.50,bitmap_B_streamed,sram_1mb_45nm,1.563,11475022967,1399717888,5505024,1.64415,2526.7695,17935.4609,20462.2304,+5.15,1050673152,33599.8475,+3.07,1631.378,175.17,0,13.72,103.02
HF1BitLLM__Llama3-8B-1.58-100B-tokens,6979321856,0.3566,2.50,five_trit,sram_1mb_45nm_cacti,1.058,11175723008,1399717888,0,1.60126,1992.4732,11823.9149,13816.3881,+0.00,1050673152,22709.2857,+0.00,1200.192,238.11,0,13.93,104.59
HF1BitLLM__Llama3-8B-1.58-100B-tokens,6979321856,0.3566,2.50,bitmap_A,sram_1mb_45nm_cacti,1.058,11469517943,1399717888,0,1.64336,2666.1970,12134.7500,14800.9470,+7.13,1050673152,23693.8445,+4.34,1545.726,184.88,0,13.73,103.04
HF1BitLLM__Llama3-8B-1.58-100B-tokens,6979321856,0.3566,2.50,bitmap_B_resident,sram_1mb_45nm_cacti,1.058,11475022967,1399717888,5505024,1.64415,2213.4940,12140.5743,14354.0683,+3.89,1050673152,23246.9659,+2.37,1386.658,206.09,0,13.72,103.02
HF1BitLLM__Llama3-8B-1.58-100B-tokens,6979321856,0.3566,2.50,bitmap_B_streamed,sram_1mb_45nm_cacti,1.058,11475022967,1399717888,5505024,1.64415,2526.7695,12140.5743,14667.3438,+6.16,1050673152,23560.2413,+3.75,1631.378,175.17,0,13.72,103.02
HF1BitLLM__Llama3-8B-1.58-100B-tokens,6979321856,0.3566,2.50,five_trit,sram_32kb_7nm,0.133,11175723008,1399717888,0,1.60126,1992.4732,1486.3712,3478.8443,+0.00,1050673152,4596.7606,+0.00,1200.192,238.11,0,13.93,104.59
HF1BitLLM__Llama3-8B-1.58-100B-tokens,6979321856,0.3566,2.50,bitmap_A,sram_32kb_7nm,0.133,11469517943,1399717888,0,1.64336,2666.1970,1525.4459,4191.6429,+20.49,1050673152,5309.5591,+15.51,1545.726,184.88,0,13.73,103.04
HF1BitLLM__Llama3-8B-1.58-100B-tokens,6979321856,0.3566,2.50,bitmap_B_resident,sram_32kb_7nm,0.133,11475022967,1399717888,5505024,1.64415,2213.4940,1526.1781,3739.6721,+7.50,1050673152,4857.5883,+5.67,1386.658,206.09,0,13.72,103.02
HF1BitLLM__Llama3-8B-1.58-100B-tokens,6979321856,0.3566,2.50,bitmap_B_streamed,sram_32kb_7nm,0.133,11475022967,1399717888,5505024,1.64415,2526.7695,1526.1781,4052.9475,+16.50,1050673152,5170.8638,+12.49,1631.378,175.17,0,13.72,103.02
HF1BitLLM__Llama3-8B-1.58-100B-tokens,6979321856,0.3566,2.50,five_trit,sram_1mb_7nm,0.219,11175723008,1399717888,0,1.60126,1992.4732,2447.4833,4439.9565,+0.00,1050673152,6280.7359,+0.00,1200.192,238.11,0,13.93,104.59
HF1BitLLM__Llama3-8B-1.58-100B-tokens,6979321856,0.3566,2.50,bitmap_A,sram_1mb_7nm,0.219,11469517943,1399717888,0,1.64336,2666.1970,2511.8244,5178.0214,+16.62,1050673152,7018.8008,+11.75,1545.726,184.88,0,13.73,103.04
HF1BitLLM__Llama3-8B-1.58-100B-tokens,6979321856,0.3566,2.50,bitmap_B_resident,sram_1mb_7nm,0.219,11475022967,1399717888,5505024,1.64415,2213.4940,2513.0300,4726.5241,+6.45,1050673152,6567.3034,+4.56,1386.658,206.09,0,13.72,103.02
HF1BitLLM__Llama3-8B-1.58-100B-tokens,6979321856,0.3566,2.50,bitmap_B_streamed,sram_1mb_7nm,0.219,11475022967,1399717888,5505024,1.64415,2526.7695,2513.0300,5039.7995,+13.51,1050673152,6880.5789,+9.55,1631.378,175.17,0,13.72,103.02
HF1BitLLM__Llama3-8B-1.58-100B-tokens,6979321856,0.3566,2.50,five_trit,hbm2,3.97,11175723008,1399717888,0,1.60126,1992.4732,44367.6203,46360.0935,+0.00,1050673152,79729.4728,+0.00,1200.192,238.11,0,13.93,104.59
HF1BitLLM__Llama3-8B-1.58-100B-tokens,6979321856,0.3566,2.50,bitmap_A,hbm2,3.97,11469517943,1399717888,0,1.64336,2666.1970,45533.9862,48200.1832,+3.97,1050673152,81569.5625,+2.31,1545.726,184.88,0,13.73,103.04
HF1BitLLM__Llama3-8B-1.58-100B-tokens,6979321856,0.3566,2.50,bitmap_B_resident,hbm2,3.97,11475022967,1399717888,5505024,1.64415,2213.4940,45555.8412,47769.3352,+3.04,1050673152,81138.7145,+1.77,1386.658,206.09,0,13.72,103.02
HF1BitLLM__Llama3-8B-1.58-100B-tokens,6979321856,0.3566,2.50,bitmap_B_streamed,hbm2,3.97,11475022967,1399717888,5505024,1.64415,2526.7695,45555.8412,48082.6106,+3.72,1050673152,81451.9900,+2.16,1631.378,175.17,0,13.72,103.02
HF1BitLLM__Llama3-8B-1.58-100B-tokens,6979321856,0.3566,2.50,five_trit,hbm2_streamed,3.59,11175723008,1399717888,0,1.60126,1992.4732,40120.8456,42113.3188,+0.00,1050673152,72288.6517,+0.00,1200.192,238.11,0,13.93,104.59
HF1BitLLM__Llama3-8B-1.58-100B-tokens,6979321856,0.3566,2.50,bitmap_A,hbm2_streamed,3.59,11469517943,1399717888,0,1.64336,2666.1970,41175.5694,43841.7664,+4.10,1050673152,74017.0993,+2.39,1545.726,184.88,0,13.73,103.04
HF1BitLLM__Llama3-8B-1.58-100B-tokens,6979321856,0.3566,2.50,bitmap_B_resident,hbm2_streamed,3.59,11475022967,1399717888,5505024,1.64415,2213.4940,41195.3325,43408.8265,+3.08,1050673152,73584.1594,+1.79,1386.658,206.09,0,13.72,103.02
HF1BitLLM__Llama3-8B-1.58-100B-tokens,6979321856,0.3566,2.50,bitmap_B_streamed,hbm2_streamed,3.59,11475022967,1399717888,5505024,1.64415,2526.7695,41195.3325,43722.1019,+3.82,1050673152,73897.4348,+2.23,1631.378,175.17,0,13.72,103.02
HF1BitLLM__Llama3-8B-1.58-100B-tokens,6979321856,0.3566,2.50,five_trit,lpddr4_package,12,11175723008,1399717888,0,1.60126,1992.4732,134108.6761,136101.1493,+0.00,1050673152,236965.7719,+0.00,1200.192,238.11,0,13.93,104.59
HF1BitLLM__Llama3-8B-1.58-100B-tokens,6979321856,0.3566,2.50,bitmap_A,lpddr4_package,12,11469517943,1399717888,0,1.64336,2666.1970,137634.2153,140300.4123,+3.09,1050673152,241165.0349,+1.77,1545.726,184.88,0,13.73,103.04
HF1BitLLM__Llama3-8B-1.58-100B-tokens,6979321856,0.3566,2.50,bitmap_B_resident,lpddr4_package,12,11475022967,1399717888,5505024,1.64415,2213.4940,137700.2756,139913.7696,+2.80,1050673152,240778.3922,+1.61,1386.658,206.09,0,13.72,103.02
HF1BitLLM__Llama3-8B-1.58-100B-tokens,6979321856,0.3566,2.50,bitmap_B_streamed,lpddr4_package,12,11475022967,1399717888,5505024,1.64415,2526.7695,137700.2756,140227.0451,+3.03,1050673152,241091.6677,+1.74,1631.378,175.17,0,13.72,103.02
HF1BitLLM__Llama3-8B-1.58-100B-tokens,6979321856,0.3566,2.50,five_trit,gddr5,14.0,11175723008,1399717888,0,1.60126,1992.4732,156460.1221,158452.5953,+0.00,1050673152,276127.9883,+0.00,1200.192,238.11,0,13.93,104.59
HF1BitLLM__Llama3-8B-1.58-100B-tokens,6979321856,0.3566,2.50,bitmap_A,gddr5,14.0,11469517943,1399717888,0,1.64336,2666.1970,160573.2512,163239.4482,+3.02,1050673152,280914.8412,+1.73,1545.726,184.88,0,13.73,103.04
HF1BitLLM__Llama3-8B-1.58-100B-tokens,6979321856,0.3566,2.50,bitmap_B_resident,gddr5,14.0,11475022967,1399717888,5505024,1.64415,2213.4940,160650.3215,162863.8156,+2.78,1050673152,280539.2086,+1.60,1386.658,206.09,0,13.72,103.02
HF1BitLLM__Llama3-8B-1.58-100B-tokens,6979321856,0.3566,2.50,bitmap_B_streamed,gddr5,14.0,11475022967,1399717888,5505024,1.64415,2526.7695,160650.3215,163177.0910,+2.98,1050673152,280852.4840,+1.71,1631.378,175.17,0,13.72,103.02
HF1BitLLM__Llama3-8B-1.58-100B-tokens,6979321856,0.3566,2.50,five_trit,dram_45nm_horowitz,30.5,11175723008,1399717888,0,1.60126,1992.4732,340859.5517,342852.0249,+0.00,1050673152,599216.2740,+0.00,1200.192,238.11,0,13.93,104.59
HF1BitLLM__Llama3-8B-1.58-100B-tokens,6979321856,0.3566,2.50,bitmap_A,dram_45nm_horowitz,30.5,11469517943,1399717888,0,1.64336,2666.1970,349820.2973,352486.4943,+2.81,1050673152,608850.7434,+1.61,1545.726,184.88,0,13.73,103.04
HF1BitLLM__Llama3-8B-1.58-100B-tokens,6979321856,0.3566,2.50,bitmap_B_resident,dram_45nm_horowitz,30.5,11475022967,1399717888,5505024,1.64415,2213.4940,349988.2005,352201.6945,+2.73,1050673152,608565.9436,+1.56,1386.658,206.09,0,13.72,103.02
HF1BitLLM__Llama3-8B-1.58-100B-tokens,6979321856,0.3566,2.50,bitmap_B_streamed,dram_45nm_horowitz,30.5,11475022967,1399717888,5505024,1.64415,2526.7695,349988.2005,352514.9700,+2.82,1050673152,608879.2190,+1.61,1631.378,175.17,0,13.72,103.02
HF1BitLLM__Llama3-8B-1.58-100B-tokens,6979321856,0.3566,2.50,five_trit,ddr3_peak,70,11175723008,1399717888,0,1.60126,1992.4732,782300.6106,784293.0837,+0.00,1050673152,1372670.0488,+0.00,1200.192,238.11,0,13.93,104.59
HF1BitLLM__Llama3-8B-1.58-100B-tokens,6979321856,0.3566,2.50,bitmap_A,ddr3_peak,70,11469517943,1399717888,0,1.64336,2666.1970,802866.2560,805532.4530,+2.71,1050673152,1393909.4181,+1.55,1545.726,184.88,0,13.73,103.04
HF1BitLLM__Llama3-8B-1.58-100B-tokens,6979321856,0.3566,2.50,bitmap_B_resident,ddr3_peak,70,11475022967,1399717888,5505024,1.64415,2213.4940,803251.6077,805465.1017,+2.70,1050673152,1393842.0668,+1.54,1386.658,206.09,0,13.72,103.02
HF1BitLLM__Llama3-8B-1.58-100B-tokens,6979321856,0.3566,2.50,bitmap_B_streamed,ddr3_peak,70,11475022967,1399717888,5505024,1.64415,2526.7695,803251.6077,805778.3772,+2.74,1050673152,1394155.3423,+1.57,1631.378,175.17,0,13.72,103.02
IntelLabsChina__CAT-Q__llama2-7b,6476005376,0.4076,1.60,five_trit,sram_8kb_45nm,0.156,10369892352,1298956288,0,1.60128,2218.3000,1617.7032,3836.0032,+0.00,262144000,4163.1590,+0.00,1373.358,350.35,0,21.88,164.27
IntelLabsChina__CAT-Q__llama2-7b,6476005376,0.4076,1.60,bitmap_A,sram_8kb_45nm,0.156,10312285261,1298956288,0,1.59238,2678.9998,1608.7165,4287.7163,+11.78,262144000,4614.8720,+10.85,1624.994,296.10,0,21.98,165.04
IntelLabsChina__CAT-Q__llama2-7b,6476005376,0.4076,1.60,bitmap_B_resident,sram_8kb_45nm,0.156,10317462605,1298956288,5177344,1.59318,2215.9444,1609.5242,3825.4685,-0.27,262144000,4152.6242,-0.25,1448.636,332.14,0,21.97,164.97
IntelLabsChina__CAT-Q__llama2-7b,6476005376,0.4076,1.60,bitmap_B_streamed,sram_8kb_45nm,0.156,10317462605,1298956288,5177344,1.59318,2496.3985,1609.5242,4105.9227,+7.04,262144000,4433.0784,+6.48,1693.356,284.14,0,21.97,164.97
IntelLabsChina__CAT-Q__llama2-7b,6476005376,0.4076,1.60,five_trit,sram_32kb_45nm,0.313,10369892352,1298956288,0,1.60128,2218.3000,3245.7763,5464.0763,+0.00,262144000,6120.4849,+0.00,1373.358,350.35,0,21.88,164.27
IntelLabsChina__CAT-Q__llama2-7b,6476005376,0.4076,1.60,bitmap_A,sram_32kb_45nm,0.313,10312285261,1298956288,0,1.59238,2678.9998,3227.7453,5906.7451,+8.10,262144000,6563.1537,+7.23,1624.994,296.10,0,21.98,165.04
IntelLabsChina__CAT-Q__llama2-7b,6476005376,0.4076,1.60,bitmap_B_resident,sram_32kb_45nm,0.313,10317462605,1298956288,5177344,1.59318,2215.9444,3229.3658,5445.3102,-0.34,262144000,6101.7187,-0.31,1448.636,332.14,0,21.97,164.97
IntelLabsChina__CAT-Q__llama2-7b,6476005376,0.4076,1.60,bitmap_B_streamed,sram_32kb_45nm,0.313,10317462605,1298956288,5177344,1.59318,2496.3985,3229.3658,5725.7643,+4.79,262144000,6382.1729,+4.28,1693.356,284.14,0,21.97,164.97
IntelLabsChina__CAT-Q__llama2-7b,6476005376,0.4076,1.60,five_trit,sram_1mb_45nm,1.563,10369892352,1298956288,0,1.60128,2218.3000,16208.1417,18426.4418,+0.00,262144000,21704.2904,+0.00,1373.358,350.35,0,21.88,164.27
IntelLabsChina__CAT-Q__llama2-7b,6476005376,0.4076,1.60,bitmap_A,sram_1mb_45nm,1.563,10312285261,1298956288,0,1.59238,2678.9998,16118.1019,18797.1017,+2.01,262144000,22074.9502,+1.71,1624.994,296.10,0,21.98,165.04
IntelLabsChina__CAT-Q__llama2-7b,6476005376,0.4076,1.60,bitmap_B_resident,sram_1mb_45nm,1.563,10317462605,1298956288,5177344,1.59318,2215.9444,16126.1941,18342.1384,-0.46,262144000,21619.9870,-0.39,1448.636,332.14,0,21.97,164.97
IntelLabsChina__CAT-Q__llama2-7b,6476005376,0.4076,1.60,bitmap_B_streamed,sram_1mb_45nm,1.563,10317462605,1298956288,5177344,1.59318,2496.3985,16126.1941,18622.5926,+1.06,262144000,21900.4412,+0.90,1693.356,284.14,0,21.97,164.97
IntelLabsChina__CAT-Q__llama2-7b,6476005376,0.4076,1.60,five_trit,sram_1mb_45nm_cacti,1.058,10369892352,1298956288,0,1.60128,2218.3000,10971.3461,13189.6461,+0.00,262144000,15408.4330,+0.00,1373.358,350.35,0,21.88,164.27
IntelLabsChina__CAT-Q__llama2-7b,6476005376,0.4076,1.60,bitmap_A,sram_1mb_45nm_cacti,1.058,10312285261,1298956288,0,1.59238,2678.9998,10910.3978,13589.3976,+3.03,262144000,15808.1844,+2.59,1624.994,296.10,0,21.98,165.04
IntelLabsChina__CAT-Q__llama2-7b,6476005376,0.4076,1.60,bitmap_B_resident,sram_1mb_45nm_cacti,1.058,10317462605,1298956288,5177344,1.59318,2215.9444,10915.8754,13131.8198,-0.44,262144000,15350.6066,-0.38,1448.636,332.14,0,21.97,164.97
IntelLabsChina__CAT-Q__llama2-7b,6476005376,0.4076,1.60,bitmap_B_streamed,sram_1mb_45nm_cacti,1.058,10317462605,1298956288,5177344,1.59318,2496.3985,10915.8754,13412.2740,+1.69,262144000,15631.0608,+1.44,1693.356,284.14,0,21.97,164.97
IntelLabsChina__CAT-Q__llama2-7b,6476005376,0.4076,1.60,five_trit,sram_32kb_7nm,0.133,10369892352,1298956288,0,1.60128,2218.3000,1379.1957,3597.4957,+0.00,262144000,3876.4169,+0.00,1373.358,350.35,0,21.88,164.27
IntelLabsChina__CAT-Q__llama2-7b,6476005376,0.4076,1.60,bitmap_A,sram_32kb_7nm,0.133,10312285261,1298956288,0,1.59238,2678.9998,1371.5339,4050.5337,+12.59,262144000,4329.4550,+11.69,1624.994,296.10,0,21.98,165.04
IntelLabsChina__CAT-Q__llama2-7b,6476005376,0.4076,1.60,bitmap_B_resident,sram_32kb_7nm,0.133,10317462605,1298956288,5177344,1.59318,2215.9444,1372.2225,3588.1669,-0.26,262144000,3867.0881,-0.24,1448.636,332.14,0,21.97,164.97
IntelLabsChina__CAT-Q__llama2-7b,6476005376,0.4076,1.60,bitmap_B_streamed,sram_32kb_7nm,0.133,10317462605,1298956288,5177344,1.59318,2496.3985,1372.2225,3868.6211,+7.54,262144000,4147.5423,+6.99,1693.356,284.14,0,21.97,164.97
IntelLabsChina__CAT-Q__llama2-7b,6476005376,0.4076,1.60,five_trit,sram_1mb_7nm,0.219,10369892352,1298956288,0,1.60128,2218.3000,2271.0064,4489.3065,+0.00,262144000,4948.5827,+0.00,1373.358,350.35,0,21.88,164.27
IntelLabsChina__CAT-Q__llama2-7b,6476005376,0.4076,1.60,bitmap_A,sram_1mb_7nm,0.219,10312285261,1298956288,0,1.59238,2678.9998,2258.3905,4937.3903,+9.98,262144000,5396.6666,+9.05,1624.994,296.10,0,21.98,165.04
IntelLabsChina__CAT-Q__llama2-7b,6476005376,0.4076,1.60,bitmap_B_resident,sram_1mb_7nm,0.219,10317462605,1298956288,5177344,1.59318,2215.9444,2259.5243,4475.4687,-0.31,262144000,4934.7450,-0.28,1448.636,332.14,0,21.97,164.97
IntelLabsChina__CAT-Q__llama2-7b,6476005376,0.4076,1.60,bitmap_B_streamed,sram_1mb_7nm,0.219,10317462605,1298956288,5177344,1.59318,2496.3985,2259.5243,4755.9228,+5.94,262144000,5215.1991,+5.39,1693.356,284.14,0,21.97,164.97
IntelLabsChina__CAT-Q__llama2-7b,6476005376,0.4076,1.60,five_trit,hbm2,3.97,10369892352,1298956288,0,1.60128,2218.3000,41168.4726,43386.7727,+0.00,262144000,51712.4661,+0.00,1373.358,350.35,0,21.88,164.27
IntelLabsChina__CAT-Q__llama2-7b,6476005376,0.4076,1.60,bitmap_A,hbm2,3.97,10312285261,1298956288,0,1.59238,2678.9998,40939.7725,43618.7723,+0.53,262144000,51944.4657,+0.45,1624.994,296.10,0,21.98,165.04
IntelLabsChina__CAT-Q__llama2-7b,6476005376,0.4076,1.60,bitmap_B_resident,hbm2,3.97,10317462605,1298956288,5177344,1.59318,2215.9444,40960.3265,43176.2709,-0.49,262144000,51501.9643,-0.41,1448.636,332.14,0,21.97,164.97
IntelLabsChina__CAT-Q__llama2-7b,6476005376,0.4076,1.60,bitmap_B_streamed,hbm2,3.97,10317462605,1298956288,5177344,1.59318,2496.3985,40960.3265,43456.7251,+0.16,262144000,51782.4185,+0.14,1693.356,284.14,0,21.97,164.97
IntelLabsChina__CAT-Q__llama2-7b,6476005376,0.4076,1.60,five_trit,hbm2_streamed,3.59,10369892352,1298956288,0,1.60128,2218.3000,37227.9135,39446.2136,+0.00,262144000,46974.9893,+0.00,1373.358,350.35,0,21.88,164.27
IntelLabsChina__CAT-Q__llama2-7b,6476005376,0.4076,1.60,bitmap_A,hbm2_streamed,3.59,10312285261,1298956288,0,1.59238,2678.9998,37021.1041,39700.1039,+0.64,262144000,47228.8796,+0.54,1624.994,296.10,0,21.98,165.04
IntelLabsChina__CAT-Q__llama2-7b,6476005376,0.4076,1.60,bitmap_B_resident,hbm2_streamed,3.59,10317462605,1298956288,5177344,1.59318,2215.9444,37039.6908,39255.6351,-0.48,262144000,46784.4108,-0.41,1448.636,332.14,0,21.97,164.97
IntelLabsChina__CAT-Q__llama2-7b,6476005376,0.4076,1.60,bitmap_B_streamed,hbm2_streamed,3.59,10317462605,1298956288,5177344,1.59318,2496.3985,37039.6908,39536.0893,+0.23,262144000,47064.8650,+0.19,1693.356,284.14,0,21.97,164.97
IntelLabsChina__CAT-Q__llama2-7b,6476005376,0.4076,1.60,five_trit,lpddr4_package,12,10369892352,1298956288,0,1.60128,2218.3000,124438.7082,126657.0083,+0.00,262144000,151822.8323,+0.00,1373.358,350.35,0,21.88,164.27
IntelLabsChina__CAT-Q__llama2-7b,6476005376,0.4076,1.60,bitmap_A,lpddr4_package,12,10312285261,1298956288,0,1.59238,2678.9998,123747.4231,126426.4229,-0.18,262144000,151592.2469,-0.15,1624.994,296.10,0,21.98,165.04
IntelLabsChina__CAT-Q__llama2-7b,6476005376,0.4076,1.60,bitmap_B_resident,lpddr4_package,12,10317462605,1298956288,5177344,1.59318,2215.9444,123809.5513,126025.4956,-0.50,262144000,151191.3196,-0.42,1448.636,332.14,0,21.97,164.97
IntelLabsChina__CAT-Q__llama2-7b,6476005376,0.4076,1.60,bitmap_B_streamed,lpddr4_package,12,10317462605,1298956288,5177344,1.59318,2496.3985,123809.5513,126305.9498,-0.28,262144000,151471.7738,-0.23,1693.356,284.14,0,21.97,164.97
IntelLabsChina__CAT-Q__llama2-7b,6476005376,0.4076,1.60,five_trit,gddr5,14.0,10369892352,1298956288,0,1.60128,2218.3000,145178.4929,147396.7930,+0.00,262144000,176756.9210,+0.00,1373.358,350.35,0,21.88,164.27
IntelLabsChina__CAT-Q__llama2-7b,6476005376,0.4076,1.60,bitmap_A,gddr5,14.0,10312285261,1298956288,0,1.59238,2678.9998,144371.9937,147050.9935,-0.23,262144000,176411.1215,-0.20,1624.994,296.10,0,21.98,165.04
IntelLabsChina__CAT-Q__llama2-7b,6476005376,0.4076,1.60,bitmap_B_resident,gddr5,14.0,10317462605,1298956288,5177344,1.59318,2215.9444,144444.4765,146660.4208,-0.50,262144000,176020.5488,-0.42,1448.636,332.14,0,21.97,164.97
IntelLabsChina__CAT-Q__llama2-7b,6476005376,0.4076,1.60,bitmap_B_streamed,gddr5,14.0,10317462605,1298956288,5177344,1.59318,2496.3985,144444.4765,146940.8750,-0.31,262144000,176301.0030,-0.26,1693.356,284.14,0,21.97,164.97
IntelLabsChina__CAT-Q__llama2-7b,6476005376,0.4076,1.60,five_trit,dram_45nm_horowitz,30.5,10369892352,1298956288,0,1.60128,2218.3000,316281.7167,318500.0168,+0.00,262144000,382463.1528,+0.00,1373.358,350.35,0,21.88,164.27
IntelLabsChina__CAT-Q__llama2-7b,6476005376,0.4076,1.60,bitmap_A,dram_45nm_horowitz,30.5,10312285261,1298956288,0,1.59238,2678.9998,314524.7005,317203.7003,-0.41,262144000,381166.8363,-0.34,1624.994,296.10,0,21.98,165.04
IntelLabsChina__CAT-Q__llama2-7b,6476005376,0.4076,1.60,bitmap_B_resident,dram_45nm_horowitz,30.5,10317462605,1298956288,5177344,1.59318,2215.9444,314682.6095,316898.5538,-0.50,262144000,380861.6898,-0.42,1448.636,332.14,0,21.97,164.97
IntelLabsChina__CAT-Q__llama2-7b,6476005376,0.4076,1.60,bitmap_B_streamed,dram_45nm_horowitz,30.5,10317462605,1298956288,5177344,1.59318,2496.3985,314682.6095,317179.0080,-0.41,262144000,381142.1440,-0.35,1693.356,284.14,0,21.97,164.97
IntelLabsChina__CAT-Q__llama2-7b,6476005376,0.4076,1.60,five_trit,ddr3_peak,70,10369892352,1298956288,0,1.60128,2218.3000,725892.4646,728110.7647,+0.00,262144000,874911.4047,+0.00,1373.358,350.35,0,21.88,164.27
IntelLabsChina__CAT-Q__llama2-7b,6476005376,0.4076,1.60,bitmap_A,ddr3_peak,70,10312285261,1298956288,0,1.59238,2678.9998,721859.9683,724538.9681,-0.49,262144000,871339.6081,-0.41,1624.994,296.10,0,21.98,165.04
IntelLabsChina__CAT-Q__llama2-7b,6476005376,0.4076,1.60,bitmap_B_resident,ddr3_peak,70,10317462605,1298956288,5177344,1.59318,2215.9444,722222.3824,724438.3267,-0.50,262144000,871238.9667,-0.42,1448.636,332.14,0,21.97,164.97
IntelLabsChina__CAT-Q__llama2-7b,6476005376,0.4076,1.60,bitmap_B_streamed,ddr3_peak,70,10317462605,1298956288,5177344,1.59318,2496.3985,722222.3824,724718.7809,-0.47,262144000,871519.4209,-0.39,1693.356,284.14,0,21.97,164.97
IntelLabsChina__CAT-Q__llama2-7b,6476005376,0.4076,2.00,five_trit,sram_8kb_45nm,0.156,10369892352,1298956288,0,1.60128,1876.7124,1617.7032,3494.4156,+0.00,262144000,3821.5714,+0.00,1221.206,315.20,0,21.88,164.27
IntelLabsChina__CAT-Q__llama2-7b,6476005376,0.4076,2.00,bitmap_A,sram_8kb_45nm,0.156,10312285261,1298956288,0,1.59238,2454.9929,1608.7165,4063.7094,+16.29,262144000,4390.8651,+14.90,1573.656,244.61,0,21.98,165.04
IntelLabsChina__CAT-Q__llama2-7b,6476005376,0.4076,2.00,bitmap_B_resident,sram_8kb_45nm,0.156,10317462605,1298956288,5177344,1.59318,2057.8181,1609.5242,3667.3423,+4.95,262144000,3994.4980,+4.53,1412.194,272.57,0,21.97,164.97
IntelLabsChina__CAT-Q__llama2-7b,6476005376,0.4076,2.00,bitmap_B_streamed,sram_8kb_45nm,0.156,10317462605,1298956288,5177344,1.59318,2340.6435,1609.5242,3950.1677,+13.04,262144000,4277.3234,+11.93,1656.914,232.31,0,21.97,164.97
IntelLabsChina__CAT-Q__llama2-7b,6476005376,0.4076,2.00,five_trit,sram_32kb_45nm,0.313,10369892352,1298956288,0,1.60128,1876.7124,3245.7763,5122.4887,+0.00,262144000,5778.8973,+0.00,1221.206,315.20,0,21.88,164.27
IntelLabsChina__CAT-Q__llama2-7b,6476005376,0.4076,2.00,bitmap_A,sram_32kb_45nm,0.313,10312285261,1298956288,0,1.59238,2454.9929,3227.7453,5682.7382,+10.94,262144000,6339.1468,+9.69,1573.656,244.61,0,21.98,165.04
IntelLabsChina__CAT-Q__llama2-7b,6476005376,0.4076,2.00,bitmap_B_resident,sram_32kb_45nm,0.313,10317462605,1298956288,5177344,1.59318,2057.8181,3229.3658,5287.1839,+3.22,262144000,5943.5925,+2.85,1412.194,272.57,0,21.97,164.97
IntelLabsChina__CAT-Q__llama2-7b,6476005376,0.4076,2.00,bitmap_B_streamed,sram_32kb_45nm,0.313,10317462605,1298956288,5177344,1.59318,2340.6435,3229.3658,5570.0093,+8.74,262144000,6226.4179,+7.74,1656.914,232.31,0,21.97,164.97
IntelLabsChina__CAT-Q__llama2-7b,6476005376,0.4076,2.00,five_trit,sram_1mb_45nm,1.563,10369892352,1298956288,0,1.60128,1876.7124,16208.1417,18084.8542,+0.00,262144000,21362.7028,+0.00,1221.206,315.20,0,21.88,164.27
IntelLabsChina__CAT-Q__llama2-7b,6476005376,0.4076,2.00,bitmap_A,sram_1mb_45nm,1.563,10312285261,1298956288,0,1.59238,2454.9929,16118.1019,18573.0948,+2.70,262144000,21850.9433,+2.29,1573.656,244.61,0,21.98,165.04
IntelLabsChina__CAT-Q__llama2-7b,6476005376,0.4076,2.00,bitmap_B_resident,sram_1mb_45nm,1.563,10317462605,1298956288,5177344,1.59318,2057.8181,16126.1941,18184.0122,+0.55,262144000,21461.8608,+0.46,1412.194,272.57,0,21.97,164.97
IntelLabsChina__CAT-Q__llama2-7b,6476005376,0.4076,2.00,bitmap_B_streamed,sram_1mb_45nm,1.563,10317462605,1298956288,5177344,1.59318,2340.6435,16126.1941,18466.8376,+2.11,262144000,21744.6861,+1.79,1656.914,232.31,0,21.97,164.97
IntelLabsChina__CAT-Q__llama2-7b,6476005376,0.4076,2.00,five_trit,sram_1mb_45nm_cacti,1.058,10369892352,1298956288,0,1.60128,1876.7124,10971.3461,12848.0585,+0.00,262144000,15066.8454,+0.00,1221.206,315.20,0,21.88,164.27
IntelLabsChina__CAT-Q__llama2-7b,6476005376,0.4076,2.00,bitmap_A,sram_1mb_45nm_cacti,1.058,10312285261,1298956288,0,1.59238,2454.9929,10910.3978,13365.3907,+4.03,262144000,15584.1775,+3.43,1573.656,244.61,0,21.98,165.04
IntelLabsChina__CAT-Q__llama2-7b,6476005376,0.4076,2.00,bitmap_B_resident,sram_1mb_45nm_cacti,1.058,10317462605,1298956288,5177344,1.59318,2057.8181,10915.8754,12973.6936,+0.98,262144000,15192.4804,+0.83,1412.194,272.57,0,21.97,164.97
IntelLabsChina__CAT-Q__llama2-7b,6476005376,0.4076,2.00,bitmap_B_streamed,sram_1mb_45nm_cacti,1.058,10317462605,1298956288,5177344,1.59318,2340.6435,10915.8754,13256.5190,+3.18,262144000,15475.3058,+2.71,1656.914,232.31,0,21.97,164.97
IntelLabsChina__CAT-Q__llama2-7b,6476005376,0.4076,2.00,five_trit,sram_32kb_7nm,0.133,10369892352,1298956288,0,1.60128,1876.7124,1379.1957,3255.9081,+0.00,262144000,3534.8293,+0.00,1221.206,315.20,0,21.88,164.27
IntelLabsChina__CAT-Q__llama2-7b,6476005376,0.4076,2.00,bitmap_A,sram_32kb_7nm,0.133,10312285261,1298956288,0,1.59238,2454.9929,1371.5339,3826.5268,+17.53,262144000,4105.4480,+16.14,1573.656,244.61,0,21.98,165.04
IntelLabsChina__CAT-Q__llama2-7b,6476005376,0.4076,2.00,bitmap_B_resident,sram_32kb_7nm,0.133,10317462605,1298956288,5177344,1.59318,2057.8181,1372.2225,3430.0407,+5.35,262144000,3708.9619,+4.93,1412.194,272.57,0,21.97,164.97
IntelLabsChina__CAT-Q__llama2-7b,6476005376,0.4076,2.00,bitmap_B_streamed,sram_32kb_7nm,0.133,10317462605,1298956288,5177344,1.59318,2340.6435,1372.2225,3712.8660,+14.03,262144000,3991.7873,+12.93,1656.914,232.31,0,21.97,164.97
IntelLabsChina__CAT-Q__llama2-7b,6476005376,0.4076,2.00,five_trit,sram_1mb_7nm,0.219,10369892352,1298956288,0,1.60128,1876.7124,2271.0064,4147.7189,+0.00,262144000,4606.9952,+0.00,1221.206,315.20,0,21.88,164.27
IntelLabsChina__CAT-Q__llama2-7b,6476005376,0.4076,2.00,bitmap_A,sram_1mb_7nm,0.219,10312285261,1298956288,0,1.59238,2454.9929,2258.3905,4713.3834,+13.64,262144000,5172.6596,+12.28,1573.656,244.61,0,21.98,165.04
IntelLabsChina__CAT-Q__llama2-7b,6476005376,0.4076,2.00,bitmap_B_resident,sram_1mb_7nm,0.219,10317462605,1298956288,5177344,1.59318,2057.8181,2259.5243,4317.3424,+4.09,262144000,4776.6187,+3.68,1412.194,272.57,0,21.97,164.97
IntelLabsChina__CAT-Q__llama2-7b,6476005376,0.4076,2.00,bitmap_B_streamed,sram_1mb_7nm,0.219,10317462605,1298956288,5177344,1.59318,2340.6435,2259.5243,4600.1678,+10.91,262144000,5059.4441,+9.82,1656.914,232.31,0,21.97,164.97
IntelLabsChina__CAT-Q__llama2-7b,6476005376,0.4076,2.00,five_trit,hbm2,3.97,10369892352,1298956288,0,1.60128,1876.7124,41168.4726,43045.1851,+0.00,262144000,51370.8785,+0.00,1221.206,315.20,0,21.88,164.27
IntelLabsChina__CAT-Q__llama2-7b,6476005376,0.4076,2.00,bitmap_A,hbm2,3.97,10312285261,1298956288,0,1.59238,2454.9929,40939.7725,43394.7654,+0.81,262144000,51720.4588,+0.68,1573.656,244.61,0,21.98,165.04
IntelLabsChina__CAT-Q__llama2-7b,6476005376,0.4076,2.00,bitmap_B_resident,hbm2,3.97,10317462605,1298956288,5177344,1.59318,2057.8181,40960.3265,43018.1447,-0.06,262144000,51343.8381,-0.05,1412.194,272.57,0,21.97,164.97
IntelLabsChina__CAT-Q__llama2-7b,6476005376,0.4076,2.00,bitmap_B_streamed,hbm2,3.97,10317462605,1298956288,5177344,1.59318,2340.6435,40960.3265,43300.9701,+0.59,262144000,51626.6635,+0.50,1656.914,232.31,0,21.97,164.97
IntelLabsChina__CAT-Q__llama2-7b,6476005376,0.4076,2.00,five_trit,hbm2_streamed,3.59,10369892352,1298956288,0,1.60128,1876.7124,37227.9135,39104.6260,+0.00,262144000,46633.4017,+0.00,1221.206,315.20,0,21.88,164.27
IntelLabsChina__CAT-Q__llama2-7b,6476005376,0.4076,2.00,bitmap_A,hbm2_streamed,3.59,10312285261,1298956288,0,1.59238,2454.9929,37021.1041,39476.0970,+0.95,262144000,47004.8727,+0.80,1573.656,244.61,0,21.98,165.04
IntelLabsChina__CAT-Q__llama2-7b,6476005376,0.4076,2.00,bitmap_B_resident,hbm2_streamed,3.59,10317462605,1298956288,5177344,1.59318,2057.8181,37039.6908,39097.5089,-0.02,262144000,46626.2846,-0.02,1412.194,272.57,0,21.97,164.97
IntelLabsChina__CAT-Q__llama2-7b,6476005376,0.4076,2.00,bitmap_B_streamed,hbm2_streamed,3.59,10317462605,1298956288,5177344,1.59318,2340.6435,37039.6908,39380.3343,+0.71,262144000,46909.1099,+0.59,1656.914,232.31,0,21.97,164.97
IntelLabsChina__CAT-Q__llama2-7b,6476005376,0.4076,2.00,five_trit,lpddr4_package,12,10369892352,1298956288,0,1.60128,1876.7124,124438.7082,126315.4207,+0.00,262144000,151481.2447,+0.00,1221.206,315.20,0,21.88,164.27
IntelLabsChina__CAT-Q__llama2-7b,6476005376,0.4076,2.00,bitmap_A,lpddr4_package,12,10312285261,1298956288,0,1.59238,2454.9929,123747.4231,126202.4160,-0.09,262144000,151368.2400,-0.07,1573.656,244.61,0,21.98,165.04
IntelLabsChina__CAT-Q__llama2-7b,6476005376,0.4076,2.00,bitmap_B_resident,lpddr4_package,12,10317462605,1298956288,5177344,1.59318,2057.8181,123809.5513,125867.3694,-0.35,262144000,151033.1934,-0.30,1412.194,272.57,0,21.97,164.97
IntelLabsChina__CAT-Q__llama2-7b,6476005376,0.4076,2.00,bitmap_B_streamed,lpddr4_package,12,10317462605,1298956288,5177344,1.59318,2340.6435,123809.5513,126150.1948,-0.13,262144000,151316.0188,-0.11,1656.914,232.31,0,21.97,164.97
IntelLabsChina__CAT-Q__llama2-7b,6476005376,0.4076,2.00,five_trit,gddr5,14.0,10369892352,1298956288,0,1.60128,1876.7124,145178.4929,147055.2054,+0.00,262144000,176415.3334,+0.00,1221.206,315.20,0,21.88,164.27
IntelLabsChina__CAT-Q__llama2-7b,6476005376,0.4076,2.00,bitmap_A,gddr5,14.0,10312285261,1298956288,0,1.59238,2454.9929,144371.9937,146826.9865,-0.16,262144000,176187.1145,-0.13,1573.656,244.61,0,21.98,165.04
IntelLabsChina__CAT-Q__llama2-7b,6476005376,0.4076,2.00,bitmap_B_resident,gddr5,14.0,10317462605,1298956288,5177344,1.59318,2057.8181,144444.4765,146502.2946,-0.38,262144000,175862.4226,-0.31,1412.194,272.57,0,21.97,164.97
IntelLabsChina__CAT-Q__llama2-7b,6476005376,0.4076,2.00,bitmap_B_streamed,gddr5,14.0,10317462605,1298956288,5177344,1.59318,2340.6435,144444.4765,146785.1200,-0.18,262144000,176145.2480,-0.15,1656.914,232.31,0,21.97,164.97
IntelLabsChina__CAT-Q__llama2-7b,6476005376,0.4076,2.00,five_trit,dram_45nm_horowitz,30.5,10369892352,1298956288,0,1.60128,1876.7124,316281.7167,318158.4292,+0.00,262144000,382121.5652,+0.00,1221.206,315.20,0,21.88,164.27
IntelLabsChina__CAT-Q__llama2-7b,6476005376,0.4076,2.00,bitmap_A,dram_45nm_horowitz,30.5,10312285261,1298956288,0,1.59238,2454.9929,314524.7005,316979.6933,-0.37,262144000,380942.8293,-0.31,1573.656,244.61,0,21.98,165.04
IntelLabsChina__CAT-Q__llama2-7b,6476005376,0.4076,2.00,bitmap_B_resident,dram_45nm_horowitz,30.5,10317462605,1298956288,5177344,1.59318,2057.8181,314682.6095,316740.4276,-0.45,262144000,380703.5636,-0.37,1412.194,272.57,0,21.97,164.97
IntelLabsChina__CAT-Q__llama2-7b,6476005376,0.4076,2.00,bitmap_B_streamed,dram_45nm_horowitz,30.5,10317462605,1298956288,5177344,1.59318,2340.6435,314682.6095,317023.2530,-0.36,262144000,380986.3890,-0.30,1656.914,232.31,0,21.97,164.97
IntelLabsChina__CAT-Q__llama2-7b,6476005376,0.4076,2.00,five_trit,ddr3_peak,70,10369892352,1298956288,0,1.60128,1876.7124,725892.4646,727769.1771,+0.00,262144000,874569.8171,+0.00,1221.206,315.20,0,21.88,164.27
IntelLabsChina__CAT-Q__llama2-7b,6476005376,0.4076,2.00,bitmap_A,ddr3_peak,70,10312285261,1298956288,0,1.59238,2454.9929,721859.9683,724314.9612,-0.47,262144000,871115.6012,-0.39,1573.656,244.61,0,21.98,165.04
IntelLabsChina__CAT-Q__llama2-7b,6476005376,0.4076,2.00,bitmap_B_resident,ddr3_peak,70,10317462605,1298956288,5177344,1.59318,2057.8181,722222.3824,724280.2005,-0.48,262144000,871080.8405,-0.40,1412.194,272.57,0,21.97,164.97
IntelLabsChina__CAT-Q__llama2-7b,6476005376,0.4076,2.00,bitmap_B_streamed,ddr3_peak,70,10317462605,1298956288,5177344,1.59318,2340.6435,722222.3824,724563.0259,-0.44,262144000,871363.6659,-0.37,1656.914,232.31,0,21.97,164.97
IntelLabsChina__CAT-Q__llama2-7b,6476005376,0.4076,2.50,five_trit,sram_8kb_45nm,0.156,10369892352,1298956288,0,1.60128,1827.2945,1617.7032,3444.9977,+0.00,262144000,3772.1534,+0.00,1200.192,256.58,0,21.88,164.27
IntelLabsChina__CAT-Q__llama2-7b,6476005376,0.4076,2.50,bitmap_A,sram_8kb_45nm,0.156,10312285261,1298956288,0,1.59238,2460.5442,1608.7165,4069.2607,+18.12,262144000,4396.4164,+16.55,1545.726,199.22,0,21.98,165.04
IntelLabsChina__CAT-Q__llama2-7b,6476005376,0.4076,2.50,bitmap_B_resident,sram_8kb_45nm,0.156,10317462605,1298956288,5177344,1.59318,2035.8664,1609.5242,3645.3906,+5.82,262144000,3972.5463,+5.31,1386.658,222.07,0,21.97,164.97
IntelLabsChina__CAT-Q__llama2-7b,6476005376,0.4076,2.50,bitmap_B_streamed,sram_8kb_45nm,0.156,10317462605,1298956288,5177344,1.59318,2321.6556,1609.5242,3931.1798,+14.11,262144000,4258.3355,+12.89,1631.378,188.76,0,21.97,164.97
IntelLabsChina__CAT-Q__llama2-7b,6476005376,0.4076,2.50,five_trit,sram_32kb_45nm,0.313,10369892352,1298956288,0,1.60128,1827.2945,3245.7763,5073.0708,+0.00,262144000,5729.4794,+0.00,1200.192,256.58,0,21.88,164.27
IntelLabsChina__CAT-Q__llama2-7b,6476005376,0.4076,2.50,bitmap_A,sram_32kb_45nm,0.313,10312285261,1298956288,0,1.59238,2460.5442,3227.7453,5688.2894,+12.13,262144000,6344.6980,+10.74,1545.726,199.22,0,21.98,165.04
IntelLabsChina__CAT-Q__llama2-7b,6476005376,0.4076,2.50,bitmap_B_resident,sram_32kb_45nm,0.313,10317462605,1298956288,5177344,1.59318,2035.8664,3229.3658,5265.2322,+3.79,262144000,5921.6408,+3.35,1386.658,222.07,0,21.97,164.97
IntelLabsChina__CAT-Q__llama2-7b,6476005376,0.4076,2.50,bitmap_B_streamed,sram_32kb_45nm,0.313,10317462605,1298956288,5177344,1.59318,2321.6556,3229.3658,5551.0214,+9.42,262144000,6207.4300,+8.34,1631.378,188.76,0,21.97,164.97
IntelLabsChina__CAT-Q__llama2-7b,6476005376,0.4076,2.50,five_trit,sram_1mb_45nm,1.563,10369892352,1298956288,0,1.60128,1827.2945,16208.1417,18035.4362,+0.00,262144000,21313.2848,+0.00,1200.192,256.58,0,21.88,164.27
IntelLabsChina__CAT-Q__llama2-7b,6476005376,0.4076,2.50,bitmap_A,sram_1mb_45nm,1.563,10312285261,1298956288,0,1.59238,2460.5442,16118.1019,18578.6460,+3.01,262144000,21856.4946,+2.55,1545.726,199.22,0,21.98,165.04
IntelLabsChina__CAT-Q__llama2-7b,6476005376,0.4076,2.50,bitmap_B_resident,sram_1mb_45nm,1.563,10317462605,1298956288,5177344,1.59318,2035.8664,16126.1941,18162.0604,+0.70,262144000,21439.9090,+0.59,1386.658,222.07,0,21.97,164.97
IntelLabsChina__CAT-Q__llama2-7b,6476005376,0.4076,2.50,bitmap_B_streamed,sram_1mb_45nm,1.563,10317462605,1298956288,5177344,1.59318,2321.6556,16126.1941,18447.8497,+2.29,262144000,21725.6983,+1.94,1631.378,188.76,0,21.97,164.97
IntelLabsChina__CAT-Q__llama2-7b,6476005376,0.4076,2.50,five_trit,sram_1mb_45nm_cacti,1.058,10369892352,1298956288,0,1.60128,1827.2945,10971.3461,12798.6406,+0.00,262144000,15017.4274,+0.00,1200.192,256.58,0,21.88,164.27
IntelLabsChina__CAT-Q__llama2-7b,6476005376,0.4076,2.50,bitmap_A,sram_1mb_45nm_cacti,1.058,10312285261,1298956288,0,1.59238,2460.5442,10910.3978,13370.9420,+4.47,262144000,15589.7288,+3.81,1545.726,199.22,0,21.98,165.04
IntelLabsChina__CAT-Q__llama2-7b,6476005376,0.4076,2.50,bitmap_B_resident,sram_1mb_45nm_cacti,1.058,10317462605,1298956288,5177344,1.59318,2035.8664,10915.8754,12951.7418,+1.20,262144000,15170.5286,+1.02,1386.658,222.07,0,21.97,164.97
IntelLabsChina__CAT-Q__llama2-7b,6476005376,0.4076,2.50,bitmap_B_streamed,sram_1mb_45nm_cacti,1.058,10317462605,1298956288,5177344,1.59318,2321.6556,10915.8754,13237.5311,+3.43,262144000,15456.3179,+2.92,1631.378,188.76,0,21.97,164.97
IntelLabsChina__CAT-Q__llama2-7b,6476005376,0.4076,2.50,five_trit,sram_32kb_7nm,0.133,10369892352,1298956288,0,1.60128,1827.2945,1379.1957,3206.4902,+0.00,262144000,3485.4114,+0.00,1200.192,256.58,0,21.88,164.27
IntelLabsChina__CAT-Q__llama2-7b,6476005376,0.4076,2.50,bitmap_A,sram_32kb_7nm,0.133,10312285261,1298956288,0,1.59238,2460.5442,1371.5339,3832.0781,+19.51,262144000,4110.9993,+17.95,1545.726,199.22,0,21.98,165.04
IntelLabsChina__CAT-Q__llama2-7b,6476005376,0.4076,2.50,bitmap_B_resident,sram_32kb_7nm,0.133,10317462605,1298956288,5177344,1.59318,2035.8664,1372.2225,3408.0889,+6.29,262144000,3687.0101,+5.78,1386.658,222.07,0,21.97,164.97
IntelLabsChina__CAT-Q__llama2-7b,6476005376,0.4076,2.50,bitmap_B_streamed,sram_32kb_7nm,0.133,10317462605,1298956288,5177344,1.59318,2321.6556,1372.2225,3693.8782,+15.20,262144000,3972.7994,+13.98,1631.378,188.76,0,21.97,164.97
IntelLabsChina__CAT-Q__llama2-7b,6476005376,0.4076,2.50,five_trit,sram_1mb_7nm,0.219,10369892352,1298956288,0,1.60128,1827.2945,2271.0064,4098.3009,+0.00,262144000,4557.5772,+0.00,1200.192,256.58,0,21.88,164.27
IntelLabsChina__CAT-Q__llama2-7b,6476005376,0.4076,2.50,bitmap_A,sram_1mb_7nm,0.219,10312285261,1298956288,0,1.59238,2460.5442,2258.3905,4718.9346,+15.14,262144000,5178.2109,+13.62,1545.726,199.22,0,21.98,165.04
IntelLabsChina__CAT-Q__llama2-7b,6476005376,0.4076,2.50,bitmap_B_resident,sram_1mb_7nm,0.219,10317462605,1298956288,5177344,1.59318,2035.8664,2259.5243,4295.3907,+4.81,262144000,4754.6670,+4.32,1386.658,222.07,0,21.97,164.97
IntelLabsChina__CAT-Q__llama2-7b,6476005376,0.4076,2.50,bitmap_B_streamed,sram_1mb_7nm,0.219,10317462605,1298956288,5177344,1.59318,2321.6556,2259.5243,4581.1799,+11.78,262144000,5040.4562,+10.60,1631.378,188.76,0,21.97,164.97
IntelLabsChina__CAT-Q__llama2-7b,6476005376,0.4076,2.50,five_trit,hbm2,3.97,10369892352,1298956288,0,1.60128,1827.2945,41168.4726,42995.7671,+0.00,262144000,51321.4606,+0.00,1200.192,256.58,0,21.88,164.27
IntelLabsChina__CAT-Q__llama2-7b,6476005376,0.4076,2.50,bitmap_A,hbm2,3.97,10312285261,1298956288,0,1.59238,2460.5442,40939.7725,43400.3166,+0.94,262144000,51726.0101,+0.79,1545.726,199.22,0,21.98,165.04
IntelLabsChina__CAT-Q__llama2-7b,6476005376,0.4076,2.50,bitmap_B_resident,hbm2,3.97,10317462605,1298956288,5177344,1.59318,2035.8664,40960.3265,42996.1929,+0.00,262144000,51321.8864,+0.00,1386.658,222.07,0,21.97,164.97
IntelLabsChina__CAT-Q__llama2-7b,6476005376,0.4076,2.50,bitmap_B_streamed,hbm2,3.97,10317462605,1298956288,5177344,1.59318,2321.6556,40960.3265,43281.9822,+0.67,262144000,51607.6756,+0.56,1631.378,188.76,0,21.97,164.97
IntelLabsChina__CAT-Q__llama2-7b,6476005376,0.4076,2.50,five_trit,hbm2_streamed,3.59,10369892352,1298956288,0,1.60128,1827.2945,37227.9135,39055.2080,+0.00,262144000,46583.9837,+0.00,1200.192,256.58,0,21.88,164.27
IntelLabsChina__CAT-Q__llama2-7b,6476005376,0.4076,2.50,bitmap_A,hbm2_streamed,3.59,10312285261,1298956288,0,1.59238,2460.5442,37021.1041,39481.6482,+1.09,262144000,47010.4239,+0.92,1545.726,199.22,0,21.98,165.04
IntelLabsChina__CAT-Q__llama2-7b,6476005376,0.4076,2.50,bitmap_B_resident,hbm2_streamed,3.59,10317462605,1298956288,5177344,1.59318,2035.8664,37039.6908,39075.5571,+0.05,262144000,46604.3328,+0.04,1386.658,222.07,0,21.97,164.97
IntelLabsChina__CAT-Q__llama2-7b,6476005376,0.4076,2.50,bitmap_B_streamed,hbm2_streamed,3.59,10317462605,1298956288,5177344,1.59318,2321.6556,37039.6908,39361.3464,+0.78,262144000,46890.1221,+0.66,1631.378,188.76,0,21.97,164.97
IntelLabsChina__CAT-Q__llama2-7b,6476005376,0.4076,2.50,five_trit,lpddr4_package,12,10369892352,1298956288,0,1.60128,1827.2945,124438.7082,126266.0027,+0.00,262144000,151431.8267,+0.00,1200.192,256.58,0,21.88,164.27
IntelLabsChina__CAT-Q__llama2-7b,6476005376,0.4076,2.50,bitmap_A,lpddr4_package,12,10312285261,1298956288,0,1.59238,2460.5442,123747.4231,126207.9673,-0.05,262144000,151373.7913,-0.04,1545.726,199.22,0,21.98,165.04
IntelLabsChina__CAT-Q__llama2-7b,6476005376,0.4076,2.50,bitmap_B_resident,lpddr4_package,12,10317462605,1298956288,5177344,1.59318,2035.8664,123809.5513,125845.4177,-0.33,262144000,151011.2417,-0.28,1386.658,222.07,0,21.97,164.97
IntelLabsChina__CAT-Q__llama2-7b,6476005376,0.4076,2.50,bitmap_B_streamed,lpddr4_package,12,10317462605,1298956288,5177344,1.59318,2321.6556,123809.5513,126131.2069,-0.11,262144000,151297.0309,-0.09,1631.378,188.76,0,21.97,164.97
IntelLabsChina__CAT-Q__llama2-7b,6476005376,0.4076,2.50,five_trit,gddr5,14.0,10369892352,1298956288,0,1.60128,1827.2945,145178.4929,147005.7874,+0.00,262144000,176365.9154,+0.00,1200.192,256.58,0,21.88,164.27
IntelLabsChina__CAT-Q__llama2-7b,6476005376,0.4076,2.50,bitmap_A,gddr5,14.0,10312285261,1298956288,0,1.59238,2460.5442,144371.9937,146832.5378,-0.12,262144000,176192.6658,-0.10,1545.726,199.22,0,21.98,165.04
IntelLabsChina__CAT-Q__llama2-7b,6476005376,0.4076,2.50,bitmap_B_resident,gddr5,14.0,10317462605,1298956288,5177344,1.59318,2035.8664,144444.4765,146480.3429,-0.36,262144000,175840.4709,-0.30,1386.658,222.07,0,21.97,164.97
IntelLabsChina__CAT-Q__llama2-7b,6476005376,0.4076,2.50,bitmap_B_streamed,gddr5,14.0,10317462605,1298956288,5177344,1.59318,2321.6556,144444.4765,146766.1321,-0.16,262144000,176126.2601,-0.14,1631.378,188.76,0,21.97,164.97
IntelLabsChina__CAT-Q__llama2-7b,6476005376,0.4076,2.50,five_trit,dram_45nm_horowitz,30.5,10369892352,1298956288,0,1.60128,1827.2945,316281.7167,318109.0112,+0.00,262144000,382072.1472,+0.00,1200.192,256.58,0,21.88,164.27
IntelLabsChina__CAT-Q__llama2-7b,6476005376,0.4076,2.50,bitmap_A,dram_45nm_horowitz,30.5,10312285261,1298956288,0,1.59238,2460.5442,314524.7005,316985.2446,-0.35,262144000,380948.3806,-0.29,1545.726,199.22,0,21.98,165.04
IntelLabsChina__CAT-Q__llama2-7b,6476005376,0.4076,2.50,bitmap_B_resident,dram_45nm_horowitz,30.5,10317462605,1298956288,5177344,1.59318,2035.8664,314682.6095,316718.4758,-0.44,262144000,380681.6118,-0.36,1386.658,222.07,0,21.97,164.97
IntelLabsChina__CAT-Q__llama2-7b,6476005376,0.4076,2.50,bitmap_B_streamed,dram_45nm_horowitz,30.5,10317462605,1298956288,5177344,1.59318,2321.6556,314682.6095,317004.2651,-0.35,262144000,380967.4011,-0.29,1631.378,188.76,0,21.97,164.97
IntelLabsChina__CAT-Q__llama2-7b,6476005376,0.4076,2.50,five_trit,ddr3_peak,70,10369892352,1298956288,0,1.60128,1827.2945,725892.4646,727719.7591,+0.00,262144000,874520.3991,+0.00,1200.192,256.58,0,21.88,164.27
IntelLabsChina__CAT-Q__llama2-7b,6476005376,0.4076,2.50,bitmap_A,ddr3_peak,70,10312285261,1298956288,0,1.59238,2460.5442,721859.9683,724320.5124,-0.47,262144000,871121.1524,-0.39,1545.726,199.22,0,21.98,165.04
IntelLabsChina__CAT-Q__llama2-7b,6476005376,0.4076,2.50,bitmap_B_resident,ddr3_peak,70,10317462605,1298956288,5177344,1.59318,2035.8664,722222.3824,724258.2487,-0.48,262144000,871058.8887,-0.40,1386.658,222.07,0,21.97,164.97
IntelLabsChina__CAT-Q__llama2-7b,6476005376,0.4076,2.50,bitmap_B_streamed,ddr3_peak,70,10317462605,1298956288,5177344,1.59318,2321.6556,722222.3824,724544.0380,-0.44,262144000,871344.6780,-0.36,1631.378,188.76,0,21.97,164.97
IntelLabsChina__CAT-Q__qwen3-1.7b,1409286144,0.5148,1.60,five_trit,sram_8kb_45nm,0.156,2256601088,283222016,0,1.60124,461.1110,352.0298,813.1407,+0.00,622329856,1589.8084,+0.00,1373.358,1606.83,0,37.70,283.06
IntelLabsChina__CAT-Q__qwen3-1.7b,1409286144,0.5148,1.60,bitmap_A,sram_8kb_45nm,0.156,2093120454,283222016,0,1.48523,567.7308,326.5268,894.2576,+9.98,622329856,1670.9253,+5.10,1624.994,1358.00,0,38.58,289.60
IntelLabsChina__CAT-Q__qwen3-1.7b,1409286144,0.5148,1.60,bitmap_B_resident,sram_8kb_45nm,0.156,2094209990,283222016,1089536,1.48601,467.1604,326.6968,793.8571,-2.37,622329856,1570.5248,-1.21,1448.636,1523.33,0,38.57,289.56
IntelLabsChina__CAT-Q__qwen3-1.7b,1409286144,0.5148,1.60,bitmap_B_streamed,sram_8kb_45nm,0.156,2094209990,283222016,1089536,1.48601,527.3133,326.6968,854.0100,+5.03,622329856,1630.6777,+2.57,1693.356,1303.18,0,38.57,289.56
IntelLabsChina__CAT-Q__qwen3-1.7b,1409286144,0.5148,1.60,five_trit,sram_32kb_45nm,0.313,2256601088,283222016,0,1.60124,461.1110,706.3161,1167.4271,+0.00,622329856,2725.7411,+0.00,1373.358,1606.83,0,37.70,283.06
IntelLabsChina__CAT-Q__qwen3-1.7b,1409286144,0.5148,1.60,bitmap_A,sram_32kb_45nm,0.313,2093120454,283222016,0,1.48523,567.7308,655.1467,1222.8775,+4.75,622329856,2781.1915,+2.03,1624.994,1358.00,0,38.58,289.60
IntelLabsChina__CAT-Q__qwen3-1.7b,1409286144,0.5148,1.60,bitmap_B_resident,sram_32kb_45nm,0.313,2094209990,283222016,1089536,1.48601,467.1604,655.4877,1122.6481,-3.84,622329856,2680.9621,-1.64,1448.636,1523.33,0,38.57,289.56
IntelLabsChina__CAT-Q__qwen3-1.7b,1409286144,0.5148,1.60,bitmap_B_streamed,sram_32kb_45nm,0.313,2094209990,283222016,1089536,1.48601,527.3133,655.4877,1182.8010,+1.32,622329856,2741.1150,+0.56,1693.356,1303.18,0,38.57,289.56
IntelLabsChina__CAT-Q__qwen3-1.7b,1409286144,0.5148,1.60,five_trit,sram_1mb_45nm,1.563,2256601088,283222016,0,1.60124,461.1110,3527.0675,3988.1785,+0.00,622329856,11769.7910,+0.00,1373.358,1606.83,0,37.70,283.06
IntelLabsChina__CAT-Q__qwen3-1.7b,1409286144,0.5148,1.60,bitmap_A,sram_1mb_45nm,1.563,2093120454,283222016,0,1.48523,567.7308,3271.5473,3839.2781,-3.73,622329856,11620.8906,-1.27,1624.994,1358.00,0,38.58,289.60
IntelLabsChina__CAT-Q__qwen3-1.7b,1409286144,0.5148,1.60,bitmap_B_resident,sram_1mb_45nm,1.563,2094209990,283222016,1089536,1.48601,467.1604,3273.2502,3740.4106,-6.21,622329856,11522.0231,-2.11,1448.636,1523.33,0,38.57,289.56
IntelLabsChina__CAT-Q__qwen3-1.7b,1409286144,0.5148,1.60,bitmap_B_streamed,sram_1mb_45nm,1.563,2094209990,283222016,1089536,1.48601,527.3133,3273.2502,3800.5635,-4.70,622329856,11582.1760,-1.59,1693.356,1303.18,0,38.57,289.56
IntelLabsChina__CAT-Q__qwen3-1.7b,1409286144,0.5148,1.60,five_trit,sram_1mb_45nm_cacti,1.058,2256601088,283222016,0,1.60124,461.1110,2387.4840,2848.5949,+0.00,622329856,8115.9948,+0.00,1373.358,1606.83,0,37.70,283.06
IntelLabsChina__CAT-Q__qwen3-1.7b,1409286144,0.5148,1.60,bitmap_A,sram_1mb_45nm_cacti,1.058,2093120454,283222016,0,1.48523,567.7308,2214.5214,2782.2523,-2.33,622329856,8049.6522,-0.82,1624.994,1358.00,0,38.58,289.60
IntelLabsChina__CAT-Q__qwen3-1.7b,1409286144,0.5148,1.60,bitmap_B_resident,sram_1mb_45nm_cacti,1.058,2094209990,283222016,1089536,1.48601,467.1604,2215.6742,2682.8346,-5.82,622329856,7950.2345,-2.04,1448.636,1523.33,0,38.57,289.56
IntelLabsChina__CAT-Q__qwen3-1.7b,1409286144,0.5148,1.60,bitmap_B_streamed,sram_1mb_45nm_cacti,1.058,2094209990,283222016,1089536,1.48601,527.3133,2215.6742,2742.9875,-3.71,622329856,8010.3874,-1.30,1693.356,1303.18,0,38.57,289.56
IntelLabsChina__CAT-Q__qwen3-1.7b,1409286144,0.5148,1.60,five_trit,sram_32kb_7nm,0.133,2256601088,283222016,0,1.60124,461.1110,300.1279,761.2389,+0.00,622329856,1423.3979,+0.00,1373.358,1606.83,0,37.70,283.06
IntelLabsChina__CAT-Q__qwen3-1.7b,1409286144,0.5148,1.60,bitmap_A,sram_32kb_7nm,0.133,2093120454,283222016,0,1.48523,567.7308,278.3850,846.1159,+11.15,622329856,1508.2748,+5.96,1624.994,1358.00,0,38.58,289.60
IntelLabsChina__CAT-Q__qwen3-1.7b,1409286144,0.5148,1.60,bitmap_B_resident,sram_32kb_7nm,0.133,2094209990,283222016,1089536,1.48601,467.1604,278.5299,745.6903,-2.04,622329856,1407.8493,-1.09,1448.636,1523.33,0,38.57,289.56
IntelLabsChina__CAT-Q__qwen3-1.7b,1409286144,0.5148,1.60,bitmap_B_streamed,sram_32kb_7nm,0.133,2094209990,283222016,1089536,1.48601,527.3133,278.5299,805.8432,+5.86,622329856,1468.0022,+3.13,1693.356,1303.18,0,38.57,289.56
IntelLabsChina__CAT-Q__qwen3-1.7b,1409286144,0.5148,1.60,five_trit,sram_1mb_7nm,0.219,2256601088,283222016,0,1.60124,461.1110,494.1956,955.3066,+0.00,622329856,2045.6285,+0.00,1373.358,1606.83,0,37.70,283.06
IntelLabsChina__CAT-Q__qwen3-1.7b,1409286144,0.5148,1.60,bitmap_A,sram_1mb_7nm,0.219,2093120454,283222016,0,1.48523,567.7308,458.3934,1026.1242,+7.41,622329856,2116.4461,+3.46,1624.994,1358.00,0,38.58,289.60
IntelLabsChina__CAT-Q__qwen3-1.7b,1409286144,0.5148,1.60,bitmap_B_resident,sram_1mb_7nm,0.219,2094209990,283222016,1089536,1.48601,467.1604,458.6320,925.7924,-3.09,622329856,2016.1143,-1.44,1448.636,1523.33,0,38.57,289.56
IntelLabsChina__CAT-Q__qwen3-1.7b,1409286144,0.5148,1.60,bitmap_B_streamed,sram_1mb_7nm,0.219,2094209990,283222016,1089536,1.48601,527.3133,458.6320,985.9453,+3.21,622329856,2076.2672,+1.50,1693.356,1303.18,0,38.57,289.56
IntelLabsChina__CAT-Q__qwen3-1.7b,1409286144,0.5148,1.60,five_trit,hbm2,3.97,2256601088,283222016,0,1.60124,461.1110,8958.7063,9419.8173,+0.00,622329856,29185.0135,+0.00,1373.358,1606.83,0,37.70,283.06
IntelLabsChina__CAT-Q__qwen3-1.7b,1409286144,0.5148,1.60,bitmap_A,hbm2,3.97,2093120454,283222016,0,1.48523,567.7308,8309.6882,8877.4190,-5.76,622329856,28642.6153,-1.86,1624.994,1358.00,0,38.58,289.60
IntelLabsChina__CAT-Q__qwen3-1.7b,1409286144,0.5148,1.60,bitmap_B_resident,hbm2,3.97,2094209990,283222016,1089536,1.48601,467.1604,8314.0137,8781.1740,-6.78,622329856,28546.3703,-2.19,1448.636,1523.33,0,38.57,289.56
IntelLabsChina__CAT-Q__qwen3-1.7b,1409286144,0.5148,1.60,bitmap_B_streamed,hbm2,3.97,2094209990,283222016,1089536,1.48601,527.3133,8314.0137,8841.3270,-6.14,622329856,28606.5232,-1.98,1693.356,1303.18,0,38.57,289.56
IntelLabsChina__CAT-Q__qwen3-1.7b,1409286144,0.5148,1.60,five_trit,hbm2_streamed,3.59,2256601088,283222016,0,1.60124,461.1110,8101.1979,8562.3089,+0.00,622329856,26435.6223,+0.00,1373.358,1606.83,0,37.70,283.06
IntelLabsChina__CAT-Q__qwen3-1.7b,1409286144,0.5148,1.60,bitmap_A,hbm2_streamed,3.59,2093120454,283222016,0,1.48523,567.7308,7514.3024,8082.0333,-5.61,622329856,25955.3467,-1.82,1624.994,1358.00,0,38.58,289.60
IntelLabsChina__CAT-Q__qwen3-1.7b,1409286144,0.5148,1.60,bitmap_B_resident,hbm2_streamed,3.59,2094209990,283222016,1089536,1.48601,467.1604,7518.2139,7985.3743,-6.74,622329856,25858.6877,-2.18,1448.636,1523.33,0,38.57,289.56
IntelLabsChina__CAT-Q__qwen3-1.7b,1409286144,0.5148,1.60,bitmap_B_streamed,hbm2_streamed,3.59,2094209990,283222016,1089536,1.48601,527.3133,7518.2139,8045.5272,-6.04,622329856,25918.8406,-1.95,1693.356,1303.18,0,38.57,289.56
IntelLabsChina__CAT-Q__qwen3-1.7b,1409286144,0.5148,1.60,five_trit,lpddr4_package,12,2256601088,283222016,0,1.60124,461.1110,27079.2131,27540.3240,+0.00,622329856,87283.9902,+0.00,1373.358,1606.83,0,37.70,283.06
IntelLabsChina__CAT-Q__qwen3-1.7b,1409286144,0.5148,1.60,bitmap_A,lpddr4_package,12,2093120454,283222016,0,1.48523,567.7308,25117.4454,25685.1763,-6.74,622329856,85428.8425,-2.13,1624.994,1358.00,0,38.58,289.60
IntelLabsChina__CAT-Q__qwen3-1.7b,1409286144,0.5148,1.60,bitmap_B_resident,lpddr4_package,12,2094209990,283222016,1089536,1.48601,467.1604,25130.5199,25597.6803,-7.05,622329856,85341.3464,-2.23,1448.636,1523.33,0,38.57,289.56
IntelLabsChina__CAT-Q__qwen3-1.7b,1409286144,0.5148,1.60,bitmap_B_streamed,lpddr4_package,12,2094209990,283222016,1089536,1.48601,527.3133,25130.5199,25657.8332,-6.84,622329856,85401.4993,-2.16,1693.356,1303.18,0,38.57,289.56
IntelLabsChina__CAT-Q__qwen3-1.7b,1409286144,0.5148,1.60,five_trit,gddr5,14.0,2256601088,283222016,0,1.60124,461.1110,31592.4152,32053.5262,+0.00,622329856,101754.4701,+0.00,1373.358,1606.83,0,37.70,283.06
IntelLabsChina__CAT-Q__qwen3-1.7b,1409286144,0.5148,1.60,bitmap_A,gddr5,14.0,2093120454,283222016,0,1.48523,567.7308,29303.6864,29871.4172,-6.81,622329856,99572.3611,-2.14,1624.994,1358.00,0,38.58,289.60
IntelLabsChina__CAT-Q__qwen3-1.7b,1409286144,0.5148,1.60,bitmap_B_resident,gddr5,14.0,2094209990,283222016,1089536,1.48601,467.1604,29318.9399,29786.1002,-7.07,622329856,99487.0441,-2.23,1448.636,1523.33,0,38.57,289.56
IntelLabsChina__CAT-Q__qwen3-1.7b,1409286144,0.5148,1.60,bitmap_B_streamed,gddr5,14.0,2094209990,283222016,1089536,1.48601,527.3133,29318.9399,29846.2532,-6.89,622329856,99547.1970,-2.17,1693.356,1303.18,0,38.57,289.56
IntelLabsChina__CAT-Q__qwen3-1.7b,1409286144,0.5148,1.60,five_trit,dram_45nm_horowitz,30.5,2256601088,283222016,0,1.60124,461.1110,68826.3332,69287.4441,+0.00,622329856,221135.9290,+0.00,1373.358,1606.83,0,37.70,283.06
IntelLabsChina__CAT-Q__qwen3-1.7b,1409286144,0.5148,1.60,bitmap_A,dram_45nm_horowitz,30.5,2093120454,283222016,0,1.48523,567.7308,63840.1738,64407.9047,-7.04,622329856,216256.3895,-2.21,1624.994,1358.00,0,38.58,289.60
IntelLabsChina__CAT-Q__qwen3-1.7b,1409286144,0.5148,1.60,bitmap_B_resident,dram_45nm_horowitz,30.5,2094209990,283222016,1089536,1.48601,467.1604,63873.4047,64340.5651,-7.14,622329856,216189.0499,-2.24,1448.636,1523.33,0,38.57,289.56
IntelLabsChina__CAT-Q__qwen3-1.7b,1409286144,0.5148,1.60,bitmap_B_streamed,dram_45nm_horowitz,30.5,2094209990,283222016,1089536,1.48601,527.3133,63873.4047,64400.7180,-7.05,622329856,216249.2028,-2.21,1693.356,1303.18,0,38.57,289.56
IntelLabsChina__CAT-Q__qwen3-1.7b,1409286144,0.5148,1.60,five_trit,ddr3_peak,70,2256601088,283222016,0,1.60124,461.1110,157962.0762,158423.1871,+0.00,622329856,506927.9065,+0.00,1373.358,1606.83,0,37.70,283.06
IntelLabsChina__CAT-Q__qwen3-1.7b,1409286144,0.5148,1.60,bitmap_A,ddr3_peak,70,2093120454,283222016,0,1.48523,567.7308,146518.4318,147086.1626,-7.16,622329856,495590.8820,-2.24,1624.994,1358.00,0,38.58,289.60
IntelLabsChina__CAT-Q__qwen3-1.7b,1409286144,0.5148,1.60,bitmap_B_resident,ddr3_peak,70,2094209990,283222016,1089536,1.48601,467.1604,146594.6993,147061.8597,-7.17,622329856,495566.5790,-2.24,1448.636,1523.33,0,38.57,289.56
IntelLabsChina__CAT-Q__qwen3-1.7b,1409286144,0.5148,1.60,bitmap_B_streamed,ddr3_peak,70,2094209990,283222016,1089536,1.48601,527.3133,146594.6993,147122.0126,-7.13,622329856,495626.7320,-2.23,1693.356,1303.18,0,38.57,289.56
IntelLabsChina__CAT-Q__qwen3-1.7b,1409286144,0.5148,2.00,five_trit,sram_8kb_45nm,0.156,2256601088,283222016,0,1.60124,392.6810,352.0298,744.7108,+0.00,622329856,1521.3784,+0.00,1221.206,1445.62,0,37.70,283.06
IntelLabsChina__CAT-Q__qwen3-1.7b,1409286144,0.5148,2.00,bitmap_A,sram_8kb_45nm,0.156,2093120454,283222016,0,1.48523,521.7518,326.5268,848.2785,+13.91,622329856,1624.9462,+6.81,1573.656,1121.85,0,38.58,289.60
IntelLabsChina__CAT-Q__qwen3-1.7b,1409286144,0.5148,2.00,bitmap_B_resident,sram_8kb_45nm,0.156,2094209990,283222016,1089536,1.48601,434.9958,326.6968,761.6926,+2.28,622329856,1538.3603,+1.12,1412.194,1250.11,0,38.57,289.56
IntelLabsChina__CAT-Q__qwen3-1.7b,1409286144,0.5148,2.00,bitmap_B_streamed,sram_8kb_45nm,0.156,2094209990,283222016,1089536,1.48601,495.6624,326.6968,822.3592,+10.43,622329856,1599.0268,+5.10,1656.914,1065.47,0,38.57,289.56
IntelLabsChina__CAT-Q__qwen3-1.7b,1409286144,0.5148,2.00,five_trit,sram_32kb_45nm,0.313,2256601088,283222016,0,1.60124,392.6810,706.3161,1098.9971,+0.00,622329856,2657.3111,+0.00,1221.206,1445.62,0,37.70,283.06
IntelLabsChina__CAT-Q__qwen3-1.7b,1409286144,0.5148,2.00,bitmap_A,sram_32kb_45nm,0.313,2093120454,283222016,0,1.48523,521.7518,655.1467,1176.8985,+7.09,622329856,2735.2124,+2.93,1573.656,1121.85,0,38.58,289.60
IntelLabsChina__CAT-Q__qwen3-1.7b,1409286144,0.5148,2.00,bitmap_B_resident,sram_32kb_45nm,0.313,2094209990,283222016,1089536,1.48601,434.9958,655.4877,1090.4836,-0.77,622329856,2648.7975,-0.32,1412.194,1250.11,0,38.57,289.56
IntelLabsChina__CAT-Q__qwen3-1.7b,1409286144,0.5148,2.00,bitmap_B_streamed,sram_32kb_45nm,0.313,2094209990,283222016,1089536,1.48601,495.6624,655.4877,1151.1501,+4.75,622329856,2709.4641,+1.96,1656.914,1065.47,0,38.57,289.56
IntelLabsChina__CAT-Q__qwen3-1.7b,1409286144,0.5148,2.00,five_trit,sram_1mb_45nm,1.563,2256601088,283222016,0,1.60124,392.6810,3527.0675,3919.7485,+0.00,622329856,11701.3610,+0.00,1221.206,1445.62,0,37.70,283.06
IntelLabsChina__CAT-Q__qwen3-1.7b,1409286144,0.5148,2.00,bitmap_A,sram_1mb_45nm,1.563,2093120454,283222016,0,1.48523,521.7518,3271.5473,3793.2990,-3.23,622329856,11574.9115,-1.08,1573.656,1121.85,0,38.58,289.60
IntelLabsChina__CAT-Q__qwen3-1.7b,1409286144,0.5148,2.00,bitmap_B_resident,sram_1mb_45nm,1.563,2094209990,283222016,1089536,1.48601,434.9958,3273.2502,3708.2461,-5.40,622329856,11489.8586,-1.81,1412.194,1250.11,0,38.57,289.56
IntelLabsChina__CAT-Q__qwen3-1.7b,1409286144,0.5148,2.00,bitmap_B_streamed,sram_1mb_45nm,1.563,2094209990,283222016,1089536,1.48601,495.6624,3273.2502,3768.9126,-3.85,622329856,11550.5252,-1.29,1656.914,1065.47,0,38.57,289.56
IntelLabsChina__CAT-Q__qwen3-1.7b,1409286144,0.5148,2.00,five_trit,sram_1mb_45nm_cacti,1.058,2256601088,283222016,0,1.60124,392.6810,2387.4840,2780.1650,+0.00,622329856,8047.5649,+0.00,1221.206,1445.62,0,37.70,283.06
IntelLabsChina__CAT-Q__qwen3-1.7b,1409286144,0.5148,2.00,bitmap_A,sram_1mb_45nm_cacti,1.058,2093120454,283222016,0,1.48523,521.7518,2214.5214,2736.2732,-1.58,622329856,8003.6731,-0.55,1573.656,1121.85,0,38.58,289.60
IntelLabsChina__CAT-Q__qwen3-1.7b,1409286144,0.5148,2.00,bitmap_B_resident,sram_1mb_45nm_cacti,1.058,2094209990,283222016,1089536,1.48601,434.9958,2215.6742,2650.6700,-4.66,622329856,7918.0699,-1.61,1412.194,1250.11,0,38.57,289.56
IntelLabsChina__CAT-Q__qwen3-1.7b,1409286144,0.5148,2.00,bitmap_B_streamed,sram_1mb_45nm_cacti,1.058,2094209990,283222016,1089536,1.48601,495.6624,2215.6742,2711.3366,-2.48,622329856,7978.7365,-0.86,1656.914,1065.47,0,38.57,289.56
IntelLabsChina__CAT-Q__qwen3-1.7b,1409286144,0.5148,2.00,five_trit,sram_32kb_7nm,0.133,2256601088,283222016,0,1.60124,392.6810,300.1279,692.8089,+0.00,622329856,1354.9679,+0.00,1221.206,1445.62,0,37.70,283.06
IntelLabsChina__CAT-Q__qwen3-1.7b,1409286144,0.5148,2.00,bitmap_A,sram_32kb_7nm,0.133,2093120454,283222016,0,1.48523,521.7518,278.3850,800.1368,+15.49,622329856,1462.2957,+7.92,1573.656,1121.85,0,38.58,289.60
IntelLabsChina__CAT-Q__qwen3-1.7b,1409286144,0.5148,2.00,bitmap_B_resident,sram_32kb_7nm,0.133,2094209990,283222016,1089536,1.48601,434.9958,278.5299,713.5258,+2.99,622329856,1375.6847,+1.53,1412.194,1250.11,0,38.57,289.56
IntelLabsChina__CAT-Q__qwen3-1.7b,1409286144,0.5148,2.00,bitmap_B_streamed,sram_32kb_7nm,0.133,2094209990,283222016,1089536,1.48601,495.6624,278.5299,774.1924,+11.75,622329856,1436.3513,+6.01,1656.914,1065.47,0,38.57,289.56
IntelLabsChina__CAT-Q__qwen3-1.7b,1409286144,0.5148,2.00,five_trit,sram_1mb_7nm,0.219,2256601088,283222016,0,1.60124,392.6810,494.1956,886.8766,+0.00,622329856,1977.1985,+0.00,1221.206,1445.62,0,37.70,283.06
IntelLabsChina__CAT-Q__qwen3-1.7b,1409286144,0.5148,2.00,bitmap_A,sram_1mb_7nm,0.219,2093120454,283222016,0,1.48523,521.7518,458.3934,980.1451,+10.52,622329856,2070.4670,+4.72,1573.656,1121.85,0,38.58,289.60
IntelLabsChina__CAT-Q__qwen3-1.7b,1409286144,0.5148,2.00,bitmap_B_resident,sram_1mb_7nm,0.219,2094209990,283222016,1089536,1.48601,434.9958,458.6320,893.6278,+0.76,622329856,1983.9497,+0.34,1412.194,1250.11,0,38.57,289.56
IntelLabsChina__CAT-Q__qwen3-1.7b,1409286144,0.5148,2.00,bitmap_B_streamed,sram_1mb_7nm,0.219,2094209990,283222016,1089536,1.48601,495.6624,458.6320,954.2944,+7.60,622329856,2044.6163,+3.41,1656.914,1065.47,0,38.57,289.56
IntelLabsChina__CAT-Q__qwen3-1.7b,1409286144,0.5148,2.00,five_trit,hbm2,3.97,2256601088,283222016,0,1.60124,392.6810,8958.7063,9351.3873,+0.00,622329856,29116.5835,+0.00,1221.206,1445.62,0,37.70,283.06
IntelLabsChina__CAT-Q__qwen3-1.7b,1409286144,0.5148,2.00,bitmap_A,hbm2,3.97,2093120454,283222016,0,1.48523,521.7518,8309.6882,8831.4400,-5.56,622329856,28596.6362,-1.79,1573.656,1121.85,0,38.58,289.60
IntelLabsChina__CAT-Q__qwen3-1.7b,1409286144,0.5148,2.00,bitmap_B_resident,hbm2,3.97,2094209990,283222016,1089536,1.48601,434.9958,8314.0137,8749.0095,-6.44,622329856,28514.2057,-2.07,1412.194,1250.11,0,38.57,289.56
IntelLabsChina__CAT-Q__qwen3-1.7b,1409286144,0.5148,2.00,bitmap_B_streamed,hbm2,3.97,2094209990,283222016,1089536,1.48601,495.6624,8314.0137,8809.6761,-5.79,622329856,28574.8723,-1.86,1656.914,1065.47,0,38.57,289.56
IntelLabsChina__CAT-Q__qwen3-1.7b,1409286144,0.5148,2.00,five_trit,hbm2_streamed,3.59,2256601088,283222016,0,1.60124,392.6810,8101.1979,8493.8789,+0.00,622329856,26367.1924,+0.00,1221.206,1445.62,0,37.70,283.06
IntelLabsChina__CAT-Q__qwen3-1.7b,1409286144,0.5148,2.00,bitmap_A,hbm2_streamed,3.59,2093120454,283222016,0,1.48523,521.7518,7514.3024,8036.0542,-5.39,622329856,25909.3676,-1.74,1573.656,1121.85,0,38.58,289.60
IntelLabsChina__CAT-Q__qwen3-1.7b,1409286144,0.5148,2.00,bitmap_B_resident,hbm2_streamed,3.59,2094209990,283222016,1089536,1.48601,434.9958,7518.2139,7953.2097,-6.37,622329856,25826.5232,-2.05,1412.194,1250.11,0,38.57,289.56
IntelLabsChina__CAT-Q__qwen3-1.7b,1409286144,0.5148,2.00,bitmap_B_streamed,hbm2_streamed,3.59,2094209990,283222016,1089536,1.48601,495.6624,7518.2139,8013.8763,-5.65,622329856,25887.1898,-1.82,1656.914,1065.47,0,38.57,289.56
IntelLabsChina__CAT-Q__qwen3-1.7b,1409286144,0.5148,2.00,five_trit,lpddr4_package,12,2256601088,283222016,0,1.60124,392.6810,27079.2131,27471.8941,+0.00,622329856,87215.5602,+0.00,1221.206,1445.62,0,37.70,283.06
IntelLabsChina__CAT-Q__qwen3-1.7b,1409286144,0.5148,2.00,bitmap_A,lpddr4_package,12,2093120454,283222016,0,1.48523,521.7518,25117.4454,25639.1972,-6.67,622329856,85382.8634,-2.10,1573.656,1121.85,0,38.58,289.60
IntelLabsChina__CAT-Q__qwen3-1.7b,1409286144,0.5148,2.00,bitmap_B_resident,lpddr4_package,12,2094209990,283222016,1089536,1.48601,434.9958,25130.5199,25565.5157,-6.94,622329856,85309.1819,-2.19,1412.194,1250.11,0,38.57,289.56
IntelLabsChina__CAT-Q__qwen3-1.7b,1409286144,0.5148,2.00,bitmap_B_streamed,lpddr4_package,12,2094209990,283222016,1089536,1.48601,495.6624,25130.5199,25626.1823,-6.72,622329856,85369.8485,-2.12,1656.914,1065.47,0,38.57,289.56
IntelLabsChina__CAT-Q__qwen3-1.7b,1409286144,0.5148,2.00,five_trit,gddr5,14.0,2256601088,283222016,0,1.60124,392.6810,31592.4152,31985.0962,+0.00,622329856,101686.0401,+0.00,1221.206,1445.62,0,37.70,283.06
IntelLabsChina__CAT-Q__qwen3-1.7b,1409286144,0.5148,2.00,bitmap_A,gddr5,14.0,2093120454,283222016,0,1.48523,521.7518,29303.6864,29825.4381,-6.75,622329856,99526.3820,-2.12,1573.656,1121.85,0,38.58,289.60
IntelLabsChina__CAT-Q__qwen3-1.7b,1409286144,0.5148,2.00,bitmap_B_resident,gddr5,14.0,2094209990,283222016,1089536,1.48601,434.9958,29318.9399,29753.9357,-6.98,622329856,99454.8796,-2.19,1412.194,1250.11,0,38.57,289.56
IntelLabsChina__CAT-Q__qwen3-1.7b,1409286144,0.5148,2.00,bitmap_B_streamed,gddr5,14.0,2094209990,283222016,1089536,1.48601,495.6624,29318.9399,29814.6023,-6.79,622329856,99515.5462,-2.13,1656.914,1065.47,0,38.57,289.56
IntelLabsChina__CAT-Q__qwen3-1.7b,1409286144,0.5148,2.00,five_trit,dram_45nm_horowitz,30.5,2256601088,283222016,0,1.60124,392.6810,68826.3332,69219.0142,+0.00,622329856,221067.4990,+0.00,1221.206,1445.62,0,37.70,283.06
IntelLabsChina__CAT-Q__qwen3-1.7b,1409286144,0.5148,2.00,bitmap_A,dram_45nm_horowitz,30.5,2093120454,283222016,0,1.48523,521.7518,63840.1738,64361.9256,-7.02,622329856,216210.4105,-2.20,1573.656,1121.85,0,38.58,289.60
IntelLabsChina__CAT-Q__qwen3-1.7b,1409286144,0.5148,2.00,bitmap_B_resident,dram_45nm_horowitz,30.5,2094209990,283222016,1089536,1.48601,434.9958,63873.4047,64308.4005,-7.09,622329856,216156.8854,-2.22,1412.194,1250.11,0,38.57,289.56
IntelLabsChina__CAT-Q__qwen3-1.7b,1409286144,0.5148,2.00,bitmap_B_streamed,dram_45nm_horowitz,30.5,2094209990,283222016,1089536,1.48601,495.6624,63873.4047,64369.0671,-7.01,622329856,216217.5520,-2.19,1656.914,1065.47,0,38.57,289.56
IntelLabsChina__CAT-Q__qwen3-1.7b,1409286144,0.5148,2.00,five_trit,ddr3_peak,70,2256601088,283222016,0,1.60124,392.6810,157962.0762,158354.7572,+0.00,622329856,506859.4765,+0.00,1221.206,1445.62,0,37.70,283.06
IntelLabsChina__CAT-Q__qwen3-1.7b,1409286144,0.5148,2.00,bitmap_A,ddr3_peak,70,2093120454,283222016,0,1.48523,521.7518,146518.4318,147040.1835,-7.15,622329856,495544.9029,-2.23,1573.656,1121.85,0,38.58,289.60
IntelLabsChina__CAT-Q__qwen3-1.7b,1409286144,0.5148,2.00,bitmap_B_resident,ddr3_peak,70,2094209990,283222016,1089536,1.48601,434.9958,146594.6993,147029.6951,-7.15,622329856,495534.4145,-2.23,1412.194,1250.11,0,38.57,289.56
IntelLabsChina__CAT-Q__qwen3-1.7b,1409286144,0.5148,2.00,bitmap_B_streamed,ddr3_peak,70,2094209990,283222016,1089536,1.48601,495.6624,146594.6993,147090.3617,-7.11,622329856,495595.0811,-2.22,1656.914,1065.47,0,38.57,289.56
IntelLabsChina__CAT-Q__qwen3-1.7b,1409286144,0.5148,2.50,five_trit,sram_8kb_45nm,0.156,2256601088,283222016,0,1.60124,382.8987,352.0298,734.9285,+0.00,622329856,1511.5961,+0.00,1200.192,1176.74,0,37.70,283.06
IntelLabsChina__CAT-Q__qwen3-1.7b,1409286144,0.5148,2.50,bitmap_A,sram_8kb_45nm,0.156,2093120454,283222016,0,1.48523,522.9157,326.5268,849.4425,+15.58,622329856,1626.1102,+7.58,1545.726,913.69,0,38.58,289.60
IntelLabsChina__CAT-Q__qwen3-1.7b,1409286144,0.5148,2.50,bitmap_B_resident,sram_8kb_45nm,0.156,2094209990,283222016,1089536,1.48601,429.7751,326.6968,756.4718,+2.93,622329856,1533.1395,+1.43,1386.658,1018.51,0,38.57,289.56
IntelLabsChina__CAT-Q__qwen3-1.7b,1409286144,0.5148,2.50,bitmap_B_streamed,sram_8kb_45nm,0.156,2094209990,283222016,1089536,1.48601,491.0836,326.6968,817.7804,+11.27,622329856,1594.4481,+5.48,1631.378,865.72,0,38.57,289.56
IntelLabsChina__CAT-Q__qwen3-1.7b,1409286144,0.5148,2.50,five_trit,sram_32kb_45nm,0.313,2256601088,283222016,0,1.60124,382.8987,706.3161,1089.2148,+0.00,622329856,2647.5288,+0.00,1200.192,1176.74,0,37.70,283.06
IntelLabsChina__CAT-Q__qwen3-1.7b,1409286144,0.5148,2.50,bitmap_A,sram_32kb_45nm,0.313,2093120454,283222016,0,1.48523,522.9157,655.1467,1178.0624,+8.16,622329856,2736.3764,+3.36,1545.726,913.69,0,38.58,289.60
IntelLabsChina__CAT-Q__qwen3-1.7b,1409286144,0.5148,2.50,bitmap_B_resident,sram_32kb_45nm,0.313,2094209990,283222016,1089536,1.48601,429.7751,655.4877,1085.2628,-0.36,622329856,2643.5767,-0.15,1386.658,1018.51,0,38.57,289.56
IntelLabsChina__CAT-Q__qwen3-1.7b,1409286144,0.5148,2.50,bitmap_B_streamed,sram_32kb_45nm,0.313,2094209990,283222016,1089536,1.48601,491.0836,655.4877,1146.5714,+5.27,622329856,2704.8853,+2.17,1631.378,865.72,0,38.57,289.56
IntelLabsChina__CAT-Q__qwen3-1.7b,1409286144,0.5148,2.50,five_trit,sram_1mb_45nm,1.563,2256601088,283222016,0,1.60124,382.8987,3527.0675,3909.9662,+0.00,622329856,11691.5787,+0.00,1200.192,1176.74,0,37.70,283.06
IntelLabsChina__CAT-Q__qwen3-1.7b,1409286144,0.5148,2.50,bitmap_A,sram_1mb_45nm,1.563,2093120454,283222016,0,1.48523,522.9157,3271.5473,3794.4630,-2.95,622329856,11576.0755,-0.99,1545.726,913.69,0,38.58,289.60
IntelLabsChina__CAT-Q__qwen3-1.7b,1409286144,0.5148,2.50,bitmap_B_resident,sram_1mb_45nm,1.563,2094209990,283222016,1089536,1.48601,429.7751,3273.2502,3703.0253,-5.29,622329856,11484.6378,-1.77,1386.658,1018.51,0,38.57,289.56
IntelLabsChina__CAT-Q__qwen3-1.7b,1409286144,0.5148,2.50,bitmap_B_streamed,sram_1mb_45nm,1.563,2094209990,283222016,1089536,1.48601,491.0836,3273.2502,3764.3339,-3.72,622329856,11545.9464,-1.25,1631.378,865.72,0,38.57,289.56
IntelLabsChina__CAT-Q__qwen3-1.7b,1409286144,0.5148,2.50,five_trit,sram_1mb_45nm_cacti,1.058,2256601088,283222016,0,1.60124,382.8987,2387.4840,2770.3827,+0.00,622329856,8037.7826,+0.00,1200.192,1176.74,0,37.70,283.06
IntelLabsChina__CAT-Q__qwen3-1.7b,1409286144,0.5148,2.50,bitmap_A,sram_1mb_45nm_cacti,1.058,2093120454,283222016,0,1.48523,522.9157,2214.5214,2737.4372,-1.19,622329856,8004.8371,-0.41,1545.726,913.69,0,38.58,289.60
IntelLabsChina__CAT-Q__qwen3-1.7b,1409286144,0.5148,2.50,bitmap_B_resident,sram_1mb_45nm_cacti,1.058,2094209990,283222016,1089536,1.48601,429.7751,2215.6742,2645.4492,-4.51,622329856,7912.8491,-1.55,1386.658,1018.51,0,38.57,289.56
IntelLabsChina__CAT-Q__qwen3-1.7b,1409286144,0.5148,2.50,bitmap_B_streamed,sram_1mb_45nm_cacti,1.058,2094209990,283222016,1089536,1.48601,491.0836,2215.6742,2706.7578,-2.30,622329856,7974.1577,-0.79,1631.378,865.72,0,38.57,289.56
IntelLabsChina__CAT-Q__qwen3-1.7b,1409286144,0.5148,2.50,five_trit,sram_32kb_7nm,0.133,2256601088,283222016,0,1.60124,382.8987,300.1279,683.0266,+0.00,622329856,1345.1856,+0.00,1200.192,1176.74,0,37.70,283.06
IntelLabsChina__CAT-Q__qwen3-1.7b,1409286144,0.5148,2.50,bitmap_A,sram_32kb_7nm,0.133,2093120454,283222016,0,1.48523,522.9157,278.3850,801.3008,+17.32,622329856,1463.4597,+8.79,1545.726,913.69,0,38.58,289.60
IntelLabsChina__CAT-Q__qwen3-1.7b,1409286144,0.5148,2.50,bitmap_B_resident,sram_32kb_7nm,0.133,2094209990,283222016,1089536,1.48601,429.7751,278.5299,708.3050,+3.70,622329856,1370.4639,+1.88,1386.658,1018.51,0,38.57,289.56
IntelLabsChina__CAT-Q__qwen3-1.7b,1409286144,0.5148,2.50,bitmap_B_streamed,sram_32kb_7nm,0.133,2094209990,283222016,1089536,1.48601,491.0836,278.5299,769.6136,+12.68,622329856,1431.7725,+6.44,1631.378,865.72,0,38.57,289.56
IntelLabsChina__CAT-Q__qwen3-1.7b,1409286144,0.5148,2.50,five_trit,sram_1mb_7nm,0.219,2256601088,283222016,0,1.60124,382.8987,494.1956,877.0943,+0.00,622329856,1967.4162,+0.00,1200.192,1176.74,0,37.70,283.06
IntelLabsChina__CAT-Q__qwen3-1.7b,1409286144,0.5148,2.50,bitmap_A,sram_1mb_7nm,0.219,2093120454,283222016,0,1.48523,522.9157,458.3934,981.3091,+11.88,622329856,2071.6310,+5.30,1545.726,913.69,0,38.58,289.60
IntelLabsChina__CAT-Q__qwen3-1.7b,1409286144,0.5148,2.50,bitmap_B_resident,sram_1mb_7nm,0.219,2094209990,283222016,1089536,1.48601,429.7751,458.6320,888.4070,+1.29,622329856,1978.7289,+0.58,1386.658,1018.51,0,38.57,289.56
IntelLabsChina__CAT-Q__qwen3-1.7b,1409286144,0.5148,2.50,bitmap_B_streamed,sram_1mb_7nm,0.219,2094209990,283222016,1089536,1.48601,491.0836,458.6320,949.7156,+8.28,622329856,2040.0375,+3.69,1631.378,865.72,0,38.57,289.56
IntelLabsChina__CAT-Q__qwen3-1.7b,1409286144,0.5148,2.50,five_trit,hbm2,3.97,2256601088,283222016,0,1.60124,382.8987,8958.7063,9341.6050,+0.00,622329856,29106.8012,+0.00,1200.192,1176.74,0,37.70,283.06
IntelLabsChina__CAT-Q__qwen3-1.7b,1409286144,0.5148,2.50,bitmap_A,hbm2,3.97,2093120454,283222016,0,1.48523,522.9157,8309.6882,8832.6039,-5.45,622329856,28597.8002,-1.75,1545.726,913.69,0,38.58,289.60
IntelLabsChina__CAT-Q__qwen3-1.7b,1409286144,0.5148,2.50,bitmap_B_resident,hbm2,3.97,2094209990,283222016,1089536,1.48601,429.7751,8314.0137,8743.7887,-6.40,622329856,28508.9849,-2.05,1386.658,1018.51,0,38.57,289.56
IntelLabsChina__CAT-Q__qwen3-1.7b,1409286144,0.5148,2.50,bitmap_B_streamed,hbm2,3.97,2094209990,283222016,1089536,1.48601,491.0836,8314.0137,8805.0973,-5.74,622329856,28570.2935,-1.84,1631.378,865.72,0,38.57,289.56
IntelLabsChina__CAT-Q__qwen3-1.7b,1409286144,0.5148,2.50,five_trit,hbm2_streamed,3.59,2256601088,283222016,0,1.60124,382.8987,8101.1979,8484.0966,+0.00,622329856,26357.4101,+0.00,1200.192,1176.74,0,37.70,283.06
IntelLabsChina__CAT-Q__qwen3-1.7b,1409286144,0.5148,2.50,bitmap_A,hbm2_streamed,3.59,2093120454,283222016,0,1.48523,522.9157,7514.3024,8037.2182,-5.27,622329856,25910.5316,-1.70,1545.726,913.69,0,38.58,289.60
IntelLabsChina__CAT-Q__qwen3-1.7b,1409286144,0.5148,2.50,bitmap_B_resident,hbm2_streamed,3.59,2094209990,283222016,1089536,1.48601,429.7751,7518.2139,7947.9889,-6.32,622329856,25821.3024,-2.03,1386.658,1018.51,0,38.57,289.56
IntelLabsChina__CAT-Q__qwen3-1.7b,1409286144,0.5148,2.50,bitmap_B_streamed,hbm2_streamed,3.59,2094209990,283222016,1089536,1.48601,491.0836,7518.2139,8009.2975,-5.60,622329856,25882.6110,-1.80,1631.378,865.72,0,38.57,289.56
IntelLabsChina__CAT-Q__qwen3-1.7b,1409286144,0.5148,2.50,five_trit,lpddr4_package,12,2256601088,283222016,0,1.60124,382.8987,27079.2131,27462.1118,+0.00,622329856,87205.7779,+0.00,1200.192,1176.74,0,37.70,283.06
IntelLabsChina__CAT-Q__qwen3-1.7b,1409286144,0.5148,2.50,bitmap_A,lpddr4_package,12,2093120454,283222016,0,1.48523,522.9157,25117.4454,25640.3612,-6.63,622329856,85384.0274,-2.09,1545.726,913.69,0,38.58,289.60
IntelLabsChina__CAT-Q__qwen3-1.7b,1409286144,0.5148,2.50,bitmap_B_resident,lpddr4_package,12,2094209990,283222016,1089536,1.48601,429.7751,25130.5199,25560.2949,-6.93,622329856,85303.9611,-2.18,1386.658,1018.51,0,38.57,289.56
IntelLabsChina__CAT-Q__qwen3-1.7b,1409286144,0.5148,2.50,bitmap_B_streamed,lpddr4_package,12,2094209990,283222016,1089536,1.48601,491.0836,25130.5199,25621.6035,-6.70,622329856,85365.2697,-2.11,1631.378,865.72,0,38.57,289.56
IntelLabsChina__CAT-Q__qwen3-1.7b,1409286144,0.5148,2.50,five_trit,gddr5,14.0,2256601088,283222016,0,1.60124,382.8987,31592.4152,31975.3139,+0.00,622329856,101676.2578,+0.00,1200.192,1176.74,0,37.70,283.06
IntelLabsChina__CAT-Q__qwen3-1.7b,1409286144,0.5148,2.50,bitmap_A,gddr5,14.0,2093120454,283222016,0,1.48523,522.9157,29303.6864,29826.6021,-6.72,622329856,99527.5460,-2.11,1545.726,913.69,0,38.58,289.60
IntelLabsChina__CAT-Q__qwen3-1.7b,1409286144,0.5148,2.50,bitmap_B_resident,gddr5,14.0,2094209990,283222016,1089536,1.48601,429.7751,29318.9399,29748.7149,-6.96,622329856,99449.6588,-2.19,1386.658,1018.51,0,38.57,289.56
IntelLabsChina__CAT-Q__qwen3-1.7b,1409286144,0.5148,2.50,bitmap_B_streamed,gddr5,14.0,2094209990,283222016,1089536,1.48601,491.0836,29318.9399,29810.0235,-6.77,622329856,99510.9674,-2.13,1631.378,865.72,0,38.57,289.56
IntelLabsChina__CAT-Q__qwen3-1.7b,1409286144,0.5148,2.50,five_trit,dram_45nm_horowitz,30.5,2256601088,283222016,0,1.60124,382.8987,68826.3332,69209.2319,+0.00,622329856,221057.7167,+0.00,1200.192,1176.74,0,37.70,283.06
IntelLabsChina__CAT-Q__qwen3-1.7b,1409286144,0.5148,2.50,bitmap_A,dram_45nm_horowitz,30.5,2093120454,283222016,0,1.48523,522.9157,63840.1738,64363.0896,-7.00,622329856,216211.5745,-2.19,1545.726,913.69,0,38.58,289.60
IntelLabsChina__CAT-Q__qwen3-1.7b,1409286144,0.5148,2.50,bitmap_B_resident,dram_45nm_horowitz,30.5,2094209990,283222016,1089536,1.48601,429.7751,63873.4047,64303.1797,-7.09,622329856,216151.6646,-2.22,1386.658,1018.51,0,38.57,289.56
IntelLabsChina__CAT-Q__qwen3-1.7b,1409286144,0.5148,2.50,bitmap_B_streamed,dram_45nm_horowitz,30.5,2094209990,283222016,1089536,1.48601,491.0836,63873.4047,64364.4883,-7.00,622329856,216212.9732,-2.19,1631.378,865.72,0,38.57,289.56
IntelLabsChina__CAT-Q__qwen3-1.7b,1409286144,0.5148,2.50,five_trit,ddr3_peak,70,2256601088,283222016,0,1.60124,382.8987,157962.0762,158344.9749,+0.00,622329856,506849.6942,+0.00,1200.192,1176.74,0,37.70,283.06
IntelLabsChina__CAT-Q__qwen3-1.7b,1409286144,0.5148,2.50,bitmap_A,ddr3_peak,70,2093120454,283222016,0,1.48523,522.9157,146518.4318,147041.3475,-7.14,622329856,495546.0669,-2.23,1545.726,913.69,0,38.58,289.60
IntelLabsChina__CAT-Q__qwen3-1.7b,1409286144,0.5148,2.50,bitmap_B_resident,ddr3_peak,70,2094209990,283222016,1089536,1.48601,429.7751,146594.6993,147024.4744,-7.15,622329856,495529.1937,-2.23,1386.658,1018.51,0,38.57,289.56
IntelLabsChina__CAT-Q__qwen3-1.7b,1409286144,0.5148,2.50,bitmap_B_streamed,ddr3_peak,70,2094209990,283222016,1089536,1.48601,491.0836,146594.6993,147085.7829,-7.11,622329856,495590.5023,-2.22,1631.378,865.72,0,38.57,289.56
IntelLabsChina__CAT-Q__qwen3-4b,3633315840,0.4738,1.60,five_trit,sram_8kb_45nm,0.156,5814190080,728985600,0,1.60024,1211.0397,907.0137,2118.0533,+0.00,777912320,3088.8879,+0.00,1373.358,624.28,0,22.66,170.14
IntelLabsChina__CAT-Q__qwen3-4b,3633315840,0.4738,1.60,bitmap_A,sram_8kb_45nm,0.156,5545260762,728985600,0,1.52623,1479.3914,865.0607,2344.4521,+10.69,777912320,3315.2867,+7.33,1624.994,527.61,0,23.18,174.02
IntelLabsChina__CAT-Q__qwen3-4b,3633315840,0.4738,1.60,bitmap_B_resident,sram_8kb_45nm,0.156,5545813722,728985600,552960,1.52638,1219.9807,865.1469,2085.1277,-1.55,777912320,3055.9623,-1.07,1448.636,591.84,0,23.18,174.01
IntelLabsChina__CAT-Q__qwen3-4b,3633315840,0.4738,1.60,bitmap_B_streamed,sram_8kb_45nm,0.156,5545813722,728985600,552960,1.52638,1375.4368,865.1469,2240.5838,+5.79,777912320,3211.4183,+3.97,1693.356,506.31,0,23.18,174.01
IntelLabsChina__CAT-Q__qwen3-4b,3633315840,0.4738,1.60,five_trit,sram_32kb_45nm,0.313,5814190080,728985600,0,1.60024,1211.0397,1819.8415,3030.8812,+0.00,777912320,4978.7736,+0.00,1373.358,624.28,0,22.66,170.14
IntelLabsChina__CAT-Q__qwen3-4b,3633315840,0.4738,1.60,bitmap_A,sram_32kb_45nm,0.313,5545260762,728985600,0,1.52623,1479.3914,1735.6666,3215.0581,+6.08,777912320,5162.9505,+3.70,1624.994,527.61,0,23.18,174.02
IntelLabsChina__CAT-Q__qwen3-4b,3633315840,0.4738,1.60,bitmap_B_resident,sram_32kb_45nm,0.313,5545813722,728985600,552960,1.52638,1219.9807,1735.8397,2955.8204,-2.48,777912320,4903.7129,-1.51,1448.636,591.84,0,23.18,174.01
IntelLabsChina__CAT-Q__qwen3-4b,3633315840,0.4738,1.60,bitmap_B_streamed,sram_32kb_45nm,0.313,5545813722,728985600,552960,1.52638,1375.4368,1735.8397,3111.2765,+2.65,777912320,5059.1690,+1.61,1693.356,506.31,0,23.18,174.01
IntelLabsChina__CAT-Q__qwen3-4b,3633315840,0.4738,1.60,five_trit,sram_1mb_45nm,1.563,5814190080,728985600,0,1.60024,1211.0397,9087.5791,10298.6188,+0.00,777912320,20025.6344,+0.00,1373.358,624.28,0,22.66,170.14
IntelLabsChina__CAT-Q__qwen3-4b,3633315840,0.4738,1.60,bitmap_A,sram_1mb_45nm,1.563,5545260762,728985600,0,1.52623,1479.3914,8667.2426,10146.6340,-1.48,777912320,19873.6497,-0.76,1624.994,527.61,0,23.18,174.02
IntelLabsChina__CAT-Q__qwen3-4b,3633315840,0.4738,1.60,bitmap_B_resident,sram_1mb_45nm,1.563,5545813722,728985600,552960,1.52638,1219.9807,8668.1068,9888.0876,-3.99,777912320,19615.1032,-2.05,1448.636,591.84,0,23.18,174.01
IntelLabsChina__CAT-Q__qwen3-4b,3633315840,0.4738,1.60,bitmap_B_streamed,sram_1mb_45nm,1.563,5545813722,728985600,552960,1.52638,1375.4368,8668.1068,10043.5437,-2.48,777912320,19770.5593,-1.27,1693.356,506.31,0,23.18,174.01
IntelLabsChina__CAT-Q__qwen3-4b,3633315840,0.4738,1.60,five_trit,sram_1mb_45nm_cacti,1.058,5814190080,728985600,0,1.60024,1211.0397,6151.4131,7362.4528,+0.00,777912320,13946.7027,+0.00,1373.358,624.28,0,22.66,170.14
IntelLabsChina__CAT-Q__qwen3-4b,3633315840,0.4738,1.60,bitmap_A,sram_1mb_45nm_cacti,1.058,5545260762,728985600,0,1.52623,1479.3914,5866.8859,7346.2773,-0.22,777912320,13930.5272,-0.12,1624.994,527.61,0,23.18,174.02
IntelLabsChina__CAT-Q__qwen3-4b,3633315840,0.4738,1.60,bitmap_B_resident,sram_1mb_45nm_cacti,1.058,5545813722,728985600,552960,1.52638,1219.9807,5867.4709,7087.4517,-3.74,777912320,13671.7015,-1.97,1448.636,591.84,0,23.18,174.01
IntelLabsChina__CAT-Q__qwen3-4b,3633315840,0.4738,1.60,bitmap_B_streamed,sram_1mb_45nm_cacti,1.058,5545813722,728985600,552960,1.52638,1375.4368,5867.4709,7242.9077,-1.62,777912320,13827.1576,-0.86,1693.356,506.31,0,23.18,174.01
IntelLabsChina__CAT-Q__qwen3-4b,3633315840,0.4738,1.60,five_trit,sram_32kb_7nm,0.133,5814190080,728985600,0,1.60024,1211.0397,773.2873,1984.3270,+0.00,777912320,2812.0257,+0.00,1373.358,624.28,0,22.66,170.14
IntelLabsChina__CAT-Q__qwen3-4b,3633315840,0.4738,1.60,bitmap_A,sram_32kb_7nm,0.133,5545260762,728985600,0,1.52623,1479.3914,737.5197,2216.9111,+11.72,777912320,3044.6098,+8.27,1624.994,527.61,0,23.18,174.02
IntelLabsChina__CAT-Q__qwen3-4b,3633315840,0.4738,1.60,bitmap_B_resident,sram_32kb_7nm,0.133,5545813722,728985600,552960,1.52638,1219.9807,737.5932,1957.5740,-1.35,777912320,2785.2727,-0.95,1448.636,591.84,0,23.18,174.01
IntelLabsChina__CAT-Q__qwen3-4b,3633315840,0.4738,1.60,bitmap_B_streamed,sram_32kb_7nm,0.133,5545813722,728985600,552960,1.52638,1375.4368,737.5932,2113.0300,+6.49,777912320,2940.7288,+4.58,1693.356,506.31,0,23.18,174.01
IntelLabsChina__CAT-Q__qwen3-4b,3633315840,0.4738,1.60,five_trit,sram_1mb_7nm,0.219,5814190080,728985600,0,1.60024,1211.0397,1273.3076,2484.3473,+0.00,777912320,3847.2497,+0.00,1373.358,624.28,0,22.66,170.14
IntelLabsChina__CAT-Q__qwen3-4b,3633315840,0.4738,1.60,bitmap_A,sram_1mb_7nm,0.219,5545260762,728985600,0,1.52623,1479.3914,1214.4121,2693.8036,+8.43,777912320,4056.7059,+5.44,1624.994,527.61,0,23.18,174.02
IntelLabsChina__CAT-Q__qwen3-4b,3633315840,0.4738,1.60,bitmap_B_resident,sram_1mb_7nm,0.219,5545813722,728985600,552960,1.52638,1219.9807,1214.5332,2434.5139,-2.01,777912320,3797.4163,-1.30,1448.636,591.84,0,23.18,174.01
IntelLabsChina__CAT-Q__qwen3-4b,3633315840,0.4738,1.60,bitmap_B_streamed,sram_1mb_7nm,0.219,5545813722,728985600,552960,1.52638,1375.4368,1214.5332,2589.9700,+4.25,777912320,3952.8724,+2.75,1693.356,506.31,0,23.18,174.01
IntelLabsChina__CAT-Q__qwen3-4b,3633315840,0.4738,1.60,five_trit,hbm2,3.97,5814190080,728985600,0,1.60024,1211.0397,23082.3346,24293.3743,+0.00,777912320,48999.8696,+0.00,1373.358,624.28,0,22.66,170.14
IntelLabsChina__CAT-Q__qwen3-4b,3633315840,0.4738,1.60,bitmap_A,hbm2,3.97,5545260762,728985600,0,1.52623,1479.3914,22014.6852,23494.0767,-3.29,777912320,48200.5720,-1.63,1624.994,527.61,0,23.18,174.02
IntelLabsChina__CAT-Q__qwen3-4b,3633315840,0.4738,1.60,bitmap_B_resident,hbm2,3.97,5545813722,728985600,552960,1.52638,1219.9807,22016.8805,23236.8612,-4.35,777912320,47943.3565,-2.16,1448.636,591.84,0,23.18,174.01
IntelLabsChina__CAT-Q__qwen3-4b,3633315840,0.4738,1.60,bitmap_B_streamed,hbm2,3.97,5545813722,728985600,552960,1.52638,1375.4368,22016.8805,23392.3173,-3.71,777912320,48098.8126,-1.84,1693.356,506.31,0,23.18,174.01
IntelLabsChina__CAT-Q__qwen3-4b,3633315840,0.4738,1.60,five_trit,hbm2_streamed,3.59,5814190080,728985600,0,1.60024,1211.0397,20872.9424,22083.9821,+0.00,777912320,44425.6239,+0.00,1373.358,624.28,0,22.66,170.14
IntelLabsChina__CAT-Q__qwen3-4b,3633315840,0.4738,1.60,bitmap_A,hbm2_streamed,3.59,5545260762,728985600,0,1.52623,1479.3914,19907.4861,21386.8776,-3.16,777912320,43728.5194,-1.57,1624.994,527.61,0,23.18,174.02
IntelLabsChina__CAT-Q__qwen3-4b,3633315840,0.4738,1.60,bitmap_B_resident,hbm2_streamed,3.59,5545813722,728985600,552960,1.52638,1219.9807,19909.4713,21129.4520,-4.32,777912320,43471.0938,-2.15,1448.636,591.84,0,23.18,174.01
IntelLabsChina__CAT-Q__qwen3-4b,3633315840,0.4738,1.60,bitmap_B_streamed,hbm2_streamed,3.59,5545813722,728985600,552960,1.52638,1375.4368,19909.4713,21284.9081,-3.62,777912320,43626.5499,-1.80,1693.356,506.31,0,23.18,174.01
IntelLabsChina__CAT-Q__qwen3-4b,3633315840,0.4738,1.60,five_trit,lpddr4_package,12,5814190080,728985600,0,1.60024,1211.0397,69770.2810,70981.3206,+0.00,777912320,145660.9034,+0.00,1373.358,624.28,0,22.66,170.14
IntelLabsChina__CAT-Q__qwen3-4b,3633315840,0.4738,1.60,bitmap_A,lpddr4_package,12,5545260762,728985600,0,1.52623,1479.3914,66543.1291,68022.5206,-4.17,777912320,142702.1033,-2.03,1624.994,527.61,0,23.18,174.02
IntelLabsChina__CAT-Q__qwen3-4b,3633315840,0.4738,1.60,bitmap_B_resident,lpddr4_package,12,5545813722,728985600,552960,1.52638,1219.9807,66549.7647,67769.7454,-4.52,777912320,142449.3281,-2.20,1448.636,591.84,0,23.18,174.01
IntelLabsChina__CAT-Q__qwen3-4b,3633315840,0.4738,1.60,bitmap_B_streamed,lpddr4_package,12,5545813722,728985600,552960,1.52638,1375.4368,66549.7647,67925.2015,-4.31,777912320,142604.7842,-2.10,1693.356,506.31,0,23.18,174.01
IntelLabsChina__CAT-Q__qwen3-4b,3633315840,0.4738,1.60,five_trit,gddr5,14.0,5814190080,728985600,0,1.60024,1211.0397,81398.6611,82609.7008,+0.00,777912320,169735.8806,+0.00,1373.358,624.28,0,22.66,170.14
IntelLabsChina__CAT-Q__qwen3-4b,3633315840,0.4738,1.60,bitmap_A,gddr5,14.0,5545260762,728985600,0,1.52623,1479.3914,77633.6507,79113.0421,-4.23,777912320,166239.2220,-2.06,1624.994,527.61,0,23.18,174.02
IntelLabsChina__CAT-Q__qwen3-4b,3633315840,0.4738,1.60,bitmap_B_resident,gddr5,14.0,5545813722,728985600,552960,1.52638,1219.9807,77641.3921,78861.3728,-4.54,777912320,165987.5527,-2.21,1448.636,591.84,0,23.18,174.01
IntelLabsChina__CAT-Q__qwen3-4b,3633315840,0.4738,1.60,bitmap_B_streamed,gddr5,14.0,5545813722,728985600,552960,1.52638,1375.4368,77641.3921,79016.8289,-4.35,777912320,166143.0088,-2.12,1693.356,506.31,0,23.18,174.01
IntelLabsChina__CAT-Q__qwen3-4b,3633315840,0.4738,1.60,five_trit,dram_45nm_horowitz,30.5,5814190080,728985600,0,1.60024,1211.0397,177332.7974,178543.8371,+0.00,777912320,368354.4432,+0.00,1373.358,624.28,0,22.66,170.14
IntelLabsChina__CAT-Q__qwen3-4b,3633315840,0.4738,1.60,bitmap_A,dram_45nm_horowitz,30.5,5545260762,728985600,0,1.52623,1479.3914,169130.4532,170609.8447,-4.44,777912320,360420.4508,-2.15,1624.994,527.61,0,23.18,174.02
IntelLabsChina__CAT-Q__qwen3-4b,3633315840,0.4738,1.60,bitmap_B_resident,dram_45nm_horowitz,30.5,5545813722,728985600,552960,1.52638,1219.9807,169147.3185,170367.2993,-4.58,777912320,360177.9053,-2.22,1448.636,591.84,0,23.18,174.01
IntelLabsChina__CAT-Q__qwen3-4b,3633315840,0.4738,1.60,bitmap_B_streamed,dram_45nm_horowitz,30.5,5545813722,728985600,552960,1.52638,1375.4368,169147.3185,170522.7553,-4.49,777912320,360333.3614,-2.18,1693.356,506.31,0,23.18,174.01
IntelLabsChina__CAT-Q__qwen3-4b,3633315840,0.4738,1.60,five_trit,ddr3_peak,70,5814190080,728985600,0,1.60024,1211.0397,406993.3056,408204.3453,+0.00,777912320,843835.2445,+0.00,1373.358,624.28,0,22.66,170.14
IntelLabsChina__CAT-Q__qwen3-4b,3633315840,0.4738,1.60,bitmap_A,ddr3_peak,70,5545260762,728985600,0,1.52623,1479.3914,388168.2533,389647.6448,-4.55,777912320,825278.5440,-2.20,1624.994,527.61,0,23.18,174.02
IntelLabsChina__CAT-Q__qwen3-4b,3633315840,0.4738,1.60,bitmap_B_resident,ddr3_peak,70,5545813722,728985600,552960,1.52638,1219.9807,388206.9605,389426.9413,-4.60,777912320,825057.8405,-2.23,1448.636,591.84,0,23.18,174.01
IntelLabsChina__CAT-Q__qwen3-4b,3633315840,0.4738,1.60,bitmap_B_streamed,ddr3_peak,70,5545813722,728985600,552960,1.52638,1375.4368,388206.9605,389582.3974,-4.56,777912320,825213.2966,-2.21,1693.356,506.31,0,23.18,174.01
IntelLabsChina__CAT-Q__qwen3-4b,3633315840,0.4738,2.00,five_trit,sram_8kb_45nm,0.156,5814190080,728985600,0,1.60024,1028.6196,907.0137,1935.6333,+0.00,777912320,2906.4678,+0.00,1221.206,561.65,0,22.66,170.14
IntelLabsChina__CAT-Q__qwen3-4b,3633315840,0.4738,2.00,bitmap_A,sram_8kb_45nm,0.156,5545260762,728985600,0,1.52623,1358.2545,865.0607,2223.3151,+14.86,777912320,3194.1497,+9.90,1573.656,435.85,0,23.18,174.02
IntelLabsChina__CAT-Q__qwen3-4b,3633315840,0.4738,2.00,bitmap_B_resident,sram_8kb_45nm,0.156,5545813722,728985600,552960,1.52638,1134.8137,865.1469,1999.9606,+3.32,777912320,2970.7952,+2.21,1412.194,485.69,0,23.18,174.01
IntelLabsChina__CAT-Q__qwen3-4b,3633315840,0.4738,2.00,bitmap_B_streamed,sram_8kb_45nm,0.156,5545813722,728985600,552960,1.52638,1291.5953,865.1469,2156.7422,+11.42,777912320,3127.5768,+7.61,1656.914,413.95,0,23.18,174.01
IntelLabsChina__CAT-Q__qwen3-4b,3633315840,0.4738,2.00,five_trit,sram_32kb_45nm,0.313,5814190080,728985600,0,1.60024,1028.6196,1819.8415,2848.4611,+0.00,777912320,4796.3536,+0.00,1221.206,561.65,0,22.66,170.14
IntelLabsChina__CAT-Q__qwen3-4b,3633315840,0.4738,2.00,bitmap_A,sram_32kb_45nm,0.313,5545260762,728985600,0,1.52623,1358.2545,1735.6666,3093.9211,+8.62,777912320,5041.8135,+5.12,1573.656,435.85,0,23.18,174.02
IntelLabsChina__CAT-Q__qwen3-4b,3633315840,0.4738,2.00,bitmap_B_resident,sram_32kb_45nm,0.313,5545813722,728985600,552960,1.52638,1134.8137,1735.8397,2870.6534,+0.78,777912320,4818.5458,+0.46,1412.194,485.69,0,23.18,174.01
IntelLabsChina__CAT-Q__qwen3-4b,3633315840,0.4738,2.00,bitmap_B_streamed,sram_32kb_45nm,0.313,5545813722,728985600,552960,1.52638,1291.5953,1735.8397,3027.4350,+6.28,777912320,4975.3274,+3.73,1656.914,413.95,0,23.18,174.01
IntelLabsChina__CAT-Q__qwen3-4b,3633315840,0.4738,2.00,five_trit,sram_1mb_45nm,1.563,5814190080,728985600,0,1.60024,1028.6196,9087.5791,10116.1987,+0.00,777912320,19843.2144,+0.00,1221.206,561.65,0,22.66,170.14
IntelLabsChina__CAT-Q__qwen3-4b,3633315840,0.4738,2.00,bitmap_A,sram_1mb_45nm,1.563,5545260762,728985600,0,1.52623,1358.2545,8667.2426,10025.4970,-0.90,777912320,19752.5127,-0.46,1573.656,435.85,0,23.18,174.02
IntelLabsChina__CAT-Q__qwen3-4b,3633315840,0.4738,2.00,bitmap_B_resident,sram_1mb_45nm,1.563,5545813722,728985600,552960,1.52638,1134.8137,8668.1068,9802.9205,-3.10,777912320,19529.9362,-1.58,1412.194,485.69,0,23.18,174.01
IntelLabsChina__CAT-Q__qwen3-4b,3633315840,0.4738,2.00,bitmap_B_streamed,sram_1mb_45nm,1.563,5545813722,728985600,552960,1.52638,1291.5953,8668.1068,9959.7021,-1.55,777912320,19686.7178,-0.79,1656.914,413.95,0,23.18,174.01
IntelLabsChina__CAT-Q__qwen3-4b,3633315840,0.4738,2.00,five_trit,sram_1mb_45nm_cacti,1.058,5814190080,728985600,0,1.60024,1028.6196,6151.4131,7180.0327,+0.00,777912320,13764.2826,+0.00,1221.206,561.65,0,22.66,170.14
IntelLabsChina__CAT-Q__qwen3-4b,3633315840,0.4738,2.00,bitmap_A,sram_1mb_45nm_cacti,1.058,5545260762,728985600,0,1.52623,1358.2545,5866.8859,7225.1403,+0.63,777912320,13809.3902,+0.33,1573.656,435.85,0,23.18,174.02
IntelLabsChina__CAT-Q__qwen3-4b,3633315840,0.4738,2.00,bitmap_B_resident,sram_1mb_45nm_cacti,1.058,5545813722,728985600,552960,1.52638,1134.8137,5867.4709,7002.2846,-2.48,777912320,13586.5345,-1.29,1412.194,485.69,0,23.18,174.01
IntelLabsChina__CAT-Q__qwen3-4b,3633315840,0.4738,2.00,bitmap_B_streamed,sram_1mb_45nm_cacti,1.058,5545813722,728985600,552960,1.52638,1291.5953,5867.4709,7159.0662,-0.29,777912320,13743.3161,-0.15,1656.914,413.95,0,23.18,174.01
IntelLabsChina__CAT-Q__qwen3-4b,3633315840,0.4738,2.00,five_trit,sram_32kb_7nm,0.133,5814190080,728985600,0,1.60024,1028.6196,773.2873,1801.9069,+0.00,777912320,2629.6056,+0.00,1221.206,561.65,0,22.66,170.14
IntelLabsChina__CAT-Q__qwen3-4b,3633315840,0.4738,2.00,bitmap_A,sram_32kb_7nm,0.133,5545260762,728985600,0,1.52623,1358.2545,737.5197,2095.7741,+16.31,777912320,2923.4728,+11.18,1573.656,435.85,0,23.18,174.02
IntelLabsChina__CAT-Q__qwen3-4b,3633315840,0.4738,2.00,bitmap_B_resident,sram_32kb_7nm,0.133,5545813722,728985600,552960,1.52638,1134.8137,737.5932,1872.4069,+3.91,777912320,2700.1056,+2.68,1412.194,485.69,0,23.18,174.01
IntelLabsChina__CAT-Q__qwen3-4b,3633315840,0.4738,2.00,bitmap_B_streamed,sram_32kb_7nm,0.133,5545813722,728985600,552960,1.52638,1291.5953,737.5932,2029.1885,+12.61,777912320,2856.8872,+8.64,1656.914,413.95,0,23.18,174.01
IntelLabsChina__CAT-Q__qwen3-4b,3633315840,0.4738,2.00,five_trit,sram_1mb_7nm,0.219,5814190080,728985600,0,1.60024,1028.6196,1273.3076,2301.9272,+0.00,777912320,3664.8296,+0.00,1221.206,561.65,0,22.66,170.14
IntelLabsChina__CAT-Q__qwen3-4b,3633315840,0.4738,2.00,bitmap_A,sram_1mb_7nm,0.219,5545260762,728985600,0,1.52623,1358.2545,1214.4121,2572.6666,+11.76,777912320,3935.5689,+7.39,1573.656,435.85,0,23.18,174.02
IntelLabsChina__CAT-Q__qwen3-4b,3633315840,0.4738,2.00,bitmap_B_resident,sram_1mb_7nm,0.219,5545813722,728985600,552960,1.52638,1134.8137,1214.5332,2349.3469,+2.06,777912320,3712.2493,+1.29,1412.194,485.69,0,23.18,174.01
IntelLabsChina__CAT-Q__qwen3-4b,3633315840,0.4738,2.00,bitmap_B_streamed,sram_1mb_7nm,0.219,5545813722,728985600,552960,1.52638,1291.5953,1214.5332,2506.1285,+8.87,777912320,3869.0308,+5.57,1656.914,413.95,0,23.18,174.01
IntelLabsChina__CAT-Q__qwen3-4b,3633315840,0.4738,2.00,five_trit,hbm2,3.97,5814190080,728985600,0,1.60024,1028.6196,23082.3346,24110.9542,+0.00,777912320,48817.4495,+0.00,1221.206,561.65,0,22.66,170.14
IntelLabsChina__CAT-Q__qwen3-4b,3633315840,0.4738,2.00,bitmap_A,hbm2,3.97,5545260762,728985600,0,1.52623,1358.2545,22014.6852,23372.9397,-3.06,777912320,48079.4350,-1.51,1573.656,435.85,0,23.18,174.02
IntelLabsChina__CAT-Q__qwen3-4b,3633315840,0.4738,2.00,bitmap_B_resident,hbm2,3.97,5545813722,728985600,552960,1.52638,1134.8137,22016.8805,23151.6942,-3.98,777912320,47858.1895,-1.96,1412.194,485.69,0,23.18,174.01
IntelLabsChina__CAT-Q__qwen3-4b,3633315840,0.4738,2.00,bitmap_B_streamed,hbm2,3.97,5545813722,728985600,552960,1.52638,1291.5953,22016.8805,23308.4757,-3.33,777912320,48014.9710,-1.64,1656.914,413.95,0,23.18,174.01
IntelLabsChina__CAT-Q__qwen3-4b,3633315840,0.4738,2.00,five_trit,hbm2_streamed,3.59,5814190080,728985600,0,1.60024,1028.6196,20872.9424,21901.5620,+0.00,777912320,44243.2038,+0.00,1221.206,561.65,0,22.66,170.14
IntelLabsChina__CAT-Q__qwen3-4b,3633315840,0.4738,2.00,bitmap_A,hbm2_streamed,3.59,5545260762,728985600,0,1.52623,1358.2545,19907.4861,21265.7406,-2.90,777912320,43607.3824,-1.44,1573.656,435.85,0,23.18,174.02
IntelLabsChina__CAT-Q__qwen3-4b,3633315840,0.4738,2.00,bitmap_B_resident,hbm2_streamed,3.59,5545813722,728985600,552960,1.52638,1134.8137,19909.4713,21044.2850,-3.91,777912320,43385.9268,-1.94,1412.194,485.69,0,23.18,174.01
IntelLabsChina__CAT-Q__qwen3-4b,3633315840,0.4738,2.00,bitmap_B_streamed,hbm2_streamed,3.59,5545813722,728985600,552960,1.52638,1291.5953,19909.4713,21201.0665,-3.20,777912320,43542.7083,-1.58,1656.914,413.95,0,23.18,174.01
IntelLabsChina__CAT-Q__qwen3-4b,3633315840,0.4738,2.00,five_trit,lpddr4_package,12,5814190080,728985600,0,1.60024,1028.6196,69770.2810,70798.9006,+0.00,777912320,145478.4833,+0.00,1221.206,561.65,0,22.66,170.14
IntelLabsChina__CAT-Q__qwen3-4b,3633315840,0.4738,2.00,bitmap_A,lpddr4_package,12,5545260762,728985600,0,1.52623,1358.2545,66543.1291,67901.3836,-4.09,777912320,142580.9663,-1.99,1573.656,435.85,0,23.18,174.02
IntelLabsChina__CAT-Q__qwen3-4b,3633315840,0.4738,2.00,bitmap_B_resident,lpddr4_package,12,5545813722,728985600,552960,1.52638,1134.8137,66549.7647,67684.5784,-4.40,777912320,142364.1611,-2.14,1412.194,485.69,0,23.18,174.01
IntelLabsChina__CAT-Q__qwen3-4b,3633315840,0.4738,2.00,bitmap_B_streamed,lpddr4_package,12,5545813722,728985600,552960,1.52638,1291.5953,66549.7647,67841.3599,-4.18,777912320,142520.9426,-2.03,1656.914,413.95,0,23.18,174.01
IntelLabsChina__CAT-Q__qwen3-4b,3633315840,0.4738,2.00,five_trit,gddr5,14.0,5814190080,728985600,0,1.60024,1028.6196,81398.6611,82427.2807,+0.00,777912320,169553.4606,+0.00,1221.206,561.65,0,22.66,170.14
IntelLabsChina__CAT-Q__qwen3-4b,3633315840,0.4738,2.00,bitmap_A,gddr5,14.0,5545260762,728985600,0,1.52623,1358.2545,77633.6507,78991.9051,-4.17,777912320,166118.0850,-2.03,1573.656,435.85,0,23.18,174.02
IntelLabsChina__CAT-Q__qwen3-4b,3633315840,0.4738,2.00,bitmap_B_resident,gddr5,14.0,5545813722,728985600,552960,1.52638,1134.8137,77641.3921,78776.2058,-4.43,777912320,165902.3856,-2.15,1412.194,485.69,0,23.18,174.01
IntelLabsChina__CAT-Q__qwen3-4b,3633315840,0.4738,2.00,bitmap_B_streamed,gddr5,14.0,5545813722,728985600,552960,1.52638,1291.5953,77641.3921,78932.9874,-4.24,777912320,166059.1672,-2.06,1656.914,413.95,0,23.18,174.01
IntelLabsChina__CAT-Q__qwen3-4b,3633315840,0.4738,2.00,five_trit,dram_45nm_horowitz,30.5,5814190080,728985600,0,1.60024,1028.6196,177332.7974,178361.4171,+0.00,777912320,368172.0231,+0.00,1221.206,561.65,0,22.66,170.14
IntelLabsChina__CAT-Q__qwen3-4b,3633315840,0.4738,2.00,bitmap_A,dram_45nm_horowitz,30.5,5545260762,728985600,0,1.52623,1358.2545,169130.4532,170488.7077,-4.41,777912320,360299.3138,-2.14,1573.656,435.85,0,23.18,174.02
IntelLabsChina__CAT-Q__qwen3-4b,3633315840,0.4738,2.00,bitmap_B_resident,dram_45nm_horowitz,30.5,5545813722,728985600,552960,1.52638,1134.8137,169147.3185,170282.1322,-4.53,777912320,360092.7383,-2.19,1412.194,485.69,0,23.18,174.01
IntelLabsChina__CAT-Q__qwen3-4b,3633315840,0.4738,2.00,bitmap_B_streamed,dram_45nm_horowitz,30.5,5545813722,728985600,552960,1.52638,1291.5953,169147.3185,170438.9138,-4.44,777912320,360249.5199,-2.15,1656.914,413.95,0,23.18,174.01
IntelLabsChina__CAT-Q__qwen3-4b,3633315840,0.4738,2.00,five_trit,ddr3_peak,70,5814190080,728985600,0,1.60024,1028.6196,406993.3056,408021.9252,+0.00,777912320,843652.8244,+0.00,1221.206,561.65,0,22.66,170.14
IntelLabsChina__CAT-Q__qwen3-4b,3633315840,0.4738,2.00,bitmap_A,ddr3_peak,70,5545260762,728985600,0,1.52623,1358.2545,388168.2533,389526.5078,-4.53,777912320,825157.4070,-2.19,1573.656,435.85,0,23.18,174.02
IntelLabsChina__CAT-Q__qwen3-4b,3633315840,0.4738,2.00,bitmap_B_resident,ddr3_peak,70,5545813722,728985600,552960,1.52638,1134.8137,388206.9605,389341.7742,-4.58,777912320,824972.6734,-2.21,1412.194,485.69,0,23.18,174.01
IntelLabsChina__CAT-Q__qwen3-4b,3633315840,0.4738,2.00,bitmap_B_streamed,ddr3_peak,70,5545813722,728985600,552960,1.52638,1291.5953,388206.9605,389498.5558,-4.54,777912320,825129.4550,-2.20,1656.914,413.95,0,23.18,174.01
IntelLabsChina__CAT-Q__qwen3-4b,3633315840,0.4738,2.50,five_trit,sram_8kb_45nm,0.156,5814190080,728985600,0,1.60024,1002.3533,907.0137,1909.3669,+0.00,777912320,2880.2015,+0.00,1200.192,457.18,0,22.66,170.14
IntelLabsChina__CAT-Q__qwen3-4b,3633315840,0.4738,2.50,bitmap_A,sram_8kb_45nm,0.156,5545260762,728985600,0,1.52623,1361.3042,865.0607,2226.3648,+16.60,777912320,3197.1994,+11.01,1545.726,354.98,0,23.18,174.02
IntelLabsChina__CAT-Q__qwen3-4b,3633315840,0.4738,2.50,bitmap_B_resident,sram_8kb_45nm,0.156,5545813722,728985600,552960,1.52638,1121.6746,865.1469,1986.8216,+4.06,777912320,2957.6561,+2.69,1386.658,395.71,0,23.18,174.01
IntelLabsChina__CAT-Q__qwen3-4b,3633315840,0.4738,2.50,bitmap_B_streamed,sram_8kb_45nm,0.156,5545813722,728985600,552960,1.52638,1280.1131,865.1469,2145.2600,+12.35,777912320,3116.0946,+8.19,1631.378,336.35,0,23.18,174.01
IntelLabsChina__CAT-Q__qwen3-4b,3633315840,0.4738,2.50,five_trit,sram_32kb_45nm,0.313,5814190080,728985600,0,1.60024,1002.3533,1819.8415,2822.1948,+0.00,777912320,4770.0872,+0.00,1200.192,457.18,0,22.66,170.14
IntelLabsChina__CAT-Q__qwen3-4b,3633315840,0.4738,2.50,bitmap_A,sram_32kb_45nm,0.313,5545260762,728985600,0,1.52623,1361.3042,1735.6666,3096.9708,+9.74,777912320,5044.8632,+5.76,1545.726,354.98,0,23.18,174.02
IntelLabsChina__CAT-Q__qwen3-4b,3633315840,0.4738,2.50,bitmap_B_resident,sram_32kb_45nm,0.313,5545813722,728985600,552960,1.52638,1121.6746,1735.8397,2857.5143,+1.25,777912320,4805.4068,+0.74,1386.658,395.71,0,23.18,174.01
IntelLabsChina__CAT-Q__qwen3-4b,3633315840,0.4738,2.50,bitmap_B_streamed,sram_32kb_45nm,0.313,5545813722,728985600,552960,1.52638,1280.1131,1735.8397,3015.9528,+6.87,777912320,4963.8452,+4.06,1631.378,336.35,0,23.18,174.01
IntelLabsChina__CAT-Q__qwen3-4b,3633315840,0.4738,2.50,five_trit,sram_1mb_45nm,1.563,5814190080,728985600,0,1.60024,1002.3533,9087.5791,10089.9324,+0.00,777912320,19816.9480,+0.00,1200.192,457.18,0,22.66,170.14
IntelLabsChina__CAT-Q__qwen3-4b,3633315840,0.4738,2.50,bitmap_A,sram_1mb_45nm,1.563,5545260762,728985600,0,1.52623,1361.3042,8667.2426,10028.5467,-0.61,777912320,19755.5624,-0.31,1545.726,354.98,0,23.18,174.02
IntelLabsChina__CAT-Q__qwen3-4b,3633315840,0.4738,2.50,bitmap_B_resident,sram_1mb_45nm,1.563,5545813722,728985600,552960,1.52638,1121.6746,8668.1068,9789.7815,-2.97,777912320,19516.7971,-1.51,1386.658,395.71,0,23.18,174.01
IntelLabsChina__CAT-Q__qwen3-4b,3633315840,0.4738,2.50,bitmap_B_streamed,sram_1mb_45nm,1.563,5545813722,728985600,552960,1.52638,1280.1131,8668.1068,9948.2199,-1.40,777912320,19675.2356,-0.72,1631.378,336.35,0,23.18,174.01
IntelLabsChina__CAT-Q__qwen3-4b,3633315840,0.4738,2.50,five_trit,sram_1mb_45nm_cacti,1.058,5814190080,728985600,0,1.60024,1002.3533,6151.4131,7153.7664,+0.00,777912320,13738.0163,+0.00,1200.192,457.18,0,22.66,170.14
IntelLabsChina__CAT-Q__qwen3-4b,3633315840,0.4738,2.50,bitmap_A,sram_1mb_45nm_cacti,1.058,5545260762,728985600,0,1.52623,1361.3042,5866.8859,7228.1900,+1.04,777912320,13812.4399,+0.54,1545.726,354.98,0,23.18,174.02
IntelLabsChina__CAT-Q__qwen3-4b,3633315840,0.4738,2.50,bitmap_B_resident,sram_1mb_45nm_cacti,1.058,5545813722,728985600,552960,1.52638,1121.6746,5867.4709,6989.1455,-2.30,777912320,13573.3954,-1.20,1386.658,395.71,0,23.18,174.01
IntelLabsChina__CAT-Q__qwen3-4b,3633315840,0.4738,2.50,bitmap_B_streamed,sram_1mb_45nm_cacti,1.058,5545813722,728985600,552960,1.52638,1280.1131,5867.4709,7147.5840,-0.09,777912320,13731.8339,-0.05,1631.378,336.35,0,23.18,174.01
IntelLabsChina__CAT-Q__qwen3-4b,3633315840,0.4738,2.50,five_trit,sram_32kb_7nm,0.133,5814190080,728985600,0,1.60024,1002.3533,773.2873,1775.6406,+0.00,777912320,2603.3393,+0.00,1200.192,457.18,0,22.66,170.14
IntelLabsChina__CAT-Q__qwen3-4b,3633315840,0.4738,2.50,bitmap_A,sram_32kb_7nm,0.133,5545260762,728985600,0,1.52623,1361.3042,737.5197,2098.8238,+18.20,777912320,2926.5225,+12.41,1545.726,354.98,0,23.18,174.02
IntelLabsChina__CAT-Q__qwen3-4b,3633315840,0.4738,2.50,bitmap_B_resident,sram_32kb_7nm,0.133,5545813722,728985600,552960,1.52638,1121.6746,737.5932,1859.2678,+4.71,777912320,2686.9665,+3.21,1386.658,395.71,0,23.18,174.01
IntelLabsChina__CAT-Q__qwen3-4b,3633315840,0.4738,2.50,bitmap_B_streamed,sram_32kb_7nm,0.133,5545813722,728985600,552960,1.52638,1280.1131,737.5932,2017.7063,+13.63,777912320,2845.4050,+9.30,1631.378,336.35,0,23.18,174.01
IntelLabsChina__CAT-Q__qwen3-4b,3633315840,0.4738,2.50,five_trit,sram_1mb_7nm,0.219,5814190080,728985600,0,1.60024,1002.3533,1273.3076,2275.6609,+0.00,777912320,3638.5633,+0.00,1200.192,457.18,0,22.66,170.14
IntelLabsChina__CAT-Q__qwen3-4b,3633315840,0.4738,2.50,bitmap_A,sram_1mb_7nm,0.219,5545260762,728985600,0,1.52623,1361.3042,1214.4121,2575.7163,+13.19,777912320,3938.6186,+8.25,1545.726,354.98,0,23.18,174.02
IntelLabsChina__CAT-Q__qwen3-4b,3633315840,0.4738,2.50,bitmap_B_resident,sram_1mb_7nm,0.219,5545813722,728985600,552960,1.52638,1121.6746,1214.5332,2336.2078,+2.66,777912320,3699.1102,+1.66,1386.658,395.71,0,23.18,174.01
IntelLabsChina__CAT-Q__qwen3-4b,3633315840,0.4738,2.50,bitmap_B_streamed,sram_1mb_7nm,0.219,5545813722,728985600,552960,1.52638,1280.1131,1214.5332,2494.6463,+9.62,777912320,3857.5487,+6.02,1631.378,336.35,0,23.18,174.01
IntelLabsChina__CAT-Q__qwen3-4b,3633315840,0.4738,2.50,five_trit,hbm2,3.97,5814190080,728985600,0,1.60024,1002.3533,23082.3346,24084.6879,+0.00,777912320,48791.1832,+0.00,1200.192,457.18,0,22.66,170.14
IntelLabsChina__CAT-Q__qwen3-4b,3633315840,0.4738,2.50,bitmap_A,hbm2,3.97,5545260762,728985600,0,1.52623,1361.3042,22014.6852,23375.9894,-2.94,777912320,48082.4847,-1.45,1545.726,354.98,0,23.18,174.02
IntelLabsChina__CAT-Q__qwen3-4b,3633315840,0.4738,2.50,bitmap_B_resident,hbm2,3.97,5545813722,728985600,552960,1.52638,1121.6746,22016.8805,23138.5551,-3.93,777912320,47845.0504,-1.94,1386.658,395.71,0,23.18,174.01
IntelLabsChina__CAT-Q__qwen3-4b,3633315840,0.4738,2.50,bitmap_B_streamed,hbm2,3.97,5545813722,728985600,552960,1.52638,1280.1131,22016.8805,23296.9935,-3.27,777912320,48003.4888,-1.61,1631.378,336.35,0,23.18,174.01
IntelLabsChina__CAT-Q__qwen3-4b,3633315840,0.4738,2.50,five_trit,hbm2_streamed,3.59,5814190080,728985600,0,1.60024,1002.3533,20872.9424,21875.2957,+0.00,777912320,44216.9375,+0.00,1200.192,457.18,0,22.66,170.14
IntelLabsChina__CAT-Q__qwen3-4b,3633315840,0.4738,2.50,bitmap_A,hbm2_streamed,3.59,5545260762,728985600,0,1.52623,1361.3042,19907.4861,21268.7903,-2.77,777912320,43610.4321,-1.37,1545.726,354.98,0,23.18,174.02
IntelLabsChina__CAT-Q__qwen3-4b,3633315840,0.4738,2.50,bitmap_B_resident,hbm2_streamed,3.59,5545813722,728985600,552960,1.52638,1121.6746,19909.4713,21031.1459,-3.86,777912320,43372.7877,-1.91,1386.658,395.71,0,23.18,174.01
IntelLabsChina__CAT-Q__qwen3-4b,3633315840,0.4738,2.50,bitmap_B_streamed,hbm2_streamed,3.59,5545813722,728985600,552960,1.52638,1280.1131,19909.4713,21189.5843,-3.13,777912320,43531.2262,-1.55,1631.378,336.35,0,23.18,174.01
IntelLabsChina__CAT-Q__qwen3-4b,3633315840,0.4738,2.50,five_trit,lpddr4_package,12,5814190080,728985600,0,1.60024,1002.3533,69770.2810,70772.6342,+0.00,777912320,145452.2170,+0.00,1200.192,457.18,0,22.66,170.14
IntelLabsChina__CAT-Q__qwen3-4b,3633315840,0.4738,2.50,bitmap_A,lpddr4_package,12,5545260762,728985600,0,1.52623,1361.3042,66543.1291,67904.4333,-4.05,777912320,142584.0160,-1.97,1545.726,354.98,0,23.18,174.02
IntelLabsChina__CAT-Q__qwen3-4b,3633315840,0.4738,2.50,bitmap_B_resident,lpddr4_package,12,5545813722,728985600,552960,1.52638,1121.6746,66549.7647,67671.4393,-4.38,777912320,142351.0220,-2.13,1386.658,395.71,0,23.18,174.01
IntelLabsChina__CAT-Q__qwen3-4b,3633315840,0.4738,2.50,bitmap_B_streamed,lpddr4_package,12,5545813722,728985600,552960,1.52638,1280.1131,66549.7647,67829.8777,-4.16,777912320,142509.4605,-2.02,1631.378,336.35,0,23.18,174.01
IntelLabsChina__CAT-Q__qwen3-4b,3633315840,0.4738,2.50,five_trit,gddr5,14.0,5814190080,728985600,0,1.60024,1002.3533,81398.6611,82401.0144,+0.00,777912320,169527.1942,+0.00,1200.192,457.18,0,22.66,170.14
IntelLabsChina__CAT-Q__qwen3-4b,3633315840,0.4738,2.50,bitmap_A,gddr5,14.0,5545260762,728985600,0,1.52623,1361.3042,77633.6507,78994.9548,-4.13,777912320,166121.1347,-2.01,1545.726,354.98,0,23.18,174.02
IntelLabsChina__CAT-Q__qwen3-4b,3633315840,0.4738,2.50,bitmap_B_resident,gddr5,14.0,5545813722,728985600,552960,1.52638,1121.6746,77641.3921,78763.0667,-4.41,777912320,165889.2466,-2.15,1386.658,395.71,0,23.18,174.01
IntelLabsChina__CAT-Q__qwen3-4b,3633315840,0.4738,2.50,bitmap_B_streamed,gddr5,14.0,5545813722,728985600,552960,1.52638,1280.1131,77641.3921,78921.5052,-4.22,777912320,166047.6850,-2.05,1631.378,336.35,0,23.18,174.01
IntelLabsChina__CAT-Q__qwen3-4b,3633315840,0.4738,2.50,five_trit,dram_45nm_horowitz,30.5,5814190080,728985600,0,1.60024,1002.3533,177332.7974,178335.1507,+0.00,777912320,368145.7568,+0.00,1200.192,457.18,0,22.66,170.14
IntelLabsChina__CAT-Q__qwen3-4b,3633315840,0.4738,2.50,bitmap_A,dram_45nm_horowitz,30.5,5545260762,728985600,0,1.52623,1361.3042,169130.4532,170491.7574,-4.40,777912320,360302.3635,-2.13,1545.726,354.98,0,23.18,174.02
IntelLabsChina__CAT-Q__qwen3-4b,3633315840,0.4738,2.50,bitmap_B_resident,dram_45nm_horowitz,30.5,5545813722,728985600,552960,1.52638,1121.6746,169147.3185,170268.9931,-4.52,777912320,360079.5992,-2.19,1386.658,395.71,0,23.18,174.01
IntelLabsChina__CAT-Q__qwen3-4b,3633315840,0.4738,2.50,bitmap_B_streamed,dram_45nm_horowitz,30.5,5545813722,728985600,552960,1.52638,1280.1131,169147.3185,170427.4316,-4.43,777912320,360238.0377,-2.15,1631.378,336.35,0,23.18,174.01
IntelLabsChina__CAT-Q__qwen3-4b,3633315840,0.4738,2.50,five_trit,ddr3_peak,70,5814190080,728985600,0,1.60024,1002.3533,406993.3056,407995.6589,+0.00,777912320,843626.5581,+0.00,1200.192,457.18,0,22.66,170.14
IntelLabsChina__CAT-Q__qwen3-4b,3633315840,0.4738,2.50,bitmap_A,ddr3_peak,70,5545260762,728985600,0,1.52623,1361.3042,388168.2533,389529.5575,-4.53,777912320,825160.4567,-2.19,1545.726,354.98,0,23.18,174.02
IntelLabsChina__CAT-Q__qwen3-4b,3633315840,0.4738,2.50,bitmap_B_resident,ddr3_peak,70,5545813722,728985600,552960,1.52638,1121.6746,388206.9605,389328.6352,-4.58,777912320,824959.5344,-2.21,1386.658,395.71,0,23.18,174.01
IntelLabsChina__CAT-Q__qwen3-4b,3633315840,0.4738,2.50,bitmap_B_streamed,ddr3_peak,70,5545813722,728985600,552960,1.52638,1280.1131,388206.9605,389487.0736,-4.54,777912320,825117.9728,-2.19,1631.378,336.35,0,23.18,174.01
IntelLabsChina__CAT-Q__qwen3-8b,6945767424,0.4670,1.60,five_trit,sram_8kb_45nm,0.156,11121721344,1393016832,0,1.60122,2319.8860,1734.9885,4054.8745,+0.00,1244659712,5608.2098,+0.00,1373.358,326.69,0,12.94,97.16
IntelLabsChina__CAT-Q__qwen3-8b,6945767424,0.4670,1.60,bitmap_A,sram_8kb_45nm,0.156,10647666704,1393016832,0,1.53297,2830.7728,1661.0360,4491.8088,+10.78,1244659712,6045.1441,+7.79,1624.994,276.10,0,13.24,99.39
IntelLabsChina__CAT-Q__qwen3-8b,6945767424,0.4670,1.60,bitmap_B_resident,sram_8kb_45nm,0.156,10652975120,1393016832,5308416,1.53374,2335.0820,1661.8641,3996.9461,-1.43,1244659712,5550.2815,-1.03,1448.636,309.72,0,13.24,99.37
IntelLabsChina__CAT-Q__qwen3-8b,6945767424,0.4670,1.60,bitmap_B_streamed,sram_8kb_45nm,0.156,10652975120,1393016832,5308416,1.53374,2632.7292,1661.8641,4294.5933,+5.91,1244659712,5847.9286,+4.27,1693.356,264.96,0,13.24,99.37
IntelLabsChina__CAT-Q__qwen3-8b,6945767424,0.4670,1.60,five_trit,sram_32kb_45nm,0.313,11121721344,1393016832,0,1.60122,2319.8860,3481.0988,5800.9847,+0.00,1244659712,8917.6127,+0.00,1373.358,326.69,0,12.94,97.16
IntelLabsChina__CAT-Q__qwen3-8b,6945767424,0.4670,1.60,bitmap_A,sram_32kb_45nm,0.313,10647666704,1393016832,0,1.53297,2830.7728,3332.7197,6163.4924,+6.25,1244659712,9280.1204,+4.07,1624.994,276.10,0,13.24,99.39
IntelLabsChina__CAT-Q__qwen3-8b,6945767424,0.4670,1.60,bitmap_B_resident,sram_32kb_45nm,0.313,10652975120,1393016832,5308416,1.53374,2335.0820,3334.3812,5669.4632,-2.27,1244659712,8786.0911,-1.47,1448.636,309.72,0,13.24,99.37
IntelLabsChina__CAT-Q__qwen3-8b,6945767424,0.4670,1.60,bitmap_B_streamed,sram_32kb_45nm,0.313,10652975120,1393016832,5308416,1.53374,2632.7292,3334.3812,5967.1104,+2.86,1244659712,9083.7383,+1.86,1693.356,264.96,0,13.24,99.37
IntelLabsChina__CAT-Q__qwen3-8b,6945767424,0.4670,1.60,five_trit,sram_1mb_45nm,1.563,11121721344,1393016832,0,1.60122,2319.8860,17383.2505,19703.1364,+0.00,1244659712,35266.3615,+0.00,1373.358,326.69,0,12.94,97.16
IntelLabsChina__CAT-Q__qwen3-8b,6945767424,0.4670,1.60,bitmap_A,sram_1mb_45nm,1.563,10647666704,1393016832,0,1.53297,2830.7728,16642.3031,19473.0758,-1.17,1244659712,35036.3009,-0.65,1624.994,276.10,0,13.24,99.39
IntelLabsChina__CAT-Q__qwen3-8b,6945767424,0.4670,1.60,bitmap_B_resident,sram_1mb_45nm,1.563,10652975120,1393016832,5308416,1.53374,2335.0820,16650.6001,18985.6821,-3.64,1244659712,34548.9072,-2.03,1448.636,309.72,0,13.24,99.37
IntelLabsChina__CAT-Q__qwen3-8b,6945767424,0.4670,1.60,bitmap_B_streamed,sram_1mb_45nm,1.563,10652975120,1393016832,5308416,1.53374,2632.7292,16650.6001,19283.3293,-2.13,1244659712,34846.5543,-1.19,1693.356,264.96,0,13.24,99.37
IntelLabsChina__CAT-Q__qwen3-8b,6945767424,0.4670,1.60,five_trit,sram_1mb_45nm_cacti,1.058,11121721344,1393016832,0,1.60122,2319.8860,11766.7812,14086.6671,+0.00,1244659712,24621.4670,+0.00,1373.358,326.69,0,12.94,97.16
IntelLabsChina__CAT-Q__qwen3-8b,6945767424,0.4670,1.60,bitmap_A,sram_1mb_45nm_cacti,1.058,10647666704,1393016832,0,1.53297,2830.7728,11265.2314,14096.0041,+0.07,1244659712,24630.8039,+0.04,1624.994,276.10,0,13.24,99.39
IntelLabsChina__CAT-Q__qwen3-8b,6945767424,0.4670,1.60,bitmap_B_resident,sram_1mb_45nm_cacti,1.058,10652975120,1393016832,5308416,1.53374,2335.0820,11270.8477,13605.9297,-3.41,1244659712,24140.7295,-1.95,1448.636,309.72,0,13.24,99.37
IntelLabsChina__CAT-Q__qwen3-8b,6945767424,0.4670,1.60,bitmap_B_streamed,sram_1mb_45nm_cacti,1.058,10652975120,1393016832,5308416,1.53374,2632.7292,11270.8477,13903.5768,-1.30,1244659712,24438.3766,-0.74,1693.356,264.96,0,13.24,99.37
IntelLabsChina__CAT-Q__qwen3-8b,6945767424,0.4670,1.60,five_trit,sram_32kb_7nm,0.133,11121721344,1393016832,0,1.60122,2319.8860,1479.1889,3799.0749,+0.00,1244659712,5123.3928,+0.00,1373.358,326.69,0,12.94,97.16
IntelLabsChina__CAT-Q__qwen3-8b,6945767424,0.4670,1.60,bitmap_A,sram_32kb_7nm,0.133,10647666704,1393016832,0,1.53297,2830.7728,1416.1397,4246.9124,+11.79,1244659712,5571.2304,+8.74,1624.994,276.10,0,13.24,99.39
IntelLabsChina__CAT-Q__qwen3-8b,6945767424,0.4670,1.60,bitmap_B_resident,sram_32kb_7nm,0.133,10652975120,1393016832,5308416,1.53374,2335.0820,1416.8457,3751.9277,-1.24,1244659712,5076.2456,-0.92,1448.636,309.72,0,13.24,99.37
IntelLabsChina__CAT-Q__qwen3-8b,6945767424,0.4670,1.60,bitmap_B_streamed,sram_32kb_7nm,0.133,10652975120,1393016832,5308416,1.53374,2632.7292,1416.8457,4049.5748,+6.59,1244659712,5373.8928,+4.89,1693.356,264.96,0,13.24,99.37
IntelLabsChina__CAT-Q__qwen3-8b,6945767424,0.4670,1.60,five_trit,sram_1mb_7nm,0.219,11121721344,1393016832,0,1.60122,2319.8860,2435.6570,4755.5429,+0.00,1244659712,6936.1868,+0.00,1373.358,326.69,0,12.94,97.16
IntelLabsChina__CAT-Q__qwen3-8b,6945767424,0.4670,1.60,bitmap_A,sram_1mb_7nm,0.219,10647666704,1393016832,0,1.53297,2830.7728,2331.8390,5162.6118,+8.56,1244659712,7343.2556,+5.87,1624.994,276.10,0,13.24,99.39
IntelLabsChina__CAT-Q__qwen3-8b,6945767424,0.4670,1.60,bitmap_B_resident,sram_1mb_7nm,0.219,10652975120,1393016832,5308416,1.53374,2335.0820,2333.0016,4668.0836,-1.84,1244659712,6848.7274,-1.26,1448.636,309.72,0,13.24,99.37
IntelLabsChina__CAT-Q__qwen3-8b,6945767424,0.4670,1.60,bitmap_B_streamed,sram_1mb_7nm,0.219,10652975120,1393016832,5308416,1.53374,2632.7292,2333.0016,4965.7307,+4.42,1244659712,7146.3745,+3.03,1693.356,264.96,0,13.24,99.37
IntelLabsChina__CAT-Q__qwen3-8b,6945767424,0.4670,1.60,five_trit,hbm2,3.97,11121721344,1393016832,0,1.60122,2319.8860,44153.2337,46473.1197,+0.00,1244659712,86003.5122,+0.00,1373.358,326.69,0,12.94,97.16
IntelLabsChina__CAT-Q__qwen3-8b,6945767424,0.4670,1.60,bitmap_A,hbm2,3.97,10647666704,1393016832,0,1.53297,2830.7728,42271.2368,45102.0096,-2.95,1244659712,84632.4020,-1.59,1624.994,276.10,0,13.24,99.39
IntelLabsChina__CAT-Q__qwen3-8b,6945767424,0.4670,1.60,bitmap_B_resident,hbm2,3.97,10652975120,1393016832,5308416,1.53374,2335.0820,42292.3112,44627.3932,-3.97,1244659712,84157.7857,-2.15,1448.636,309.72,0,13.24,99.37
IntelLabsChina__CAT-Q__qwen3-8b,6945767424,0.4670,1.60,bitmap_B_streamed,hbm2,3.97,10652975120,1393016832,5308416,1.53374,2632.7292,42292.3112,44925.0404,-3.33,1244659712,84455.4328,-1.80,1693.356,264.96,0,13.24,99.37
IntelLabsChina__CAT-Q__qwen3-8b,6945767424,0.4670,1.60,five_trit,hbm2_streamed,3.59,11121721344,1393016832,0,1.60122,2319.8860,39926.9796,42246.8656,+0.00,1244659712,77993.4925,+0.00,1373.358,326.69,0,12.94,97.16
IntelLabsChina__CAT-Q__qwen3-8b,6945767424,0.4670,1.60,bitmap_A,hbm2_streamed,3.59,10647666704,1393016832,0,1.53297,2830.7728,38225.1235,41055.8962,-2.82,1244659712,76802.5232,-1.53,1624.994,276.10,0,13.24,99.39
IntelLabsChina__CAT-Q__qwen3-8b,6945767424,0.4670,1.60,bitmap_B_resident,hbm2_streamed,3.59,10652975120,1393016832,5308416,1.53374,2335.0820,38244.1807,40579.2627,-3.95,1244659712,76325.8896,-2.14,1448.636,309.72,0,13.24,99.37
IntelLabsChina__CAT-Q__qwen3-8b,6945767424,0.4670,1.60,bitmap_B_streamed,hbm2_streamed,3.59,10652975120,1393016832,5308416,1.53374,2632.7292,38244.1807,40876.9098,-3.24,1244659712,76623.5368,-1.76,1693.356,264.96,0,13.24,99.37
IntelLabsChina__CAT-Q__qwen3-8b,6945767424,0.4670,1.60,five_trit,lpddr4_package,12,11121721344,1393016832,0,1.60122,2319.8860,133460.6561,135780.5421,+0.00,1244659712,255267.8744,+0.00,1373.358,326.69,0,12.94,97.16
IntelLabsChina__CAT-Q__qwen3-8b,6945767424,0.4670,1.60,bitmap_A,lpddr4_package,12,10647666704,1393016832,0,1.53297,2830.7728,127772.0004,130602.7732,-3.81,1244659712,250090.1056,-2.03,1624.994,276.10,0,13.24,99.39
IntelLabsChina__CAT-Q__qwen3-8b,6945767424,0.4670,1.60,bitmap_B_resident,lpddr4_package,12,10652975120,1393016832,5308416,1.53374,2335.0820,127835.7014,130170.7835,-4.13,1244659712,249658.1158,-2.20,1448.636,309.72,0,13.24,99.37
IntelLabsChina__CAT-Q__qwen3-8b,6945767424,0.4670,1.60,bitmap_B_streamed,lpddr4_package,12,10652975120,1393016832,5308416,1.53374,2632.7292,127835.7014,130468.4306,-3.91,1244659712,249955.7629,-2.08,1693.356,264.96,0,13.24,99.37
IntelLabsChina__CAT-Q__qwen3-8b,6945767424,0.4670,1.60,five_trit,gddr5,14.0,11121721344,1393016832,0,1.60122,2319.8860,155704.0988,158023.9848,+0.00,1244659712,297425.8725,+0.00,1373.358,326.69,0,12.94,97.16
IntelLabsChina__CAT-Q__qwen3-8b,6945767424,0.4670,1.60,bitmap_A,gddr5,14.0,10647666704,1393016832,0,1.53297,2830.7728,149067.3339,151898.1066,-3.88,1244659712,291299.9944,-2.06,1624.994,276.10,0,13.24,99.39
IntelLabsChina__CAT-Q__qwen3-8b,6945767424,0.4670,1.60,bitmap_B_resident,gddr5,14.0,10652975120,1393016832,5308416,1.53374,2335.0820,149141.6517,151476.7337,-4.14,1244659712,290878.6214,-2.20,1448.636,309.72,0,13.24,99.37
IntelLabsChina__CAT-Q__qwen3-8b,6945767424,0.4670,1.60,bitmap_B_streamed,gddr5,14.0,10652975120,1393016832,5308416,1.53374,2632.7292,149141.6517,151774.3808,-3.95,1244659712,291176.2686,-2.10,1693.356,264.96,0,13.24,99.37
IntelLabsChina__CAT-Q__qwen3-8b,6945767424,0.4670,1.60,five_trit,dram_45nm_horowitz,30.5,11121721344,1393016832,0,1.60122,2319.8860,339212.5010,341532.3870,+0.00,1244659712,645229.3567,+0.00,1373.358,326.69,0,12.94,97.16
IntelLabsChina__CAT-Q__qwen3-8b,6945767424,0.4670,1.60,bitmap_A,dram_45nm_horowitz,30.5,10647666704,1393016832,0,1.53297,2830.7728,324753.8345,327584.6072,-4.08,1244659712,631281.5770,-2.16,1624.994,276.10,0,13.24,99.39
IntelLabsChina__CAT-Q__qwen3-8b,6945767424,0.4670,1.60,bitmap_B_resident,dram_45nm_horowitz,30.5,10652975120,1393016832,5308416,1.53374,2335.0820,324915.7412,327250.8232,-4.18,1244659712,630947.7929,-2.21,1448.636,309.72,0,13.24,99.37
IntelLabsChina__CAT-Q__qwen3-8b,6945767424,0.4670,1.60,bitmap_B_streamed,dram_45nm_horowitz,30.5,10652975120,1393016832,5308416,1.53374,2632.7292,324915.7412,327548.4703,-4.09,1244659712,631245.4400,-2.17,1693.356,264.96,0,13.24,99.37
IntelLabsChina__CAT-Q__qwen3-8b,6945767424,0.4670,1.60,five_trit,ddr3_peak,70,11121721344,1393016832,0,1.60122,2319.8860,778520.4941,780840.3800,+0.00,1244659712,1477849.8188,+0.00,1373.358,326.69,0,12.94,97.16
IntelLabsChina__CAT-Q__qwen3-8b,6945767424,0.4670,1.60,bitmap_A,ddr3_peak,70,10647666704,1393016832,0,1.53297,2830.7728,745336.6693,748167.4420,-4.18,1244659712,1445176.8808,-2.21,1624.994,276.10,0,13.24,99.39
IntelLabsChina__CAT-Q__qwen3-8b,6945767424,0.4670,1.60,bitmap_B_resident,ddr3_peak,70,10652975120,1393016832,5308416,1.53374,2335.0820,745708.2584,748043.3404,-4.20,1244659712,1445052.7791,-2.22,1448.636,309.72,0,13.24,99.37
IntelLabsChina__CAT-Q__qwen3-8b,6945767424,0.4670,1.60,bitmap_B_streamed,ddr3_peak,70,10652975120,1393016832,5308416,1.53374,2632.7292,745708.2584,748340.9876,-4.16,1244659712,1445350.4263,-2.20,1693.356,264.96,0,13.24,99.37
IntelLabsChina__CAT-Q__qwen3-8b,6945767424,0.4670,2.00,five_trit,sram_8kb_45nm,0.156,11121721344,1393016832,0,1.60122,1969.6581,1734.9885,3704.6467,+0.00,1244659712,5257.9820,+0.00,1221.206,293.92,0,12.94,97.16
IntelLabsChina__CAT-Q__qwen3-8b,6945767424,0.4670,2.00,bitmap_A,sram_8kb_45nm,0.156,10647666704,1393016832,0,1.53297,2598.3895,1661.0360,4259.4255,+14.98,1244659712,5812.7608,+10.55,1573.656,228.09,0,13.24,99.39
IntelLabsChina__CAT-Q__qwen3-8b,6945767424,0.4670,2.00,bitmap_B_resident,sram_8kb_45nm,0.156,10652975120,1393016832,5308416,1.53374,2171.6962,1661.8641,3833.5604,+3.48,1244659712,5386.8957,+2.45,1412.194,254.17,0,13.24,99.37
IntelLabsChina__CAT-Q__qwen3-8b,6945767424,0.4670,2.00,bitmap_B_streamed,sram_8kb_45nm,0.156,10652975120,1393016832,5308416,1.53374,2471.8772,1661.8641,4133.7413,+11.58,1244659712,5687.0766,+8.16,1656.914,216.63,0,13.24,99.37
IntelLabsChina__CAT-Q__qwen3-8b,6945767424,0.4670,2.00,five_trit,sram_32kb_45nm,0.313,11121721344,1393016832,0,1.60122,1969.6581,3481.0988,5450.7569,+0.00,1244659712,8567.3848,+0.00,1221.206,293.92,0,12.94,97.16
IntelLabsChina__CAT-Q__qwen3-8b,6945767424,0.4670,2.00,bitmap_A,sram_32kb_45nm,0.313,10647666704,1393016832,0,1.53297,2598.3895,3332.7197,5931.1092,+8.81,1244659712,9047.7371,+5.61,1573.656,228.09,0,13.24,99.39
IntelLabsChina__CAT-Q__qwen3-8b,6945767424,0.4670,2.00,bitmap_B_resident,sram_32kb_45nm,0.313,10652975120,1393016832,5308416,1.53374,2171.6962,3334.3812,5506.0774,+1.01,1244659712,8622.7054,+0.65,1412.194,254.17,0,13.24,99.37
IntelLabsChina__CAT-Q__qwen3-8b,6945767424,0.4670,2.00,bitmap_B_streamed,sram_32kb_45nm,0.313,10652975120,1393016832,5308416,1.53374,2471.8772,3334.3812,5806.2584,+6.52,1244659712,8922.8863,+4.15,1656.914,216.63,0,13.24,99.37
IntelLabsChina__CAT-Q__qwen3-8b,6945767424,0.4670,2.00,five_trit,sram_1mb_45nm,1.563,11121721344,1393016832,0,1.60122,1969.6581,17383.2505,19352.9086,+0.00,1244659712,34916.1336,+0.00,1221.206,293.92,0,12.94,97.16
IntelLabsChina__CAT-Q__qwen3-8b,6945767424,0.4670,2.00,bitmap_A,sram_1mb_45nm,1.563,10647666704,1393016832,0,1.53297,2598.3895,16642.3031,19240.6926,-0.58,1244659712,34803.9176,-0.32,1573.656,228.09,0,13.24,99.39
IntelLabsChina__CAT-Q__qwen3-8b,6945767424,0.4670,2.00,bitmap_B_resident,sram_1mb_45nm,1.563,10652975120,1393016832,5308416,1.53374,2171.6962,16650.6001,18822.2963,-2.74,1244659712,34385.5214,-1.52,1412.194,254.17,0,13.24,99.37
IntelLabsChina__CAT-Q__qwen3-8b,6945767424,0.4670,2.00,bitmap_B_streamed,sram_1mb_45nm,1.563,10652975120,1393016832,5308416,1.53374,2471.8772,16650.6001,19122.4773,-1.19,1244659712,34685.7023,-0.66,1656.914,216.63,0,13.24,99.37
IntelLabsChina__CAT-Q__qwen3-8b,6945767424,0.4670,2.00,five_trit,sram_1mb_45nm_cacti,1.058,11121721344,1393016832,0,1.60122,1969.6581,11766.7812,13736.4393,+0.00,1244659712,24271.2391,+0.00,1221.206,293.92,0,12.94,97.16
IntelLabsChina__CAT-Q__qwen3-8b,6945767424,0.4670,2.00,bitmap_A,sram_1mb_45nm_cacti,1.058,10647666704,1393016832,0,1.53297,2598.3895,11265.2314,13863.6209,+0.93,1244659712,24398.4207,+0.52,1573.656,228.09,0,13.24,99.39
IntelLabsChina__CAT-Q__qwen3-8b,6945767424,0.4670,2.00,bitmap_B_resident,sram_1mb_45nm_cacti,1.058,10652975120,1393016832,5308416,1.53374,2171.6962,11270.8477,13442.5439,-2.14,1244659712,23977.3437,-1.21,1412.194,254.17,0,13.24,99.37
IntelLabsChina__CAT-Q__qwen3-8b,6945767424,0.4670,2.00,bitmap_B_streamed,sram_1mb_45nm_cacti,1.058,10652975120,1393016832,5308416,1.53374,2471.8772,11270.8477,13742.7249,+0.05,1244659712,24277.5247,+0.03,1656.914,216.63,0,13.24,99.37
IntelLabsChina__CAT-Q__qwen3-8b,6945767424,0.4670,2.00,five_trit,sram_32kb_7nm,0.133,11121721344,1393016832,0,1.60122,1969.6581,1479.1889,3448.8471,+0.00,1244659712,4773.1650,+0.00,1221.206,293.92,0,12.94,97.16
IntelLabsChina__CAT-Q__qwen3-8b,6945767424,0.4670,2.00,bitmap_A,sram_32kb_7nm,0.133,10647666704,1393016832,0,1.53297,2598.3895,1416.1397,4014.5292,+16.40,1244659712,5338.8471,+11.85,1573.656,228.09,0,13.24,99.39
IntelLabsChina__CAT-Q__qwen3-8b,6945767424,0.4670,2.00,bitmap_B_resident,sram_32kb_7nm,0.133,10652975120,1393016832,5308416,1.53374,2171.6962,1416.8457,3588.5419,+4.05,1244659712,4912.8599,+2.93,1412.194,254.17,0,13.24,99.37
IntelLabsChina__CAT-Q__qwen3-8b,6945767424,0.4670,2.00,bitmap_B_streamed,sram_32kb_7nm,0.133,10652975120,1393016832,5308416,1.53374,2471.8772,1416.8457,3888.7229,+12.75,1244659712,5213.0408,+9.22,1656.914,216.63,0,13.24,99.37
IntelLabsChina__CAT-Q__qwen3-8b,6945767424,0.4670,2.00,five_trit,sram_1mb_7nm,0.219,11121721344,1393016832,0,1.60122,1969.6581,2435.6570,4405.3151,+0.00,1244659712,6585.9589,+0.00,1221.206,293.92,0,12.94,97.16
IntelLabsChina__CAT-Q__qwen3-8b,6945767424,0.4670,2.00,bitmap_A,sram_1mb_7nm,0.219,10647666704,1393016832,0,1.53297,2598.3895,2331.8390,4930.2285,+11.92,1244659712,7110.8723,+7.97,1573.656,228.09,0,13.24,99.39
IntelLabsChina__CAT-Q__qwen3-8b,6945767424,0.4670,2.00,bitmap_B_resident,sram_1mb_7nm,0.219,10652975120,1393016832,5308416,1.53374,2171.6962,2333.0016,4504.6978,+2.26,1244659712,6685.3416,+1.51,1412.194,254.17,0,13.24,99.37
IntelLabsChina__CAT-Q__qwen3-8b,6945767424,0.4670,2.00,bitmap_B_streamed,sram_1mb_7nm,0.219,10652975120,1393016832,5308416,1.53374,2471.8772,2333.0016,4804.8787,+9.07,1244659712,6985.5225,+6.07,1656.914,216.63,0,13.24,99.37
IntelLabsChina__CAT-Q__qwen3-8b,6945767424,0.4670,2.00,five_trit,hbm2,3.97,11121721344,1393016832,0,1.60122,1969.6581,44153.2337,46122.8919,+0.00,1244659712,85653.2843,+0.00,1221.206,293.92,0,12.94,97.16
IntelLabsChina__CAT-Q__qwen3-8b,6945767424,0.4670,2.00,bitmap_A,hbm2,3.97,10647666704,1393016832,0,1.53297,2598.3895,42271.2368,44869.6263,-2.72,1244659712,84400.0188,-1.46,1573.656,228.09,0,13.24,99.39
IntelLabsChina__CAT-Q__qwen3-8b,6945767424,0.4670,2.00,bitmap_B_resident,hbm2,3.97,10652975120,1393016832,5308416,1.53374,2171.6962,42292.3112,44464.0075,-3.60,1244659712,83994.3999,-1.94,1412.194,254.17,0,13.24,99.37
IntelLabsChina__CAT-Q__qwen3-8b,6945767424,0.4670,2.00,bitmap_B_streamed,hbm2,3.97,10652975120,1393016832,5308416,1.53374,2471.8772,42292.3112,44764.1884,-2.95,1244659712,84294.5809,-1.59,1656.914,216.63,0,13.24,99.37
IntelLabsChina__CAT-Q__qwen3-8b,6945767424,0.4670,2.00,five_trit,hbm2_streamed,3.59,11121721344,1393016832,0,1.60122,1969.6581,39926.9796,41896.6378,+0.00,1244659712,77643.2647,+0.00,1221.206,293.92,0,12.94,97.16
IntelLabsChina__CAT-Q__qwen3-8b,6945767424,0.4670,2.00,bitmap_A,hbm2_streamed,3.59,10647666704,1393016832,0,1.53297,2598.3895,38225.1235,40823.5130,-2.56,1244659712,76570.1399,-1.38,1573.656,228.09,0,13.24,99.39
IntelLabsChina__CAT-Q__qwen3-8b,6945767424,0.4670,2.00,bitmap_B_resident,hbm2_streamed,3.59,10652975120,1393016832,5308416,1.53374,2171.6962,38244.1807,40415.8769,-3.53,1244659712,76162.5038,-1.91,1412.194,254.17,0,13.24,99.37
IntelLabsChina__CAT-Q__qwen3-8b,6945767424,0.4670,2.00,bitmap_B_streamed,hbm2_streamed,3.59,10652975120,1393016832,5308416,1.53374,2471.8772,38244.1807,40716.0579,-2.82,1244659712,76462.6848,-1.52,1656.914,216.63,0,13.24,99.37
IntelLabsChina__CAT-Q__qwen3-8b,6945767424,0.4670,2.00,five_trit,lpddr4_package,12,11121721344,1393016832,0,1.60122,1969.6581,133460.6561,135430.3143,+0.00,1244659712,254917.6466,+0.00,1221.206,293.92,0,12.94,97.16
IntelLabsChina__CAT-Q__qwen3-8b,6945767424,0.4670,2.00,bitmap_A,lpddr4_package,12,10647666704,1393016832,0,1.53297,2598.3895,127772.0004,130370.3900,-3.74,1244659712,249857.7223,-1.98,1573.656,228.09,0,13.24,99.39
IntelLabsChina__CAT-Q__qwen3-8b,6945767424,0.4670,2.00,bitmap_B_resident,lpddr4_package,12,10652975120,1393016832,5308416,1.53374,2171.6962,127835.7014,130007.3977,-4.00,1244659712,249494.7300,-2.13,1412.194,254.17,0,13.24,99.37
IntelLabsChina__CAT-Q__qwen3-8b,6945767424,0.4670,2.00,bitmap_B_streamed,lpddr4_package,12,10652975120,1393016832,5308416,1.53374,2471.8772,127835.7014,130307.5786,-3.78,1244659712,249794.9110,-2.01,1656.914,216.63,0,13.24,99.37
IntelLabsChina__CAT-Q__qwen3-8b,6945767424,0.4670,2.00,five_trit,gddr5,14.0,11121721344,1393016832,0,1.60122,1969.6581,155704.0988,157673.7569,+0.00,1244659712,297075.6447,+0.00,1221.206,293.92,0,12.94,97.16
IntelLabsChina__CAT-Q__qwen3-8b,6945767424,0.4670,2.00,bitmap_A,gddr5,14.0,10647666704,1393016832,0,1.53297,2598.3895,149067.3339,151665.7234,-3.81,1244659712,291067.6111,-2.02,1573.656,228.09,0,13.24,99.39
IntelLabsChina__CAT-Q__qwen3-8b,6945767424,0.4670,2.00,bitmap_B_resident,gddr5,14.0,10652975120,1393016832,5308416,1.53374,2171.6962,149141.6517,151313.3479,-4.03,1244659712,290715.2357,-2.14,1412.194,254.17,0,13.24,99.37
IntelLabsChina__CAT-Q__qwen3-8b,6945767424,0.4670,2.00,bitmap_B_streamed,gddr5,14.0,10652975120,1393016832,5308416,1.53374,2471.8772,149141.6517,151613.5289,-3.84,1244659712,291015.4166,-2.04,1656.914,216.63,0,13.24,99.37
IntelLabsChina__CAT-Q__qwen3-8b,6945767424,0.4670,2.00,five_trit,dram_45nm_horowitz,30.5,11121721344,1393016832,0,1.60122,1969.6581,339212.5010,341182.1591,+0.00,1244659712,644879.1288,+0.00,1221.206,293.92,0,12.94,97.16
IntelLabsChina__CAT-Q__qwen3-8b,6945767424,0.4670,2.00,bitmap_A,dram_45nm_horowitz,30.5,10647666704,1393016832,0,1.53297,2598.3895,324753.8345,327352.2240,-4.05,1244659712,631049.1937,-2.14,1573.656,228.09,0,13.24,99.39
IntelLabsChina__CAT-Q__qwen3-8b,6945767424,0.4670,2.00,bitmap_B_resident,dram_45nm_horowitz,30.5,10652975120,1393016832,5308416,1.53374,2171.6962,324915.7412,327087.4374,-4.13,1244659712,630784.4071,-2.19,1412.194,254.17,0,13.24,99.37
IntelLabsChina__CAT-Q__qwen3-8b,6945767424,0.4670,2.00,bitmap_B_streamed,dram_45nm_horowitz,30.5,10652975120,1393016832,5308416,1.53374,2471.8772,324915.7412,327387.6183,-4.04,1244659712,631084.5881,-2.14,1656.914,216.63,0,13.24,99.37
IntelLabsChina__CAT-Q__qwen3-8b,6945767424,0.4670,2.00,five_trit,ddr3_peak,70,11121721344,1393016832,0,1.60122,1969.6581,778520.4941,780490.1522,+0.00,1244659712,1477499.5909,+0.00,1221.206,293.92,0,12.94,97.16
IntelLabsChina__CAT-Q__qwen3-8b,6945767424,0.4670,2.00,bitmap_A,ddr3_peak,70,10647666704,1393016832,0,1.53297,2598.3895,745336.6693,747935.0588,-4.17,1244659712,1444944.4975,-2.20,1573.656,228.09,0,13.24,99.39
IntelLabsChina__CAT-Q__qwen3-8b,6945767424,0.4670,2.00,bitmap_B_resident,ddr3_peak,70,10652975120,1393016832,5308416,1.53374,2171.6962,745708.2584,747879.9546,-4.18,1244659712,1444889.3934,-2.21,1412.194,254.17,0,13.24,99.37
IntelLabsChina__CAT-Q__qwen3-8b,6945767424,0.4670,2.00,bitmap_B_streamed,ddr3_peak,70,10652975120,1393016832,5308416,1.53374,2471.8772,745708.2584,748180.1356,-4.14,1244659712,1445189.5743,-2.19,1656.914,216.63,0,13.24,99.37
IntelLabsChina__CAT-Q__qwen3-8b,6945767424,0.4670,2.50,five_trit,sram_8kb_45nm,0.156,11121721344,1393016832,0,1.60122,1919.2576,1734.9885,3654.2461,+0.00,1244659712,5207.5814,+0.00,1200.192,239.25,0,12.94,97.16
IntelLabsChina__CAT-Q__qwen3-8b,6945767424,0.4670,2.50,bitmap_A,sram_8kb_45nm,0.156,10647666704,1393016832,0,1.53297,2604.2129,1661.0360,4265.2489,+16.72,1244659712,5818.5842,+11.73,1545.726,185.77,0,13.24,99.39
IntelLabsChina__CAT-Q__qwen3-8b,6945767424,0.4670,2.50,bitmap_B_resident,sram_8kb_45nm,0.156,10652975120,1393016832,5308416,1.53374,2146.8171,1661.8641,3808.6812,+4.23,1244659712,5362.0165,+2.97,1386.658,207.08,0,13.24,99.37
IntelLabsChina__CAT-Q__qwen3-8b,6945767424,0.4670,2.50,bitmap_B_streamed,sram_8kb_45nm,0.156,10652975120,1393016832,5308416,1.53374,2450.1653,1661.8641,4112.0294,+12.53,1244659712,5665.3648,+8.79,1631.378,176.01,0,13.24,99.37
IntelLabsChina__CAT-Q__qwen3-8b,6945767424,0.4670,2.50,five_trit,sram_32kb_45nm,0.313,11121721344,1393016832,0,1.60122,1919.2576,3481.0988,5400.3564,+0.00,1244659712,8516.9843,+0.00,1200.192,239.25,0,12.94,97.16
IntelLabsChina__CAT-Q__qwen3-8b,6945767424,0.4670,2.50,bitmap_A,sram_32kb_45nm,0.313,10647666704,1393016832,0,1.53297,2604.2129,3332.7197,5936.9325,+9.94,1244659712,9053.5605,+6.30,1545.726,185.77,0,13.24,99.39
IntelLabsChina__CAT-Q__qwen3-8b,6945767424,0.4670,2.50,bitmap_B_resident,sram_32kb_45nm,0.313,10652975120,1393016832,5308416,1.53374,2146.8171,3334.3812,5481.1983,+1.50,1244659712,8597.8262,+0.95,1386.658,207.08,0,13.24,99.37
IntelLabsChina__CAT-Q__qwen3-8b,6945767424,0.4670,2.50,bitmap_B_streamed,sram_32kb_45nm,0.313,10652975120,1393016832,5308416,1.53374,2450.1653,3334.3812,5784.5465,+7.11,1244659712,8901.1745,+4.51,1631.378,176.01,0,13.24,99.37
IntelLabsChina__CAT-Q__qwen3-8b,6945767424,0.4670,2.50,five_trit,sram_1mb_45nm,1.563,11121721344,1393016832,0,1.60122,1919.2576,17383.2505,19302.5080,+0.00,1244659712,34865.7331,+0.00,1200.192,239.25,0,12.94,97.16
IntelLabsChina__CAT-Q__qwen3-8b,6945767424,0.4670,2.50,bitmap_A,sram_1mb_45nm,1.563,10647666704,1393016832,0,1.53297,2604.2129,16642.3031,19246.5159,-0.29,1244659712,34809.7410,-0.16,1545.726,185.77,0,13.24,99.39
IntelLabsChina__CAT-Q__qwen3-8b,6945767424,0.4670,2.50,bitmap_B_resident,sram_1mb_45nm,1.563,10652975120,1393016832,5308416,1.53374,2146.8171,16650.6001,18797.4172,-2.62,1244659712,34360.6422,-1.45,1386.658,207.08,0,13.24,99.37
IntelLabsChina__CAT-Q__qwen3-8b,6945767424,0.4670,2.50,bitmap_B_streamed,sram_1mb_45nm,1.563,10652975120,1393016832,5308416,1.53374,2450.1653,16650.6001,19100.7654,-1.05,1244659712,34663.9905,-0.58,1631.378,176.01,0,13.24,99.37
IntelLabsChina__CAT-Q__qwen3-8b,6945767424,0.4670,2.50,five_trit,sram_1mb_45nm_cacti,1.058,11121721344,1393016832,0,1.60122,1919.2576,11766.7812,13686.0388,+0.00,1244659712,24220.8386,+0.00,1200.192,239.25,0,12.94,97.16
IntelLabsChina__CAT-Q__qwen3-8b,6945767424,0.4670,2.50,bitmap_A,sram_1mb_45nm_cacti,1.058,10647666704,1393016832,0,1.53297,2604.2129,11265.2314,13869.4442,+1.34,1244659712,24404.2440,+0.76,1545.726,185.77,0,13.24,99.39
IntelLabsChina__CAT-Q__qwen3-8b,6945767424,0.4670,2.50,bitmap_B_resident,sram_1mb_45nm_cacti,1.058,10652975120,1393016832,5308416,1.53374,2146.8171,11270.8477,13417.6648,-1.96,1244659712,23952.4646,-1.11,1386.658,207.08,0,13.24,99.37
IntelLabsChina__CAT-Q__qwen3-8b,6945767424,0.4670,2.50,bitmap_B_streamed,sram_1mb_45nm_cacti,1.058,10652975120,1393016832,5308416,1.53374,2450.1653,11270.8477,13721.0130,+0.26,1244659712,24255.8128,+0.14,1631.378,176.01,0,13.24,99.37
IntelLabsChina__CAT-Q__qwen3-8b,6945767424,0.4670,2.50,five_trit,sram_32kb_7nm,0.133,11121721344,1393016832,0,1.60122,1919.2576,1479.1889,3398.4465,+0.00,1244659712,4722.7645,+0.00,1200.192,239.25,0,12.94,97.16
IntelLabsChina__CAT-Q__qwen3-8b,6945767424,0.4670,2.50,bitmap_A,sram_32kb_7nm,0.133,10647666704,1393016832,0,1.53297,2604.2129,1416.1397,4020.3525,+18.30,1244659712,5344.6705,+13.17,1545.726,185.77,0,13.24,99.39
IntelLabsChina__CAT-Q__qwen3-8b,6945767424,0.4670,2.50,bitmap_B_resident,sram_32kb_7nm,0.133,10652975120,1393016832,5308416,1.53374,2146.8171,1416.8457,3563.6628,+4.86,1244659712,4887.9807,+3.50,1386.658,207.08,0,13.24,99.37
IntelLabsChina__CAT-Q__qwen3-8b,6945767424,0.4670,2.50,bitmap_B_streamed,sram_32kb_7nm,0.133,10652975120,1393016832,5308416,1.53374,2450.1653,1416.8457,3867.0110,+13.79,1244659712,5191.3290,+9.92,1631.378,176.01,0,13.24,99.37
IntelLabsChina__CAT-Q__qwen3-8b,6945767424,0.4670,2.50,five_trit,sram_1mb_7nm,0.219,11121721344,1393016832,0,1.60122,1919.2576,2435.6570,4354.9146,+0.00,1244659712,6535.5584,+0.00,1200.192,239.25,0,12.94,97.16
IntelLabsChina__CAT-Q__qwen3-8b,6945767424,0.4670,2.50,bitmap_A,sram_1mb_7nm,0.219,10647666704,1393016832,0,1.53297,2604.2129,2331.8390,4936.0519,+13.34,1244659712,7116.6957,+8.89,1545.726,185.77,0,13.24,99.39
IntelLabsChina__CAT-Q__qwen3-8b,6945767424,0.4670,2.50,bitmap_B_resident,sram_1mb_7nm,0.219,10652975120,1393016832,5308416,1.53374,2146.8171,2333.0016,4479.8186,+2.87,1244659712,6660.4625,+1.91,1386.658,207.08,0,13.24,99.37
IntelLabsChina__CAT-Q__qwen3-8b,6945767424,0.4670,2.50,bitmap_B_streamed,sram_1mb_7nm,0.219,10652975120,1393016832,5308416,1.53374,2450.1653,2333.0016,4783.1669,+9.83,1244659712,6963.8107,+6.55,1631.378,176.01,0,13.24,99.37
IntelLabsChina__CAT-Q__qwen3-8b,6945767424,0.4670,2.50,five_trit,hbm2,3.97,11121721344,1393016832,0,1.60122,1919.2576,44153.2337,46072.4913,+0.00,1244659712,85602.8838,+0.00,1200.192,239.25,0,12.94,97.16
IntelLabsChina__CAT-Q__qwen3-8b,6945767424,0.4670,2.50,bitmap_A,hbm2,3.97,10647666704,1393016832,0,1.53297,2604.2129,42271.2368,44875.4497,-2.60,1244659712,84405.8421,-1.40,1545.726,185.77,0,13.24,99.39
IntelLabsChina__CAT-Q__qwen3-8b,6945767424,0.4670,2.50,bitmap_B_resident,hbm2,3.97,10652975120,1393016832,5308416,1.53374,2146.8171,42292.3112,44439.1283,-3.55,1244659712,83969.5208,-1.91,1386.658,207.08,0,13.24,99.37
IntelLabsChina__CAT-Q__qwen3-8b,6945767424,0.4670,2.50,bitmap_B_streamed,hbm2,3.97,10652975120,1393016832,5308416,1.53374,2450.1653,42292.3112,44742.4766,-2.89,1244659712,84272.8690,-1.55,1631.378,176.01,0,13.24,99.37
IntelLabsChina__CAT-Q__qwen3-8b,6945767424,0.4670,2.50,five_trit,hbm2_streamed,3.59,11121721344,1393016832,0,1.60122,1919.2576,39926.9796,41846.2372,+0.00,1244659712,77592.8641,+0.00,1200.192,239.25,0,12.94,97.16
IntelLabsChina__CAT-Q__qwen3-8b,6945767424,0.4670,2.50,bitmap_A,hbm2_streamed,3.59,10647666704,1393016832,0,1.53297,2604.2129,38225.1235,40829.3363,-2.43,1244659712,76575.9633,-1.31,1545.726,185.77,0,13.24,99.39
IntelLabsChina__CAT-Q__qwen3-8b,6945767424,0.4670,2.50,bitmap_B_resident,hbm2_streamed,3.59,10652975120,1393016832,5308416,1.53374,2146.8171,38244.1807,40390.9978,-3.48,1244659712,76137.6247,-1.88,1386.658,207.08,0,13.24,99.37
IntelLabsChina__CAT-Q__qwen3-8b,6945767424,0.4670,2.50,bitmap_B_streamed,hbm2_streamed,3.59,10652975120,1393016832,5308416,1.53374,2450.1653,38244.1807,40694.3460,-2.75,1244659712,76440.9729,-1.48,1631.378,176.01,0,13.24,99.37
IntelLabsChina__CAT-Q__qwen3-8b,6945767424,0.4670,2.50,five_trit,lpddr4_package,12,11121721344,1393016832,0,1.60122,1919.2576,133460.6561,135379.9137,+0.00,1244659712,254867.2461,+0.00,1200.192,239.25,0,12.94,97.16
IntelLabsChina__CAT-Q__qwen3-8b,6945767424,0.4670,2.50,bitmap_A,lpddr4_package,12,10647666704,1393016832,0,1.53297,2604.2129,127772.0004,130376.2133,-3.70,1244659712,249863.5457,-1.96,1545.726,185.77,0,13.24,99.39
IntelLabsChina__CAT-Q__qwen3-8b,6945767424,0.4670,2.50,bitmap_B_resident,lpddr4_package,12,10652975120,1393016832,5308416,1.53374,2146.8171,127835.7014,129982.5185,-3.99,1244659712,249469.8509,-2.12,1386.658,207.08,0,13.24,99.37
IntelLabsChina__CAT-Q__qwen3-8b,6945767424,0.4670,2.50,bitmap_B_streamed,lpddr4_package,12,10652975120,1393016832,5308416,1.53374,2450.1653,127835.7014,130285.8668,-3.76,1244659712,249773.1991,-2.00,1631.378,176.01,0,13.24,99.37
IntelLabsChina__CAT-Q__qwen3-8b,6945767424,0.4670,2.50,five_trit,gddr5,14.0,11121721344,1393016832,0,1.60122,1919.2576,155704.0988,157623.3564,+0.00,1244659712,297025.2441,+0.00,1200.192,239.25,0,12.94,97.16
IntelLabsChina__CAT-Q__qwen3-8b,6945767424,0.4670,2.50,bitmap_A,gddr5,14.0,10647666704,1393016832,0,1.53297,2604.2129,149067.3339,151671.5467,-3.78,1244659712,291073.4345,-2.00,1545.726,185.77,0,13.24,99.39
IntelLabsChina__CAT-Q__qwen3-8b,6945767424,0.4670,2.50,bitmap_B_resident,gddr5,14.0,10652975120,1393016832,5308416,1.53374,2146.8171,149141.6517,151288.4688,-4.02,1244659712,290690.3565,-2.13,1386.658,207.08,0,13.24,99.37
IntelLabsChina__CAT-Q__qwen3-8b,6945767424,0.4670,2.50,bitmap_B_streamed,gddr5,14.0,10652975120,1393016832,5308416,1.53374,2450.1653,149141.6517,151591.8170,-3.83,1244659712,290993.7048,-2.03,1631.378,176.01,0,13.24,99.37
IntelLabsChina__CAT-Q__qwen3-8b,6945767424,0.4670,2.50,five_trit,dram_45nm_horowitz,30.5,11121721344,1393016832,0,1.60122,1919.2576,339212.5010,341131.7586,+0.00,1244659712,644828.7283,+0.00,1200.192,239.25,0,12.94,97.16
IntelLabsChina__CAT-Q__qwen3-8b,6945767424,0.4670,2.50,bitmap_A,dram_45nm_horowitz,30.5,10647666704,1393016832,0,1.53297,2604.2129,324753.8345,327358.0473,-4.04,1244659712,631055.0171,-2.14,1545.726,185.77,0,13.24,99.39
IntelLabsChina__CAT-Q__qwen3-8b,6945767424,0.4670,2.50,bitmap_B_resident,dram_45nm_horowitz,30.5,10652975120,1393016832,5308416,1.53374,2146.8171,324915.7412,327062.5582,-4.12,1244659712,630759.5280,-2.18,1386.658,207.08,0,13.24,99.37
IntelLabsChina__CAT-Q__qwen3-8b,6945767424,0.4670,2.50,bitmap_B_streamed,dram_45nm_horowitz,30.5,10652975120,1393016832,5308416,1.53374,2450.1653,324915.7412,327365.9065,-4.04,1244659712,631062.8762,-2.13,1631.378,176.01,0,13.24,99.37
IntelLabsChina__CAT-Q__qwen3-8b,6945767424,0.4670,2.50,five_trit,ddr3_peak,70,11121721344,1393016832,0,1.60122,1919.2576,778520.4941,780439.7517,+0.00,1244659712,1477449.1904,+0.00,1200.192,239.25,0,12.94,97.16
IntelLabsChina__CAT-Q__qwen3-8b,6945767424,0.4670,2.50,bitmap_A,ddr3_peak,70,10647666704,1393016832,0,1.53297,2604.2129,745336.6693,747940.8821,-4.16,1244659712,1444950.3209,-2.20,1545.726,185.77,0,13.24,99.39
IntelLabsChina__CAT-Q__qwen3-8b,6945767424,0.4670,2.50,bitmap_B_resident,ddr3_peak,70,10652975120,1393016832,5308416,1.53374,2146.8171,745708.2584,747855.0755,-4.18,1244659712,1444864.5142,-2.21,1386.658,207.08,0,13.24,99.37
IntelLabsChina__CAT-Q__qwen3-8b,6945767424,0.4670,2.50,bitmap_B_streamed,ddr3_peak,70,10652975120,1393016832,5308416,1.53374,2450.1653,745708.2584,748158.4237,-4.14,1244659712,1445167.8625,-2.18,1631.378,176.01,0,13.24,99.37
SpectraSuite__TriLM_1.1B_Unpacked,968884224,0.4039,1.60,five_trit,sram_8kb_45nm,0.156,1552220160,194949120,0,1.60207,332.9585,242.1463,575.1049,+0.00,180748288,800.6787,+0.00,1373.358,2334.40,2,90.99,683.08
SpectraSuite__TriLM_1.1B_Unpacked,968884224,0.4039,1.60,bitmap_A,sram_8kb_45nm,0.156,1546455950,194949120,0,1.59612,401.9255,241.2471,643.1726,+11.84,180748288,868.7464,+8.50,1624.994,1972.91,2,91.16,684.39
SpectraSuite__TriLM_1.1B_Unpacked,968884224,0.4039,1.60,bitmap_B_resident,sram_8kb_45nm,0.156,1547709326,194949120,1253376,1.59741,332.4665,241.4427,573.9092,-0.21,180748288,799.4831,-0.15,1448.636,2213.09,2,91.12,684.10
SpectraSuite__TriLM_1.1B_Unpacked,968884224,0.4039,1.60,bitmap_B_streamed,sram_8kb_45nm,0.156,1547709326,194949120,1253376,1.59741,374.6821,241.4427,616.1247,+7.13,180748288,841.6986,+5.12,1693.356,1893.26,2,91.12,684.10
SpectraSuite__TriLM_1.1B_Unpacked,968884224,0.4039,1.60,five_trit,sram_32kb_45nm,0.313,1552220160,194949120,0,1.60207,332.9585,485.8449,818.8034,+0.00,180748288,1271.3971,+0.00,1373.358,2334.40,2,90.99,683.08
SpectraSuite__TriLM_1.1B_Unpacked,968884224,0.4039,1.60,bitmap_A,sram_32kb_45nm,0.313,1546455950,194949120,0,1.59612,401.9255,484.0407,885.9662,+8.20,180748288,1338.5599,+5.28,1624.994,1972.91,2,91.16,684.39
SpectraSuite__TriLM_1.1B_Unpacked,968884224,0.4039,1.60,bitmap_B_resident,sram_32kb_45nm,0.313,1547709326,194949120,1253376,1.59741,332.4665,484.4330,816.8996,-0.23,180748288,1269.4933,-0.15,1448.636,2213.09,2,91.12,684.10
SpectraSuite__TriLM_1.1B_Unpacked,968884224,0.4039,1.60,bitmap_B_streamed,sram_32kb_45nm,0.313,1547709326,194949120,1253376,1.59741,374.6821,484.4330,859.1151,+4.92,180748288,1311.7088,+3.17,1693.356,1893.26,2,91.12,684.10
SpectraSuite__TriLM_1.1B_Unpacked,968884224,0.4039,1.60,five_trit,sram_1mb_45nm,1.563,1552220160,194949120,0,1.60207,332.9585,2426.1201,2759.0786,+0.00,180748288,5019.1552,+0.00,1373.358,2334.40,2,90.99,683.08
SpectraSuite__TriLM_1.1B_Unpacked,968884224,0.4039,1.60,bitmap_A,sram_1mb_45nm,1.563,1546455950,194949120,0,1.59612,401.9255,2417.1106,2819.0361,+2.17,180748288,5079.1127,+1.19,1624.994,1972.91,2,91.16,684.39
SpectraSuite__TriLM_1.1B_Unpacked,968884224,0.4039,1.60,bitmap_B_resident,sram_1mb_45nm,1.563,1547709326,194949120,1253376,1.59741,332.4665,2419.0697,2751.5362,-0.27,180748288,5011.6128,-0.15,1448.636,2213.09,2,91.12,684.10
SpectraSuite__TriLM_1.1B_Unpacked,968884224,0.4039,1.60,bitmap_B_streamed,sram_1mb_45nm,1.563,1547709326,194949120,1253376,1.59741,374.6821,2419.0697,2793.7517,+1.26,180748288,5053.8283,+0.69,1693.356,1893.26,2,91.12,684.10
SpectraSuite__TriLM_1.1B_Unpacked,968884224,0.4039,1.60,five_trit,sram_1mb_45nm_cacti,1.058,1552220160,194949120,0,1.60207,332.9585,1642.2489,1975.2074,+0.00,180748288,3505.0609,+0.00,1373.358,2334.40,2,90.99,683.08
SpectraSuite__TriLM_1.1B_Unpacked,968884224,0.4039,1.60,bitmap_A,sram_1mb_45nm_cacti,1.058,1546455950,194949120,0,1.59612,401.9255,1636.1504,2038.0758,+3.18,180748288,3567.9294,+1.79,1624.994,1972.91,2,91.16,684.39
SpectraSuite__TriLM_1.1B_Unpacked,968884224,0.4039,1.60,bitmap_B_resident,sram_1mb_45nm_cacti,1.058,1547709326,194949120,1253376,1.59741,332.4665,1637.4765,1969.9430,-0.27,180748288,3499.7965,-0.15,1448.636,2213.09,2,91.12,684.10
SpectraSuite__TriLM_1.1B_Unpacked,968884224,0.4039,1.60,bitmap_B_streamed,sram_1mb_45nm_cacti,1.058,1547709326,194949120,1253376,1.59741,374.6821,1637.4765,2012.1585,+1.87,180748288,3542.0120,+1.05,1693.356,1893.26,2,91.12,684.10
SpectraSuite__TriLM_1.1B_Unpacked,968884224,0.4039,1.60,five_trit,sram_32kb_7nm,0.133,1552220160,194949120,0,1.60207,332.9585,206.4453,539.4038,+0.00,180748288,731.7200,+0.00,1373.358,2334.40,2,90.99,683.08
SpectraSuite__TriLM_1.1B_Unpacked,968884224,0.4039,1.60,bitmap_A,sram_32kb_7nm,0.133,1546455950,194949120,0,1.59612,401.9255,205.6786,607.6041,+12.64,180748288,799.9203,+9.32,1624.994,1972.91,2,91.16,684.39
SpectraSuite__TriLM_1.1B_Unpacked,968884224,0.4039,1.60,bitmap_B_resident,sram_32kb_7nm,0.133,1547709326,194949120,1253376,1.59741,332.4665,205.8453,538.3119,-0.20,180748288,730.6281,-0.15,1448.636,2213.09,2,91.12,684.10
SpectraSuite__TriLM_1.1B_Unpacked,968884224,0.4039,1.60,bitmap_B_streamed,sram_32kb_7nm,0.133,1547709326,194949120,1253376,1.59741,374.6821,205.8453,580.5274,+7.62,180748288,772.8436,+5.62,1693.356,1893.26,2,91.12,684.10
SpectraSuite__TriLM_1.1B_Unpacked,968884224,0.4039,1.60,five_trit,sram_1mb_7nm,0.219,1552220160,194949120,0,1.60207,332.9585,339.9362,672.8947,+0.00,180748288,989.5657,+0.00,1373.358,2334.40,2,90.99,683.08
SpectraSuite__TriLM_1.1B_Unpacked,968884224,0.4039,1.60,bitmap_A,sram_1mb_7nm,0.219,1546455950,194949120,0,1.59612,401.9255,338.6739,740.5993,+10.06,180748288,1057.2703,+6.84,1624.994,1972.91,2,91.16,684.39
SpectraSuite__TriLM_1.1B_Unpacked,968884224,0.4039,1.60,bitmap_B_resident,sram_1mb_7nm,0.219,1547709326,194949120,1253376,1.59741,332.4665,338.9483,671.4149,-0.22,180748288,988.0859,-0.15,1448.636,2213.09,2,91.12,684.10
SpectraSuite__TriLM_1.1B_Unpacked,968884224,0.4039,1.60,bitmap_B_streamed,sram_1mb_7nm,0.219,1547709326,194949120,1253376,1.59741,374.6821,338.9483,713.6304,+6.05,180748288,1030.3014,+4.12,1693.356,1893.26,2,91.12,684.10
SpectraSuite__TriLM_1.1B_Unpacked,968884224,0.4039,1.60,five_trit,hbm2,3.97,1552220160,194949120,0,1.60207,332.9585,6162.3140,6495.2725,+0.00,180748288,12235.8382,+0.00,1373.358,2334.40,2,90.99,683.08
SpectraSuite__TriLM_1.1B_Unpacked,968884224,0.4039,1.60,bitmap_A,hbm2,3.97,1546455950,194949120,0,1.59612,401.9255,6139.4301,6541.3556,+0.71,180748288,12281.9212,+0.38,1624.994,1972.91,2,91.16,684.39
SpectraSuite__TriLM_1.1B_Unpacked,968884224,0.4039,1.60,bitmap_B_resident,hbm2,3.97,1547709326,194949120,1253376,1.59741,332.4665,6144.4060,6476.8726,-0.28,180748288,12217.4382,-0.15,1448.636,2213.09,2,91.12,684.10
SpectraSuite__TriLM_1.1B_Unpacked,968884224,0.4039,1.60,bitmap_B_streamed,hbm2,3.97,1547709326,194949120,1253376,1.59741,374.6821,6144.4060,6519.0881,+0.37,180748288,12259.6537,+0.19,1693.356,1893.26,2,91.12,684.10
SpectraSuite__TriLM_1.1B_Unpacked,968884224,0.4039,1.60,five_trit,hbm2_streamed,3.59,1552220160,194949120,0,1.60207,332.9585,5572.4704,5905.4289,+0.00,180748288,11096.5197,+0.00,1373.358,2334.40,2,90.99,683.08
SpectraSuite__TriLM_1.1B_Unpacked,968884224,0.4039,1.60,bitmap_A,hbm2_streamed,3.59,1546455950,194949120,0,1.59612,401.9255,5551.7769,5953.7023,+0.82,180748288,11144.7931,+0.44,1624.994,1972.91,2,91.16,684.39
SpectraSuite__TriLM_1.1B_Unpacked,968884224,0.4039,1.60,bitmap_B_resident,hbm2_streamed,3.59,1547709326,194949120,1253376,1.59741,332.4665,5556.2765,5888.7430,-0.28,180748288,11079.8339,-0.15,1448.636,2213.09,2,91.12,684.10
SpectraSuite__TriLM_1.1B_Unpacked,968884224,0.4039,1.60,bitmap_B_streamed,hbm2_streamed,3.59,1547709326,194949120,1253376,1.59741,374.6821,5556.2765,5930.9586,+0.43,180748288,11122.0494,+0.23,1693.356,1893.26,2,91.12,684.10
SpectraSuite__TriLM_1.1B_Unpacked,968884224,0.4039,1.60,five_trit,lpddr4_package,12,1552220160,194949120,0,1.60207,332.9585,18626.6419,18959.6004,+0.00,180748288,36311.4361,+0.00,1373.358,2334.40,2,90.99,683.08
SpectraSuite__TriLM_1.1B_Unpacked,968884224,0.4039,1.60,bitmap_A,lpddr4_package,12,1546455950,194949120,0,1.59612,401.9255,18557.4714,18959.3969,-0.00,180748288,36311.2325,-0.00,1624.994,1972.91,2,91.16,684.39
SpectraSuite__TriLM_1.1B_Unpacked,968884224,0.4039,1.60,bitmap_B_resident,lpddr4_package,12,1547709326,194949120,1253376,1.59741,332.4665,18572.5119,18904.9785,-0.29,180748288,36256.8141,-0.15,1448.636,2213.09,2,91.12,684.10
SpectraSuite__TriLM_1.1B_Unpacked,968884224,0.4039,1.60,bitmap_B_streamed,lpddr4_package,12,1547709326,194949120,1253376,1.59741,374.6821,18572.5119,18947.1940,-0.07,180748288,36299.0296,-0.03,1693.356,1893.26,2,91.12,684.10
SpectraSuite__TriLM_1.1B_Unpacked,968884224,0.4039,1.60,five_trit,gddr5,14.0,1552220160,194949120,0,1.60207,332.9585,21731.0822,22064.0407,+0.00,180748288,42307.8490,+0.00,1373.358,2334.40,2,90.99,683.08
SpectraSuite__TriLM_1.1B_Unpacked,968884224,0.4039,1.60,bitmap_A,gddr5,14.0,1546455950,194949120,0,1.59612,401.9255,21650.3833,22052.3088,-0.05,180748288,42296.1170,-0.03,1624.994,1972.91,2,91.16,684.39
SpectraSuite__TriLM_1.1B_Unpacked,968884224,0.4039,1.60,bitmap_B_resident,gddr5,14.0,1547709326,194949120,1253376,1.59741,332.4665,21667.9306,22000.3971,-0.29,180748288,42244.2054,-0.15,1448.636,2213.09,2,91.12,684.10
SpectraSuite__TriLM_1.1B_Unpacked,968884224,0.4039,1.60,bitmap_B_streamed,gddr5,14.0,1547709326,194949120,1253376,1.59741,374.6821,21667.9306,22042.6126,-0.10,180748288,42286.4209,-0.05,1693.356,1893.26,2,91.12,684.10
SpectraSuite__TriLM_1.1B_Unpacked,968884224,0.4039,1.60,five_trit,dram_45nm_horowitz,30.5,1552220160,194949120,0,1.60207,332.9585,47342.7149,47675.6734,+0.00,180748288,91778.2557,+0.00,1373.358,2334.40,2,90.99,683.08
SpectraSuite__TriLM_1.1B_Unpacked,968884224,0.4039,1.60,bitmap_A,dram_45nm_horowitz,30.5,1546455950,194949120,0,1.59612,401.9255,47166.9065,47568.8319,-0.22,180748288,91671.4142,-0.12,1624.994,1972.91,2,91.16,684.39
SpectraSuite__TriLM_1.1B_Unpacked,968884224,0.4039,1.60,bitmap_B_resident,dram_45nm_horowitz,30.5,1547709326,194949120,1253376,1.59741,332.4665,47205.1344,47537.6010,-0.29,180748288,91640.1833,-0.15,1448.636,2213.09,2,91.12,684.10
SpectraSuite__TriLM_1.1B_Unpacked,968884224,0.4039,1.60,bitmap_B_streamed,dram_45nm_horowitz,30.5,1547709326,194949120,1253376,1.59741,374.6821,47205.1344,47579.8165,-0.20,180748288,91682.3988,-0.10,1693.356,1893.26,2,91.12,684.10
SpectraSuite__TriLM_1.1B_Unpacked,968884224,0.4039,1.60,five_trit,ddr3_peak,70,1552220160,194949120,0,1.60207,332.9585,108655.4112,108988.3697,+0.00,180748288,210207.4110,+0.00,1373.358,2334.40,2,90.99,683.08
SpectraSuite__TriLM_1.1B_Unpacked,968884224,0.4039,1.60,bitmap_A,ddr3_peak,70,1546455950,194949120,0,1.59612,401.9255,108251.9165,108653.8420,-0.31,180748288,209872.8832,-0.16,1624.994,1972.91,2,91.16,684.39
SpectraSuite__TriLM_1.1B_Unpacked,968884224,0.4039,1.60,bitmap_B_resident,ddr3_peak,70,1547709326,194949120,1253376,1.59741,332.4665,108339.6528,108672.1194,-0.29,180748288,209891.1606,-0.15,1448.636,2213.09,2,91.12,684.10
SpectraSuite__TriLM_1.1B_Unpacked,968884224,0.4039,1.60,bitmap_B_streamed,ddr3_peak,70,1547709326,194949120,1253376,1.59741,374.6821,108339.6528,108714.3349,-0.25,180748288,209933.3762,-0.13,1693.356,1893.26,2,91.12,684.10
SpectraSuite__TriLM_1.1B_Unpacked,968884224,0.4039,2.00,five_trit,sram_8kb_45nm,0.156,1552220160,194949120,0,1.60207,281.6522,242.1463,523.7985,+0.00,180748288,749.3724,+0.00,1221.206,2100.20,2,90.99,683.08
SpectraSuite__TriLM_1.1B_Unpacked,968884224,0.4039,2.00,bitmap_A,sram_8kb_45nm,0.156,1546455950,194949120,0,1.59612,368.2322,241.2471,609.4794,+16.36,180748288,835.0532,+11.43,1573.656,1629.82,2,91.16,684.39
SpectraSuite__TriLM_1.1B_Unpacked,968884224,0.4039,2.00,bitmap_B_resident,sram_8kb_45nm,0.156,1547709326,194949120,1253376,1.59741,308.7104,241.4427,550.1530,+5.03,180748288,775.7269,+3.52,1412.194,1816.16,2,91.12,684.10
SpectraSuite__TriLM_1.1B_Unpacked,968884224,0.4039,2.00,bitmap_B_streamed,sram_8kb_45nm,0.156,1547709326,194949120,1253376,1.59741,351.2818,241.4427,592.7245,+13.16,180748288,818.2984,+9.20,1656.914,1547.92,2,91.12,684.10
SpectraSuite__TriLM_1.1B_Unpacked,968884224,0.4039,2.00,five_trit,sram_32kb_45nm,0.313,1552220160,194949120,0,1.60207,281.6522,485.8449,767.4971,+0.00,180748288,1220.0908,+0.00,1221.206,2100.20,2,90.99,683.08
SpectraSuite__TriLM_1.1B_Unpacked,968884224,0.4039,2.00,bitmap_A,sram_32kb_45nm,0.313,1546455950,194949120,0,1.59612,368.2322,484.0407,852.2729,+11.05,180748288,1304.8667,+6.95,1573.656,1629.82,2,91.16,684.39
SpectraSuite__TriLM_1.1B_Unpacked,968884224,0.4039,2.00,bitmap_B_resident,sram_32kb_45nm,0.313,1547709326,194949120,1253376,1.59741,308.7104,484.4330,793.1434,+3.34,180748288,1245.7371,+2.10,1412.194,1816.16,2,91.12,684.10
SpectraSuite__TriLM_1.1B_Unpacked,968884224,0.4039,2.00,bitmap_B_streamed,sram_32kb_45nm,0.313,1547709326,194949120,1253376,1.59741,351.2818,484.4330,835.7149,+8.89,180748288,1288.3086,+5.59,1656.914,1547.92,2,91.12,684.10
SpectraSuite__TriLM_1.1B_Unpacked,968884224,0.4039,2.00,five_trit,sram_1mb_45nm,1.563,1552220160,194949120,0,1.60207,281.6522,2426.1201,2707.7723,+0.00,180748288,4967.8489,+0.00,1221.206,2100.20,2,90.99,683.08
SpectraSuite__TriLM_1.1B_Unpacked,968884224,0.4039,2.00,bitmap_A,sram_1mb_45nm,1.563,1546455950,194949120,0,1.59612,368.2322,2417.1106,2785.3429,+2.86,180748288,5045.4195,+1.56,1573.656,1629.82,2,91.16,684.39
SpectraSuite__TriLM_1.1B_Unpacked,968884224,0.4039,2.00,bitmap_B_resident,sram_1mb_45nm,1.563,1547709326,194949120,1253376,1.59741,308.7104,2419.0697,2727.7801,+0.74,180748288,4987.8566,+0.40,1412.194,1816.16,2,91.12,684.10
SpectraSuite__TriLM_1.1B_Unpacked,968884224,0.4039,2.00,bitmap_B_streamed,sram_1mb_45nm,1.563,1547709326,194949120,1253376,1.59741,351.2818,2419.0697,2770.3515,+2.31,180748288,5030.4281,+1.26,1656.914,1547.92,2,91.12,684.10
SpectraSuite__TriLM_1.1B_Unpacked,968884224,0.4039,2.00,five_trit,sram_1mb_45nm_cacti,1.058,1552220160,194949120,0,1.60207,281.6522,1642.2489,1923.9011,+0.00,180748288,3453.7546,+0.00,1221.206,2100.20,2,90.99,683.08
SpectraSuite__TriLM_1.1B_Unpacked,968884224,0.4039,2.00,bitmap_A,sram_1mb_45nm_cacti,1.058,1546455950,194949120,0,1.59612,368.2322,1636.1504,2004.3826,+4.18,180748288,3534.2361,+2.33,1573.656,1629.82,2,91.16,684.39
SpectraSuite__TriLM_1.1B_Unpacked,968884224,0.4039,2.00,bitmap_B_resident,sram_1mb_45nm_cacti,1.058,1547709326,194949120,1253376,1.59741,308.7104,1637.4765,1946.1868,+1.16,180748288,3476.0404,+0.65,1412.194,1816.16,2,91.12,684.10
SpectraSuite__TriLM_1.1B_Unpacked,968884224,0.4039,2.00,bitmap_B_streamed,sram_1mb_45nm_cacti,1.058,1547709326,194949120,1253376,1.59741,351.2818,1637.4765,1988.7583,+3.37,180748288,3518.6118,+1.88,1656.914,1547.92,2,91.12,684.10
SpectraSuite__TriLM_1.1B_Unpacked,968884224,0.4039,2.00,five_trit,sram_32kb_7nm,0.133,1552220160,194949120,0,1.60207,281.6522,206.4453,488.0975,+0.00,180748288,680.4136,+0.00,1221.206,2100.20,2,90.99,683.08
SpectraSuite__TriLM_1.1B_Unpacked,968884224,0.4039,2.00,bitmap_A,sram_32kb_7nm,0.133,1546455950,194949120,0,1.59612,368.2322,205.6786,573.9109,+17.58,180748288,766.2270,+12.61,1573.656,1629.82,2,91.16,684.39
SpectraSuite__TriLM_1.1B_Unpacked,968884224,0.4039,2.00,bitmap_B_resident,sram_32kb_7nm,0.133,1547709326,194949120,1253376,1.59741,308.7104,205.8453,514.5557,+5.42,180748288,706.8719,+3.89,1412.194,1816.16,2,91.12,684.10
SpectraSuite__TriLM_1.1B_Unpacked,968884224,0.4039,2.00,bitmap_B_streamed,sram_32kb_7nm,0.133,1547709326,194949120,1253376,1.59741,351.2818,205.8453,557.1272,+14.14,180748288,749.4434,+10.15,1656.914,1547.92,2,91.12,684.10
SpectraSuite__TriLM_1.1B_Unpacked,968884224,0.4039,2.00,five_trit,sram_1mb_7nm,0.219,1552220160,194949120,0,1.60207,281.6522,339.9362,621.5884,+0.00,180748288,938.2594,+0.00,1221.206,2100.20,2,90.99,683.08
SpectraSuite__TriLM_1.1B_Unpacked,968884224,0.4039,2.00,bitmap_A,sram_1mb_7nm,0.219,1546455950,194949120,0,1.59612,368.2322,338.6739,706.9061,+13.73,180748288,1023.5771,+9.09,1573.656,1629.82,2,91.16,684.39
SpectraSuite__TriLM_1.1B_Unpacked,968884224,0.4039,2.00,bitmap_B_resident,sram_1mb_7nm,0.219,1547709326,194949120,1253376,1.59741,308.7104,338.9483,647.6587,+4.19,180748288,964.3297,+2.78,1412.194,1816.16,2,91.12,684.10
SpectraSuite__TriLM_1.1B_Unpacked,968884224,0.4039,2.00,bitmap_B_streamed,sram_1mb_7nm,0.219,1547709326,194949120,1253376,1.59741,351.2818,338.9483,690.2302,+11.04,180748288,1006.9012,+7.32,1656.914,1547.92,2,91.12,684.10
SpectraSuite__TriLM_1.1B_Unpacked,968884224,0.4039,2.00,five_trit,hbm2,3.97,1552220160,194949120,0,1.60207,281.6522,6162.3140,6443.9662,+0.00,180748288,12184.5318,+0.00,1221.206,2100.20,2,90.99,683.08
SpectraSuite__TriLM_1.1B_Unpacked,968884224,0.4039,2.00,bitmap_A,hbm2,3.97,1546455950,194949120,0,1.59612,368.2322,6139.4301,6507.6623,+0.99,180748288,12248.2280,+0.52,1573.656,1629.82,2,91.16,684.39
SpectraSuite__TriLM_1.1B_Unpacked,968884224,0.4039,2.00,bitmap_B_resident,hbm2,3.97,1547709326,194949120,1253376,1.59741,308.7104,6144.4060,6453.1164,+0.14,180748288,12193.6820,+0.08,1412.194,1816.16,2,91.12,684.10
SpectraSuite__TriLM_1.1B_Unpacked,968884224,0.4039,2.00,bitmap_B_streamed,hbm2,3.97,1547709326,194949120,1253376,1.59741,351.2818,6144.4060,6495.6879,+0.80,180748288,12236.2535,+0.42,1656.914,1547.92,2,91.12,684.10
SpectraSuite__TriLM_1.1B_Unpacked,968884224,0.4039,2.00,five_trit,hbm2_streamed,3.59,1552220160,194949120,0,1.60207,281.6522,5572.4704,5854.1226,+0.00,180748288,11045.2134,+0.00,1221.206,2100.20,2,90.99,683.08
SpectraSuite__TriLM_1.1B_Unpacked,968884224,0.4039,2.00,bitmap_A,hbm2_streamed,3.59,1546455950,194949120,0,1.59612,368.2322,5551.7769,5920.0091,+1.13,180748288,11111.0999,+0.60,1573.656,1629.82,2,91.16,684.39
SpectraSuite__TriLM_1.1B_Unpacked,968884224,0.4039,2.00,bitmap_B_resident,hbm2_streamed,3.59,1547709326,194949120,1253376,1.59741,308.7104,5556.2765,5864.9869,+0.19,180748288,11056.0777,+0.10,1412.194,1816.16,2,91.12,684.10
SpectraSuite__TriLM_1.1B_Unpacked,968884224,0.4039,2.00,bitmap_B_streamed,hbm2_streamed,3.59,1547709326,194949120,1253376,1.59741,351.2818,5556.2765,5907.5583,+0.91,180748288,11098.6492,+0.48,1656.914,1547.92,2,91.12,684.10
SpectraSuite__TriLM_1.1B_Unpacked,968884224,0.4039,2.00,five_trit,lpddr4_package,12,1552220160,194949120,0,1.60207,281.6522,18626.6419,18908.2941,+0.00,180748288,36260.1297,+0.00,1221.206,2100.20,2,90.99,683.08
SpectraSuite__TriLM_1.1B_Unpacked,968884224,0.4039,2.00,bitmap_A,lpddr4_package,12,1546455950,194949120,0,1.59612,368.2322,18557.4714,18925.7036,+0.09,180748288,36277.5393,+0.05,1573.656,1629.82,2,91.16,684.39
SpectraSuite__TriLM_1.1B_Unpacked,968884224,0.4039,2.00,bitmap_B_resident,lpddr4_package,12,1547709326,194949120,1253376,1.59741,308.7104,18572.5119,18881.2223,-0.14,180748288,36233.0579,-0.07,1412.194,1816.16,2,91.12,684.10
SpectraSuite__TriLM_1.1B_Unpacked,968884224,0.4039,2.00,bitmap_B_streamed,lpddr4_package,12,1547709326,194949120,1253376,1.59741,351.2818,18572.5119,18923.7938,+0.08,180748288,36275.6294,+0.04,1656.914,1547.92,2,91.12,684.10
SpectraSuite__TriLM_1.1B_Unpacked,968884224,0.4039,2.00,five_trit,gddr5,14.0,1552220160,194949120,0,1.60207,281.6522,21731.0822,22012.7344,+0.00,180748288,42256.5427,+0.00,1221.206,2100.20,2,90.99,683.08
SpectraSuite__TriLM_1.1B_Unpacked,968884224,0.4039,2.00,bitmap_A,gddr5,14.0,1546455950,194949120,0,1.59612,368.2322,21650.3833,22018.6155,+0.03,180748288,42262.4238,+0.01,1573.656,1629.82,2,91.16,684.39
SpectraSuite__TriLM_1.1B_Unpacked,968884224,0.4039,2.00,bitmap_B_resident,gddr5,14.0,1547709326,194949120,1253376,1.59741,308.7104,21667.9306,21976.6409,-0.16,180748288,42220.4492,-0.09,1412.194,1816.16,2,91.12,684.10
SpectraSuite__TriLM_1.1B_Unpacked,968884224,0.4039,2.00,bitmap_B_streamed,gddr5,14.0,1547709326,194949120,1253376,1.59741,351.2818,21667.9306,22019.2124,+0.03,180748288,42263.0207,+0.02,1656.914,1547.92,2,91.12,684.10
SpectraSuite__TriLM_1.1B_Unpacked,968884224,0.4039,2.00,five_trit,dram_45nm_horowitz,30.5,1552220160,194949120,0,1.60207,281.6522,47342.7149,47624.3671,+0.00,180748288,91726.9493,+0.00,1221.206,2100.20,2,90.99,683.08
SpectraSuite__TriLM_1.1B_Unpacked,968884224,0.4039,2.00,bitmap_A,dram_45nm_horowitz,30.5,1546455950,194949120,0,1.59612,368.2322,47166.9065,47535.1387,-0.19,180748288,91637.7210,-0.10,1573.656,1629.82,2,91.16,684.39
SpectraSuite__TriLM_1.1B_Unpacked,968884224,0.4039,2.00,bitmap_B_resident,dram_45nm_horowitz,30.5,1547709326,194949120,1253376,1.59741,308.7104,47205.1344,47513.8448,-0.23,180748288,91616.4271,-0.12,1412.194,1816.16,2,91.12,684.10
SpectraSuite__TriLM_1.1B_Unpacked,968884224,0.4039,2.00,bitmap_B_streamed,dram_45nm_horowitz,30.5,1547709326,194949120,1253376,1.59741,351.2818,47205.1344,47556.4163,-0.14,180748288,91658.9986,-0.07,1656.914,1547.92,2,91.12,684.10
SpectraSuite__TriLM_1.1B_Unpacked,968884224,0.4039,2.00,five_trit,ddr3_peak,70,1552220160,194949120,0,1.60207,281.6522,108655.4112,108937.0634,+0.00,180748288,210156.1047,+0.00,1221.206,2100.20,2,90.99,683.08
SpectraSuite__TriLM_1.1B_Unpacked,968884224,0.4039,2.00,bitmap_A,ddr3_peak,70,1546455950,194949120,0,1.59612,368.2322,108251.9165,108620.1487,-0.29,180748288,209839.1900,-0.15,1573.656,1629.82,2,91.16,684.39
SpectraSuite__TriLM_1.1B_Unpacked,968884224,0.4039,2.00,bitmap_B_resident,ddr3_peak,70,1547709326,194949120,1253376,1.59741,308.7104,108339.6528,108648.3632,-0.27,180748288,209867.4045,-0.14,1412.194,1816.16,2,91.12,684.10
SpectraSuite__TriLM_1.1B_Unpacked,968884224,0.4039,2.00,bitmap_B_streamed,ddr3_peak,70,1547709326,194949120,1253376,1.59741,351.2818,108339.6528,108690.9347,-0.23,180748288,209909.9759,-0.12,1656.914,1547.92,2,91.12,684.10
SpectraSuite__TriLM_1.1B_Unpacked,968884224,0.4039,2.50,five_trit,sram_8kb_45nm,0.156,1552220160,194949120,0,1.60207,274.2352,242.1463,516.3815,+0.00,180748288,741.9554,+0.00,1200.192,1709.57,2,90.99,683.08
SpectraSuite__TriLM_1.1B_Unpacked,968884224,0.4039,2.50,bitmap_A,sram_8kb_45nm,0.156,1546455950,194949120,0,1.59612,369.0731,241.2471,610.3203,+18.19,180748288,835.8941,+12.66,1545.726,1327.41,2,91.16,684.39
SpectraSuite__TriLM_1.1B_Unpacked,968884224,0.4039,2.50,bitmap_B_resident,sram_8kb_45nm,0.156,1547709326,194949120,1253376,1.59741,305.4685,241.4427,546.9111,+5.91,180748288,772.4850,+4.11,1386.658,1479.69,2,91.12,684.10
SpectraSuite__TriLM_1.1B_Unpacked,968884224,0.4039,2.50,bitmap_B_streamed,sram_8kb_45nm,0.156,1547709326,194949120,1253376,1.59741,348.4848,241.4427,589.9274,+14.24,180748288,815.5013,+9.91,1631.378,1257.72,2,91.12,684.10
SpectraSuite__TriLM_1.1B_Unpacked,968884224,0.4039,2.50,five_trit,sram_32kb_45nm,0.313,1552220160,194949120,0,1.60207,274.2352,485.8449,760.0801,+0.00,180748288,1212.6738,+0.00,1200.192,1709.57,2,90.99,683.08
SpectraSuite__TriLM_1.1B_Unpacked,968884224,0.4039,2.50,bitmap_A,sram_32kb_45nm,0.313,1546455950,194949120,0,1.59612,369.0731,484.0407,853.1139,+12.24,180748288,1305.7076,+7.67,1545.726,1327.41,2,91.16,684.39
SpectraSuite__TriLM_1.1B_Unpacked,968884224,0.4039,2.50,bitmap_B_resident,sram_32kb_45nm,0.313,1547709326,194949120,1253376,1.59741,305.4685,484.4330,789.9015,+3.92,180748288,1242.4952,+2.46,1386.658,1479.69,2,91.12,684.10
SpectraSuite__TriLM_1.1B_Unpacked,968884224,0.4039,2.50,bitmap_B_streamed,sram_32kb_45nm,0.313,1547709326,194949120,1253376,1.59741,348.4848,484.4330,832.9178,+9.58,180748288,1285.5115,+6.01,1631.378,1257.72,2,91.12,684.10
SpectraSuite__TriLM_1.1B_Unpacked,968884224,0.4039,2.50,five_trit,sram_1mb_45nm,1.563,1552220160,194949120,0,1.60207,274.2352,2426.1201,2700.3553,+0.00,180748288,4960.4319,+0.00,1200.192,1709.57,2,90.99,683.08
SpectraSuite__TriLM_1.1B_Unpacked,968884224,0.4039,2.50,bitmap_A,sram_1mb_45nm,1.563,1546455950,194949120,0,1.59612,369.0731,2417.1106,2786.1838,+3.18,180748288,5046.2604,+1.73,1545.726,1327.41,2,91.16,684.39
SpectraSuite__TriLM_1.1B_Unpacked,968884224,0.4039,2.50,bitmap_B_resident,sram_1mb_45nm,1.563,1547709326,194949120,1253376,1.59741,305.4685,2419.0697,2724.5381,+0.90,180748288,4984.6147,+0.49,1386.658,1479.69,2,91.12,684.10
SpectraSuite__TriLM_1.1B_Unpacked,968884224,0.4039,2.50,bitmap_B_streamed,sram_1mb_45nm,1.563,1547709326,194949120,1253376,1.59741,348.4848,2419.0697,2767.5544,+2.49,180748288,5027.6310,+1.35,1631.378,1257.72,2,91.12,684.10
SpectraSuite__TriLM_1.1B_Unpacked,968884224,0.4039,2.50,five_trit,sram_1mb_45nm_cacti,1.058,1552220160,194949120,0,1.60207,274.2352,1642.2489,1916.4841,+0.00,180748288,3446.3376,+0.00,1200.192,1709.57,2,90.99,683.08
SpectraSuite__TriLM_1.1B_Unpacked,968884224,0.4039,2.50,bitmap_A,sram_1mb_45nm_cacti,1.058,1546455950,194949120,0,1.59612,369.0731,1636.1504,2005.2235,+4.63,180748288,3535.0770,+2.57,1545.726,1327.41,2,91.16,684.39
SpectraSuite__TriLM_1.1B_Unpacked,968884224,0.4039,2.50,bitmap_B_resident,sram_1mb_45nm_cacti,1.058,1547709326,194949120,1253376,1.59741,305.4685,1637.4765,1942.9449,+1.38,180748288,3472.7984,+0.77,1386.658,1479.69,2,91.12,684.10
SpectraSuite__TriLM_1.1B_Unpacked,968884224,0.4039,2.50,bitmap_B_streamed,sram_1mb_45nm_cacti,1.058,1547709326,194949120,1253376,1.59741,348.4848,1637.4765,1985.9612,+3.63,180748288,3515.8147,+2.02,1631.378,1257.72,2,91.12,684.10
SpectraSuite__TriLM_1.1B_Unpacked,968884224,0.4039,2.50,five_trit,sram_32kb_7nm,0.133,1552220160,194949120,0,1.60207,274.2352,206.4453,480.6805,+0.00,180748288,672.9967,+0.00,1200.192,1709.57,2,90.99,683.08
SpectraSuite__TriLM_1.1B_Unpacked,968884224,0.4039,2.50,bitmap_A,sram_32kb_7nm,0.133,1546455950,194949120,0,1.59612,369.0731,205.6786,574.7518,+19.57,180748288,767.0680,+13.98,1545.726,1327.41,2,91.16,684.39
SpectraSuite__TriLM_1.1B_Unpacked,968884224,0.4039,2.50,bitmap_B_resident,sram_32kb_7nm,0.133,1547709326,194949120,1253376,1.59741,305.4685,205.8453,511.3138,+6.37,180748288,703.6300,+4.55,1386.658,1479.69,2,91.12,684.10
SpectraSuite__TriLM_1.1B_Unpacked,968884224,0.4039,2.50,bitmap_B_streamed,sram_32kb_7nm,0.133,1547709326,194949120,1253376,1.59741,348.4848,205.8453,554.3301,+15.32,180748288,746.6463,+10.94,1631.378,1257.72,2,91.12,684.10
SpectraSuite__TriLM_1.1B_Unpacked,968884224,0.4039,2.50,five_trit,sram_1mb_7nm,0.219,1552220160,194949120,0,1.60207,274.2352,339.9362,614.1714,+0.00,180748288,930.8424,+0.00,1200.192,1709.57,2,90.99,683.08
SpectraSuite__TriLM_1.1B_Unpacked,968884224,0.4039,2.50,bitmap_A,sram_1mb_7nm,0.219,1546455950,194949120,0,1.59612,369.0731,338.6739,707.7470,+15.24,180748288,1024.4180,+10.05,1545.726,1327.41,2,91.16,684.39
SpectraSuite__TriLM_1.1B_Unpacked,968884224,0.4039,2.50,bitmap_B_resident,sram_1mb_7nm,0.219,1547709326,194949120,1253376,1.59741,305.4685,338.9483,644.4168,+4.92,180748288,961.0878,+3.25,1386.658,1479.69,2,91.12,684.10
SpectraSuite__TriLM_1.1B_Unpacked,968884224,0.4039,2.50,bitmap_B_streamed,sram_1mb_7nm,0.219,1547709326,194949120,1253376,1.59741,348.4848,338.9483,687.4331,+11.93,180748288,1004.1041,+7.87,1631.378,1257.72,2,91.12,684.10
SpectraSuite__TriLM_1.1B_Unpacked,968884224,0.4039,2.50,five_trit,hbm2,3.97,1552220160,194949120,0,1.60207,274.2352,6162.3140,6436.5492,+0.00,180748288,12177.1149,+0.00,1200.192,1709.57,2,90.99,683.08
SpectraSuite__TriLM_1.1B_Unpacked,968884224,0.4039,2.50,bitmap_A,hbm2,3.97,1546455950,194949120,0,1.59612,369.0731,6139.4301,6508.5033,+1.12,180748288,12249.0689,+0.59,1545.726,1327.41,2,91.16,684.39
SpectraSuite__TriLM_1.1B_Unpacked,968884224,0.4039,2.50,bitmap_B_resident,hbm2,3.97,1547709326,194949120,1253376,1.59741,305.4685,6144.4060,6449.8745,+0.21,180748288,12190.4401,+0.11,1386.658,1479.69,2,91.12,684.10
SpectraSuite__TriLM_1.1B_Unpacked,968884224,0.4039,2.50,bitmap_B_streamed,hbm2,3.97,1547709326,194949120,1253376,1.59741,348.4848,6144.4060,6492.8908,+0.88,180748288,12233.4564,+0.46,1631.378,1257.72,2,91.12,684.10
SpectraSuite__TriLM_1.1B_Unpacked,968884224,0.4039,2.50,five_trit,hbm2_streamed,3.59,1552220160,194949120,0,1.60207,274.2352,5572.4704,5846.7056,+0.00,180748288,11037.7964,+0.00,1200.192,1709.57,2,90.99,683.08
SpectraSuite__TriLM_1.1B_Unpacked,968884224,0.4039,2.50,bitmap_A,hbm2_streamed,3.59,1546455950,194949120,0,1.59612,369.0731,5551.7769,5920.8500,+1.27,180748288,11111.9408,+0.67,1545.726,1327.41,2,91.16,684.39
SpectraSuite__TriLM_1.1B_Unpacked,968884224,0.4039,2.50,bitmap_B_resident,hbm2_streamed,3.59,1547709326,194949120,1253376,1.59741,305.4685,5556.2765,5861.7449,+0.26,180748288,11052.8358,+0.14,1386.658,1479.69,2,91.12,684.10
SpectraSuite__TriLM_1.1B_Unpacked,968884224,0.4039,2.50,bitmap_B_streamed,hbm2_streamed,3.59,1547709326,194949120,1253376,1.59741,348.4848,5556.2765,5904.7612,+0.99,180748288,11095.8521,+0.53,1631.378,1257.72,2,91.12,684.10
SpectraSuite__TriLM_1.1B_Unpacked,968884224,0.4039,2.50,five_trit,lpddr4_package,12,1552220160,194949120,0,1.60207,274.2352,18626.6419,18900.8771,+0.00,180748288,36252.7128,+0.00,1200.192,1709.57,2,90.99,683.08
SpectraSuite__TriLM_1.1B_Unpacked,968884224,0.4039,2.50,bitmap_A,lpddr4_package,12,1546455950,194949120,0,1.59612,369.0731,18557.4714,18926.5445,+0.14,180748288,36278.3802,+0.07,1545.726,1327.41,2,91.16,684.39
SpectraSuite__TriLM_1.1B_Unpacked,968884224,0.4039,2.50,bitmap_B_resident,lpddr4_package,12,1547709326,194949120,1253376,1.59741,305.4685,18572.5119,18877.9804,-0.12,180748288,36229.8160,-0.06,1386.658,1479.69,2,91.12,684.10
SpectraSuite__TriLM_1.1B_Unpacked,968884224,0.4039,2.50,bitmap_B_streamed,lpddr4_package,12,1547709326,194949120,1253376,1.59741,348.4848,18572.5119,18920.9967,+0.11,180748288,36272.8323,+0.06,1631.378,1257.72,2,91.12,684.10
SpectraSuite__TriLM_1.1B_Unpacked,968884224,0.4039,2.50,five_trit,gddr5,14.0,1552220160,194949120,0,1.60207,274.2352,21731.0822,22005.3174,+0.00,180748288,42249.1257,+0.00,1200.192,1709.57,2,90.99,683.08
SpectraSuite__TriLM_1.1B_Unpacked,968884224,0.4039,2.50,bitmap_A,gddr5,14.0,1546455950,194949120,0,1.59612,369.0731,21650.3833,22019.4564,+0.06,180748288,42263.2647,+0.03,1545.726,1327.41,2,91.16,684.39
SpectraSuite__TriLM_1.1B_Unpacked,968884224,0.4039,2.50,bitmap_B_resident,gddr5,14.0,1547709326,194949120,1253376,1.59741,305.4685,21667.9306,21973.3990,-0.15,180748288,42217.2073,-0.08,1386.658,1479.69,2,91.12,684.10
SpectraSuite__TriLM_1.1B_Unpacked,968884224,0.4039,2.50,bitmap_B_streamed,gddr5,14.0,1547709326,194949120,1253376,1.59741,348.4848,21667.9306,22016.4153,+0.05,180748288,42260.2236,+0.03,1631.378,1257.72,2,91.12,684.10
SpectraSuite__TriLM_1.1B_Unpacked,968884224,0.4039,2.50,five_trit,dram_45nm_horowitz,30.5,1552220160,194949120,0,1.60207,274.2352,47342.7149,47616.9501,+0.00,180748288,91719.5324,+0.00,1200.192,1709.57,2,90.99,683.08
SpectraSuite__TriLM_1.1B_Unpacked,968884224,0.4039,2.50,bitmap_A,dram_45nm_horowitz,30.5,1546455950,194949120,0,1.59612,369.0731,47166.9065,47535.9796,-0.17,180748288,91638.5619,-0.09,1545.726,1327.41,2,91.16,684.39
SpectraSuite__TriLM_1.1B_Unpacked,968884224,0.4039,2.50,bitmap_B_resident,dram_45nm_horowitz,30.5,1547709326,194949120,1253376,1.59741,305.4685,47205.1344,47510.6029,-0.22,180748288,91613.1852,-0.12,1386.658,1479.69,2,91.12,684.10
SpectraSuite__TriLM_1.1B_Unpacked,968884224,0.4039,2.50,bitmap_B_streamed,dram_45nm_horowitz,30.5,1547709326,194949120,1253376,1.59741,348.4848,47205.1344,47553.6192,-0.13,180748288,91656.2015,-0.07,1631.378,1257.72,2,91.12,684.10
SpectraSuite__TriLM_1.1B_Unpacked,968884224,0.4039,2.50,five_trit,ddr3_peak,70,1552220160,194949120,0,1.60207,274.2352,108655.4112,108929.6464,+0.00,180748288,210148.6877,+0.00,1200.192,1709.57,2,90.99,683.08
SpectraSuite__TriLM_1.1B_Unpacked,968884224,0.4039,2.50,bitmap_A,ddr3_peak,70,1546455950,194949120,0,1.59612,369.0731,108251.9165,108620.9896,-0.28,180748288,209840.0309,-0.15,1545.726,1327.41,2,91.16,684.39
SpectraSuite__TriLM_1.1B_Unpacked,968884224,0.4039,2.50,bitmap_B_resident,ddr3_peak,70,1547709326,194949120,1253376,1.59741,305.4685,108339.6528,108645.1213,-0.26,180748288,209864.1626,-0.14,1386.658,1479.69,2,91.12,684.10
SpectraSuite__TriLM_1.1B_Unpacked,968884224,0.4039,2.50,bitmap_B_streamed,ddr3_peak,70,1547709326,194949120,1253376,1.59741,348.4848,108339.6528,108688.1376,-0.22,180748288,209907.1789,-0.11,1631.378,1257.72,2,91.12,684.10
microsoft__bitnet-b1.58-2B-4T,2084044800,0.4221,1.60,five_trit,sram_8kb_45nm,0.156,3334840320,418222080,0,1.60018,711.6192,520.2351,1231.8543,+0.00,656670720,2051.3793,+0.00,1373.358,1088.15,0,31.76,238.47
microsoft__bitnet-b1.58-2B-4T,2084044800,0.4221,1.60,bitmap_A,sram_8kb_45nm,0.156,3288396306,418222080,0,1.57789,861.1602,512.9898,1374.1501,+11.55,656670720,2193.6751,+6.94,1624.994,919.65,0,31.94,239.76
microsoft__bitnet-b1.58-2B-4T,2084044800,0.4221,1.60,bitmap_B_resident,sram_8kb_45nm,0.156,3288626706,418222080,230400,1.57800,711.9857,513.0258,1225.0115,-0.56,656670720,2044.5365,-0.33,1448.636,1031.61,0,31.94,239.76
microsoft__bitnet-b1.58-2B-4T,2084044800,0.4221,1.60,bitmap_B_streamed,sram_8kb_45nm,0.156,3288626706,418222080,230400,1.57800,801.7752,513.0258,1314.8010,+6.73,656670720,2134.3260,+4.04,1693.356,882.52,0,31.94,239.76
microsoft__bitnet-b1.58-2B-4T,2084044800,0.4221,1.60,five_trit,sram_32kb_45nm,0.313,3334840320,418222080,0,1.60018,711.6192,1043.8050,1755.4242,+0.00,656670720,3399.7277,+0.00,1373.358,1088.15,0,31.76,238.47
microsoft__bitnet-b1.58-2B-4T,2084044800,0.4221,1.60,bitmap_A,sram_32kb_45nm,0.313,3288396306,418222080,0,1.57789,861.1602,1029.2680,1890.4283,+7.69,656670720,3534.7318,+3.97,1624.994,919.65,0,31.94,239.76
microsoft__bitnet-b1.58-2B-4T,2084044800,0.4221,1.60,bitmap_B_resident,sram_32kb_45nm,0.313,3288626706,418222080,230400,1.57800,711.9857,1029.3402,1741.3259,-0.80,656670720,3385.6294,-0.41,1448.636,1031.61,0,31.94,239.76
microsoft__bitnet-b1.58-2B-4T,2084044800,0.4221,1.60,bitmap_B_streamed,sram_32kb_45nm,0.313,3288626706,418222080,230400,1.57800,801.7752,1029.3402,1831.1154,+4.31,656670720,3475.4188,+2.23,1693.356,882.52,0,31.94,239.76
microsoft__bitnet-b1.58-2B-4T,2084044800,0.4221,1.60,five_trit,sram_1mb_45nm,1.563,3334840320,418222080,0,1.60018,711.6192,5212.3554,5923.9746,+0.00,656670720,14134.9853,+0.00,1373.358,1088.15,0,31.76,238.47
microsoft__bitnet-b1.58-2B-4T,2084044800,0.4221,1.60,bitmap_A,sram_1mb_45nm,1.563,3288396306,418222080,0,1.57789,861.1602,5139.7634,6000.9237,+1.30,656670720,14211.9344,+0.54,1624.994,919.65,0,31.94,239.76
microsoft__bitnet-b1.58-2B-4T,2084044800,0.4221,1.60,bitmap_B_resident,sram_1mb_45nm,1.563,3288626706,418222080,230400,1.57800,711.9857,5140.1235,5852.1093,-1.21,656670720,14063.1199,-0.51,1448.636,1031.61,0,31.94,239.76
microsoft__bitnet-b1.58-2B-4T,2084044800,0.4221,1.60,bitmap_B_streamed,sram_1mb_45nm,1.563,3288626706,418222080,230400,1.57800,801.7752,5140.1235,5941.8987,+0.30,656670720,14152.9094,+0.13,1693.356,882.52,0,31.94,239.76
microsoft__bitnet-b1.58-2B-4T,2084044800,0.4221,1.60,five_trit,sram_1mb_45nm_cacti,1.058,3334840320,418222080,0,1.60018,711.6192,3528.2611,4239.8802,+0.00,656670720,9797.9412,+0.00,1373.358,1088.15,0,31.76,238.47
microsoft__bitnet-b1.58-2B-4T,2084044800,0.4221,1.60,bitmap_A,sram_1mb_45nm_cacti,1.058,3288396306,418222080,0,1.57789,861.1602,3479.1233,4340.2835,+2.37,656670720,9898.3445,+1.02,1624.994,919.65,0,31.94,239.76
microsoft__bitnet-b1.58-2B-4T,2084044800,0.4221,1.60,bitmap_B_resident,sram_1mb_45nm_cacti,1.058,3288626706,418222080,230400,1.57800,711.9857,3479.3671,4191.3528,-1.14,656670720,9749.4137,-0.50,1448.636,1031.61,0,31.94,239.76
microsoft__bitnet-b1.58-2B-4T,2084044800,0.4221,1.60,bitmap_B_streamed,sram_1mb_45nm_cacti,1.058,3288626706,418222080,230400,1.57800,801.7752,3479.3671,4281.1423,+0.97,656670720,9839.2032,+0.42,1693.356,882.52,0,31.94,239.76
microsoft__bitnet-b1.58-2B-4T,2084044800,0.4221,1.60,five_trit,sram_32kb_7nm,0.133,3334840320,418222080,0,1.60018,711.6192,443.5338,1155.1529,+0.00,656670720,1853.8506,+0.00,1373.358,1088.15,0,31.76,238.47
microsoft__bitnet-b1.58-2B-4T,2084044800,0.4221,1.60,bitmap_A,sram_32kb_7nm,0.133,3288396306,418222080,0,1.57789,861.1602,437.3567,1298.5170,+12.41,656670720,1997.2146,+7.73,1624.994,919.65,0,31.94,239.76
microsoft__bitnet-b1.58-2B-4T,2084044800,0.4221,1.60,bitmap_B_resident,sram_32kb_7nm,0.133,3288626706,418222080,230400,1.57800,711.9857,437.3874,1149.3731,-0.50,656670720,1848.0707,-0.31,1448.636,1031.61,0,31.94,239.76
microsoft__bitnet-b1.58-2B-4T,2084044800,0.4221,1.60,bitmap_B_streamed,sram_32kb_7nm,0.133,3288626706,418222080,230400,1.57800,801.7752,437.3874,1239.1626,+7.27,656670720,1937.8602,+4.53,1693.356,882.52,0,31.94,239.76
microsoft__bitnet-b1.58-2B-4T,2084044800,0.4221,1.60,five_trit,sram_1mb_7nm,0.219,3334840320,418222080,0,1.60018,711.6192,730.3300,1441.9492,+0.00,656670720,2592.4363,+0.00,1373.358,1088.15,0,31.76,238.47
microsoft__bitnet-b1.58-2B-4T,2084044800,0.4221,1.60,bitmap_A,sram_1mb_7nm,0.219,3288396306,418222080,0,1.57789,861.1602,720.1588,1581.3190,+9.67,656670720,2731.8061,+5.38,1624.994,919.65,0,31.94,239.76
microsoft__bitnet-b1.58-2B-4T,2084044800,0.4221,1.60,bitmap_B_resident,sram_1mb_7nm,0.219,3288626706,418222080,230400,1.57800,711.9857,720.2092,1432.1950,-0.68,656670720,2582.6821,-0.38,1448.636,1031.61,0,31.94,239.76
microsoft__bitnet-b1.58-2B-4T,2084044800,0.4221,1.60,bitmap_B_streamed,sram_1mb_7nm,0.219,3288626706,418222080,230400,1.57800,801.7752,720.2092,1521.9845,+5.55,656670720,2672.4716,+3.09,1693.356,882.52,0,31.94,239.76
microsoft__bitnet-b1.58-2B-4T,2084044800,0.4221,1.60,five_trit,hbm2,3.97,3334840320,418222080,0,1.60018,711.6192,13239.3161,13950.9352,+0.00,656670720,34806.7973,+0.00,1373.358,1088.15,0,31.76,238.47
microsoft__bitnet-b1.58-2B-4T,2084044800,0.4221,1.60,bitmap_A,hbm2,3.97,3288396306,418222080,0,1.57789,861.1602,13054.9333,13916.0936,-0.25,656670720,34771.9556,-0.10,1624.994,919.65,0,31.94,239.76
microsoft__bitnet-b1.58-2B-4T,2084044800,0.4221,1.60,bitmap_B_resident,hbm2,3.97,3288626706,418222080,230400,1.57800,711.9857,13055.8480,13767.8337,-1.31,656670720,34623.6958,-0.53,1448.636,1031.61,0,31.94,239.76
microsoft__bitnet-b1.58-2B-4T,2084044800,0.4221,1.60,bitmap_B_streamed,hbm2,3.97,3288626706,418222080,230400,1.57800,801.7752,13055.8480,13857.6232,-0.67,656670720,34713.4853,-0.27,1693.356,882.52,0,31.94,239.76
microsoft__bitnet-b1.58-2B-4T,2084044800,0.4221,1.60,five_trit,hbm2_streamed,3.59,3334840320,418222080,0,1.60018,711.6192,11972.0767,12683.6959,+0.00,656670720,31543.2790,+0.00,1373.358,1088.15,0,31.76,238.47
microsoft__bitnet-b1.58-2B-4T,2084044800,0.4221,1.60,bitmap_A,hbm2_streamed,3.59,3288396306,418222080,0,1.57789,861.1602,11805.3427,12666.5030,-0.14,656670720,31526.0861,-0.05,1624.994,919.65,0,31.94,239.76
microsoft__bitnet-b1.58-2B-4T,2084044800,0.4221,1.60,bitmap_B_resident,hbm2_streamed,3.59,3288626706,418222080,230400,1.57800,711.9857,11806.1699,12518.1556,-1.31,656670720,31377.7387,-0.52,1448.636,1031.61,0,31.94,239.76
microsoft__bitnet-b1.58-2B-4T,2084044800,0.4221,1.60,bitmap_B_streamed,hbm2_streamed,3.59,3288626706,418222080,230400,1.57800,801.7752,11806.1699,12607.9451,-0.60,656670720,31467.5282,-0.24,1693.356,882.52,0,31.94,239.76
microsoft__bitnet-b1.58-2B-4T,2084044800,0.4221,1.60,five_trit,lpddr4_package,12,3334840320,418222080,0,1.60018,711.6192,40018.0838,40729.7030,+0.00,656670720,103770.0921,+0.00,1373.358,1088.15,0,31.76,238.47
microsoft__bitnet-b1.58-2B-4T,2084044800,0.4221,1.60,bitmap_A,lpddr4_package,12,3288396306,418222080,0,1.57789,861.1602,39460.7557,40321.9159,-1.00,656670720,103362.3050,-0.39,1624.994,919.65,0,31.94,239.76
microsoft__bitnet-b1.58-2B-4T,2084044800,0.4221,1.60,bitmap_B_resident,lpddr4_package,12,3288626706,418222080,230400,1.57800,711.9857,39463.5205,40175.5062,-1.36,656670720,103215.8953,-0.53,1448.636,1031.61,0,31.94,239.76
microsoft__bitnet-b1.58-2B-4T,2084044800,0.4221,1.60,bitmap_B_streamed,lpddr4_package,12,3288626706,418222080,230400,1.57800,801.7752,39463.5205,40265.2957,-1.14,656670720,103305.6848,-0.45,1693.356,882.52,0,31.94,239.76
microsoft__bitnet-b1.58-2B-4T,2084044800,0.4221,1.60,five_trit,gddr5,14.0,3334840320,418222080,0,1.60018,711.6192,46687.7645,47399.3837,+0.00,656670720,120946.5043,+0.00,1373.358,1088.15,0,31.76,238.47
microsoft__bitnet-b1.58-2B-4T,2084044800,0.4221,1.60,bitmap_A,gddr5,14.0,3288396306,418222080,0,1.57789,861.1602,46037.5483,46898.7085,-1.06,656670720,120445.8292,-0.41,1624.994,919.65,0,31.94,239.76
microsoft__bitnet-b1.58-2B-4T,2084044800,0.4221,1.60,bitmap_B_resident,gddr5,14.0,3288626706,418222080,230400,1.57800,711.9857,46040.7739,46752.7596,-1.36,656670720,120299.8802,-0.53,1448.636,1031.61,0,31.94,239.76
microsoft__bitnet-b1.58-2B-4T,2084044800,0.4221,1.60,bitmap_B_streamed,gddr5,14.0,3288626706,418222080,230400,1.57800,801.7752,46040.7739,46842.5491,-1.17,656670720,120389.6697,-0.46,1693.356,882.52,0,31.94,239.76
microsoft__bitnet-b1.58-2B-4T,2084044800,0.4221,1.60,five_trit,dram_45nm_horowitz,30.5,3334840320,418222080,0,1.60018,711.6192,101712.6298,102424.2489,+0.00,656670720,262651.9046,+0.00,1373.358,1088.15,0,31.76,238.47
microsoft__bitnet-b1.58-2B-4T,2084044800,0.4221,1.60,bitmap_A,dram_45nm_horowitz,30.5,3288396306,418222080,0,1.57789,861.1602,100296.0873,101157.2476,-1.24,656670720,261384.9033,-0.48,1624.994,919.65,0,31.94,239.76
microsoft__bitnet-b1.58-2B-4T,2084044800,0.4221,1.60,bitmap_B_resident,dram_45nm_horowitz,30.5,3288626706,418222080,230400,1.57800,711.9857,100303.1145,101015.1002,-1.38,656670720,261242.7559,-0.54,1448.636,1031.61,0,31.94,239.76
microsoft__bitnet-b1.58-2B-4T,2084044800,0.4221,1.60,bitmap_B_streamed,dram_45nm_horowitz,30.5,3288626706,418222080,230400,1.57800,801.7752,100303.1145,101104.8897,-1.29,656670720,261332.5454,-0.50,1693.356,882.52,0,31.94,239.76
microsoft__bitnet-b1.58-2B-4T,2084044800,0.4221,1.60,five_trit,ddr3_peak,70,3334840320,418222080,0,1.60018,711.6192,233438.8224,234150.4416,+0.00,656670720,601886.0448,+0.00,1373.358,1088.15,0,31.76,238.47
microsoft__bitnet-b1.58-2B-4T,2084044800,0.4221,1.60,bitmap_A,ddr3_peak,70,3288396306,418222080,0,1.57789,861.1602,230187.7414,231048.9017,-1.32,656670720,598784.5049,-0.52,1624.994,919.65,0,31.94,239.76
microsoft__bitnet-b1.58-2B-4T,2084044800,0.4221,1.60,bitmap_B_resident,ddr3_peak,70,3288626706,418222080,230400,1.57800,711.9857,230203.8694,230915.8551,-1.38,656670720,598651.4583,-0.54,1448.636,1031.61,0,31.94,239.76
microsoft__bitnet-b1.58-2B-4T,2084044800,0.4221,1.60,bitmap_B_streamed,ddr3_peak,70,3288626706,418222080,230400,1.57800,801.7752,230203.8694,231005.6446,-1.34,656670720,598741.2478,-0.52,1693.356,882.52,0,31.94,239.76
microsoft__bitnet-b1.58-2B-4T,2084044800,0.4221,2.00,five_trit,sram_8kb_45nm,0.156,3334840320,418222080,0,1.60018,602.5911,520.2351,1122.8261,+0.00,656670720,1942.3512,+0.00,1221.206,978.98,0,31.76,238.47
microsoft__bitnet-b1.58-2B-4T,2084044800,0.4221,2.00,bitmap_A,sram_8kb_45nm,0.156,3288396306,418222080,0,1.57789,789.5993,512.9898,1302.5891,+16.01,656670720,2122.1142,+9.25,1573.656,759.72,0,31.94,239.76
microsoft__bitnet-b1.58-2B-4T,2084044800,0.4221,2.00,bitmap_B_resident,sram_8kb_45nm,0.156,3288626706,418222080,230400,1.57800,661.4374,513.0258,1174.4631,+4.60,656670720,1993.9882,+2.66,1412.194,846.58,0,31.94,239.76
microsoft__bitnet-b1.58-2B-4T,2084044800,0.4221,2.00,bitmap_B_streamed,sram_8kb_45nm,0.156,3288626706,418222080,230400,1.57800,751.9899,513.0258,1265.0157,+12.66,656670720,2084.5407,+7.32,1656.914,721.54,0,31.94,239.76
microsoft__bitnet-b1.58-2B-4T,2084044800,0.4221,2.00,five_trit,sram_32kb_45nm,0.313,3334840320,418222080,0,1.60018,602.5911,1043.8050,1646.3961,+0.00,656670720,3290.6996,+0.00,1221.206,978.98,0,31.76,238.47
microsoft__bitnet-b1.58-2B-4T,2084044800,0.4221,2.00,bitmap_A,sram_32kb_45nm,0.313,3288396306,418222080,0,1.57789,789.5993,1029.2680,1818.8673,+10.48,656670720,3463.1708,+5.24,1573.656,759.72,0,31.94,239.76
microsoft__bitnet-b1.58-2B-4T,2084044800,0.4221,2.00,bitmap_B_resident,sram_32kb_45nm,0.313,3288626706,418222080,230400,1.57800,661.4374,1029.3402,1690.7775,+2.70,656670720,3335.0810,+1.35,1412.194,846.58,0,31.94,239.76
microsoft__bitnet-b1.58-2B-4T,2084044800,0.4221,2.00,bitmap_B_streamed,sram_32kb_45nm,0.313,3288626706,418222080,230400,1.57800,751.9899,1029.3402,1781.3301,+8.20,656670720,3425.6335,+4.10,1656.914,721.54,0,31.94,239.76
microsoft__bitnet-b1.58-2B-4T,2084044800,0.4221,2.00,five_trit,sram_1mb_45nm,1.563,3334840320,418222080,0,1.60018,602.5911,5212.3554,5814.9465,+0.00,656670720,14025.9572,+0.00,1221.206,978.98,0,31.76,238.47
microsoft__bitnet-b1.58-2B-4T,2084044800,0.4221,2.00,bitmap_A,sram_1mb_45nm,1.563,3288396306,418222080,0,1.57789,789.5993,5139.7634,5929.3627,+1.97,656670720,14140.3734,+0.82,1573.656,759.72,0,31.94,239.76
microsoft__bitnet-b1.58-2B-4T,2084044800,0.4221,2.00,bitmap_B_resident,sram_1mb_45nm,1.563,3288626706,418222080,230400,1.57800,661.4374,5140.1235,5801.5609,-0.23,656670720,14012.5716,-0.10,1412.194,846.58,0,31.94,239.76
microsoft__bitnet-b1.58-2B-4T,2084044800,0.4221,2.00,bitmap_B_streamed,sram_1mb_45nm,1.563,3288626706,418222080,230400,1.57800,751.9899,5140.1235,5892.1134,+1.33,656670720,14103.1241,+0.55,1656.914,721.54,0,31.94,239.76
microsoft__bitnet-b1.58-2B-4T,2084044800,0.4221,2.00,five_trit,sram_1mb_45nm_cacti,1.058,3334840320,418222080,0,1.60018,602.5911,3528.2611,4130.8521,+0.00,656670720,9688.9131,+0.00,1221.206,978.98,0,31.76,238.47
microsoft__bitnet-b1.58-2B-4T,2084044800,0.4221,2.00,bitmap_A,sram_1mb_45nm_cacti,1.058,3288396306,418222080,0,1.57789,789.5993,3479.1233,4268.7226,+3.34,656670720,9826.7835,+1.42,1573.656,759.72,0,31.94,239.76
microsoft__bitnet-b1.58-2B-4T,2084044800,0.4221,2.00,bitmap_B_resident,sram_1mb_45nm_cacti,1.058,3288626706,418222080,230400,1.57800,661.4374,3479.3671,4140.8044,+0.24,656670720,9698.8654,+0.10,1412.194,846.58,0,31.94,239.76
microsoft__bitnet-b1.58-2B-4T,2084044800,0.4221,2.00,bitmap_B_streamed,sram_1mb_45nm_cacti,1.058,3288626706,418222080,230400,1.57800,751.9899,3479.3671,4231.3570,+2.43,656670720,9789.4179,+1.04,1656.914,721.54,0,31.94,239.76
microsoft__bitnet-b1.58-2B-4T,2084044800,0.4221,2.00,five_trit,sram_32kb_7nm,0.133,3334840320,418222080,0,1.60018,602.5911,443.5338,1046.1248,+0.00,656670720,1744.8225,+0.00,1221.206,978.98,0,31.76,238.47
microsoft__bitnet-b1.58-2B-4T,2084044800,0.4221,2.00,bitmap_A,sram_32kb_7nm,0.133,3288396306,418222080,0,1.57789,789.5993,437.3567,1226.9560,+17.29,656670720,1925.6536,+10.36,1573.656,759.72,0,31.94,239.76
microsoft__bitnet-b1.58-2B-4T,2084044800,0.4221,2.00,bitmap_B_resident,sram_32kb_7nm,0.133,3288626706,418222080,230400,1.57800,661.4374,437.3874,1098.8247,+5.04,656670720,1797.5224,+3.02,1412.194,846.58,0,31.94,239.76
microsoft__bitnet-b1.58-2B-4T,2084044800,0.4221,2.00,bitmap_B_streamed,sram_32kb_7nm,0.133,3288626706,418222080,230400,1.57800,751.9899,437.3874,1189.3773,+13.69,656670720,1888.0749,+8.21,1656.914,721.54,0,31.94,239.76
microsoft__bitnet-b1.58-2B-4T,2084044800,0.4221,2.00,five_trit,sram_1mb_7nm,0.219,3334840320,418222080,0,1.60018,602.5911,730.3300,1332.9211,+0.00,656670720,2483.4082,+0.00,1221.206,978.98,0,31.76,238.47
microsoft__bitnet-b1.58-2B-4T,2084044800,0.4221,2.00,bitmap_A,sram_1mb_7nm,0.219,3288396306,418222080,0,1.57789,789.5993,720.1588,1509.7581,+13.27,656670720,2660.2452,+7.12,1573.656,759.72,0,31.94,239.76
microsoft__bitnet-b1.58-2B-4T,2084044800,0.4221,2.00,bitmap_B_resident,sram_1mb_7nm,0.219,3288626706,418222080,230400,1.57800,661.4374,720.2092,1381.6466,+3.66,656670720,2532.1337,+1.96,1412.194,846.58,0,31.94,239.76
microsoft__bitnet-b1.58-2B-4T,2084044800,0.4221,2.00,bitmap_B_streamed,sram_1mb_7nm,0.219,3288626706,418222080,230400,1.57800,751.9899,720.2092,1472.1992,+10.45,656670720,2622.6863,+5.61,1656.914,721.54,0,31.94,239.76
microsoft__bitnet-b1.58-2B-4T,2084044800,0.4221,2.00,five_trit,hbm2,3.97,3334840320,418222080,0,1.60018,602.5911,13239.3161,13841.9071,+0.00,656670720,34697.7692,+0.00,1221.206,978.98,0,31.76,238.47
microsoft__bitnet-b1.58-2B-4T,2084044800,0.4221,2.00,bitmap_A,hbm2,3.97,3288396306,418222080,0,1.57789,789.5993,13054.9333,13844.5326,+0.02,656670720,34700.3947,+0.01,1573.656,759.72,0,31.94,239.76
microsoft__bitnet-b1.58-2B-4T,2084044800,0.4221,2.00,bitmap_B_resident,hbm2,3.97,3288626706,418222080,230400,1.57800,661.4374,13055.8480,13717.2854,-0.90,656670720,34573.1475,-0.36,1412.194,846.58,0,31.94,239.76
microsoft__bitnet-b1.58-2B-4T,2084044800,0.4221,2.00,bitmap_B_streamed,hbm2,3.97,3288626706,418222080,230400,1.57800,751.9899,13055.8480,13807.8379,-0.25,656670720,34663.7000,-0.10,1656.914,721.54,0,31.94,239.76
microsoft__bitnet-b1.58-2B-4T,2084044800,0.4221,2.00,five_trit,hbm2_streamed,3.59,3334840320,418222080,0,1.60018,602.5911,11972.0767,12574.6678,+0.00,656670720,31434.2509,+0.00,1221.206,978.98,0,31.76,238.47
microsoft__bitnet-b1.58-2B-4T,2084044800,0.4221,2.00,bitmap_A,hbm2_streamed,3.59,3288396306,418222080,0,1.57789,789.5993,11805.3427,12594.9420,+0.16,656670720,31454.5251,+0.06,1573.656,759.72,0,31.94,239.76
microsoft__bitnet-b1.58-2B-4T,2084044800,0.4221,2.00,bitmap_B_resident,hbm2_streamed,3.59,3288626706,418222080,230400,1.57800,661.4374,11806.1699,12467.6072,-0.85,656670720,31327.1903,-0.34,1412.194,846.58,0,31.94,239.76
microsoft__bitnet-b1.58-2B-4T,2084044800,0.4221,2.00,bitmap_B_streamed,hbm2_streamed,3.59,3288626706,418222080,230400,1.57800,751.9899,11806.1699,12558.1598,-0.13,656670720,31417.7429,-0.05,1656.914,721.54,0,31.94,239.76
microsoft__bitnet-b1.58-2B-4T,2084044800,0.4221,2.00,five_trit,lpddr4_package,12,3334840320,418222080,0,1.60018,602.5911,40018.0838,40620.6749,+0.00,656670720,103661.0640,+0.00,1221.206,978.98,0,31.76,238.47
microsoft__bitnet-b1.58-2B-4T,2084044800,0.4221,2.00,bitmap_A,lpddr4_package,12,3288396306,418222080,0,1.57789,789.5993,39460.7557,40250.3549,-0.91,656670720,103290.7441,-0.36,1573.656,759.72,0,31.94,239.76
microsoft__bitnet-b1.58-2B-4T,2084044800,0.4221,2.00,bitmap_B_resident,lpddr4_package,12,3288626706,418222080,230400,1.57800,661.4374,39463.5205,40124.9578,-1.22,656670720,103165.3470,-0.48,1412.194,846.58,0,31.94,239.76
microsoft__bitnet-b1.58-2B-4T,2084044800,0.4221,2.00,bitmap_B_streamed,lpddr4_package,12,3288626706,418222080,230400,1.57800,751.9899,39463.5205,40215.5104,-1.00,656670720,103255.8995,-0.39,1656.914,721.54,0,31.94,239.76
microsoft__bitnet-b1.58-2B-4T,2084044800,0.4221,2.00,five_trit,gddr5,14.0,3334840320,418222080,0,1.60018,602.5911,46687.7645,47290.3555,+0.00,656670720,120837.4762,+0.00,1221.206,978.98,0,31.76,238.47
microsoft__bitnet-b1.58-2B-4T,2084044800,0.4221,2.00,bitmap_A,gddr5,14.0,3288396306,418222080,0,1.57789,789.5993,46037.5483,46827.1476,-0.98,656670720,120374.2682,-0.38,1573.656,759.72,0,31.94,239.76
microsoft__bitnet-b1.58-2B-4T,2084044800,0.4221,2.00,bitmap_B_resident,gddr5,14.0,3288626706,418222080,230400,1.57800,661.4374,46040.7739,46702.2113,-1.24,656670720,120249.3319,-0.49,1412.194,846.58,0,31.94,239.76
microsoft__bitnet-b1.58-2B-4T,2084044800,0.4221,2.00,bitmap_B_streamed,gddr5,14.0,3288626706,418222080,230400,1.57800,751.9899,46040.7739,46792.7638,-1.05,656670720,120339.8844,-0.41,1656.914,721.54,0,31.94,239.76
microsoft__bitnet-b1.58-2B-4T,2084044800,0.4221,2.00,five_trit,dram_45nm_horowitz,30.5,3334840320,418222080,0,1.60018,602.5911,101712.6298,102315.2208,+0.00,656670720,262542.8765,+0.00,1221.206,978.98,0,31.76,238.47
microsoft__bitnet-b1.58-2B-4T,2084044800,0.4221,2.00,bitmap_A,dram_45nm_horowitz,30.5,3288396306,418222080,0,1.57789,789.5993,100296.0873,101085.6866,-1.20,656670720,261313.3423,-0.47,1573.656,759.72,0,31.94,239.76
microsoft__bitnet-b1.58-2B-4T,2084044800,0.4221,2.00,bitmap_B_resident,dram_45nm_horowitz,30.5,3288626706,418222080,230400,1.57800,661.4374,100303.1145,100964.5519,-1.32,656670720,261192.2076,-0.51,1412.194,846.58,0,31.94,239.76
microsoft__bitnet-b1.58-2B-4T,2084044800,0.4221,2.00,bitmap_B_streamed,dram_45nm_horowitz,30.5,3288626706,418222080,230400,1.57800,751.9899,100303.1145,101055.1044,-1.23,656670720,261282.7601,-0.48,1656.914,721.54,0,31.94,239.76
microsoft__bitnet-b1.58-2B-4T,2084044800,0.4221,2.00,five_trit,ddr3_peak,70,3334840320,418222080,0,1.60018,602.5911,233438.8224,234041.4135,+0.00,656670720,601777.0167,+0.00,1221.206,978.98,0,31.76,238.47
microsoft__bitnet-b1.58-2B-4T,2084044800,0.4221,2.00,bitmap_A,ddr3_peak,70,3288396306,418222080,0,1.57789,789.5993,230187.7414,230977.3407,-1.31,656670720,598712.9439,-0.51,1573.656,759.72,0,31.94,239.76
microsoft__bitnet-b1.58-2B-4T,2084044800,0.4221,2.00,bitmap_B_resident,ddr3_peak,70,3288626706,418222080,230400,1.57800,661.4374,230203.8694,230865.3068,-1.36,656670720,598600.9100,-0.53,1412.194,846.58,0,31.94,239.76
microsoft__bitnet-b1.58-2B-4T,2084044800,0.4221,2.00,bitmap_B_streamed,ddr3_peak,70,3288626706,418222080,230400,1.57800,751.9899,230203.8694,230955.8593,-1.32,656670720,598691.4625,-0.51,1656.914,721.54,0,31.94,239.76
microsoft__bitnet-b1.58-2B-4T,2084044800,0.4221,2.50,five_trit,sram_8kb_45nm,0.156,3334840320,418222080,0,1.60018,586.7188,520.2351,1106.9539,+0.00,656670720,1926.4789,+0.00,1200.192,796.90,0,31.76,238.47
microsoft__bitnet-b1.58-2B-4T,2084044800,0.4221,2.50,bitmap_A,sram_8kb_45nm,0.156,3288396306,418222080,0,1.57789,791.4356,512.9898,1304.4254,+17.84,656670720,2123.9505,+10.25,1545.726,618.76,0,31.94,239.76
microsoft__bitnet-b1.58-2B-4T,2084044800,0.4221,2.50,bitmap_B_resident,sram_8kb_45nm,0.156,3288626706,418222080,230400,1.57800,654.2110,513.0258,1167.2367,+5.45,656670720,1986.7618,+3.13,1386.658,689.74,0,31.94,239.76
microsoft__bitnet-b1.58-2B-4T,2084044800,0.4221,2.50,bitmap_B_streamed,sram_8kb_45nm,0.156,3288626706,418222080,230400,1.57800,745.7169,513.0258,1258.7427,+13.71,656670720,2078.2678,+7.88,1631.378,586.27,0,31.94,239.76
microsoft__bitnet-b1.58-2B-4T,2084044800,0.4221,2.50,five_trit,sram_32kb_45nm,0.313,3334840320,418222080,0,1.60018,586.7188,1043.8050,1630.5238,+0.00,656670720,3274.8273,+0.00,1200.192,796.90,0,31.76,238.47
microsoft__bitnet-b1.58-2B-4T,2084044800,0.4221,2.50,bitmap_A,sram_32kb_45nm,0.313,3288396306,418222080,0,1.57789,791.4356,1029.2680,1820.7036,+11.66,656670720,3465.0071,+5.81,1545.726,618.76,0,31.94,239.76
microsoft__bitnet-b1.58-2B-4T,2084044800,0.4221,2.50,bitmap_B_resident,sram_32kb_45nm,0.313,3288626706,418222080,230400,1.57800,654.2110,1029.3402,1683.5511,+3.25,656670720,3327.8546,+1.62,1386.658,689.74,0,31.94,239.76
microsoft__bitnet-b1.58-2B-4T,2084044800,0.4221,2.50,bitmap_B_streamed,sram_32kb_45nm,0.313,3288626706,418222080,230400,1.57800,745.7169,1029.3402,1775.0571,+8.86,656670720,3419.3606,+4.41,1631.378,586.27,0,31.94,239.76
microsoft__bitnet-b1.58-2B-4T,2084044800,0.4221,2.50,five_trit,sram_1mb_45nm,1.563,3334840320,418222080,0,1.60018,586.7188,5212.3554,5799.0742,+0.00,656670720,14010.0849,+0.00,1200.192,796.90,0,31.76,238.47
microsoft__bitnet-b1.58-2B-4T,2084044800,0.4221,2.50,bitmap_A,sram_1mb_45nm,1.563,3288396306,418222080,0,1.57789,791.4356,5139.7634,5931.1990,+2.28,656670720,14142.2097,+0.94,1545.726,618.76,0,31.94,239.76
microsoft__bitnet-b1.58-2B-4T,2084044800,0.4221,2.50,bitmap_B_resident,sram_1mb_45nm,1.563,3288626706,418222080,230400,1.57800,654.2110,5140.1235,5794.3345,-0.08,656670720,14005.3452,-0.03,1386.658,689.74,0,31.94,239.76
microsoft__bitnet-b1.58-2B-4T,2084044800,0.4221,2.50,bitmap_B_streamed,sram_1mb_45nm,1.563,3288626706,418222080,230400,1.57800,745.7169,5140.1235,5885.8405,+1.50,656670720,14096.8512,+0.62,1631.378,586.27,0,31.94,239.76
microsoft__bitnet-b1.58-2B-4T,2084044800,0.4221,2.50,five_trit,sram_1mb_45nm_cacti,1.058,3334840320,418222080,0,1.60018,586.7188,3528.2611,4114.9798,+0.00,656670720,9673.0408,+0.00,1200.192,796.90,0,31.76,238.47
microsoft__bitnet-b1.58-2B-4T,2084044800,0.4221,2.50,bitmap_A,sram_1mb_45nm_cacti,1.058,3288396306,418222080,0,1.57789,791.4356,3479.1233,4270.5589,+3.78,656670720,9828.6199,+1.61,1545.726,618.76,0,31.94,239.76
microsoft__bitnet-b1.58-2B-4T,2084044800,0.4221,2.50,bitmap_B_resident,sram_1mb_45nm_cacti,1.058,3288626706,418222080,230400,1.57800,654.2110,3479.3671,4133.5780,+0.45,656670720,9691.6390,+0.19,1386.658,689.74,0,31.94,239.76
microsoft__bitnet-b1.58-2B-4T,2084044800,0.4221,2.50,bitmap_B_streamed,sram_1mb_45nm_cacti,1.058,3288626706,418222080,230400,1.57800,745.7169,3479.3671,4225.0840,+2.68,656670720,9783.1450,+1.14,1631.378,586.27,0,31.94,239.76
microsoft__bitnet-b1.58-2B-4T,2084044800,0.4221,2.50,five_trit,sram_32kb_7nm,0.133,3334840320,418222080,0,1.60018,586.7188,443.5338,1030.2525,+0.00,656670720,1728.9502,+0.00,1200.192,796.90,0,31.76,238.47
microsoft__bitnet-b1.58-2B-4T,2084044800,0.4221,2.50,bitmap_A,sram_32kb_7nm,0.133,3288396306,418222080,0,1.57789,791.4356,437.3567,1228.7923,+19.27,656670720,1927.4900,+11.48,1545.726,618.76,0,31.94,239.76
microsoft__bitnet-b1.58-2B-4T,2084044800,0.4221,2.50,bitmap_B_resident,sram_32kb_7nm,0.133,3288626706,418222080,230400,1.57800,654.2110,437.3874,1091.5983,+5.95,656670720,1790.2960,+3.55,1386.658,689.74,0,31.94,239.76
microsoft__bitnet-b1.58-2B-4T,2084044800,0.4221,2.50,bitmap_B_streamed,sram_32kb_7nm,0.133,3288626706,418222080,230400,1.57800,745.7169,437.3874,1183.1043,+14.84,656670720,1881.8019,+8.84,1631.378,586.27,0,31.94,239.76
microsoft__bitnet-b1.58-2B-4T,2084044800,0.4221,2.50,five_trit,sram_1mb_7nm,0.219,3334840320,418222080,0,1.60018,586.7188,730.3300,1317.0488,+0.00,656670720,2467.5359,+0.00,1200.192,796.90,0,31.76,238.47
microsoft__bitnet-b1.58-2B-4T,2084044800,0.4221,2.50,bitmap_A,sram_1mb_7nm,0.219,3288396306,418222080,0,1.57789,791.4356,720.1588,1511.5944,+14.77,656670720,2662.0815,+7.88,1545.726,618.76,0,31.94,239.76
microsoft__bitnet-b1.58-2B-4T,2084044800,0.4221,2.50,bitmap_B_resident,sram_1mb_7nm,0.219,3288626706,418222080,230400,1.57800,654.2110,720.2092,1374.4202,+4.36,656670720,2524.9073,+2.33,1386.658,689.74,0,31.94,239.76
microsoft__bitnet-b1.58-2B-4T,2084044800,0.4221,2.50,bitmap_B_streamed,sram_1mb_7nm,0.219,3288626706,418222080,230400,1.57800,745.7169,720.2092,1465.9262,+11.30,656670720,2616.4133,+6.03,1631.378,586.27,0,31.94,239.76
microsoft__bitnet-b1.58-2B-4T,2084044800,0.4221,2.50,five_trit,hbm2,3.97,3334840320,418222080,0,1.60018,586.7188,13239.3161,13826.0348,+0.00,656670720,34681.8969,+0.00,1200.192,796.90,0,31.76,238.47
microsoft__bitnet-b1.58-2B-4T,2084044800,0.4221,2.50,bitmap_A,hbm2,3.97,3288396306,418222080,0,1.57789,791.4356,13054.9333,13846.3689,+0.15,656670720,34702.2310,+0.06,1545.726,618.76,0,31.94,239.76
microsoft__bitnet-b1.58-2B-4T,2084044800,0.4221,2.50,bitmap_B_resident,hbm2,3.97,3288626706,418222080,230400,1.57800,654.2110,13055.8480,13710.0590,-0.84,656670720,34565.9211,-0.33,1386.658,689.74,0,31.94,239.76
microsoft__bitnet-b1.58-2B-4T,2084044800,0.4221,2.50,bitmap_B_streamed,hbm2,3.97,3288626706,418222080,230400,1.57800,745.7169,13055.8480,13801.5650,-0.18,656670720,34657.4270,-0.07,1631.378,586.27,0,31.94,239.76
microsoft__bitnet-b1.58-2B-4T,2084044800,0.4221,2.50,five_trit,hbm2_streamed,3.59,3334840320,418222080,0,1.60018,586.7188,11972.0767,12558.7955,+0.00,656670720,31418.3786,+0.00,1200.192,796.90,0,31.76,238.47
microsoft__bitnet-b1.58-2B-4T,2084044800,0.4221,2.50,bitmap_A,hbm2_streamed,3.59,3288396306,418222080,0,1.57789,791.4356,11805.3427,12596.7783,+0.30,656670720,31456.3614,+0.12,1545.726,618.76,0,31.94,239.76
microsoft__bitnet-b1.58-2B-4T,2084044800,0.4221,2.50,bitmap_B_resident,hbm2_streamed,3.59,3288626706,418222080,230400,1.57800,654.2110,11806.1699,12460.3808,-0.78,656670720,31319.9639,-0.31,1386.658,689.74,0,31.94,239.76
microsoft__bitnet-b1.58-2B-4T,2084044800,0.4221,2.50,bitmap_B_streamed,hbm2_streamed,3.59,3288626706,418222080,230400,1.57800,745.7169,11806.1699,12551.8868,-0.06,656670720,31411.4699,-0.02,1631.378,586.27,0,31.94,239.76
microsoft__bitnet-b1.58-2B-4T,2084044800,0.4221,2.50,five_trit,lpddr4_package,12,3334840320,418222080,0,1.60018,586.7188,40018.0838,40604.8026,+0.00,656670720,103645.1917,+0.00,1200.192,796.90,0,31.76,238.47
microsoft__bitnet-b1.58-2B-4T,2084044800,0.4221,2.50,bitmap_A,lpddr4_package,12,3288396306,418222080,0,1.57789,791.4356,39460.7557,40252.1913,-0.87,656670720,103292.5804,-0.34,1545.726,618.76,0,31.94,239.76
microsoft__bitnet-b1.58-2B-4T,2084044800,0.4221,2.50,bitmap_B_resident,lpddr4_package,12,3288626706,418222080,230400,1.57800,654.2110,39463.5205,40117.7314,-1.20,656670720,103158.1206,-0.47,1386.658,689.74,0,31.94,239.76
microsoft__bitnet-b1.58-2B-4T,2084044800,0.4221,2.50,bitmap_B_streamed,lpddr4_package,12,3288626706,418222080,230400,1.57800,745.7169,39463.5205,40209.2374,-0.97,656670720,103249.6265,-0.38,1631.378,586.27,0,31.94,239.76
microsoft__bitnet-b1.58-2B-4T,2084044800,0.4221,2.50,five_trit,gddr5,14.0,3334840320,418222080,0,1.60018,586.7188,46687.7645,47274.4832,+0.00,656670720,120821.6039,+0.00,1200.192,796.90,0,31.76,238.47
microsoft__bitnet-b1.58-2B-4T,2084044800,0.4221,2.50,bitmap_A,gddr5,14.0,3288396306,418222080,0,1.57789,791.4356,46037.5483,46828.9839,-0.94,656670720,120376.1045,-0.37,1545.726,618.76,0,31.94,239.76
microsoft__bitnet-b1.58-2B-4T,2084044800,0.4221,2.50,bitmap_B_resident,gddr5,14.0,3288626706,418222080,230400,1.57800,654.2110,46040.7739,46694.9848,-1.23,656670720,120242.1055,-0.48,1386.658,689.74,0,31.94,239.76
microsoft__bitnet-b1.58-2B-4T,2084044800,0.4221,2.50,bitmap_B_streamed,gddr5,14.0,3288626706,418222080,230400,1.57800,745.7169,46040.7739,46786.4908,-1.03,656670720,120333.6115,-0.40,1631.378,586.27,0,31.94,239.76
microsoft__bitnet-b1.58-2B-4T,2084044800,0.4221,2.50,five_trit,dram_45nm_horowitz,30.5,3334840320,418222080,0,1.60018,586.7188,101712.6298,102299.3485,+0.00,656670720,262527.0042,+0.00,1200.192,796.90,0,31.76,238.47
microsoft__bitnet-b1.58-2B-4T,2084044800,0.4221,2.50,bitmap_A,dram_45nm_horowitz,30.5,3288396306,418222080,0,1.57789,791.4356,100296.0873,101087.5229,-1.18,656670720,261315.1786,-0.46,1545.726,618.76,0,31.94,239.76
microsoft__bitnet-b1.58-2B-4T,2084044800,0.4221,2.50,bitmap_B_resident,dram_45nm_horowitz,30.5,3288626706,418222080,230400,1.57800,654.2110,100303.1145,100957.3255,-1.31,656670720,261184.9812,-0.51,1386.658,689.74,0,31.94,239.76
microsoft__bitnet-b1.58-2B-4T,2084044800,0.4221,2.50,bitmap_B_streamed,dram_45nm_horowitz,30.5,3288626706,418222080,230400,1.57800,745.7169,100303.1145,101048.8315,-1.22,656670720,261276.4872,-0.48,1631.378,586.27,0,31.94,239.76
microsoft__bitnet-b1.58-2B-4T,2084044800,0.4221,2.50,five_trit,ddr3_peak,70,3334840320,418222080,0,1.60018,586.7188,233438.8224,234025.5412,+0.00,656670720,601761.1444,+0.00,1200.192,796.90,0,31.76,238.47
microsoft__bitnet-b1.58-2B-4T,2084044800,0.4221,2.50,bitmap_A,ddr3_peak,70,3288396306,418222080,0,1.57789,791.4356,230187.7414,230979.1770,-1.30,656670720,598714.7802,-0.51,1545.726,618.76,0,31.94,239.76
microsoft__bitnet-b1.58-2B-4T,2084044800,0.4221,2.50,bitmap_B_resident,ddr3_peak,70,3288626706,418222080,230400,1.57800,654.2110,230203.8694,230858.0804,-1.35,656670720,598593.6836,-0.53,1386.658,689.74,0,31.94,239.76
microsoft__bitnet-b1.58-2B-4T,2084044800,0.4221,2.50,bitmap_B_streamed,ddr3_peak,70,3288626706,418222080,230400,1.57800,745.7169,230203.8694,230949.5864,-1.31,656670720,598685.1896,-0.51,1631.378,586.27,0,31.94,239.76
tiiuae__Falcon-E-1B-Instruct,1585446912,0.4080,1.60,five_trit,sram_8kb_45nm,0.156,2538799104,318554112,0,1.60131,545.0619,396.0527,941.1145,+0.00,134217728,1108.6183,+0.00,1373.358,1428.61,0,75.51,566.91
tiiuae__Falcon-E-1B-Instruct,1585446912,0.4080,1.60,bitmap_A,sram_8kb_45nm,0.156,2524016601,318554112,0,1.59199,658.0562,393.7466,1051.8028,+11.76,134217728,1219.3065,+9.98,1624.994,1207.38,0,75.82,569.24
tiiuae__Falcon-E-1B-Instruct,1585446912,0.4080,1.60,bitmap_B_resident,sram_8kb_45nm,0.156,2525319129,318554112,1302528,1.59281,544.4005,393.9498,938.3502,-0.29,134217728,1105.8540,-0.25,1448.636,1354.37,0,75.80,569.04
tiiuae__Falcon-E-1B-Instruct,1585446912,0.4080,1.60,bitmap_B_streamed,sram_8kb_45nm,0.156,2525319129,318554112,1302528,1.59281,612.9885,393.9498,1006.9383,+6.99,134217728,1174.4420,+5.94,1693.356,1158.64,0,75.80,569.04
tiiuae__Falcon-E-1B-Instruct,1585446912,0.4080,1.60,five_trit,sram_32kb_45nm,0.313,2538799104,318554112,0,1.60131,545.0619,794.6441,1339.7060,+0.00,134217728,1675.7872,+0.00,1373.358,1428.61,0,75.51,566.91
tiiuae__Falcon-E-1B-Instruct,1585446912,0.4080,1.60,bitmap_A,sram_32kb_45nm,0.313,2524016601,318554112,0,1.59199,658.0562,790.0172,1448.0734,+8.09,134217728,1784.1546,+6.47,1624.994,1207.38,0,75.82,569.24
tiiuae__Falcon-E-1B-Instruct,1585446912,0.4080,1.60,bitmap_B_resident,sram_32kb_45nm,0.313,2525319129,318554112,1302528,1.59281,544.4005,790.4249,1334.8253,-0.36,134217728,1670.9065,-0.29,1448.636,1354.37,0,75.80,569.04
tiiuae__Falcon-E-1B-Instruct,1585446912,0.4080,1.60,bitmap_B_streamed,sram_32kb_45nm,0.313,2525319129,318554112,1302528,1.59281,612.9885,790.4249,1403.4134,+4.76,134217728,1739.4946,+3.80,1693.356,1158.64,0,75.80,569.04
tiiuae__Falcon-E-1B-Instruct,1585446912,0.4080,1.60,five_trit,sram_1mb_45nm,1.563,2538799104,318554112,0,1.60131,545.0619,3968.1430,4513.2049,+0.00,134217728,6191.4634,+0.00,1373.358,1428.61,0,75.51,566.91
tiiuae__Falcon-E-1B-Instruct,1585446912,0.4080,1.60,bitmap_A,sram_1mb_45nm,1.563,2524016601,318554112,0,1.59199,658.0562,3945.0379,4603.0941,+1.99,134217728,6281.3526,+1.45,1624.994,1207.38,0,75.82,569.24
tiiuae__Falcon-E-1B-Instruct,1585446912,0.4080,1.60,bitmap_B_resident,sram_1mb_45nm,1.563,2525319129,318554112,1302528,1.59281,544.4005,3947.0738,4491.4742,-0.48,134217728,6169.7327,-0.35,1448.636,1354.37,0,75.80,569.04
tiiuae__Falcon-E-1B-Instruct,1585446912,0.4080,1.60,bitmap_B_streamed,sram_1mb_45nm,1.563,2525319129,318554112,1302528,1.59281,612.9885,3947.0738,4560.0623,+1.04,134217728,6238.3208,+0.76,1693.356,1158.64,0,75.80,569.04
tiiuae__Falcon-E-1B-Instruct,1585446912,0.4080,1.60,five_trit,sram_1mb_45nm_cacti,1.058,2538799104,318554112,0,1.60131,545.0619,2686.0495,3231.1113,+0.00,134217728,4367.1302,+0.00,1373.358,1428.61,0,75.51,566.91
tiiuae__Falcon-E-1B-Instruct,1585446912,0.4080,1.60,bitmap_A,sram_1mb_45nm_cacti,1.058,2524016601,318554112,0,1.59199,658.0562,2670.4096,3328.4658,+3.01,134217728,4464.4846,+2.23,1624.994,1207.38,0,75.82,569.24
tiiuae__Falcon-E-1B-Instruct,1585446912,0.4080,1.60,bitmap_B_resident,sram_1mb_45nm_cacti,1.058,2525319129,318554112,1302528,1.59281,544.4005,2671.7876,3216.1881,-0.46,134217728,4352.2069,-0.34,1448.636,1354.37,0,75.80,569.04
tiiuae__Falcon-E-1B-Instruct,1585446912,0.4080,1.60,bitmap_B_streamed,sram_1mb_45nm_cacti,1.058,2525319129,318554112,1302528,1.59281,612.9885,2671.7876,3284.7761,+1.66,134217728,4420.7950,+1.23,1693.356,1158.64,0,75.80,569.04
tiiuae__Falcon-E-1B-Instruct,1585446912,0.4080,1.60,five_trit,sram_32kb_7nm,0.133,2538799104,318554112,0,1.60131,545.0619,337.6603,882.7222,+0.00,134217728,1025.5298,+0.00,1373.358,1428.61,0,75.51,566.91
tiiuae__Falcon-E-1B-Instruct,1585446912,0.4080,1.60,bitmap_A,sram_32kb_7nm,0.133,2524016601,318554112,0,1.59199,658.0562,335.6942,993.7504,+12.58,134217728,1136.5581,+10.83,1624.994,1207.38,0,75.82,569.24
tiiuae__Falcon-E-1B-Instruct,1585446912,0.4080,1.60,bitmap_B_resident,sram_32kb_7nm,0.133,2525319129,318554112,1302528,1.59281,544.4005,335.8674,880.2679,-0.28,134217728,1023.0756,-0.24,1448.636,1354.37,0,75.80,569.04
tiiuae__Falcon-E-1B-Instruct,1585446912,0.4080,1.60,bitmap_B_streamed,sram_32kb_7nm,0.133,2525319129,318554112,1302528,1.59281,612.9885,335.8674,948.8559,+7.49,134217728,1091.6636,+6.45,1693.356,1158.64,0,75.80,569.04
tiiuae__Falcon-E-1B-Instruct,1585446912,0.4080,1.60,five_trit,sram_1mb_7nm,0.219,2538799104,318554112,0,1.60131,545.0619,555.9970,1101.0589,+0.00,134217728,1336.2083,+0.00,1373.358,1428.61,0,75.51,566.91
tiiuae__Falcon-E-1B-Instruct,1585446912,0.4080,1.60,bitmap_A,sram_1mb_7nm,0.219,2524016601,318554112,0,1.59199,658.0562,552.7596,1210.8158,+9.97,134217728,1445.9653,+8.21,1624.994,1207.38,0,75.82,569.24
tiiuae__Falcon-E-1B-Instruct,1585446912,0.4080,1.60,bitmap_B_resident,sram_1mb_7nm,0.219,2525319129,318554112,1302528,1.59281,544.4005,553.0449,1097.4453,-0.33,134217728,1332.5948,-0.27,1448.636,1354.37,0,75.80,569.04
tiiuae__Falcon-E-1B-Instruct,1585446912,0.4080,1.60,bitmap_B_streamed,sram_1mb_7nm,0.219,2525319129,318554112,1302528,1.59281,612.9885,553.0449,1166.0334,+5.90,134217728,1401.1828,+4.86,1693.356,1158.64,0,75.80,569.04
tiiuae__Falcon-E-1B-Instruct,1585446912,0.4080,1.60,five_trit,hbm2,3.97,2538799104,318554112,0,1.60131,545.0619,10079.0324,10624.0943,+0.00,134217728,14886.8494,+0.00,1373.358,1428.61,0,75.51,566.91
tiiuae__Falcon-E-1B-Instruct,1585446912,0.4080,1.60,bitmap_A,hbm2,3.97,2524016601,318554112,0,1.59199,658.0562,10020.3459,10678.4021,+0.51,134217728,14941.1571,+0.36,1624.994,1207.38,0,75.82,569.24
tiiuae__Falcon-E-1B-Instruct,1585446912,0.4080,1.60,bitmap_B_resident,hbm2,3.97,2525319129,318554112,1302528,1.59281,544.4005,10025.5169,10569.9174,-0.51,134217728,14832.6724,-0.36,1448.636,1354.37,0,75.80,569.04
tiiuae__Falcon-E-1B-Instruct,1585446912,0.4080,1.60,bitmap_B_streamed,hbm2,3.97,2525319129,318554112,1302528,1.59281,612.9885,10025.5169,10638.5054,+0.14,134217728,14901.2605,+0.10,1693.356,1158.64,0,75.80,569.04
tiiuae__Falcon-E-1B-Instruct,1585446912,0.4080,1.60,five_trit,hbm2_streamed,3.59,2538799104,318554112,0,1.60131,545.0619,9114.2888,9659.3507,+0.00,134217728,13514.0838,+0.00,1373.358,1428.61,0,75.51,566.91
tiiuae__Falcon-E-1B-Instruct,1585446912,0.4080,1.60,bitmap_A,hbm2_streamed,3.59,2524016601,318554112,0,1.59199,658.0562,9061.2196,9719.2758,+0.62,134217728,13574.0089,+0.44,1624.994,1207.38,0,75.82,569.24
tiiuae__Falcon-E-1B-Instruct,1585446912,0.4080,1.60,bitmap_B_resident,hbm2_streamed,3.59,2525319129,318554112,1302528,1.59281,544.4005,9065.8957,9610.2961,-0.51,134217728,13465.0293,-0.36,1448.636,1354.37,0,75.80,569.04
tiiuae__Falcon-E-1B-Instruct,1585446912,0.4080,1.60,bitmap_B_streamed,hbm2_streamed,3.59,2525319129,318554112,1302528,1.59281,612.9885,9065.8957,9678.8842,+0.20,134217728,13533.6173,+0.14,1693.356,1158.64,0,75.80,569.04
tiiuae__Falcon-E-1B-Instruct,1585446912,0.4080,1.60,five_trit,lpddr4_package,12,2538799104,318554112,0,1.60131,545.0619,30465.5892,31010.6511,+0.00,134217728,43895.5530,+0.00,1373.358,1428.61,0,75.51,566.91
tiiuae__Falcon-E-1B-Instruct,1585446912,0.4080,1.60,bitmap_A,lpddr4_package,12,2524016601,318554112,0,1.59199,658.0562,30288.1992,30946.2554,-0.21,134217728,43831.1573,-0.15,1624.994,1207.38,0,75.82,569.24
tiiuae__Falcon-E-1B-Instruct,1585446912,0.4080,1.60,bitmap_B_resident,lpddr4_package,12,2525319129,318554112,1302528,1.59281,544.4005,30303.8295,30848.2300,-0.52,134217728,43733.1319,-0.37,1448.636,1354.37,0,75.80,569.04
tiiuae__Falcon-E-1B-Instruct,1585446912,0.4080,1.60,bitmap_B_streamed,lpddr4_package,12,2525319129,318554112,1302528,1.59281,612.9885,30303.8295,30916.8180,-0.30,134217728,43801.7199,-0.21,1693.356,1158.64,0,75.80,569.04
tiiuae__Falcon-E-1B-Instruct,1585446912,0.4080,1.60,five_trit,gddr5,14.0,2538799104,318554112,0,1.60131,545.0619,35543.1875,36088.2493,+0.00,134217728,51120.6349,+0.00,1373.358,1428.61,0,75.51,566.91
tiiuae__Falcon-E-1B-Instruct,1585446912,0.4080,1.60,bitmap_A,gddr5,14.0,2524016601,318554112,0,1.59199,658.0562,35336.2324,35994.2886,-0.26,134217728,51026.6741,-0.18,1624.994,1207.38,0,75.82,569.24
tiiuae__Falcon-E-1B-Instruct,1585446912,0.4080,1.60,bitmap_B_resident,gddr5,14.0,2525319129,318554112,1302528,1.59281,544.4005,35354.4678,35898.8683,-0.52,134217728,50931.2538,-0.37,1448.636,1354.37,0,75.80,569.04
tiiuae__Falcon-E-1B-Instruct,1585446912,0.4080,1.60,bitmap_B_streamed,gddr5,14.0,2525319129,318554112,1302528,1.59281,612.9885,35354.4678,35967.4563,-0.33,134217728,50999.8418,-0.24,1693.356,1158.64,0,75.80,569.04
tiiuae__Falcon-E-1B-Instruct,1585446912,0.4080,1.60,five_trit,dram_45nm_horowitz,30.5,2538799104,318554112,0,1.60131,545.0619,77433.3727,77978.4346,+0.00,134217728,110727.5602,+0.00,1373.358,1428.61,0,75.51,566.91
tiiuae__Falcon-E-1B-Instruct,1585446912,0.4080,1.60,bitmap_A,dram_45nm_horowitz,30.5,2524016601,318554112,0,1.59199,658.0562,76982.5063,77640.5625,-0.43,134217728,110389.6882,-0.31,1624.994,1207.38,0,75.82,569.24
tiiuae__Falcon-E-1B-Instruct,1585446912,0.4080,1.60,bitmap_B_resident,dram_45nm_horowitz,30.5,2525319129,318554112,1302528,1.59281,544.4005,77022.2334,77566.6339,-0.53,134217728,110315.7595,-0.37,1448.636,1354.37,0,75.80,569.04
tiiuae__Falcon-E-1B-Instruct,1585446912,0.4080,1.60,bitmap_B_streamed,dram_45nm_horowitz,30.5,2525319129,318554112,1302528,1.59281,612.9885,77022.2334,77635.2219,-0.44,134217728,110384.3476,-0.31,1693.356,1158.64,0,75.80,569.04
tiiuae__Falcon-E-1B-Instruct,1585446912,0.4080,1.60,five_trit,ddr3_peak,70,2538799104,318554112,0,1.60131,545.0619,177715.9373,178260.9992,+0.00,134217728,253422.9268,+0.00,1373.358,1428.61,0,75.51,566.91
tiiuae__Falcon-E-1B-Instruct,1585446912,0.4080,1.60,bitmap_A,ddr3_peak,70,2524016601,318554112,0,1.59199,658.0562,176681.1621,177339.2183,-0.52,134217728,252501.1459,-0.36,1624.994,1207.38,0,75.82,569.24
tiiuae__Falcon-E-1B-Instruct,1585446912,0.4080,1.60,bitmap_B_resident,ddr3_peak,70,2525319129,318554112,1302528,1.59281,544.4005,176772.3390,177316.7395,-0.53,134217728,252478.6672,-0.37,1448.636,1354.37,0,75.80,569.04
tiiuae__Falcon-E-1B-Instruct,1585446912,0.4080,1.60,bitmap_B_streamed,ddr3_peak,70,2525319129,318554112,1302528,1.59281,612.9885,176772.3390,177385.3275,-0.49,134217728,252547.2552,-0.35,1693.356,1158.64,0,75.80,569.04
tiiuae__Falcon-E-1B-Instruct,1585446912,0.4080,2.00,five_trit,sram_8kb_45nm,0.156,2538799104,318554112,0,1.60131,461.1610,396.0527,857.2136,+0.00,134217728,1024.7174,+0.00,1221.206,1285.28,0,75.51,566.91
tiiuae__Falcon-E-1B-Instruct,1585446912,0.4080,2.00,bitmap_A,sram_8kb_45nm,0.156,2524016601,318554112,0,1.59199,603.1280,393.7466,996.8746,+16.29,134217728,1164.3783,+13.63,1573.656,997.42,0,75.82,569.24
tiiuae__Falcon-E-1B-Instruct,1585446912,0.4080,2.00,bitmap_B_resident,sram_8kb_45nm,0.156,2525319129,318554112,1302528,1.59281,505.5721,393.9498,899.5219,+4.94,134217728,1067.0256,+4.13,1412.194,1111.46,0,75.80,569.04
tiiuae__Falcon-E-1B-Instruct,1585446912,0.4080,2.00,bitmap_B_streamed,sram_8kb_45nm,0.156,2525319129,318554112,1302528,1.59281,574.7418,393.9498,968.6916,+13.00,134217728,1136.1953,+10.88,1656.914,947.30,0,75.80,569.04
tiiuae__Falcon-E-1B-Instruct,1585446912,0.4080,2.00,five_trit,sram_32kb_45nm,0.313,2538799104,318554112,0,1.60131,461.1610,794.6441,1255.8051,+0.00,134217728,1591.8863,+0.00,1221.206,1285.28,0,75.51,566.91
tiiuae__Falcon-E-1B-Instruct,1585446912,0.4080,2.00,bitmap_A,sram_32kb_45nm,0.313,2524016601,318554112,0,1.59199,603.1280,790.0172,1393.1452,+10.94,134217728,1729.2264,+8.63,1573.656,997.42,0,75.82,569.24
tiiuae__Falcon-E-1B-Instruct,1585446912,0.4080,2.00,bitmap_B_resident,sram_32kb_45nm,0.313,2525319129,318554112,1302528,1.59281,505.5721,790.4249,1295.9970,+3.20,134217728,1632.0782,+2.52,1412.194,1111.46,0,75.80,569.04
tiiuae__Falcon-E-1B-Instruct,1585446912,0.4080,2.00,bitmap_B_streamed,sram_32kb_45nm,0.313,2525319129,318554112,1302528,1.59281,574.7418,790.4249,1365.1667,+8.71,134217728,1701.2479,+6.87,1656.914,947.30,0,75.80,569.04
tiiuae__Falcon-E-1B-Instruct,1585446912,0.4080,2.00,five_trit,sram_1mb_45nm,1.563,2538799104,318554112,0,1.60131,461.1610,3968.1430,4429.3040,+0.00,134217728,6107.5624,+0.00,1221.206,1285.28,0,75.51,566.91
tiiuae__Falcon-E-1B-Instruct,1585446912,0.4080,2.00,bitmap_A,sram_1mb_45nm,1.563,2524016601,318554112,0,1.59199,603.1280,3945.0379,4548.1660,+2.68,134217728,6226.4244,+1.95,1573.656,997.42,0,75.82,569.24
tiiuae__Falcon-E-1B-Instruct,1585446912,0.4080,2.00,bitmap_B_resident,sram_1mb_45nm,1.563,2525319129,318554112,1302528,1.59281,505.5721,3947.0738,4452.6459,+0.53,134217728,6130.9044,+0.38,1412.194,1111.46,0,75.80,569.04
tiiuae__Falcon-E-1B-Instruct,1585446912,0.4080,2.00,bitmap_B_streamed,sram_1mb_45nm,1.563,2525319129,318554112,1302528,1.59281,574.7418,3947.0738,4521.8156,+2.09,134217728,6200.0741,+1.51,1656.914,947.30,0,75.80,569.04
tiiuae__Falcon-E-1B-Instruct,1585446912,0.4080,2.00,five_trit,sram_1mb_45nm_cacti,1.058,2538799104,318554112,0,1.60131,461.1610,2686.0495,3147.2104,+0.00,134217728,4283.2293,+0.00,1221.206,1285.28,0,75.51,566.91
tiiuae__Falcon-E-1B-Instruct,1585446912,0.4080,2.00,bitmap_A,sram_1mb_45nm_cacti,1.058,2524016601,318554112,0,1.59199,603.1280,2670.4096,3273.5376,+4.01,134217728,4409.5564,+2.95,1573.656,997.42,0,75.82,569.24
tiiuae__Falcon-E-1B-Instruct,1585446912,0.4080,2.00,bitmap_B_resident,sram_1mb_45nm_cacti,1.058,2525319129,318554112,1302528,1.59281,505.5721,2671.7876,3177.3598,+0.96,134217728,4313.3786,+0.70,1412.194,1111.46,0,75.80,569.04
tiiuae__Falcon-E-1B-Instruct,1585446912,0.4080,2.00,bitmap_B_streamed,sram_1mb_45nm_cacti,1.058,2525319129,318554112,1302528,1.59281,574.7418,2671.7876,3246.5295,+3.16,134217728,4382.5483,+2.32,1656.914,947.30,0,75.80,569.04
tiiuae__Falcon-E-1B-Instruct,1585446912,0.4080,2.00,five_trit,sram_32kb_7nm,0.133,2538799104,318554112,0,1.60131,461.1610,337.6603,798.8213,+0.00,134217728,941.6289,+0.00,1221.206,1285.28,0,75.51,566.91
tiiuae__Falcon-E-1B-Instruct,1585446912,0.4080,2.00,bitmap_A,sram_32kb_7nm,0.133,2524016601,318554112,0,1.59199,603.1280,335.6942,938.8222,+17.53,134217728,1081.6299,+14.87,1573.656,997.42,0,75.82,569.24
tiiuae__Falcon-E-1B-Instruct,1585446912,0.4080,2.00,bitmap_B_resident,sram_32kb_7nm,0.133,2525319129,318554112,1302528,1.59281,505.5721,335.8674,841.4396,+5.34,134217728,984.2472,+4.53,1412.194,1111.46,0,75.80,569.04
tiiuae__Falcon-E-1B-Instruct,1585446912,0.4080,2.00,bitmap_B_streamed,sram_32kb_7nm,0.133,2525319129,318554112,1302528,1.59281,574.7418,335.8674,910.6093,+13.99,134217728,1053.4169,+11.87,1656.914,947.30,0,75.80,569.04
tiiuae__Falcon-E-1B-Instruct,1585446912,0.4080,2.00,five_trit,sram_1mb_7nm,0.219,2538799104,318554112,0,1.60131,461.1610,555.9970,1017.1580,+0.00,134217728,1252.3074,+0.00,1221.206,1285.28,0,75.51,566.91
tiiuae__Falcon-E-1B-Instruct,1585446912,0.4080,2.00,bitmap_A,sram_1mb_7nm,0.219,2524016601,318554112,0,1.59199,603.1280,552.7596,1155.8876,+13.64,134217728,1391.0371,+11.08,1573.656,997.42,0,75.82,569.24
tiiuae__Falcon-E-1B-Instruct,1585446912,0.4080,2.00,bitmap_B_resident,sram_1mb_7nm,0.219,2525319129,318554112,1302528,1.59281,505.5721,553.0449,1058.6170,+4.08,134217728,1293.7665,+3.31,1412.194,1111.46,0,75.80,569.04
tiiuae__Falcon-E-1B-Instruct,1585446912,0.4080,2.00,bitmap_B_streamed,sram_1mb_7nm,0.219,2525319129,318554112,1302528,1.59281,574.7418,553.0449,1127.7867,+10.88,134217728,1362.9362,+8.83,1656.914,947.30,0,75.80,569.04
tiiuae__Falcon-E-1B-Instruct,1585446912,0.4080,2.00,five_trit,hbm2,3.97,2538799104,318554112,0,1.60131,461.1610,10079.0324,10540.1934,+0.00,134217728,14802.9485,+0.00,1221.206,1285.28,0,75.51,566.91
tiiuae__Falcon-E-1B-Instruct,1585446912,0.4080,2.00,bitmap_A,hbm2,3.97,2524016601,318554112,0,1.59199,603.1280,10020.3459,10623.4739,+0.79,134217728,14886.2290,+0.56,1573.656,997.42,0,75.82,569.24
tiiuae__Falcon-E-1B-Instruct,1585446912,0.4080,2.00,bitmap_B_resident,hbm2,3.97,2525319129,318554112,1302528,1.59281,505.5721,10025.5169,10531.0891,-0.09,134217728,14793.8441,-0.06,1412.194,1111.46,0,75.80,569.04
tiiuae__Falcon-E-1B-Instruct,1585446912,0.4080,2.00,bitmap_B_streamed,hbm2,3.97,2525319129,318554112,1302528,1.59281,574.7418,10025.5169,10600.2588,+0.57,134217728,14863.0138,+0.41,1656.914,947.30,0,75.80,569.04
tiiuae__Falcon-E-1B-Instruct,1585446912,0.4080,2.00,five_trit,hbm2_streamed,3.59,2538799104,318554112,0,1.60131,461.1610,9114.2888,9575.4498,+0.00,134217728,13430.1829,+0.00,1221.206,1285.28,0,75.51,566.91
tiiuae__Falcon-E-1B-Instruct,1585446912,0.4080,2.00,bitmap_A,hbm2_streamed,3.59,2524016601,318554112,0,1.59199,603.1280,9061.2196,9664.3476,+0.93,134217728,13519.0808,+0.66,1573.656,997.42,0,75.82,569.24
tiiuae__Falcon-E-1B-Instruct,1585446912,0.4080,2.00,bitmap_B_resident,hbm2_streamed,3.59,2525319129,318554112,1302528,1.59281,505.5721,9065.8957,9571.4678,-0.04,134217728,13426.2009,-0.03,1412.194,1111.46,0,75.80,569.04
tiiuae__Falcon-E-1B-Instruct,1585446912,0.4080,2.00,bitmap_B_streamed,hbm2_streamed,3.59,2525319129,318554112,1302528,1.59281,574.7418,9065.8957,9640.6375,+0.68,134217728,13495.3706,+0.49,1656.914,947.30,0,75.80,569.04
tiiuae__Falcon-E-1B-Instruct,1585446912,0.4080,2.00,five_trit,lpddr4_package,12,2538799104,318554112,0,1.60131,461.1610,30465.5892,30926.7502,+0.00,134217728,43811.6521,+0.00,1221.206,1285.28,0,75.51,566.91
tiiuae__Falcon-E-1B-Instruct,1585446912,0.4080,2.00,bitmap_A,lpddr4_package,12,2524016601,318554112,0,1.59199,603.1280,30288.1992,30891.3272,-0.11,134217728,43776.2291,-0.08,1573.656,997.42,0,75.82,569.24
tiiuae__Falcon-E-1B-Instruct,1585446912,0.4080,2.00,bitmap_B_resident,lpddr4_package,12,2525319129,318554112,1302528,1.59281,505.5721,30303.8295,30809.4017,-0.38,134217728,43694.3036,-0.27,1412.194,1111.46,0,75.80,569.04
tiiuae__Falcon-E-1B-Instruct,1585446912,0.4080,2.00,bitmap_B_streamed,lpddr4_package,12,2525319129,318554112,1302528,1.59281,574.7418,30303.8295,30878.5714,-0.16,134217728,43763.4732,-0.11,1656.914,947.30,0,75.80,569.04
tiiuae__Falcon-E-1B-Instruct,1585446912,0.4080,2.00,five_trit,gddr5,14.0,2538799104,318554112,0,1.60131,461.1610,35543.1875,36004.3484,+0.00,134217728,51036.7340,+0.00,1221.206,1285.28,0,75.51,566.91
tiiuae__Falcon-E-1B-Instruct,1585446912,0.4080,2.00,bitmap_A,gddr5,14.0,2524016601,318554112,0,1.59199,603.1280,35336.2324,35939.3604,-0.18,134217728,50971.7460,-0.13,1573.656,997.42,0,75.82,569.24
tiiuae__Falcon-E-1B-Instruct,1585446912,0.4080,2.00,bitmap_B_resident,gddr5,14.0,2525319129,318554112,1302528,1.59281,505.5721,35354.4678,35860.0399,-0.40,134217728,50892.4255,-0.28,1412.194,1111.46,0,75.80,569.04
tiiuae__Falcon-E-1B-Instruct,1585446912,0.4080,2.00,bitmap_B_streamed,gddr5,14.0,2525319129,318554112,1302528,1.59281,574.7418,35354.4678,35929.2096,-0.21,134217728,50961.5952,-0.15,1656.914,947.30,0,75.80,569.04
tiiuae__Falcon-E-1B-Instruct,1585446912,0.4080,2.00,five_trit,dram_45nm_horowitz,30.5,2538799104,318554112,0,1.60131,461.1610,77433.3727,77894.5336,+0.00,134217728,110643.6593,+0.00,1221.206,1285.28,0,75.51,566.91
tiiuae__Falcon-E-1B-Instruct,1585446912,0.4080,2.00,bitmap_A,dram_45nm_horowitz,30.5,2524016601,318554112,0,1.59199,603.1280,76982.5063,77585.6343,-0.40,134217728,110334.7600,-0.28,1573.656,997.42,0,75.82,569.24
tiiuae__Falcon-E-1B-Instruct,1585446912,0.4080,2.00,bitmap_B_resident,dram_45nm_horowitz,30.5,2525319129,318554112,1302528,1.59281,505.5721,77022.2334,77527.8056,-0.47,134217728,110276.9312,-0.33,1412.194,1111.46,0,75.80,569.04
tiiuae__Falcon-E-1B-Instruct,1585446912,0.4080,2.00,bitmap_B_streamed,dram_45nm_horowitz,30.5,2525319129,318554112,1302528,1.59281,574.7418,77022.2334,77596.9752,-0.38,134217728,110346.1009,-0.27,1656.914,947.30,0,75.80,569.04
tiiuae__Falcon-E-1B-Instruct,1585446912,0.4080,2.00,five_trit,ddr3_peak,70,2538799104,318554112,0,1.60131,461.1610,177715.9373,178177.0983,+0.00,134217728,253339.0259,+0.00,1221.206,1285.28,0,75.51,566.91
tiiuae__Falcon-E-1B-Instruct,1585446912,0.4080,2.00,bitmap_A,ddr3_peak,70,2524016601,318554112,0,1.59199,603.1280,176681.1621,177284.2901,-0.50,134217728,252446.2178,-0.35,1573.656,997.42,0,75.82,569.24
tiiuae__Falcon-E-1B-Instruct,1585446912,0.4080,2.00,bitmap_B_resident,ddr3_peak,70,2525319129,318554112,1302528,1.59281,505.5721,176772.3390,177277.9112,-0.50,134217728,252439.8388,-0.35,1412.194,1111.46,0,75.80,569.04
tiiuae__Falcon-E-1B-Instruct,1585446912,0.4080,2.00,bitmap_B_streamed,ddr3_peak,70,2525319129,318554112,1302528,1.59281,574.7418,176772.3390,177347.0808,-0.47,134217728,252509.0085,-0.33,1656.914,947.30,0,75.80,569.04
tiiuae__Falcon-E-1B-Instruct,1585446912,0.4080,2.50,five_trit,sram_8kb_45nm,0.156,2538799104,318554112,0,1.60131,448.9516,396.0527,845.0043,+0.00,134217728,1012.5080,+0.00,1200.192,1046.23,0,75.51,566.91
tiiuae__Falcon-E-1B-Instruct,1585446912,0.4080,2.50,bitmap_A,sram_8kb_45nm,0.156,2524016601,318554112,0,1.59199,604.5227,393.7466,998.2693,+18.14,134217728,1165.7731,+15.14,1545.726,812.35,0,75.82,569.24
tiiuae__Falcon-E-1B-Instruct,1585446912,0.4080,2.50,bitmap_B_resident,sram_8kb_45nm,0.156,2525319129,318554112,1302528,1.59281,500.1424,393.9498,894.0921,+5.81,134217728,1061.5959,+4.85,1386.658,905.54,0,75.80,569.04
tiiuae__Falcon-E-1B-Instruct,1585446912,0.4080,2.50,bitmap_B_streamed,sram_8kb_45nm,0.156,2525319129,318554112,1302528,1.59281,570.0389,393.9498,963.9887,+14.08,134217728,1131.4924,+11.75,1631.378,769.70,0,75.80,569.04
tiiuae__Falcon-E-1B-Instruct,1585446912,0.4080,2.50,five_trit,sram_32kb_45nm,0.313,2538799104,318554112,0,1.60131,448.9516,794.6441,1243.5958,+0.00,134217728,1579.6769,+0.00,1200.192,1046.23,0,75.51,566.91
tiiuae__Falcon-E-1B-Instruct,1585446912,0.4080,2.50,bitmap_A,sram_32kb_45nm,0.313,2524016601,318554112,0,1.59199,604.5227,790.0172,1394.5399,+12.14,134217728,1730.6211,+9.56,1545.726,812.35,0,75.82,569.24
tiiuae__Falcon-E-1B-Instruct,1585446912,0.4080,2.50,bitmap_B_resident,sram_32kb_45nm,0.313,2525319129,318554112,1302528,1.59281,500.1424,790.4249,1290.5672,+3.78,134217728,1626.6484,+2.97,1386.658,905.54,0,75.80,569.04
tiiuae__Falcon-E-1B-Instruct,1585446912,0.4080,2.50,bitmap_B_streamed,sram_32kb_45nm,0.313,2525319129,318554112,1302528,1.59281,570.0389,790.4249,1360.4638,+9.40,134217728,1696.5450,+7.40,1631.378,769.70,0,75.80,569.04
tiiuae__Falcon-E-1B-Instruct,1585446912,0.4080,2.50,five_trit,sram_1mb_45nm,1.563,2538799104,318554112,0,1.60131,448.9516,3968.1430,4417.0946,+0.00,134217728,6095.3531,+0.00,1200.192,1046.23,0,75.51,566.91
tiiuae__Falcon-E-1B-Instruct,1585446912,0.4080,2.50,bitmap_A,sram_1mb_45nm,1.563,2524016601,318554112,0,1.59199,604.5227,3945.0379,4549.5607,+3.00,134217728,6227.8192,+2.17,1545.726,812.35,0,75.82,569.24
tiiuae__Falcon-E-1B-Instruct,1585446912,0.4080,2.50,bitmap_B_resident,sram_1mb_45nm,1.563,2525319129,318554112,1302528,1.59281,500.1424,3947.0738,4447.2161,+0.68,134217728,6125.4746,+0.49,1386.658,905.54,0,75.80,569.04
tiiuae__Falcon-E-1B-Instruct,1585446912,0.4080,2.50,bitmap_B_streamed,sram_1mb_45nm,1.563,2525319129,318554112,1302528,1.59281,570.0389,3947.0738,4517.1127,+2.26,134217728,6195.3712,+1.64,1631.378,769.70,0,75.80,569.04
tiiuae__Falcon-E-1B-Instruct,1585446912,0.4080,2.50,five_trit,sram_1mb_45nm_cacti,1.058,2538799104,318554112,0,1.60131,448.9516,2686.0495,3135.0011,+0.00,134217728,4271.0199,+0.00,1200.192,1046.23,0,75.51,566.91
tiiuae__Falcon-E-1B-Instruct,1585446912,0.4080,2.50,bitmap_A,sram_1mb_45nm_cacti,1.058,2524016601,318554112,0,1.59199,604.5227,2670.4096,3274.9323,+4.46,134217728,4410.9512,+3.28,1545.726,812.35,0,75.82,569.24
tiiuae__Falcon-E-1B-Instruct,1585446912,0.4080,2.50,bitmap_B_resident,sram_1mb_45nm_cacti,1.058,2525319129,318554112,1302528,1.59281,500.1424,2671.7876,3171.9300,+1.18,134217728,4307.9488,+0.86,1386.658,905.54,0,75.80,569.04
tiiuae__Falcon-E-1B-Instruct,1585446912,0.4080,2.50,bitmap_B_streamed,sram_1mb_45nm_cacti,1.058,2525319129,318554112,1302528,1.59281,570.0389,2671.7876,3241.8265,+3.41,134217728,4377.8454,+2.50,1631.378,769.70,0,75.80,569.04
tiiuae__Falcon-E-1B-Instruct,1585446912,0.4080,2.50,five_trit,sram_32kb_7nm,0.133,2538799104,318554112,0,1.60131,448.9516,337.6603,786.6119,+0.00,134217728,929.4196,+0.00,1200.192,1046.23,0,75.51,566.91
tiiuae__Falcon-E-1B-Instruct,1585446912,0.4080,2.50,bitmap_A,sram_32kb_7nm,0.133,2524016601,318554112,0,1.59199,604.5227,335.6942,940.2170,+19.53,134217728,1083.0246,+16.53,1545.726,812.35,0,75.82,569.24
tiiuae__Falcon-E-1B-Instruct,1585446912,0.4080,2.50,bitmap_B_resident,sram_32kb_7nm,0.133,2525319129,318554112,1302528,1.59281,500.1424,335.8674,836.0098,+6.28,134217728,978.8175,+5.31,1386.658,905.54,0,75.80,569.04
tiiuae__Falcon-E-1B-Instruct,1585446912,0.4080,2.50,bitmap_B_streamed,sram_32kb_7nm,0.133,2525319129,318554112,1302528,1.59281,570.0389,335.8674,905.9063,+15.17,134217728,1048.7140,+12.84,1631.378,769.70,0,75.80,569.04
tiiuae__Falcon-E-1B-Instruct,1585446912,0.4080,2.50,five_trit,sram_1mb_7nm,0.219,2538799104,318554112,0,1.60131,448.9516,555.9970,1004.9486,+0.00,134217728,1240.0981,+0.00,1200.192,1046.23,0,75.51,566.91
tiiuae__Falcon-E-1B-Instruct,1585446912,0.4080,2.50,bitmap_A,sram_1mb_7nm,0.219,2524016601,318554112,0,1.59199,604.5227,552.7596,1157.2824,+15.16,134217728,1392.4318,+12.28,1545.726,812.35,0,75.82,569.24
tiiuae__Falcon-E-1B-Instruct,1585446912,0.4080,2.50,bitmap_B_resident,sram_1mb_7nm,0.219,2525319129,318554112,1302528,1.59281,500.1424,553.0449,1053.1872,+4.80,134217728,1288.3367,+3.89,1386.658,905.54,0,75.80,569.04
tiiuae__Falcon-E-1B-Instruct,1585446912,0.4080,2.50,bitmap_B_streamed,sram_1mb_7nm,0.219,2525319129,318554112,1302528,1.59281,570.0389,553.0449,1123.0838,+11.76,134217728,1358.2332,+9.53,1631.378,769.70,0,75.80,569.04
tiiuae__Falcon-E-1B-Instruct,1585446912,0.4080,2.50,five_trit,hbm2,3.97,2538799104,318554112,0,1.60131,448.9516,10079.0324,10527.9841,+0.00,134217728,14790.7391,+0.00,1200.192,1046.23,0,75.51,566.91
tiiuae__Falcon-E-1B-Instruct,1585446912,0.4080,2.50,bitmap_A,hbm2,3.97,2524016601,318554112,0,1.59199,604.5227,10020.3459,10624.8687,+0.92,134217728,14887.6237,+0.66,1545.726,812.35,0,75.82,569.24
tiiuae__Falcon-E-1B-Instruct,1585446912,0.4080,2.50,bitmap_B_resident,hbm2,3.97,2525319129,318554112,1302528,1.59281,500.1424,10025.5169,10525.6593,-0.02,134217728,14788.4143,-0.02,1386.658,905.54,0,75.80,569.04
tiiuae__Falcon-E-1B-Instruct,1585446912,0.4080,2.50,bitmap_B_streamed,hbm2,3.97,2525319129,318554112,1302528,1.59281,570.0389,10025.5169,10595.5558,+0.64,134217728,14858.3109,+0.46,1631.378,769.70,0,75.80,569.04
tiiuae__Falcon-E-1B-Instruct,1585446912,0.4080,2.50,five_trit,hbm2_streamed,3.59,2538799104,318554112,0,1.60131,448.9516,9114.2888,9563.2404,+0.00,134217728,13417.9736,+0.00,1200.192,1046.23,0,75.51,566.91
tiiuae__Falcon-E-1B-Instruct,1585446912,0.4080,2.50,bitmap_A,hbm2_streamed,3.59,2524016601,318554112,0,1.59199,604.5227,9061.2196,9665.7423,+1.07,134217728,13520.4755,+0.76,1545.726,812.35,0,75.82,569.24
tiiuae__Falcon-E-1B-Instruct,1585446912,0.4080,2.50,bitmap_B_resident,hbm2_streamed,3.59,2525319129,318554112,1302528,1.59281,500.1424,9065.8957,9566.0380,+0.03,134217728,13420.7712,+0.02,1386.658,905.54,0,75.80,569.04
tiiuae__Falcon-E-1B-Instruct,1585446912,0.4080,2.50,bitmap_B_streamed,hbm2_streamed,3.59,2525319129,318554112,1302528,1.59281,570.0389,9065.8957,9635.9346,+0.76,134217728,13490.6677,+0.54,1631.378,769.70,0,75.80,569.04
tiiuae__Falcon-E-1B-Instruct,1585446912,0.4080,2.50,five_trit,lpddr4_package,12,2538799104,318554112,0,1.60131,448.9516,30465.5892,30914.5409,+0.00,134217728,43799.4428,+0.00,1200.192,1046.23,0,75.51,566.91
tiiuae__Falcon-E-1B-Instruct,1585446912,0.4080,2.50,bitmap_A,lpddr4_package,12,2524016601,318554112,0,1.59199,604.5227,30288.1992,30892.7220,-0.07,134217728,43777.6238,-0.05,1545.726,812.35,0,75.82,569.24
tiiuae__Falcon-E-1B-Instruct,1585446912,0.4080,2.50,bitmap_B_resident,lpddr4_package,12,2525319129,318554112,1302528,1.59281,500.1424,30303.8295,30803.9719,-0.36,134217728,43688.8738,-0.25,1386.658,905.54,0,75.80,569.04
tiiuae__Falcon-E-1B-Instruct,1585446912,0.4080,2.50,bitmap_B_streamed,lpddr4_package,12,2525319129,318554112,1302528,1.59281,570.0389,30303.8295,30873.8684,-0.13,134217728,43758.7703,-0.09,1631.378,769.70,0,75.80,569.04
tiiuae__Falcon-E-1B-Instruct,1585446912,0.4080,2.50,five_trit,gddr5,14.0,2538799104,318554112,0,1.60131,448.9516,35543.1875,35992.1391,+0.00,134217728,51024.5246,+0.00,1200.192,1046.23,0,75.51,566.91
tiiuae__Falcon-E-1B-Instruct,1585446912,0.4080,2.50,bitmap_A,gddr5,14.0,2524016601,318554112,0,1.59199,604.5227,35336.2324,35940.7552,-0.14,134217728,50973.1407,-0.10,1545.726,812.35,0,75.82,569.24
tiiuae__Falcon-E-1B-Instruct,1585446912,0.4080,2.50,bitmap_B_resident,gddr5,14.0,2525319129,318554112,1302528,1.59281,500.1424,35354.4678,35854.6102,-0.38,134217728,50886.9957,-0.27,1386.658,905.54,0,75.80,569.04
tiiuae__Falcon-E-1B-Instruct,1585446912,0.4080,2.50,bitmap_B_streamed,gddr5,14.0,2525319129,318554112,1302528,1.59281,570.0389,35354.4678,35924.5067,-0.19,134217728,50956.8922,-0.13,1631.378,769.70,0,75.80,569.04
tiiuae__Falcon-E-1B-Instruct,1585446912,0.4080,2.50,five_trit,dram_45nm_horowitz,30.5,2538799104,318554112,0,1.60131,448.9516,77433.3727,77882.3243,+0.00,134217728,110631.4499,+0.00,1200.192,1046.23,0,75.51,566.91
tiiuae__Falcon-E-1B-Instruct,1585446912,0.4080,2.50,bitmap_A,dram_45nm_horowitz,30.5,2524016601,318554112,0,1.59199,604.5227,76982.5063,77587.0291,-0.38,134217728,110336.1547,-0.27,1545.726,812.35,0,75.82,569.24
tiiuae__Falcon-E-1B-Instruct,1585446912,0.4080,2.50,bitmap_B_resident,dram_45nm_horowitz,30.5,2525319129,318554112,1302528,1.59281,500.1424,77022.2334,77522.3758,-0.46,134217728,110271.5014,-0.33,1386.658,905.54,0,75.80,569.04
tiiuae__Falcon-E-1B-Instruct,1585446912,0.4080,2.50,bitmap_B_streamed,dram_45nm_horowitz,30.5,2525319129,318554112,1302528,1.59281,570.0389,77022.2334,77592.2723,-0.37,134217728,110341.3980,-0.26,1631.378,769.70,0,75.80,569.04
tiiuae__Falcon-E-1B-Instruct,1585446912,0.4080,2.50,five_trit,ddr3_peak,70,2538799104,318554112,0,1.60131,448.9516,177715.9373,178164.8889,+0.00,134217728,253326.8166,+0.00,1200.192,1046.23,0,75.51,566.91
tiiuae__Falcon-E-1B-Instruct,1585446912,0.4080,2.50,bitmap_A,ddr3_peak,70,2524016601,318554112,0,1.59199,604.5227,176681.1621,177285.6848,-0.49,134217728,252447.6125,-0.35,1545.726,812.35,0,75.82,569.24
tiiuae__Falcon-E-1B-Instruct,1585446912,0.4080,2.50,bitmap_B_resident,ddr3_peak,70,2525319129,318554112,1302528,1.59281,500.1424,176772.3390,177272.4814,-0.50,134217728,252434.4091,-0.35,1386.658,905.54,0,75.80,569.04
tiiuae__Falcon-E-1B-Instruct,1585446912,0.4080,2.50,bitmap_B_streamed,ddr3_peak,70,2525319129,318554112,1302528,1.59281,570.0389,176772.3390,177342.3779,-0.46,134217728,252504.3056,-0.32,1631.378,769.70,0,75.80,569.04
tiiuae__Falcon-E-3B-Instruct,2919235584,0.3958,1.60,five_trit,sram_8kb_45nm,0.156,4674289664,586416128,0,1.60120,1007.3333,729.1892,1736.5225,+0.00,134217728,1904.0262,+0.00,1373.358,776.05,0,47.46,356.30
tiiuae__Falcon-E-3B-Instruct,2919235584,0.3958,1.60,bitmap_A,sram_8kb_45nm,0.156,4683095342,586416128,0,1.60422,1213.8907,730.5629,1944.4536,+11.97,134217728,2111.9573,+10.92,1624.994,655.88,0,47.39,355.75
tiiuae__Falcon-E-3B-Instruct,2919235584,0.3958,1.60,bitmap_B_resident,sram_8kb_45nm,0.156,4685290798,586416128,2195456,1.60497,1004.6902,730.9054,1735.5955,-0.05,134217728,1903.0993,-0.05,1448.636,735.72,0,47.37,355.62
tiiuae__Falcon-E-3B-Instruct,2919235584,0.3958,1.60,bitmap_B_streamed,sram_8kb_45nm,0.156,4685290798,586416128,2195456,1.60497,1131.4252,730.9054,1862.3306,+7.24,134217728,2029.8343,+6.61,1693.356,629.40,0,47.37,355.62
tiiuae__Falcon-E-3B-Instruct,2919235584,0.3958,1.60,five_trit,sram_32kb_45nm,0.313,4674289664,586416128,0,1.60120,1007.3333,1463.0527,2470.3860,+0.00,134217728,2806.4672,+0.00,1373.358,776.05,0,47.46,356.30
tiiuae__Falcon-E-3B-Instruct,2919235584,0.3958,1.60,bitmap_A,sram_32kb_45nm,0.313,4683095342,586416128,0,1.60422,1213.8907,1465.8088,2679.6995,+8.47,134217728,3015.7807,+7.46,1624.994,655.88,0,47.39,355.75
tiiuae__Falcon-E-3B-Instruct,2919235584,0.3958,1.60,bitmap_B_resident,sram_32kb_45nm,0.313,4685290798,586416128,2195456,1.60497,1004.6902,1466.4960,2471.1862,+0.03,134217728,2807.2674,+0.03,1448.636,735.72,0,47.37,355.62
tiiuae__Falcon-E-3B-Instruct,2919235584,0.3958,1.60,bitmap_B_streamed,sram_32kb_45nm,0.313,4685290798,586416128,2195456,1.60497,1131.4252,1466.4960,2597.9212,+5.16,134217728,2934.0024,+4.54,1693.356,629.40,0,47.37,355.62
tiiuae__Falcon-E-3B-Instruct,2919235584,0.3958,1.60,five_trit,sram_1mb_45nm,1.563,4674289664,586416128,0,1.60120,1007.3333,7305.9147,8313.2480,+0.00,134217728,9991.5065,+0.00,1373.358,776.05,0,47.46,356.30
tiiuae__Falcon-E-3B-Instruct,2919235584,0.3958,1.60,bitmap_A,sram_1mb_45nm,1.563,4683095342,586416128,0,1.60422,1213.8907,7319.6780,8533.5687,+2.65,134217728,10211.8272,+2.21,1624.994,655.88,0,47.39,355.75
tiiuae__Falcon-E-3B-Instruct,2919235584,0.3958,1.60,bitmap_B_resident,sram_1mb_45nm,1.563,4685290798,586416128,2195456,1.60497,1004.6902,7323.1095,8327.7997,+0.18,134217728,10006.0582,+0.15,1448.636,735.72,0,47.37,355.62
tiiuae__Falcon-E-3B-Instruct,2919235584,0.3958,1.60,bitmap_B_streamed,sram_1mb_45nm,1.563,4685290798,586416128,2195456,1.60497,1131.4252,7323.1095,8454.5347,+1.70,134217728,10132.7932,+1.41,1693.356,629.40,0,47.37,355.62
tiiuae__Falcon-E-3B-Instruct,2919235584,0.3958,1.60,five_trit,sram_1mb_45nm_cacti,1.058,4674289664,586416128,0,1.60120,1007.3333,4945.3985,5952.7318,+0.00,134217728,7088.7506,+0.00,1373.358,776.05,0,47.46,356.30
tiiuae__Falcon-E-3B-Instruct,2919235584,0.3958,1.60,bitmap_A,sram_1mb_45nm_cacti,1.058,4683095342,586416128,0,1.60422,1213.8907,4954.7149,6168.6056,+3.63,134217728,7304.6244,+3.05,1624.994,655.88,0,47.39,355.75
tiiuae__Falcon-E-3B-Instruct,2919235584,0.3958,1.60,bitmap_B_resident,sram_1mb_45nm_cacti,1.058,4685290798,586416128,2195456,1.60497,1004.6902,4957.0377,5961.7278,+0.15,134217728,7097.7467,+0.13,1448.636,735.72,0,47.37,355.62
tiiuae__Falcon-E-3B-Instruct,2919235584,0.3958,1.60,bitmap_B_streamed,sram_1mb_45nm_cacti,1.058,4685290798,586416128,2195456,1.60497,1131.4252,4957.0377,6088.4629,+2.28,134217728,7224.4817,+1.91,1693.356,629.40,0,47.37,355.62
tiiuae__Falcon-E-3B-Instruct,2919235584,0.3958,1.60,five_trit,sram_32kb_7nm,0.133,4674289664,586416128,0,1.60120,1007.3333,621.6805,1629.0138,+0.00,134217728,1771.8215,+0.00,1373.358,776.05,0,47.46,356.30
tiiuae__Falcon-E-3B-Instruct,2919235584,0.3958,1.60,bitmap_A,sram_32kb_7nm,0.133,4683095342,586416128,0,1.60422,1213.8907,622.8517,1836.7424,+12.75,134217728,1979.5501,+11.72,1624.994,655.88,0,47.39,355.75
tiiuae__Falcon-E-3B-Instruct,2919235584,0.3958,1.60,bitmap_B_resident,sram_32kb_7nm,0.133,4685290798,586416128,2195456,1.60497,1004.6902,623.1437,1627.8338,-0.07,134217728,1770.6415,-0.07,1448.636,735.72,0,47.37,355.62
tiiuae__Falcon-E-3B-Instruct,2919235584,0.3958,1.60,bitmap_B_streamed,sram_32kb_7nm,0.133,4685290798,586416128,2195456,1.60497,1131.4252,623.1437,1754.5689,+7.71,134217728,1897.3766,+7.09,1693.356,629.40,0,47.37,355.62
tiiuae__Falcon-E-3B-Instruct,2919235584,0.3958,1.60,five_trit,sram_1mb_7nm,0.219,4674289664,586416128,0,1.60120,1007.3333,1023.6694,2031.0027,+0.00,134217728,2266.1522,+0.00,1373.358,776.05,0,47.46,356.30
tiiuae__Falcon-E-3B-Instruct,2919235584,0.3958,1.60,bitmap_A,sram_1mb_7nm,0.219,4683095342,586416128,0,1.60422,1213.8907,1025.5979,2239.4886,+10.27,134217728,2474.6380,+9.20,1624.994,655.88,0,47.39,355.75
tiiuae__Falcon-E-3B-Instruct,2919235584,0.3958,1.60,bitmap_B_resident,sram_1mb_7nm,0.219,4685290798,586416128,2195456,1.60497,1004.6902,1026.0787,2030.7688,-0.01,134217728,2265.9183,-0.01,1448.636,735.72,0,47.37,355.62
tiiuae__Falcon-E-3B-Instruct,2919235584,0.3958,1.60,bitmap_B_streamed,sram_1mb_7nm,0.219,4685290798,586416128,2195456,1.60497,1131.4252,1026.0787,2157.5039,+6.23,134217728,2392.6534,+5.58,1693.356,629.40,0,47.37,355.62
tiiuae__Falcon-E-3B-Instruct,2919235584,0.3958,1.60,five_trit,hbm2,3.97,4674289664,586416128,0,1.60120,1007.3333,18556.9300,19564.2633,+0.00,134217728,23827.0183,+0.00,1373.358,776.05,0,47.46,356.30
tiiuae__Falcon-E-3B-Instruct,2919235584,0.3958,1.60,bitmap_A,hbm2,3.97,4683095342,586416128,0,1.60422,1213.8907,18591.8885,19805.7792,+1.23,134217728,24068.5343,+1.01,1624.994,655.88,0,47.39,355.75
tiiuae__Falcon-E-3B-Instruct,2919235584,0.3958,1.60,bitmap_B_resident,hbm2,3.97,4685290798,586416128,2195456,1.60497,1004.6902,18600.6045,19605.2946,+0.21,134217728,23868.0497,+0.17,1448.636,735.72,0,47.37,355.62
tiiuae__Falcon-E-3B-Instruct,2919235584,0.3958,1.60,bitmap_B_streamed,hbm2,3.97,4685290798,586416128,2195456,1.60497,1131.4252,18600.6045,19732.0297,+0.86,134217728,23994.7847,+0.70,1693.356,629.40,0,47.37,355.62
tiiuae__Falcon-E-3B-Instruct,2919235584,0.3958,1.60,five_trit,hbm2_streamed,3.59,4674289664,586416128,0,1.60120,1007.3333,16780.6999,17788.0332,+0.00,134217728,21642.7663,+0.00,1373.358,776.05,0,47.46,356.30
tiiuae__Falcon-E-3B-Instruct,2919235584,0.3958,1.60,bitmap_A,hbm2_streamed,3.59,4683095342,586416128,0,1.60422,1213.8907,16812.3123,18026.2030,+1.34,134217728,21880.9361,+1.10,1624.994,655.88,0,47.39,355.75
tiiuae__Falcon-E-3B-Instruct,2919235584,0.3958,1.60,bitmap_B_resident,hbm2_streamed,3.59,4685290798,586416128,2195456,1.60497,1004.6902,16820.1940,17824.8841,+0.21,134217728,21679.6173,+0.17,1448.636,735.72,0,47.37,355.62
tiiuae__Falcon-E-3B-Instruct,2919235584,0.3958,1.60,bitmap_B_streamed,hbm2_streamed,3.59,4685290798,586416128,2195456,1.60497,1131.4252,16820.1940,17951.6192,+0.92,134217728,21806.3523,+0.76,1693.356,629.40,0,47.37,355.62
tiiuae__Falcon-E-3B-Instruct,2919235584,0.3958,1.60,five_trit,lpddr4_package,12,4674289664,586416128,0,1.60120,1007.3333,56091.4760,57098.8093,+0.00,134217728,69983.7112,+0.00,1373.358,776.05,0,47.46,356.30
tiiuae__Falcon-E-3B-Instruct,2919235584,0.3958,1.60,bitmap_A,lpddr4_package,12,4683095342,586416128,0,1.60422,1213.8907,56197.1441,57411.0348,+0.55,134217728,70295.9367,+0.45,1624.994,655.88,0,47.39,355.75
tiiuae__Falcon-E-3B-Instruct,2919235584,0.3958,1.60,bitmap_B_resident,lpddr4_package,12,4685290798,586416128,2195456,1.60497,1004.6902,56223.4896,57228.1797,+0.23,134217728,70113.0816,+0.18,1448.636,735.72,0,47.37,355.62
tiiuae__Falcon-E-3B-Instruct,2919235584,0.3958,1.60,bitmap_B_streamed,lpddr4_package,12,4685290798,586416128,2195456,1.60497,1131.4252,56223.4896,57354.9148,+0.45,134217728,70239.8167,+0.37,1693.356,629.40,0,47.37,355.62
tiiuae__Falcon-E-3B-Instruct,2919235584,0.3958,1.60,five_trit,gddr5,14.0,4674289664,586416128,0,1.60120,1007.3333,65440.0553,66447.3886,+0.00,134217728,81479.7741,+0.00,1373.358,776.05,0,47.46,356.30
tiiuae__Falcon-E-3B-Instruct,2919235584,0.3958,1.60,bitmap_A,gddr5,14.0,4683095342,586416128,0,1.60422,1213.8907,65563.3348,66777.2255,+0.50,134217728,81809.6110,+0.40,1624.994,655.88,0,47.39,355.75
tiiuae__Falcon-E-3B-Instruct,2919235584,0.3958,1.60,bitmap_B_resident,gddr5,14.0,4685290798,586416128,2195456,1.60497,1004.6902,65594.0712,66598.7613,+0.23,134217728,81631.1469,+0.19,1448.636,735.72,0,47.37,355.62
tiiuae__Falcon-E-3B-Instruct,2919235584,0.3958,1.60,bitmap_B_streamed,gddr5,14.0,4685290798,586416128,2195456,1.60497,1131.4252,65594.0712,66725.4964,+0.42,134217728,81757.8819,+0.34,1693.356,629.40,0,47.37,355.62
tiiuae__Falcon-E-3B-Instruct,2919235584,0.3958,1.60,five_trit,dram_45nm_horowitz,30.5,4674289664,586416128,0,1.60120,1007.3333,142565.8348,143573.1681,+0.00,134217728,176322.2937,+0.00,1373.358,776.05,0,47.46,356.30
tiiuae__Falcon-E-3B-Instruct,2919235584,0.3958,1.60,bitmap_A,dram_45nm_horowitz,30.5,4683095342,586416128,0,1.60422,1213.8907,142834.4079,144048.2986,+0.33,134217728,176797.4243,+0.27,1624.994,655.88,0,47.39,355.75
tiiuae__Falcon-E-3B-Instruct,2919235584,0.3958,1.60,bitmap_B_resident,dram_45nm_horowitz,30.5,4685290798,586416128,2195456,1.60497,1004.6902,142901.3693,143906.0595,+0.23,134217728,176655.1851,+0.19,1448.636,735.72,0,47.37,355.62
tiiuae__Falcon-E-3B-Instruct,2919235584,0.3958,1.60,bitmap_B_streamed,dram_45nm_horowitz,30.5,4685290798,586416128,2195456,1.60497,1131.4252,142901.3693,144032.7946,+0.32,134217728,176781.9202,+0.26,1693.356,629.40,0,47.37,355.62
tiiuae__Falcon-E-3B-Instruct,2919235584,0.3958,1.60,five_trit,ddr3_peak,70,4674289664,586416128,0,1.60120,1007.3333,327200.2765,328207.6098,+0.00,134217728,403369.5375,+0.00,1373.358,776.05,0,47.46,356.30
tiiuae__Falcon-E-3B-Instruct,2919235584,0.3958,1.60,bitmap_A,ddr3_peak,70,4683095342,586416128,0,1.60422,1213.8907,327816.6739,329030.5646,+0.25,134217728,404192.4923,+0.20,1624.994,655.88,0,47.39,355.75
tiiuae__Falcon-E-3B-Instruct,2919235584,0.3958,1.60,bitmap_B_resident,ddr3_peak,70,4685290798,586416128,2195456,1.60497,1004.6902,327970.3559,328975.0460,+0.23,134217728,404136.9737,+0.19,1448.636,735.72,0,47.37,355.62
tiiuae__Falcon-E-3B-Instruct,2919235584,0.3958,1.60,bitmap_B_streamed,ddr3_peak,70,4685290798,586416128,2195456,1.60497,1131.4252,327970.3559,329101.7811,+0.27,134217728,404263.7088,+0.22,1693.356,629.40,0,47.37,355.62
tiiuae__Falcon-E-3B-Instruct,2919235584,0.3958,2.00,five_trit,sram_8kb_45nm,0.156,4674289664,586416128,0,1.60120,851.6659,729.1892,1580.8551,+0.00,134217728,1748.3588,+0.00,1221.206,698.19,0,47.46,356.30
tiiuae__Falcon-E-3B-Instruct,2919235584,0.3958,2.00,bitmap_A,sram_8kb_45nm,0.156,4683095342,586416128,0,1.60422,1112.0909,730.5629,1842.6538,+16.56,134217728,2010.1575,+14.97,1573.656,541.82,0,47.39,355.75
tiiuae__Falcon-E-3B-Instruct,2919235584,0.3958,2.00,bitmap_B_resident,sram_8kb_45nm,0.156,4685290798,586416128,2195456,1.60497,932.7372,730.9054,1663.6426,+5.24,134217728,1831.1463,+4.74,1412.194,603.77,0,47.37,355.62
tiiuae__Falcon-E-3B-Instruct,2919235584,0.3958,2.00,bitmap_B_streamed,sram_8kb_45nm,0.156,4685290798,586416128,2195456,1.60497,1060.5437,730.9054,1791.4491,+13.32,134217728,1958.9528,+12.05,1656.914,514.59,0,47.37,355.62
tiiuae__Falcon-E-3B-Instruct,2919235584,0.3958,2.00,five_trit,sram_32kb_45nm,0.313,4674289664,586416128,0,1.60120,851.6659,1463.0527,2314.7185,+0.00,134217728,2650.7997,+0.00,1221.206,698.19,0,47.46,356.30
tiiuae__Falcon-E-3B-Instruct,2919235584,0.3958,2.00,bitmap_A,sram_32kb_45nm,0.313,4683095342,586416128,0,1.60422,1112.0909,1465.8088,2577.8997,+11.37,134217728,2913.9809,+9.93,1573.656,541.82,0,47.39,355.75
tiiuae__Falcon-E-3B-Instruct,2919235584,0.3958,2.00,bitmap_B_resident,sram_32kb_45nm,0.313,4685290798,586416128,2195456,1.60497,932.7372,1466.4960,2399.2332,+3.65,134217728,2735.3144,+3.19,1412.194,603.77,0,47.37,355.62
tiiuae__Falcon-E-3B-Instruct,2919235584,0.3958,2.00,bitmap_B_streamed,sram_32kb_45nm,0.313,4685290798,586416128,2195456,1.60497,1060.5437,1466.4960,2527.0397,+9.17,134217728,2863.1209,+8.01,1656.914,514.59,0,47.37,355.62
tiiuae__Falcon-E-3B-Instruct,2919235584,0.3958,2.00,five_trit,sram_1mb_45nm,1.563,4674289664,586416128,0,1.60120,851.6659,7305.9147,8157.5806,+0.00,134217728,9835.8391,+0.00,1221.206,698.19,0,47.46,356.30
tiiuae__Falcon-E-3B-Instruct,2919235584,0.3958,2.00,bitmap_A,sram_1mb_45nm,1.563,4683095342,586416128,0,1.60422,1112.0909,7319.6780,8431.7689,+3.36,134217728,10110.0274,+2.79,1573.656,541.82,0,47.39,355.75
tiiuae__Falcon-E-3B-Instruct,2919235584,0.3958,2.00,bitmap_B_resident,sram_1mb_45nm,1.563,4685290798,586416128,2195456,1.60497,932.7372,7323.1095,8255.8467,+1.20,134217728,9934.1052,+1.00,1412.194,603.77,0,47.37,355.62
tiiuae__Falcon-E-3B-Instruct,2919235584,0.3958,2.00,bitmap_B_streamed,sram_1mb_45nm,1.563,4685290798,586416128,2195456,1.60497,1060.5437,7323.1095,8383.6532,+2.77,134217728,10061.9117,+2.30,1656.914,514.59,0,47.37,355.62
tiiuae__Falcon-E-3B-Instruct,2919235584,0.3958,2.00,five_trit,sram_1mb_45nm_cacti,1.058,4674289664,586416128,0,1.60120,851.6659,4945.3985,5797.0643,+0.00,134217728,6933.0832,+0.00,1221.206,698.19,0,47.46,356.30
tiiuae__Falcon-E-3B-Instruct,2919235584,0.3958,2.00,bitmap_A,sram_1mb_45nm_cacti,1.058,4683095342,586416128,0,1.60422,1112.0909,4954.7149,6066.8058,+4.65,134217728,7202.8246,+3.89,1573.656,541.82,0,47.39,355.75
tiiuae__Falcon-E-3B-Instruct,2919235584,0.3958,2.00,bitmap_B_resident,sram_1mb_45nm_cacti,1.058,4685290798,586416128,2195456,1.60497,932.7372,4957.0377,5889.7749,+1.60,134217728,7025.7937,+1.34,1412.194,603.77,0,47.37,355.62
tiiuae__Falcon-E-3B-Instruct,2919235584,0.3958,2.00,bitmap_B_streamed,sram_1mb_45nm_cacti,1.058,4685290798,586416128,2195456,1.60497,1060.5437,4957.0377,6017.5814,+3.80,134217728,7153.6002,+3.18,1656.914,514.59,0,47.37,355.62
tiiuae__Falcon-E-3B-Instruct,2919235584,0.3958,2.00,five_trit,sram_32kb_7nm,0.133,4674289664,586416128,0,1.60120,851.6659,621.6805,1473.3464,+0.00,134217728,1616.1541,+0.00,1221.206,698.19,0,47.46,356.30
tiiuae__Falcon-E-3B-Instruct,2919235584,0.3958,2.00,bitmap_A,sram_32kb_7nm,0.133,4683095342,586416128,0,1.60422,1112.0909,622.8517,1734.9426,+17.76,134217728,1877.7502,+16.19,1573.656,541.82,0,47.39,355.75
tiiuae__Falcon-E-3B-Instruct,2919235584,0.3958,2.00,bitmap_B_resident,sram_32kb_7nm,0.133,4685290798,586416128,2195456,1.60497,932.7372,623.1437,1555.8809,+5.60,134217728,1698.6886,+5.11,1412.194,603.77,0,47.37,355.62
tiiuae__Falcon-E-3B-Instruct,2919235584,0.3958,2.00,bitmap_B_streamed,sram_32kb_7nm,0.133,4685290798,586416128,2195456,1.60497,1060.5437,623.1437,1683.6874,+14.28,134217728,1826.4951,+13.01,1656.914,514.59,0,47.37,355.62
tiiuae__Falcon-E-3B-Instruct,2919235584,0.3958,2.00,five_trit,sram_1mb_7nm,0.219,4674289664,586416128,0,1.60120,851.6659,1023.6694,1875.3353,+0.00,134217728,2110.4848,+0.00,1221.206,698.19,0,47.46,356.30
tiiuae__Falcon-E-3B-Instruct,2919235584,0.3958,2.00,bitmap_A,sram_1mb_7nm,0.219,4683095342,586416128,0,1.60422,1112.0909,1025.5979,2137.6888,+13.99,134217728,2372.8382,+12.43,1573.656,541.82,0,47.39,355.75
tiiuae__Falcon-E-3B-Instruct,2919235584,0.3958,2.00,bitmap_B_resident,sram_1mb_7nm,0.219,4685290798,586416128,2195456,1.60497,932.7372,1026.0787,1958.8159,+4.45,134217728,2193.9654,+3.96,1412.194,603.77,0,47.37,355.62
tiiuae__Falcon-E-3B-Instruct,2919235584,0.3958,2.00,bitmap_B_streamed,sram_1mb_7nm,0.219,4685290798,586416128,2195456,1.60497,1060.5437,1026.0787,2086.6224,+11.27,134217728,2321.7719,+10.01,1656.914,514.59,0,47.37,355.62
tiiuae__Falcon-E-3B-Instruct,2919235584,0.3958,2.00,five_trit,hbm2,3.97,4674289664,586416128,0,1.60120,851.6659,18556.9300,19408.5958,+0.00,134217728,23671.3509,+0.00,1221.206,698.19,0,47.46,356.30
tiiuae__Falcon-E-3B-Instruct,2919235584,0.3958,2.00,bitmap_A,hbm2,3.97,4683095342,586416128,0,1.60422,1112.0909,18591.8885,19703.9794,+1.52,134217728,23966.7344,+1.25,1573.656,541.82,0,47.39,355.75
tiiuae__Falcon-E-3B-Instruct,2919235584,0.3958,2.00,bitmap_B_resident,hbm2,3.97,4685290798,586416128,2195456,1.60497,932.7372,18600.6045,19533.3417,+0.64,134217728,23796.0967,+0.53,1412.194,603.77,0,47.37,355.62
tiiuae__Falcon-E-3B-Instruct,2919235584,0.3958,2.00,bitmap_B_streamed,hbm2,3.97,4685290798,586416128,2195456,1.60497,1060.5437,18600.6045,19661.1482,+1.30,134217728,23923.9032,+1.07,1656.914,514.59,0,47.37,355.62
tiiuae__Falcon-E-3B-Instruct,2919235584,0.3958,2.00,five_trit,hbm2_streamed,3.59,4674289664,586416128,0,1.60120,851.6659,16780.6999,17632.3658,+0.00,134217728,21487.0989,+0.00,1221.206,698.19,0,47.46,356.30
tiiuae__Falcon-E-3B-Instruct,2919235584,0.3958,2.00,bitmap_A,hbm2_streamed,3.59,4683095342,586416128,0,1.60422,1112.0909,16812.3123,17924.4032,+1.66,134217728,21779.1363,+1.36,1573.656,541.82,0,47.39,355.75
tiiuae__Falcon-E-3B-Instruct,2919235584,0.3958,2.00,bitmap_B_resident,hbm2_streamed,3.59,4685290798,586416128,2195456,1.60497,932.7372,16820.1940,17752.9312,+0.68,134217728,21607.6643,+0.56,1412.194,603.77,0,47.37,355.62
tiiuae__Falcon-E-3B-Instruct,2919235584,0.3958,2.00,bitmap_B_streamed,hbm2_streamed,3.59,4685290798,586416128,2195456,1.60497,1060.5437,16820.1940,17880.7377,+1.41,134217728,21735.4708,+1.16,1656.914,514.59,0,47.37,355.62
tiiuae__Falcon-E-3B-Instruct,2919235584,0.3958,2.00,five_trit,lpddr4_package,12,4674289664,586416128,0,1.60120,851.6659,56091.4760,56943.1418,+0.00,134217728,69828.0437,+0.00,1221.206,698.19,0,47.46,356.30
tiiuae__Falcon-E-3B-Instruct,2919235584,0.3958,2.00,bitmap_A,lpddr4_package,12,4683095342,586416128,0,1.60422,1112.0909,56197.1441,57309.2350,+0.64,134217728,70194.1369,+0.52,1573.656,541.82,0,47.39,355.75
tiiuae__Falcon-E-3B-Instruct,2919235584,0.3958,2.00,bitmap_B_resident,lpddr4_package,12,4685290798,586416128,2195456,1.60497,932.7372,56223.4896,57156.2268,+0.37,134217728,70041.1287,+0.31,1412.194,603.77,0,47.37,355.62
tiiuae__Falcon-E-3B-Instruct,2919235584,0.3958,2.00,bitmap_B_streamed,lpddr4_package,12,4685290798,586416128,2195456,1.60497,1060.5437,56223.4896,57284.0333,+0.60,134217728,70168.9352,+0.49,1656.914,514.59,0,47.37,355.62
tiiuae__Falcon-E-3B-Instruct,2919235584,0.3958,2.00,five_trit,gddr5,14.0,4674289664,586416128,0,1.60120,851.6659,65440.0553,66291.7212,+0.00,134217728,81324.1067,+0.00,1221.206,698.19,0,47.46,356.30
tiiuae__Falcon-E-3B-Instruct,2919235584,0.3958,2.00,bitmap_A,gddr5,14.0,4683095342,586416128,0,1.60422,1112.0909,65563.3348,66675.4257,+0.58,134217728,81707.8112,+0.47,1573.656,541.82,0,47.39,355.75
tiiuae__Falcon-E-3B-Instruct,2919235584,0.3958,2.00,bitmap_B_resident,gddr5,14.0,4685290798,586416128,2195456,1.60497,932.7372,65594.0712,66526.8084,+0.35,134217728,81559.1939,+0.29,1412.194,603.77,0,47.37,355.62
tiiuae__Falcon-E-3B-Instruct,2919235584,0.3958,2.00,bitmap_B_streamed,gddr5,14.0,4685290798,586416128,2195456,1.60497,1060.5437,65594.0712,66654.6149,+0.55,134217728,81687.0004,+0.45,1656.914,514.59,0,47.37,355.62
tiiuae__Falcon-E-3B-Instruct,2919235584,0.3958,2.00,five_trit,dram_45nm_horowitz,30.5,4674289664,586416128,0,1.60120,851.6659,142565.8348,143417.5006,+0.00,134217728,176166.6262,+0.00,1221.206,698.19,0,47.46,356.30
tiiuae__Falcon-E-3B-Instruct,2919235584,0.3958,2.00,bitmap_A,dram_45nm_horowitz,30.5,4683095342,586416128,0,1.60422,1112.0909,142834.4079,143946.4988,+0.37,134217728,176695.6244,+0.30,1573.656,541.82,0,47.39,355.75
tiiuae__Falcon-E-3B-Instruct,2919235584,0.3958,2.00,bitmap_B_resident,dram_45nm_horowitz,30.5,4685290798,586416128,2195456,1.60497,932.7372,142901.3693,143834.1066,+0.29,134217728,176583.2322,+0.24,1412.194,603.77,0,47.37,355.62
tiiuae__Falcon-E-3B-Instruct,2919235584,0.3958,2.00,bitmap_B_streamed,dram_45nm_horowitz,30.5,4685290798,586416128,2195456,1.60497,1060.5437,142901.3693,143961.9131,+0.38,134217728,176711.0387,+0.31,1656.914,514.59,0,47.37,355.62
tiiuae__Falcon-E-3B-Instruct,2919235584,0.3958,2.00,five_trit,ddr3_peak,70,4674289664,586416128,0,1.60120,851.6659,327200.2765,328051.9423,+0.00,134217728,403213.8700,+0.00,1221.206,698.19,0,47.46,356.30
tiiuae__Falcon-E-3B-Instruct,2919235584,0.3958,2.00,bitmap_A,ddr3_peak,70,4683095342,586416128,0,1.60422,1112.0909,327816.6739,328928.7648,+0.27,134217728,404090.6925,+0.22,1573.656,541.82,0,47.39,355.75
tiiuae__Falcon-E-3B-Instruct,2919235584,0.3958,2.00,bitmap_B_resident,ddr3_peak,70,4685290798,586416128,2195456,1.60497,932.7372,327970.3559,328903.0931,+0.26,134217728,404065.0208,+0.21,1412.194,603.77,0,47.37,355.62
tiiuae__Falcon-E-3B-Instruct,2919235584,0.3958,2.00,bitmap_B_streamed,ddr3_peak,70,4685290798,586416128,2195456,1.60497,1060.5437,327970.3559,329030.8996,+0.30,134217728,404192.8273,+0.24,1656.914,514.59,0,47.37,355.62
tiiuae__Falcon-E-3B-Instruct,2919235584,0.3958,2.50,five_trit,sram_8kb_45nm,0.156,4674289664,586416128,0,1.60120,829.0502,729.1892,1558.2393,+0.00,134217728,1725.7431,+0.00,1200.192,568.33,0,47.46,356.30
tiiuae__Falcon-E-3B-Instruct,2919235584,0.3958,2.50,bitmap_A,sram_8kb_45nm,0.156,4683095342,586416128,0,1.60422,1114.6474,730.5629,1845.2103,+18.42,134217728,2012.7140,+16.63,1545.726,441.29,0,47.39,355.75
tiiuae__Falcon-E-3B-Instruct,2919235584,0.3958,2.50,bitmap_B_resident,sram_8kb_45nm,0.156,4685290798,586416128,2195456,1.60497,922.9182,730.9054,1653.8235,+6.13,134217728,1821.3273,+5.54,1386.658,491.91,0,47.37,355.62
tiiuae__Falcon-E-3B-Instruct,2919235584,0.3958,2.50,bitmap_B_streamed,sram_8kb_45nm,0.156,4685290798,586416128,2195456,1.60497,1052.0636,730.9054,1782.9690,+14.42,134217728,1950.4727,+13.02,1631.378,418.12,0,47.37,355.62
tiiuae__Falcon-E-3B-Instruct,2919235584,0.3958,2.50,five_trit,sram_32kb_45nm,0.313,4674289664,586416128,0,1.60120,829.0502,1463.0527,2292.1028,+0.00,134217728,2628.1840,+0.00,1200.192,568.33,0,47.46,356.30
tiiuae__Falcon-E-3B-Instruct,2919235584,0.3958,2.50,bitmap_A,sram_32kb_45nm,0.313,4683095342,586416128,0,1.60422,1114.6474,1465.8088,2580.4563,+12.58,134217728,2916.5375,+10.97,1545.726,441.29,0,47.39,355.75
tiiuae__Falcon-E-3B-Instruct,2919235584,0.3958,2.50,bitmap_B_resident,sram_32kb_45nm,0.313,4685290798,586416128,2195456,1.60497,922.9182,1466.4960,2389.4142,+4.25,134217728,2725.4954,+3.70,1386.658,491.91,0,47.37,355.62
tiiuae__Falcon-E-3B-Instruct,2919235584,0.3958,2.50,bitmap_B_streamed,sram_32kb_45nm,0.313,4685290798,586416128,2195456,1.60497,1052.0636,1466.4960,2518.5596,+9.88,134217728,2854.6408,+8.62,1631.378,418.12,0,47.37,355.62
tiiuae__Falcon-E-3B-Instruct,2919235584,0.3958,2.50,five_trit,sram_1mb_45nm,1.563,4674289664,586416128,0,1.60120,829.0502,7305.9147,8134.9649,+0.00,134217728,9813.2234,+0.00,1200.192,568.33,0,47.46,356.30
tiiuae__Falcon-E-3B-Instruct,2919235584,0.3958,2.50,bitmap_A,sram_1mb_45nm,1.563,4683095342,586416128,0,1.60422,1114.6474,7319.6780,8434.3255,+3.68,134217728,10112.5839,+3.05,1545.726,441.29,0,47.39,355.75
tiiuae__Falcon-E-3B-Instruct,2919235584,0.3958,2.50,bitmap_B_resident,sram_1mb_45nm,1.563,4685290798,586416128,2195456,1.60497,922.9182,7323.1095,8246.0277,+1.37,134217728,9924.2862,+1.13,1386.658,491.91,0,47.37,355.62
tiiuae__Falcon-E-3B-Instruct,2919235584,0.3958,2.50,bitmap_B_streamed,sram_1mb_45nm,1.563,4685290798,586416128,2195456,1.60497,1052.0636,7323.1095,8375.1731,+2.95,134217728,10053.4316,+2.45,1631.378,418.12,0,47.37,355.62
tiiuae__Falcon-E-3B-Instruct,2919235584,0.3958,2.50,five_trit,sram_1mb_45nm_cacti,1.058,4674289664,586416128,0,1.60120,829.0502,4945.3985,5774.4486,+0.00,134217728,6910.4675,+0.00,1200.192,568.33,0,47.46,356.30
tiiuae__Falcon-E-3B-Instruct,2919235584,0.3958,2.50,bitmap_A,sram_1mb_45nm_cacti,1.058,4683095342,586416128,0,1.60422,1114.6474,4954.7149,6069.3623,+5.11,134217728,7205.3812,+4.27,1545.726,441.29,0,47.39,355.75
tiiuae__Falcon-E-3B-Instruct,2919235584,0.3958,2.50,bitmap_B_resident,sram_1mb_45nm_cacti,1.058,4685290798,586416128,2195456,1.60497,922.9182,4957.0377,5879.9558,+1.83,134217728,7015.9747,+1.53,1386.658,491.91,0,47.37,355.62
tiiuae__Falcon-E-3B-Instruct,2919235584,0.3958,2.50,bitmap_B_streamed,sram_1mb_45nm_cacti,1.058,4685290798,586416128,2195456,1.60497,1052.0636,4957.0377,6009.1013,+4.06,134217728,7145.1201,+3.40,1631.378,418.12,0,47.37,355.62
tiiuae__Falcon-E-3B-Instruct,2919235584,0.3958,2.50,five_trit,sram_32kb_7nm,0.133,4674289664,586416128,0,1.60120,829.0502,621.6805,1450.7307,+0.00,134217728,1593.5383,+0.00,1200.192,568.33,0,47.46,356.30
tiiuae__Falcon-E-3B-Instruct,2919235584,0.3958,2.50,bitmap_A,sram_32kb_7nm,0.133,4683095342,586416128,0,1.60422,1114.6474,622.8517,1737.4991,+19.77,134217728,1880.3068,+18.00,1545.726,441.29,0,47.39,355.75
tiiuae__Falcon-E-3B-Instruct,2919235584,0.3958,2.50,bitmap_B_resident,sram_32kb_7nm,0.133,4685290798,586416128,2195456,1.60497,922.9182,623.1437,1546.0619,+6.57,134217728,1688.8695,+5.98,1386.658,491.91,0,47.37,355.62
tiiuae__Falcon-E-3B-Instruct,2919235584,0.3958,2.50,bitmap_B_streamed,sram_32kb_7nm,0.133,4685290798,586416128,2195456,1.60497,1052.0636,623.1437,1675.2073,+15.47,134217728,1818.0149,+14.09,1631.378,418.12,0,47.37,355.62
tiiuae__Falcon-E-3B-Instruct,2919235584,0.3958,2.50,five_trit,sram_1mb_7nm,0.219,4674289664,586416128,0,1.60120,829.0502,1023.6694,1852.7196,+0.00,134217728,2087.8691,+0.00,1200.192,568.33,0,47.46,356.30
tiiuae__Falcon-E-3B-Instruct,2919235584,0.3958,2.50,bitmap_A,sram_1mb_7nm,0.219,4683095342,586416128,0,1.60422,1114.6474,1025.5979,2140.2453,+15.52,134217728,2375.3948,+13.77,1545.726,441.29,0,47.39,355.75
tiiuae__Falcon-E-3B-Instruct,2919235584,0.3958,2.50,bitmap_B_resident,sram_1mb_7nm,0.219,4685290798,586416128,2195456,1.60497,922.9182,1026.0787,1948.9969,+5.20,134217728,2184.1463,+4.61,1386.658,491.91,0,47.37,355.62
tiiuae__Falcon-E-3B-Instruct,2919235584,0.3958,2.50,bitmap_B_streamed,sram_1mb_7nm,0.219,4685290798,586416128,2195456,1.60497,1052.0636,1026.0787,2078.1423,+12.17,134217728,2313.2917,+10.80,1631.378,418.12,0,47.37,355.62
tiiuae__Falcon-E-3B-Instruct,2919235584,0.3958,2.50,five_trit,hbm2,3.97,4674289664,586416128,0,1.60120,829.0502,18556.9300,19385.9801,+0.00,134217728,23648.7352,+0.00,1200.192,568.33,0,47.46,356.30
tiiuae__Falcon-E-3B-Instruct,2919235584,0.3958,2.50,bitmap_A,hbm2,3.97,4683095342,586416128,0,1.60422,1114.6474,18591.8885,19706.5359,+1.65,134217728,23969.2910,+1.36,1545.726,441.29,0,47.39,355.75
tiiuae__Falcon-E-3B-Instruct,2919235584,0.3958,2.50,bitmap_B_resident,hbm2,3.97,4685290798,586416128,2195456,1.60497,922.9182,18600.6045,19523.5227,+0.71,134217728,23786.2777,+0.58,1386.658,491.91,0,47.37,355.62
tiiuae__Falcon-E-3B-Instruct,2919235584,0.3958,2.50,bitmap_B_streamed,hbm2,3.97,4685290798,586416128,2195456,1.60497,1052.0636,18600.6045,19652.6681,+1.38,134217728,23915.4231,+1.13,1631.378,418.12,0,47.37,355.62
tiiuae__Falcon-E-3B-Instruct,2919235584,0.3958,2.50,five_trit,hbm2_streamed,3.59,4674289664,586416128,0,1.60120,829.0502,16780.6999,17609.7501,+0.00,134217728,21464.4832,+0.00,1200.192,568.33,0,47.46,356.30
tiiuae__Falcon-E-3B-Instruct,2919235584,0.3958,2.50,bitmap_A,hbm2_streamed,3.59,4683095342,586416128,0,1.60422,1114.6474,16812.3123,17926.9597,+1.80,134217728,21781.6929,+1.48,1545.726,441.29,0,47.39,355.75
tiiuae__Falcon-E-3B-Instruct,2919235584,0.3958,2.50,bitmap_B_resident,hbm2_streamed,3.59,4685290798,586416128,2195456,1.60497,922.9182,16820.1940,17743.1121,+0.76,134217728,21597.8453,+0.62,1386.658,491.91,0,47.37,355.62
tiiuae__Falcon-E-3B-Instruct,2919235584,0.3958,2.50,bitmap_B_streamed,hbm2_streamed,3.59,4685290798,586416128,2195456,1.60497,1052.0636,16820.1940,17872.2576,+1.49,134217728,21726.9907,+1.22,1631.378,418.12,0,47.37,355.62
tiiuae__Falcon-E-3B-Instruct,2919235584,0.3958,2.50,five_trit,lpddr4_package,12,4674289664,586416128,0,1.60120,829.0502,56091.4760,56920.5261,+0.00,134217728,69805.4280,+0.00,1200.192,568.33,0,47.46,356.30
tiiuae__Falcon-E-3B-Instruct,2919235584,0.3958,2.50,bitmap_A,lpddr4_package,12,4683095342,586416128,0,1.60422,1114.6474,56197.1441,57311.7915,+0.69,134217728,70196.6934,+0.56,1545.726,441.29,0,47.39,355.75
tiiuae__Falcon-E-3B-Instruct,2919235584,0.3958,2.50,bitmap_B_resident,lpddr4_package,12,4685290798,586416128,2195456,1.60497,922.9182,56223.4896,57146.4078,+0.40,134217728,70031.3096,+0.32,1386.658,491.91,0,47.37,355.62
tiiuae__Falcon-E-3B-Instruct,2919235584,0.3958,2.50,bitmap_B_streamed,lpddr4_package,12,4685290798,586416128,2195456,1.60497,1052.0636,56223.4896,57275.5532,+0.62,134217728,70160.4551,+0.51,1631.378,418.12,0,47.37,355.62
tiiuae__Falcon-E-3B-Instruct,2919235584,0.3958,2.50,five_trit,gddr5,14.0,4674289664,586416128,0,1.60120,829.0502,65440.0553,66269.1055,+0.00,134217728,81301.4910,+0.00,1200.192,568.33,0,47.46,356.30
tiiuae__Falcon-E-3B-Instruct,2919235584,0.3958,2.50,bitmap_A,gddr5,14.0,4683095342,586416128,0,1.60422,1114.6474,65563.3348,66677.9822,+0.62,134217728,81710.3678,+0.50,1545.726,441.29,0,47.39,355.75
tiiuae__Falcon-E-3B-Instruct,2919235584,0.3958,2.50,bitmap_B_resident,gddr5,14.0,4685290798,586416128,2195456,1.60497,922.9182,65594.0712,66516.9894,+0.37,134217728,81549.3749,+0.30,1386.658,491.91,0,47.37,355.62
tiiuae__Falcon-E-3B-Instruct,2919235584,0.3958,2.50,bitmap_B_streamed,gddr5,14.0,4685290798,586416128,2195456,1.60497,1052.0636,65594.0712,66646.1348,+0.57,134217728,81678.5203,+0.46,1631.378,418.12,0,47.37,355.62
tiiuae__Falcon-E-3B-Instruct,2919235584,0.3958,2.50,five_trit,dram_45nm_horowitz,30.5,4674289664,586416128,0,1.60120,829.0502,142565.8348,143394.8849,+0.00,134217728,176144.0105,+0.00,1200.192,568.33,0,47.46,356.30
tiiuae__Falcon-E-3B-Instruct,2919235584,0.3958,2.50,bitmap_A,dram_45nm_horowitz,30.5,4683095342,586416128,0,1.60422,1114.6474,142834.4079,143949.0554,+0.39,134217728,176698.1810,+0.31,1545.726,441.29,0,47.39,355.75
tiiuae__Falcon-E-3B-Instruct,2919235584,0.3958,2.50,bitmap_B_resident,dram_45nm_horowitz,30.5,4685290798,586416128,2195456,1.60497,922.9182,142901.3693,143824.2875,+0.30,134217728,176573.4132,+0.24,1386.658,491.91,0,47.37,355.62
tiiuae__Falcon-E-3B-Instruct,2919235584,0.3958,2.50,bitmap_B_streamed,dram_45nm_horowitz,30.5,4685290798,586416128,2195456,1.60497,1052.0636,142901.3693,143953.4329,+0.39,134217728,176702.5586,+0.32,1631.378,418.12,0,47.37,355.62
tiiuae__Falcon-E-3B-Instruct,2919235584,0.3958,2.50,five_trit,ddr3_peak,70,4674289664,586416128,0,1.60120,829.0502,327200.2765,328029.3266,+0.00,134217728,403191.2543,+0.00,1200.192,568.33,0,47.46,356.30
tiiuae__Falcon-E-3B-Instruct,2919235584,0.3958,2.50,bitmap_A,ddr3_peak,70,4683095342,586416128,0,1.60422,1114.6474,327816.6739,328931.3214,+0.27,134217728,404093.2491,+0.22,1545.726,441.29,0,47.39,355.75
tiiuae__Falcon-E-3B-Instruct,2919235584,0.3958,2.50,bitmap_B_resident,ddr3_peak,70,4685290798,586416128,2195456,1.60497,922.9182,327970.3559,328893.2740,+0.26,134217728,404055.2017,+0.21,1386.658,491.91,0,47.37,355.62
tiiuae__Falcon-E-3B-Instruct,2919235584,0.3958,2.50,bitmap_B_streamed,ddr3_peak,70,4685290798,586416128,2195456,1.60497,1052.0636,327970.3559,329022.4195,+0.30,134217728,404184.3471,+0.25,1631.378,418.12,0,47.37,355.62
tiiuae__Falcon3-1B-Instruct-1.58bit,1132462080,0.2969,1.60,five_trit,sram_8kb_45nm,0.156,1813413888,227561472,0,1.60130,400.4058,282.8926,683.2983,+0.00,536870912,1353.3132,+0.00,1373.358,1999.85,0,44.66,335.28
tiiuae__Falcon3-1B-Instruct-1.58bit,1132462080,0.2969,1.60,bitmap_A,sram_8kb_45nm,0.156,1928667988,227561472,0,1.70308,476.0360,300.8722,776.9082,+13.70,536870912,1446.9231,+6.92,1624.994,1690.17,0,43.83,329.07
tiiuae__Falcon3-1B-Instruct-1.58bit,1132462080,0.2969,1.60,bitmap_B_resident,sram_8kb_45nm,0.156,1929589588,227561472,921600,1.70389,395.2073,301.0160,696.2233,+1.89,536870912,1366.2382,+0.96,1448.636,1895.93,0,43.83,329.02
tiiuae__Falcon3-1B-Instruct-1.58bit,1132462080,0.2969,1.60,bitmap_B_streamed,sram_8kb_45nm,0.156,1929589588,227561472,921600,1.70389,446.4042,301.0160,747.4202,+9.38,536870912,1417.4351,+4.74,1693.356,1621.93,0,43.83,329.02
tiiuae__Falcon3-1B-Instruct-1.58bit,1132462080,0.2969,1.60,five_trit,sram_32kb_45nm,0.313,1813413888,227561472,0,1.60130,400.4058,567.5985,968.0043,+0.00,536870912,2312.3291,+0.00,1373.358,1999.85,0,44.66,335.28
tiiuae__Falcon3-1B-Instruct-1.58bit,1132462080,0.2969,1.60,bitmap_A,sram_32kb_45nm,0.313,1928667988,227561472,0,1.70308,476.0360,603.6731,1079.7091,+11.54,536870912,2424.0339,+4.83,1624.994,1690.17,0,43.83,329.07
tiiuae__Falcon3-1B-Instruct-1.58bit,1132462080,0.2969,1.60,bitmap_B_resident,sram_32kb_45nm,0.313,1929589588,227561472,921600,1.70389,395.2073,603.9615,999.1688,+3.22,536870912,2343.4936,+1.35,1448.636,1895.93,0,43.83,329.02
tiiuae__Falcon3-1B-Instruct-1.58bit,1132462080,0.2969,1.60,bitmap_B_streamed,sram_32kb_45nm,0.313,1929589588,227561472,921600,1.70389,446.4042,603.9615,1050.3658,+8.51,536870912,2394.6905,+3.56,1693.356,1621.93,0,43.83,329.02
tiiuae__Falcon3-1B-Instruct-1.58bit,1132462080,0.2969,1.60,five_trit,sram_1mb_45nm,1.563,1813413888,227561472,0,1.60130,400.4058,2834.3659,3234.7717,+0.00,536870912,9947.8055,+0.00,1373.358,1999.85,0,44.66,335.28
tiiuae__Falcon3-1B-Instruct-1.58bit,1132462080,0.2969,1.60,bitmap_A,sram_1mb_45nm,1.563,1928667988,227561472,0,1.70308,476.0360,3014.5081,3490.5441,+7.91,536870912,10203.5780,+2.57,1624.994,1690.17,0,43.83,329.07
tiiuae__Falcon3-1B-Instruct-1.58bit,1132462080,0.2969,1.60,bitmap_B_resident,sram_1mb_45nm,1.563,1929589588,227561472,921600,1.70389,395.2073,3015.9485,3411.1558,+5.45,536870912,10124.1897,+1.77,1448.636,1895.93,0,43.83,329.02
tiiuae__Falcon3-1B-Instruct-1.58bit,1132462080,0.2969,1.60,bitmap_B_streamed,sram_1mb_45nm,1.563,1929589588,227561472,921600,1.70389,446.4042,3015.9485,3462.3528,+7.04,536870912,10175.3866,+2.29,1693.356,1621.93,0,43.83,329.02
tiiuae__Falcon3-1B-Instruct-1.58bit,1132462080,0.2969,1.60,five_trit,sram_1mb_45nm_cacti,1.058,1813413888,227561472,0,1.60130,400.4058,1918.5919,2318.9977,+0.00,536870912,6863.0731,+0.00,1373.358,1999.85,0,44.66,335.28
tiiuae__Falcon3-1B-Instruct-1.58bit,1132462080,0.2969,1.60,bitmap_A,sram_1mb_45nm_cacti,1.058,1928667988,227561472,0,1.70308,476.0360,2040.5307,2516.5668,+8.52,536870912,7060.6422,+2.88,1624.994,1690.17,0,43.83,329.07
tiiuae__Falcon3-1B-Instruct-1.58bit,1132462080,0.2969,1.60,bitmap_B_resident,sram_1mb_45nm_cacti,1.058,1929589588,227561472,921600,1.70389,395.2073,2041.5058,2436.7131,+5.08,536870912,6980.7885,+1.72,1448.636,1895.93,0,43.83,329.02
tiiuae__Falcon3-1B-Instruct-1.58bit,1132462080,0.2969,1.60,bitmap_B_streamed,sram_1mb_45nm_cacti,1.058,1929589588,227561472,921600,1.70389,446.4042,2041.5058,2487.9100,+7.28,536870912,7031.9854,+2.46,1693.356,1621.93,0,43.83,329.02
tiiuae__Falcon3-1B-Instruct-1.58bit,1132462080,0.2969,1.60,five_trit,sram_32kb_7nm,0.133,1813413888,227561472,0,1.60130,400.4058,241.1840,641.5898,+0.00,536870912,1212.8205,+0.00,1373.358,1999.85,0,44.66,335.28
tiiuae__Falcon3-1B-Instruct-1.58bit,1132462080,0.2969,1.60,bitmap_A,sram_32kb_7nm,0.133,1928667988,227561472,0,1.70308,476.0360,256.5128,732.5489,+14.18,536870912,1303.7795,+7.50,1624.994,1690.17,0,43.83,329.07
tiiuae__Falcon3-1B-Instruct-1.58bit,1132462080,0.2969,1.60,bitmap_B_resident,sram_32kb_7nm,0.133,1929589588,227561472,921600,1.70389,395.2073,256.6354,651.8427,+1.60,536870912,1223.0733,+0.85,1448.636,1895.93,0,43.83,329.02
tiiuae__Falcon3-1B-Instruct-1.58bit,1132462080,0.2969,1.60,bitmap_B_streamed,sram_32kb_7nm,0.133,1929589588,227561472,921600,1.70389,446.4042,256.6354,703.0397,+9.58,536870912,1274.2703,+5.07,1693.356,1621.93,0,43.83,329.02
tiiuae__Falcon3-1B-Instruct-1.58bit,1132462080,0.2969,1.60,five_trit,sram_1mb_7nm,0.219,1813413888,227561472,0,1.60130,400.4058,397.1376,797.5434,+0.00,536870912,1738.1412,+0.00,1373.358,1999.85,0,44.66,335.28
tiiuae__Falcon3-1B-Instruct-1.58bit,1132462080,0.2969,1.60,bitmap_A,sram_1mb_7nm,0.219,1928667988,227561472,0,1.70308,476.0360,422.3783,898.4143,+12.65,536870912,1839.0122,+5.80,1624.994,1690.17,0,43.83,329.07
tiiuae__Falcon3-1B-Instruct-1.58bit,1132462080,0.2969,1.60,bitmap_B_resident,sram_1mb_7nm,0.219,1929589588,227561472,921600,1.70389,395.2073,422.5801,817.7874,+2.54,536870912,1758.3852,+1.16,1448.636,1895.93,0,43.83,329.02
tiiuae__Falcon3-1B-Instruct-1.58bit,1132462080,0.2969,1.60,bitmap_B_streamed,sram_1mb_7nm,0.219,1929589588,227561472,921600,1.70389,446.4042,422.5801,868.9844,+8.96,536870912,1809.5822,+4.11,1693.356,1621.93,0,43.83,329.02
tiiuae__Falcon3-1B-Instruct-1.58bit,1132462080,0.2969,1.60,five_trit,hbm2,3.97,1813413888,227561472,0,1.60130,400.4058,7199.2531,7599.6589,+0.00,536870912,24650.6791,+0.00,1373.358,1999.85,0,44.66,335.28
tiiuae__Falcon3-1B-Instruct-1.58bit,1132462080,0.2969,1.60,bitmap_A,hbm2,3.97,1928667988,227561472,0,1.70308,476.0360,7656.8119,8132.8479,+7.02,536870912,25183.8681,+2.16,1624.994,1690.17,0,43.83,329.07
tiiuae__Falcon3-1B-Instruct-1.58bit,1132462080,0.2969,1.60,bitmap_B_resident,hbm2,3.97,1929589588,227561472,921600,1.70389,395.2073,7660.4707,8055.6779,+6.00,536870912,25106.6981,+1.85,1448.636,1895.93,0,43.83,329.02
tiiuae__Falcon3-1B-Instruct-1.58bit,1132462080,0.2969,1.60,bitmap_B_streamed,hbm2,3.97,1929589588,227561472,921600,1.70389,446.4042,7660.4707,8106.8749,+6.67,536870912,25157.8951,+2.06,1693.356,1621.93,0,43.83,329.02
tiiuae__Falcon3-1B-Instruct-1.58bit,1132462080,0.2969,1.60,five_trit,hbm2_streamed,3.59,1813413888,227561472,0,1.60130,400.4058,6510.1559,6910.5616,+0.00,536870912,22329.4942,+0.00,1373.358,1999.85,0,44.66,335.28
tiiuae__Falcon3-1B-Instruct-1.58bit,1132462080,0.2969,1.60,bitmap_A,hbm2_streamed,3.59,1928667988,227561472,0,1.70308,476.0360,6923.9181,7399.9541,+7.08,536870912,22818.8867,+2.19,1624.994,1690.17,0,43.83,329.07
tiiuae__Falcon3-1B-Instruct-1.58bit,1132462080,0.2969,1.60,bitmap_B_resident,hbm2_streamed,3.59,1929589588,227561472,921600,1.70389,395.2073,6927.2266,7322.4339,+5.96,536870912,22741.3665,+1.84,1448.636,1895.93,0,43.83,329.02
tiiuae__Falcon3-1B-Instruct-1.58bit,1132462080,0.2969,1.60,bitmap_B_streamed,hbm2_streamed,3.59,1929589588,227561472,921600,1.70389,446.4042,6927.2266,7373.6309,+6.70,536870912,22792.5635,+2.07,1693.356,1621.93,0,43.83,329.02
tiiuae__Falcon3-1B-Instruct-1.58bit,1132462080,0.2969,1.60,five_trit,lpddr4_package,12,1813413888,227561472,0,1.60130,400.4058,21760.9667,22161.3724,+0.00,536870912,73700.9800,+0.00,1373.358,1999.85,0,44.66,335.28
tiiuae__Falcon3-1B-Instruct-1.58bit,1132462080,0.2969,1.60,bitmap_A,lpddr4_package,12,1928667988,227561472,0,1.70308,476.0360,23144.0159,23620.0519,+6.58,536870912,75159.6594,+1.98,1624.994,1690.17,0,43.83,329.07
tiiuae__Falcon3-1B-Instruct-1.58bit,1132462080,0.2969,1.60,bitmap_B_resident,lpddr4_package,12,1929589588,227561472,921600,1.70389,395.2073,23155.0751,23550.2823,+6.27,536870912,75089.8899,+1.88,1448.636,1895.93,0,43.83,329.02
tiiuae__Falcon3-1B-Instruct-1.58bit,1132462080,0.2969,1.60,bitmap_B_streamed,lpddr4_package,12,1929589588,227561472,921600,1.70389,446.4042,23155.0751,23601.4793,+6.50,536870912,75141.0868,+1.95,1693.356,1621.93,0,43.83,329.02
tiiuae__Falcon3-1B-Instruct-1.58bit,1132462080,0.2969,1.60,five_trit,gddr5,14.0,1813413888,227561472,0,1.60130,400.4058,25387.7944,25788.2002,+0.00,536870912,85917.7423,+0.00,1373.358,1999.85,0,44.66,335.28
tiiuae__Falcon3-1B-Instruct-1.58bit,1132462080,0.2969,1.60,bitmap_A,gddr5,14.0,1928667988,227561472,0,1.70308,476.0360,27001.3518,27477.3879,+6.55,536870912,87606.9300,+1.97,1624.994,1690.17,0,43.83,329.07
tiiuae__Falcon3-1B-Instruct-1.58bit,1132462080,0.2969,1.60,bitmap_B_resident,gddr5,14.0,1929589588,227561472,921600,1.70389,395.2073,27014.2542,27409.4615,+6.29,536870912,87539.0037,+1.89,1448.636,1895.93,0,43.83,329.02
tiiuae__Falcon3-1B-Instruct-1.58bit,1132462080,0.2969,1.60,bitmap_B_streamed,gddr5,14.0,1929589588,227561472,921600,1.70389,446.4042,27014.2542,27460.6585,+6.49,536870912,87590.2006,+1.95,1693.356,1621.93,0,43.83,329.02
tiiuae__Falcon3-1B-Instruct-1.58bit,1132462080,0.2969,1.60,five_trit,dram_45nm_horowitz,30.5,1813413888,227561472,0,1.60130,400.4058,55309.1236,55709.5293,+0.00,536870912,186706.0319,+0.00,1373.358,1999.85,0,44.66,335.28
tiiuae__Falcon3-1B-Instruct-1.58bit,1132462080,0.2969,1.60,bitmap_A,dram_45nm_horowitz,30.5,1928667988,227561472,0,1.70308,476.0360,58824.3736,59300.4097,+6.45,536870912,190296.9122,+1.92,1624.994,1690.17,0,43.83,329.07
tiiuae__Falcon3-1B-Instruct-1.58bit,1132462080,0.2969,1.60,bitmap_B_resident,dram_45nm_horowitz,30.5,1929589588,227561472,921600,1.70389,395.2073,58852.4824,59247.6897,+6.35,536870912,190244.1922,+1.90,1448.636,1895.93,0,43.83,329.02
tiiuae__Falcon3-1B-Instruct-1.58bit,1132462080,0.2969,1.60,bitmap_B_streamed,dram_45nm_horowitz,30.5,1929589588,227561472,921600,1.70389,446.4042,58852.4824,59298.8867,+6.44,536870912,190295.3892,+1.92,1693.356,1621.93,0,43.83,329.02
tiiuae__Falcon3-1B-Instruct-1.58bit,1132462080,0.2969,1.60,five_trit,ddr3_peak,70,1813413888,227561472,0,1.60130,400.4058,126938.9722,127339.3779,+0.00,536870912,427987.0886,+0.00,1373.358,1999.85,0,44.66,335.28
tiiuae__Falcon3-1B-Instruct-1.58bit,1132462080,0.2969,1.60,bitmap_A,ddr3_peak,70,1928667988,227561472,0,1.70308,476.0360,135006.7592,135482.7952,+6.40,536870912,436130.5059,+1.90,1624.994,1690.17,0,43.83,329.07
tiiuae__Falcon3-1B-Instruct-1.58bit,1132462080,0.2969,1.60,bitmap_B_resident,ddr3_peak,70,1929589588,227561472,921600,1.70389,395.2073,135071.2712,135466.4784,+6.38,536870912,436114.1892,+1.90,1448.636,1895.93,0,43.83,329.02
tiiuae__Falcon3-1B-Instruct-1.58bit,1132462080,0.2969,1.60,bitmap_B_streamed,ddr3_peak,70,1929589588,227561472,921600,1.70389,446.4042,135071.2712,135517.6754,+6.42,536870912,436165.3861,+1.91,1693.356,1621.93,0,43.83,329.02
tiiuae__Falcon3-1B-Instruct-1.58bit,1132462080,0.2969,2.00,five_trit,sram_8kb_45nm,0.156,1813413888,227561472,0,1.60130,336.6198,282.8926,619.5123,+0.00,536870912,1289.5272,+0.00,1221.206,1799.21,0,44.66,335.28
tiiuae__Falcon3-1B-Instruct-1.58bit,1132462080,0.2969,2.00,bitmap_A,sram_8kb_45nm,0.156,1928667988,227561472,0,1.70308,434.3808,300.8722,735.2530,+18.68,536870912,1405.2679,+8.98,1573.656,1396.24,0,43.83,329.07
tiiuae__Falcon3-1B-Instruct-1.58bit,1132462080,0.2969,2.00,bitmap_B_resident,sram_8kb_45nm,0.156,1929589588,227561472,921600,1.70389,365.9535,301.0160,666.9695,+7.66,536870912,1336.9844,+3.68,1412.194,1555.88,0,43.83,329.02
tiiuae__Falcon3-1B-Instruct-1.58bit,1132462080,0.2969,2.00,bitmap_B_streamed,sram_8kb_45nm,0.156,1929589588,227561472,921600,1.70389,417.5681,301.0160,718.5841,+15.99,536870912,1388.5990,+7.68,1656.914,1326.08,0,43.83,329.02
tiiuae__Falcon3-1B-Instruct-1.58bit,1132462080,0.2969,2.00,five_trit,sram_32kb_45nm,0.313,1813413888,227561472,0,1.60130,336.6198,567.5985,904.2183,+0.00,536870912,2248.5431,+0.00,1221.206,1799.21,0,44.66,335.28
tiiuae__Falcon3-1B-Instruct-1.58bit,1132462080,0.2969,2.00,bitmap_A,sram_32kb_45nm,0.313,1928667988,227561472,0,1.70308,434.3808,603.6731,1038.0538,+14.80,536870912,2382.3786,+5.95,1573.656,1396.24,0,43.83,329.07
tiiuae__Falcon3-1B-Instruct-1.58bit,1132462080,0.2969,2.00,bitmap_B_resident,sram_32kb_45nm,0.313,1929589588,227561472,921600,1.70389,365.9535,603.9615,969.9151,+7.27,536870912,2314.2398,+2.92,1412.194,1555.88,0,43.83,329.02
tiiuae__Falcon3-1B-Instruct-1.58bit,1132462080,0.2969,2.00,bitmap_B_streamed,sram_32kb_45nm,0.313,1929589588,227561472,921600,1.70389,417.5681,603.9615,1021.5297,+12.97,536870912,2365.8544,+5.22,1656.914,1326.08,0,43.83,329.02
tiiuae__Falcon3-1B-Instruct-1.58bit,1132462080,0.2969,2.00,five_trit,sram_1mb_45nm,1.563,1813413888,227561472,0,1.60130,336.6198,2834.3659,3170.9857,+0.00,536870912,9884.0196,+0.00,1221.206,1799.21,0,44.66,335.28
tiiuae__Falcon3-1B-Instruct-1.58bit,1132462080,0.2969,2.00,bitmap_A,sram_1mb_45nm,1.563,1928667988,227561472,0,1.70308,434.3808,3014.5081,3448.8888,+8.76,536870912,10161.9227,+2.81,1573.656,1396.24,0,43.83,329.07
tiiuae__Falcon3-1B-Instruct-1.58bit,1132462080,0.2969,2.00,bitmap_B_resident,sram_1mb_45nm,1.563,1929589588,227561472,921600,1.70389,365.9535,3015.9485,3381.9021,+6.65,536870912,10094.9359,+2.13,1412.194,1555.88,0,43.83,329.02
tiiuae__Falcon3-1B-Instruct-1.58bit,1132462080,0.2969,2.00,bitmap_B_streamed,sram_1mb_45nm,1.563,1929589588,227561472,921600,1.70389,417.5681,3015.9485,3433.5167,+8.28,536870912,10146.5506,+2.66,1656.914,1326.08,0,43.83,329.02
tiiuae__Falcon3-1B-Instruct-1.58bit,1132462080,0.2969,2.00,five_trit,sram_1mb_45nm_cacti,1.058,1813413888,227561472,0,1.60130,336.6198,1918.5919,2255.2117,+0.00,536870912,6799.2871,+0.00,1221.206,1799.21,0,44.66,335.28
tiiuae__Falcon3-1B-Instruct-1.58bit,1132462080,0.2969,2.00,bitmap_A,sram_1mb_45nm_cacti,1.058,1928667988,227561472,0,1.70308,434.3808,2040.5307,2474.9115,+9.74,536870912,7018.9869,+3.23,1573.656,1396.24,0,43.83,329.07
tiiuae__Falcon3-1B-Instruct-1.58bit,1132462080,0.2969,2.00,bitmap_B_resident,sram_1mb_45nm_cacti,1.058,1929589588,227561472,921600,1.70389,365.9535,2041.5058,2407.4593,+6.75,536870912,6951.5347,+2.24,1412.194,1555.88,0,43.83,329.02
tiiuae__Falcon3-1B-Instruct-1.58bit,1132462080,0.2969,2.00,bitmap_B_streamed,sram_1mb_45nm_cacti,1.058,1929589588,227561472,921600,1.70389,417.5681,2041.5058,2459.0739,+9.04,536870912,7003.1493,+3.00,1656.914,1326.08,0,43.83,329.02
tiiuae__Falcon3-1B-Instruct-1.58bit,1132462080,0.2969,2.00,five_trit,sram_32kb_7nm,0.133,1813413888,227561472,0,1.60130,336.6198,241.1840,577.8038,+0.00,536870912,1149.0345,+0.00,1221.206,1799.21,0,44.66,335.28
tiiuae__Falcon3-1B-Instruct-1.58bit,1132462080,0.2969,2.00,bitmap_A,sram_32kb_7nm,0.133,1928667988,227561472,0,1.70308,434.3808,256.5128,690.8936,+19.57,536870912,1262.1243,+9.84,1573.656,1396.24,0,43.83,329.07
tiiuae__Falcon3-1B-Instruct-1.58bit,1132462080,0.2969,2.00,bitmap_B_resident,sram_32kb_7nm,0.133,1929589588,227561472,921600,1.70389,365.9535,256.6354,622.5890,+7.75,536870912,1193.8196,+3.90,1412.194,1555.88,0,43.83,329.02
tiiuae__Falcon3-1B-Instruct-1.58bit,1132462080,0.2969,2.00,bitmap_B_streamed,sram_32kb_7nm,0.133,1929589588,227561472,921600,1.70389,417.5681,256.6354,674.2036,+16.68,536870912,1245.4342,+8.39,1656.914,1326.08,0,43.83,329.02
tiiuae__Falcon3-1B-Instruct-1.58bit,1132462080,0.2969,2.00,five_trit,sram_1mb_7nm,0.219,1813413888,227561472,0,1.60130,336.6198,397.1376,733.7574,+0.00,536870912,1674.3553,+0.00,1221.206,1799.21,0,44.66,335.28
tiiuae__Falcon3-1B-Instruct-1.58bit,1132462080,0.2969,2.00,bitmap_A,sram_1mb_7nm,0.219,1928667988,227561472,0,1.70308,434.3808,422.3783,856.7591,+16.76,536870912,1797.3569,+7.35,1573.656,1396.24,0,43.83,329.07
tiiuae__Falcon3-1B-Instruct-1.58bit,1132462080,0.2969,2.00,bitmap_B_resident,sram_1mb_7nm,0.219,1929589588,227561472,921600,1.70389,365.9535,422.5801,788.5337,+7.47,536870912,1729.1315,+3.27,1412.194,1555.88,0,43.83,329.02
tiiuae__Falcon3-1B-Instruct-1.58bit,1132462080,0.2969,2.00,bitmap_B_streamed,sram_1mb_7nm,0.219,1929589588,227561472,921600,1.70389,417.5681,422.5801,840.1483,+14.50,536870912,1780.7461,+6.35,1656.914,1326.08,0,43.83,329.02
tiiuae__Falcon3-1B-Instruct-1.58bit,1132462080,0.2969,2.00,five_trit,hbm2,3.97,1813413888,227561472,0,1.60130,336.6198,7199.2531,7535.8729,+0.00,536870912,24586.8931,+0.00,1221.206,1799.21,0,44.66,335.28
tiiuae__Falcon3-1B-Instruct-1.58bit,1132462080,0.2969,2.00,bitmap_A,hbm2,3.97,1928667988,227561472,0,1.70308,434.3808,7656.8119,8091.1927,+7.37,536870912,25142.2128,+2.26,1573.656,1396.24,0,43.83,329.07
tiiuae__Falcon3-1B-Instruct-1.58bit,1132462080,0.2969,2.00,bitmap_B_resident,hbm2,3.97,1929589588,227561472,921600,1.70389,365.9535,7660.4707,8026.4242,+6.51,536870912,25077.4444,+2.00,1412.194,1555.88,0,43.83,329.02
tiiuae__Falcon3-1B-Instruct-1.58bit,1132462080,0.2969,2.00,bitmap_B_streamed,hbm2,3.97,1929589588,227561472,921600,1.70389,417.5681,7660.4707,8078.0388,+7.19,536870912,25129.0590,+2.21,1656.914,1326.08,0,43.83,329.02
tiiuae__Falcon3-1B-Instruct-1.58bit,1132462080,0.2969,2.00,five_trit,hbm2_streamed,3.59,1813413888,227561472,0,1.60130,336.6198,6510.1559,6846.7756,+0.00,536870912,22265.7082,+0.00,1221.206,1799.21,0,44.66,335.28
tiiuae__Falcon3-1B-Instruct-1.58bit,1132462080,0.2969,2.00,bitmap_A,hbm2_streamed,3.59,1928667988,227561472,0,1.70308,434.3808,6923.9181,7358.2988,+7.47,536870912,22777.2314,+2.30,1573.656,1396.24,0,43.83,329.07
tiiuae__Falcon3-1B-Instruct-1.58bit,1132462080,0.2969,2.00,bitmap_B_resident,hbm2_streamed,3.59,1929589588,227561472,921600,1.70389,365.9535,6927.2266,7293.1802,+6.52,536870912,22712.1128,+2.00,1412.194,1555.88,0,43.83,329.02
tiiuae__Falcon3-1B-Instruct-1.58bit,1132462080,0.2969,2.00,bitmap_B_streamed,hbm2_streamed,3.59,1929589588,227561472,921600,1.70389,417.5681,6927.2266,7344.7948,+7.27,536870912,22763.7274,+2.24,1656.914,1326.08,0,43.83,329.02
tiiuae__Falcon3-1B-Instruct-1.58bit,1132462080,0.2969,2.00,five_trit,lpddr4_package,12,1813413888,227561472,0,1.60130,336.6198,21760.9667,22097.5864,+0.00,536870912,73637.1940,+0.00,1221.206,1799.21,0,44.66,335.28
tiiuae__Falcon3-1B-Instruct-1.58bit,1132462080,0.2969,2.00,bitmap_A,lpddr4_package,12,1928667988,227561472,0,1.70308,434.3808,23144.0159,23578.3966,+6.70,536870912,75118.0042,+2.01,1573.656,1396.24,0,43.83,329.07
tiiuae__Falcon3-1B-Instruct-1.58bit,1132462080,0.2969,2.00,bitmap_B_resident,lpddr4_package,12,1929589588,227561472,921600,1.70389,365.9535,23155.0751,23521.0286,+6.44,536870912,75060.6361,+1.93,1412.194,1555.88,0,43.83,329.02
tiiuae__Falcon3-1B-Instruct-1.58bit,1132462080,0.2969,2.00,bitmap_B_streamed,lpddr4_package,12,1929589588,227561472,921600,1.70389,417.5681,23155.0751,23572.6432,+6.68,536870912,75112.2507,+2.00,1656.914,1326.08,0,43.83,329.02
tiiuae__Falcon3-1B-Instruct-1.58bit,1132462080,0.2969,2.00,five_trit,gddr5,14.0,1813413888,227561472,0,1.60130,336.6198,25387.7944,25724.4142,+0.00,536870912,85853.9563,+0.00,1221.206,1799.21,0,44.66,335.28
tiiuae__Falcon3-1B-Instruct-1.58bit,1132462080,0.2969,2.00,bitmap_A,gddr5,14.0,1928667988,227561472,0,1.70308,434.3808,27001.3518,27435.7326,+6.65,536870912,87565.2747,+1.99,1573.656,1396.24,0,43.83,329.07
tiiuae__Falcon3-1B-Instruct-1.58bit,1132462080,0.2969,2.00,bitmap_B_resident,gddr5,14.0,1929589588,227561472,921600,1.70389,365.9535,27014.2542,27380.2078,+6.44,536870912,87509.7499,+1.93,1412.194,1555.88,0,43.83,329.02
tiiuae__Falcon3-1B-Instruct-1.58bit,1132462080,0.2969,2.00,bitmap_B_streamed,gddr5,14.0,1929589588,227561472,921600,1.70389,417.5681,27014.2542,27431.8224,+6.64,536870912,87561.3645,+1.99,1656.914,1326.08,0,43.83,329.02
tiiuae__Falcon3-1B-Instruct-1.58bit,1132462080,0.2969,2.00,five_trit,dram_45nm_horowitz,30.5,1813413888,227561472,0,1.60130,336.6198,55309.1236,55645.7434,+0.00,536870912,186642.2459,+0.00,1221.206,1799.21,0,44.66,335.28
tiiuae__Falcon3-1B-Instruct-1.58bit,1132462080,0.2969,2.00,bitmap_A,dram_45nm_horowitz,30.5,1928667988,227561472,0,1.70308,434.3808,58824.3736,59258.7544,+6.49,536870912,190255.2569,+1.94,1573.656,1396.24,0,43.83,329.07
tiiuae__Falcon3-1B-Instruct-1.58bit,1132462080,0.2969,2.00,bitmap_B_resident,dram_45nm_horowitz,30.5,1929589588,227561472,921600,1.70389,365.9535,58852.4824,59218.4360,+6.42,536870912,190214.9385,+1.91,1412.194,1555.88,0,43.83,329.02
tiiuae__Falcon3-1B-Instruct-1.58bit,1132462080,0.2969,2.00,bitmap_B_streamed,dram_45nm_horowitz,30.5,1929589588,227561472,921600,1.70389,417.5681,58852.4824,59270.0506,+6.51,536870912,190266.5531,+1.94,1656.914,1326.08,0,43.83,329.02
tiiuae__Falcon3-1B-Instruct-1.58bit,1132462080,0.2969,2.00,five_trit,ddr3_peak,70,1813413888,227561472,0,1.60130,336.6198,126938.9722,127275.5919,+0.00,536870912,427923.3027,+0.00,1221.206,1799.21,0,44.66,335.28
tiiuae__Falcon3-1B-Instruct-1.58bit,1132462080,0.2969,2.00,bitmap_A,ddr3_peak,70,1928667988,227561472,0,1.70308,434.3808,135006.7592,135441.1399,+6.42,536870912,436088.8506,+1.91,1573.656,1396.24,0,43.83,329.07
tiiuae__Falcon3-1B-Instruct-1.58bit,1132462080,0.2969,2.00,bitmap_B_resident,ddr3_peak,70,1929589588,227561472,921600,1.70389,365.9535,135071.2712,135437.2247,+6.41,536870912,436084.9354,+1.91,1412.194,1555.88,0,43.83,329.02
tiiuae__Falcon3-1B-Instruct-1.58bit,1132462080,0.2969,2.00,bitmap_B_streamed,ddr3_peak,70,1929589588,227561472,921600,1.70389,417.5681,135071.2712,135488.8393,+6.45,536870912,436136.5500,+1.92,1656.914,1326.08,0,43.83,329.02
tiiuae__Falcon3-1B-Instruct-1.58bit,1132462080,0.2969,2.50,five_trit,sram_8kb_45nm,0.156,1813413888,227561472,0,1.60130,327.6416,282.8926,610.5342,+0.00,536870912,1280.5491,+0.00,1200.192,1464.57,0,44.66,335.28
tiiuae__Falcon3-1B-Instruct-1.58bit,1132462080,0.2969,2.50,bitmap_A,sram_8kb_45nm,0.156,1928667988,227561472,0,1.70308,435.2665,300.8722,736.1387,+20.57,536870912,1406.1536,+9.81,1545.726,1137.18,0,43.83,329.07
tiiuae__Falcon3-1B-Instruct-1.58bit,1132462080,0.2969,2.50,bitmap_B_resident,sram_8kb_45nm,0.156,1929589588,227561472,921600,1.70389,362.8452,301.0160,663.8611,+8.73,536870912,1333.8760,+4.16,1386.658,1267.63,0,43.83,329.02
tiiuae__Falcon3-1B-Instruct-1.58bit,1132462080,0.2969,2.50,bitmap_B_streamed,sram_8kb_45nm,0.156,1929589588,227561472,921600,1.70389,414.9820,301.0160,715.9980,+17.27,536870912,1386.0129,+8.24,1631.378,1077.47,0,43.83,329.02
tiiuae__Falcon3-1B-Instruct-1.58bit,1132462080,0.2969,2.50,five_trit,sram_32kb_45nm,0.313,1813413888,227561472,0,1.60130,327.6416,567.5985,895.2401,+0.00,536870912,2239.5649,+0.00,1200.192,1464.57,0,44.66,335.28
tiiuae__Falcon3-1B-Instruct-1.58bit,1132462080,0.2969,2.50,bitmap_A,sram_32kb_45nm,0.313,1928667988,227561472,0,1.70308,435.2665,603.6731,1038.9396,+16.05,536870912,2383.2644,+6.42,1545.726,1137.18,0,43.83,329.07
tiiuae__Falcon3-1B-Instruct-1.58bit,1132462080,0.2969,2.50,bitmap_B_resident,sram_32kb_45nm,0.313,1929589588,227561472,921600,1.70389,362.8452,603.9615,966.8067,+7.99,536870912,2311.1315,+3.20,1386.658,1267.63,0,43.83,329.02
tiiuae__Falcon3-1B-Instruct-1.58bit,1132462080,0.2969,2.50,bitmap_B_streamed,sram_32kb_45nm,0.313,1929589588,227561472,921600,1.70389,414.9820,603.9615,1018.9435,+13.82,536870912,2363.2683,+5.52,1631.378,1077.47,0,43.83,329.02
tiiuae__Falcon3-1B-Instruct-1.58bit,1132462080,0.2969,2.50,five_trit,sram_1mb_45nm,1.563,1813413888,227561472,0,1.60130,327.6416,2834.3659,3162.0075,+0.00,536870912,9875.0414,+0.00,1200.192,1464.57,0,44.66,335.28
tiiuae__Falcon3-1B-Instruct-1.58bit,1132462080,0.2969,2.50,bitmap_A,sram_1mb_45nm,1.563,1928667988,227561472,0,1.70308,435.2665,3014.5081,3449.7746,+9.10,536870912,10162.8085,+2.91,1545.726,1137.18,0,43.83,329.07
tiiuae__Falcon3-1B-Instruct-1.58bit,1132462080,0.2969,2.50,bitmap_B_resident,sram_1mb_45nm,1.563,1929589588,227561472,921600,1.70389,362.8452,3015.9485,3378.7937,+6.86,536870912,10091.8276,+2.20,1386.658,1267.63,0,43.83,329.02
tiiuae__Falcon3-1B-Instruct-1.58bit,1132462080,0.2969,2.50,bitmap_B_streamed,sram_1mb_45nm,1.563,1929589588,227561472,921600,1.70389,414.9820,3015.9485,3430.9305,+8.50,536870912,10143.9644,+2.72,1631.378,1077.47,0,43.83,329.02
tiiuae__Falcon3-1B-Instruct-1.58bit,1132462080,0.2969,2.50,five_trit,sram_1mb_45nm_cacti,1.058,1813413888,227561472,0,1.60130,327.6416,1918.5919,2246.2335,+0.00,536870912,6790.3089,+0.00,1200.192,1464.57,0,44.66,335.28
tiiuae__Falcon3-1B-Instruct-1.58bit,1132462080,0.2969,2.50,bitmap_A,sram_1mb_45nm_cacti,1.058,1928667988,227561472,0,1.70308,435.2665,2040.5307,2475.7972,+10.22,536870912,7019.8726,+3.38,1545.726,1137.18,0,43.83,329.07
tiiuae__Falcon3-1B-Instruct-1.58bit,1132462080,0.2969,2.50,bitmap_B_resident,sram_1mb_45nm_cacti,1.058,1929589588,227561472,921600,1.70389,362.8452,2041.5058,2404.3509,+7.04,536870912,6948.4263,+2.33,1386.658,1267.63,0,43.83,329.02
tiiuae__Falcon3-1B-Instruct-1.58bit,1132462080,0.2969,2.50,bitmap_B_streamed,sram_1mb_45nm_cacti,1.058,1929589588,227561472,921600,1.70389,414.9820,2041.5058,2456.4878,+9.36,536870912,7000.5632,+3.10,1631.378,1077.47,0,43.83,329.02
tiiuae__Falcon3-1B-Instruct-1.58bit,1132462080,0.2969,2.50,five_trit,sram_32kb_7nm,0.133,1813413888,227561472,0,1.60130,327.6416,241.1840,568.8256,+0.00,536870912,1140.0563,+0.00,1200.192,1464.57,0,44.66,335.28
tiiuae__Falcon3-1B-Instruct-1.58bit,1132462080,0.2969,2.50,bitmap_A,sram_32kb_7nm,0.133,1928667988,227561472,0,1.70308,435.2665,256.5128,691.7793,+21.62,536870912,1263.0100,+10.78,1545.726,1137.18,0,43.83,329.07
tiiuae__Falcon3-1B-Instruct-1.58bit,1132462080,0.2969,2.50,bitmap_B_resident,sram_32kb_7nm,0.133,1929589588,227561472,921600,1.70389,362.8452,256.6354,619.4806,+8.91,536870912,1190.7112,+4.44,1386.658,1267.63,0,43.83,329.02
tiiuae__Falcon3-1B-Instruct-1.58bit,1132462080,0.2969,2.50,bitmap_B_streamed,sram_32kb_7nm,0.133,1929589588,227561472,921600,1.70389,414.9820,256.6354,671.6174,+18.07,536870912,1242.8481,+9.02,1631.378,1077.47,0,43.83,329.02
tiiuae__Falcon3-1B-Instruct-1.58bit,1132462080,0.2969,2.50,five_trit,sram_1mb_7nm,0.219,1813413888,227561472,0,1.60130,327.6416,397.1376,724.7792,+0.00,536870912,1665.3771,+0.00,1200.192,1464.57,0,44.66,335.28
tiiuae__Falcon3-1B-Instruct-1.58bit,1132462080,0.2969,2.50,bitmap_A,sram_1mb_7nm,0.219,1928667988,227561472,0,1.70308,435.2665,422.3783,857.6448,+18.33,536870912,1798.2426,+7.98,1545.726,1137.18,0,43.83,329.07
tiiuae__Falcon3-1B-Instruct-1.58bit,1132462080,0.2969,2.50,bitmap_B_resident,sram_1mb_7nm,0.219,1929589588,227561472,921600,1.70389,362.8452,422.5801,785.4253,+8.37,536870912,1726.0231,+3.64,1386.658,1267.63,0,43.83,329.02
tiiuae__Falcon3-1B-Instruct-1.58bit,1132462080,0.2969,2.50,bitmap_B_streamed,sram_1mb_7nm,0.219,1929589588,227561472,921600,1.70389,414.9820,422.5801,837.5621,+15.56,536870912,1778.1600,+6.77,1631.378,1077.47,0,43.83,329.02
tiiuae__Falcon3-1B-Instruct-1.58bit,1132462080,0.2969,2.50,five_trit,hbm2,3.97,1813413888,227561472,0,1.60130,327.6416,7199.2531,7526.8947,+0.00,536870912,24577.9149,+0.00,1200.192,1464.57,0,44.66,335.28
tiiuae__Falcon3-1B-Instruct-1.58bit,1132462080,0.2969,2.50,bitmap_A,hbm2,3.97,1928667988,227561472,0,1.70308,435.2665,7656.8119,8092.0784,+7.51,536870912,25143.0986,+2.30,1545.726,1137.18,0,43.83,329.07
tiiuae__Falcon3-1B-Instruct-1.58bit,1132462080,0.2969,2.50,bitmap_B_resident,hbm2,3.97,1929589588,227561472,921600,1.70389,362.8452,7660.4707,8023.3158,+6.60,536870912,25074.3360,+2.02,1386.658,1267.63,0,43.83,329.02
tiiuae__Falcon3-1B-Instruct-1.58bit,1132462080,0.2969,2.50,bitmap_B_streamed,hbm2,3.97,1929589588,227561472,921600,1.70389,414.9820,7660.4707,8075.4527,+7.29,536870912,25126.4728,+2.23,1631.378,1077.47,0,43.83,329.02
tiiuae__Falcon3-1B-Instruct-1.58bit,1132462080,0.2969,2.50,five_trit,hbm2_streamed,3.59,1813413888,227561472,0,1.60130,327.6416,6510.1559,6837.7975,+0.00,536870912,22256.7301,+0.00,1200.192,1464.57,0,44.66,335.28
tiiuae__Falcon3-1B-Instruct-1.58bit,1132462080,0.2969,2.50,bitmap_A,hbm2_streamed,3.59,1928667988,227561472,0,1.70308,435.2665,6923.9181,7359.1846,+7.63,536870912,22778.1172,+2.34,1545.726,1137.18,0,43.83,329.07
tiiuae__Falcon3-1B-Instruct-1.58bit,1132462080,0.2969,2.50,bitmap_B_resident,hbm2_streamed,3.59,1929589588,227561472,921600,1.70389,362.8452,6927.2266,7290.0718,+6.61,536870912,22709.0044,+2.03,1386.658,1267.63,0,43.83,329.02
tiiuae__Falcon3-1B-Instruct-1.58bit,1132462080,0.2969,2.50,bitmap_B_streamed,hbm2_streamed,3.59,1929589588,227561472,921600,1.70389,414.9820,6927.2266,7342.2086,+7.38,536870912,22761.1412,+2.27,1631.378,1077.47,0,43.83,329.02
tiiuae__Falcon3-1B-Instruct-1.58bit,1132462080,0.2969,2.50,five_trit,lpddr4_package,12,1813413888,227561472,0,1.60130,327.6416,21760.9667,22088.6083,+0.00,536870912,73628.2158,+0.00,1200.192,1464.57,0,44.66,335.28
tiiuae__Falcon3-1B-Instruct-1.58bit,1132462080,0.2969,2.50,bitmap_A,lpddr4_package,12,1928667988,227561472,0,1.70308,435.2665,23144.0159,23579.2824,+6.75,536870912,75118.8899,+2.02,1545.726,1137.18,0,43.83,329.07
tiiuae__Falcon3-1B-Instruct-1.58bit,1132462080,0.2969,2.50,bitmap_B_resident,lpddr4_package,12,1929589588,227561472,921600,1.70389,362.8452,23155.0751,23517.9202,+6.47,536870912,75057.5278,+1.94,1386.658,1267.63,0,43.83,329.02
tiiuae__Falcon3-1B-Instruct-1.58bit,1132462080,0.2969,2.50,bitmap_B_streamed,lpddr4_package,12,1929589588,227561472,921600,1.70389,414.9820,23155.0751,23570.0571,+6.71,536870912,75109.6646,+2.01,1631.378,1077.47,0,43.83,329.02
tiiuae__Falcon3-1B-Instruct-1.58bit,1132462080,0.2969,2.50,five_trit,gddr5,14.0,1813413888,227561472,0,1.60130,327.6416,25387.7944,25715.4360,+0.00,536870912,85844.9782,+0.00,1200.192,1464.57,0,44.66,335.28
tiiuae__Falcon3-1B-Instruct-1.58bit,1132462080,0.2969,2.50,bitmap_A,gddr5,14.0,1928667988,227561472,0,1.70308,435.2665,27001.3518,27436.6183,+6.69,536870912,87566.1605,+2.00,1545.726,1137.18,0,43.83,329.07
tiiuae__Falcon3-1B-Instruct-1.58bit,1132462080,0.2969,2.50,bitmap_B_resident,gddr5,14.0,1929589588,227561472,921600,1.70389,362.8452,27014.2542,27377.0994,+6.46,536870912,87506.6415,+1.94,1386.658,1267.63,0,43.83,329.02
tiiuae__Falcon3-1B-Instruct-1.58bit,1132462080,0.2969,2.50,bitmap_B_streamed,gddr5,14.0,1929589588,227561472,921600,1.70389,414.9820,27014.2542,27429.2362,+6.66,536870912,87558.7784,+2.00,1631.378,1077.47,0,43.83,329.02
tiiuae__Falcon3-1B-Instruct-1.58bit,1132462080,0.2969,2.50,five_trit,dram_45nm_horowitz,30.5,1813413888,227561472,0,1.60130,327.6416,55309.1236,55636.7652,+0.00,536870912,186633.2677,+0.00,1200.192,1464.57,0,44.66,335.28
tiiuae__Falcon3-1B-Instruct-1.58bit,1132462080,0.2969,2.50,bitmap_A,dram_45nm_horowitz,30.5,1928667988,227561472,0,1.70308,435.2665,58824.3736,59259.6401,+6.51,536870912,190256.1427,+1.94,1545.726,1137.18,0,43.83,329.07
tiiuae__Falcon3-1B-Instruct-1.58bit,1132462080,0.2969,2.50,bitmap_B_resident,dram_45nm_horowitz,30.5,1929589588,227561472,921600,1.70389,362.8452,58852.4824,59215.3276,+6.43,536870912,190211.8301,+1.92,1386.658,1267.63,0,43.83,329.02
tiiuae__Falcon3-1B-Instruct-1.58bit,1132462080,0.2969,2.50,bitmap_B_streamed,dram_45nm_horowitz,30.5,1929589588,227561472,921600,1.70389,414.9820,58852.4824,59267.4644,+6.53,536870912,190263.9670,+1.95,1631.378,1077.47,0,43.83,329.02
tiiuae__Falcon3-1B-Instruct-1.58bit,1132462080,0.2969,2.50,five_trit,ddr3_peak,70,1813413888,227561472,0,1.60130,327.6416,126938.9722,127266.6138,+0.00,536870912,427914.3245,+0.00,1200.192,1464.57,0,44.66,335.28
tiiuae__Falcon3-1B-Instruct-1.58bit,1132462080,0.2969,2.50,bitmap_A,ddr3_peak,70,1928667988,227561472,0,1.70308,435.2665,135006.7592,135442.0257,+6.42,536870912,436089.7364,+1.91,1545.726,1137.18,0,43.83,329.07
tiiuae__Falcon3-1B-Instruct-1.58bit,1132462080,0.2969,2.50,bitmap_B_resident,ddr3_peak,70,1929589588,227561472,921600,1.70389,362.8452,135071.2712,135434.1163,+6.42,536870912,436081.8270,+1.91,1386.658,1267.63,0,43.83,329.02
tiiuae__Falcon3-1B-Instruct-1.58bit,1132462080,0.2969,2.50,bitmap_B_streamed,ddr3_peak,70,1929589588,227561472,921600,1.70389,414.9820,135071.2712,135486.2532,+6.46,536870912,436133.9639,+1.92,1631.378,1077.47,0,43.83,329.02
tiiuae__Falcon3-3B-Instruct-1.58bit,2422210560,0.2920,1.60,five_trit,sram_8kb_45nm,0.156,3878780928,486154240,0,1.60134,856.2120,605.0898,1461.3018,+0.00,805306368,2466.3241,+0.00,1373.358,936.10,0,26.43,198.43
tiiuae__Falcon3-3B-Instruct-1.58bit,2422210560,0.2920,1.60,bitmap_A,sram_8kb_45nm,0.156,4137105238,486154240,0,1.70799,1017.2997,645.3884,1662.6881,+13.78,805306368,2667.7104,+8.17,1624.994,791.14,0,25.79,193.58
tiiuae__Falcon3-3B-Instruct-1.58bit,2422210560,0.2920,1.60,bitmap_B_resident,sram_8kb_45nm,0.156,4139132758,486154240,2027520,1.70882,844.7145,645.7047,1490.4192,+1.99,805306368,2495.4416,+1.18,1448.636,887.46,0,25.78,193.54
tiiuae__Falcon3-3B-Instruct-1.58bit,2422210560,0.2920,1.60,bitmap_B_streamed,sram_8kb_45nm,0.156,4139132758,486154240,2027520,1.70882,954.4230,645.7047,1600.1277,+9.50,805306368,2605.1500,+5.63,1693.356,759.20,0,25.78,193.54
tiiuae__Falcon3-3B-Instruct-1.58bit,2422210560,0.2920,1.60,five_trit,sram_32kb_45nm,0.313,3878780928,486154240,0,1.60134,856.2120,1214.0584,2070.2704,+0.00,805306368,4086.7576,+0.00,1373.358,936.10,0,26.43,198.43
tiiuae__Falcon3-3B-Instruct-1.58bit,2422210560,0.2920,1.60,bitmap_A,sram_32kb_45nm,0.313,4137105238,486154240,0,1.70799,1017.2997,1294.9139,2312.2136,+11.69,805306368,4328.7008,+5.92,1624.994,791.14,0,25.79,193.58
tiiuae__Falcon3-3B-Instruct-1.58bit,2422210560,0.2920,1.60,bitmap_B_resident,sram_32kb_45nm,0.313,4139132758,486154240,2027520,1.70882,844.7145,1295.5486,2140.2631,+3.38,805306368,4156.7502,+1.71,1448.636,887.46,0,25.78,193.54
tiiuae__Falcon3-3B-Instruct-1.58bit,2422210560,0.2920,1.60,bitmap_B_streamed,sram_32kb_45nm,0.313,4139132758,486154240,2027520,1.70882,954.4230,1295.5486,2249.9715,+8.68,805306368,4266.4587,+4.40,1693.356,759.20,0,25.78,193.54
tiiuae__Falcon3-3B-Instruct-1.58bit,2422210560,0.2920,1.60,five_trit,sram_1mb_45nm,1.563,3878780928,486154240,0,1.60134,856.2120,6062.5346,6918.7466,+0.00,805306368,16988.2974,+0.00,1373.358,936.10,0,26.43,198.43
tiiuae__Falcon3-3B-Instruct-1.58bit,2422210560,0.2920,1.60,bitmap_A,sram_1mb_45nm,1.563,4137105238,486154240,0,1.70799,1017.2997,6466.2955,7483.5952,+8.16,805306368,17553.1460,+3.32,1624.994,791.14,0,25.79,193.58
tiiuae__Falcon3-3B-Instruct-1.58bit,2422210560,0.2920,1.60,bitmap_B_resident,sram_1mb_45nm,1.563,4139132758,486154240,2027520,1.70882,844.7145,6469.4645,7314.1790,+5.72,805306368,17383.7298,+2.33,1448.636,887.46,0,25.78,193.54
tiiuae__Falcon3-3B-Instruct-1.58bit,2422210560,0.2920,1.60,bitmap_B_streamed,sram_1mb_45nm,1.563,4139132758,486154240,2027520,1.70882,954.4230,6469.4645,7423.8875,+7.30,805306368,17493.4383,+2.97,1693.356,759.20,0,25.78,193.54
tiiuae__Falcon3-3B-Instruct-1.58bit,2422210560,0.2920,1.60,five_trit,sram_1mb_45nm_cacti,1.058,3878780928,486154240,0,1.60134,856.2120,4103.7502,4959.9622,+0.00,805306368,11776.0753,+0.00,1373.358,936.10,0,26.43,198.43
tiiuae__Falcon3-3B-Instruct-1.58bit,2422210560,0.2920,1.60,bitmap_A,sram_1mb_45nm_cacti,1.058,4137105238,486154240,0,1.70799,1017.2997,4377.0573,5394.3570,+8.76,805306368,12210.4701,+3.69,1624.994,791.14,0,25.79,193.58
tiiuae__Falcon3-3B-Instruct-1.58bit,2422210560,0.2920,1.60,bitmap_B_resident,sram_1mb_45nm_cacti,1.058,4139132758,486154240,2027520,1.70882,844.7145,4379.2025,5223.9170,+5.32,805306368,12040.0301,+2.24,1448.636,887.46,0,25.78,193.54
tiiuae__Falcon3-3B-Instruct-1.58bit,2422210560,0.2920,1.60,bitmap_B_streamed,sram_1mb_45nm_cacti,1.058,4139132758,486154240,2027520,1.70882,954.4230,4379.2025,5333.6254,+7.53,805306368,12149.7385,+3.17,1693.356,759.20,0,25.78,193.54
tiiuae__Falcon3-3B-Instruct-1.58bit,2422210560,0.2920,1.60,five_trit,sram_32kb_7nm,0.133,3878780928,486154240,0,1.60134,856.2120,515.8779,1372.0898,+0.00,805306368,2228.9358,+0.00,1373.358,936.10,0,26.43,198.43
tiiuae__Falcon3-3B-Instruct-1.58bit,2422210560,0.2920,1.60,bitmap_A,sram_32kb_7nm,0.133,4137105238,486154240,0,1.70799,1017.2997,550.2350,1567.5347,+14.24,805306368,2424.3807,+8.77,1624.994,791.14,0,25.79,193.58
tiiuae__Falcon3-3B-Instruct-1.58bit,2422210560,0.2920,1.60,bitmap_B_resident,sram_32kb_7nm,0.133,4139132758,486154240,2027520,1.70882,844.7145,550.5047,1395.2192,+1.69,805306368,2252.0652,+1.04,1448.636,887.46,0,25.78,193.54
tiiuae__Falcon3-3B-Instruct-1.58bit,2422210560,0.2920,1.60,bitmap_B_streamed,sram_32kb_7nm,0.133,4139132758,486154240,2027520,1.70882,954.4230,550.5047,1504.9276,+9.68,805306368,2361.7736,+5.96,1693.356,759.20,0,25.78,193.54
tiiuae__Falcon3-3B-Instruct-1.58bit,2422210560,0.2920,1.60,five_trit,sram_1mb_7nm,0.219,3878780928,486154240,0,1.60134,856.2120,849.4530,1705.6650,+0.00,805306368,3116.5618,+0.00,1373.358,936.10,0,26.43,198.43
tiiuae__Falcon3-3B-Instruct-1.58bit,2422210560,0.2920,1.60,bitmap_A,sram_1mb_7nm,0.219,4137105238,486154240,0,1.70799,1017.2997,906.0260,1923.3257,+12.76,805306368,3334.2225,+6.98,1624.994,791.14,0,25.79,193.58
tiiuae__Falcon3-3B-Instruct-1.58bit,2422210560,0.2920,1.60,bitmap_B_resident,sram_1mb_7nm,0.219,4139132758,486154240,2027520,1.70882,844.7145,906.4701,1751.1846,+2.67,805306368,3162.0814,+1.46,1448.636,887.46,0,25.78,193.54
tiiuae__Falcon3-3B-Instruct-1.58bit,2422210560,0.2920,1.60,bitmap_B_streamed,sram_1mb_7nm,0.219,4139132758,486154240,2027520,1.70882,954.4230,906.4701,1860.8930,+9.10,805306368,3271.7898,+4.98,1693.356,759.20,0,25.78,193.54
tiiuae__Falcon3-3B-Instruct-1.58bit,2422210560,0.2920,1.60,five_trit,hbm2,3.97,3878780928,486154240,0,1.60134,856.2120,15398.7603,16254.9723,+0.00,805306368,41831.5025,+0.00,1373.358,936.10,0,26.43,198.43
tiiuae__Falcon3-3B-Instruct-1.58bit,2422210560,0.2920,1.60,bitmap_A,hbm2,3.97,4137105238,486154240,0,1.70799,1017.2997,16424.3078,17441.6075,+7.30,805306368,43018.1377,+2.84,1624.994,791.14,0,25.79,193.58
tiiuae__Falcon3-3B-Instruct-1.58bit,2422210560,0.2920,1.60,bitmap_B_resident,hbm2,3.97,4139132758,486154240,2027520,1.70882,844.7145,16432.3570,17277.0716,+6.29,805306368,42853.6018,+2.44,1448.636,887.46,0,25.78,193.54
tiiuae__Falcon3-3B-Instruct-1.58bit,2422210560,0.2920,1.60,bitmap_B_streamed,hbm2,3.97,4139132758,486154240,2027520,1.70882,954.4230,16432.3570,17386.7800,+6.96,805306368,42963.3103,+2.71,1693.356,759.20,0,25.78,193.54
tiiuae__Falcon3-3B-Instruct-1.58bit,2422210560,0.2920,1.60,five_trit,hbm2_streamed,3.59,3878780928,486154240,0,1.60134,856.2120,13924.8235,14781.0355,+0.00,805306368,37909.4344,+0.00,1373.358,936.10,0,26.43,198.43
tiiuae__Falcon3-3B-Instruct-1.58bit,2422210560,0.2920,1.60,bitmap_A,hbm2_streamed,3.59,4137105238,486154240,0,1.70799,1017.2997,14852.2078,15869.5075,+7.36,805306368,38997.9064,+2.87,1624.994,791.14,0,25.79,193.58
tiiuae__Falcon3-3B-Instruct-1.58bit,2422210560,0.2920,1.60,bitmap_B_resident,hbm2_streamed,3.59,4139132758,486154240,2027520,1.70882,844.7145,14859.4866,15704.2011,+6.25,805306368,38832.6000,+2.44,1448.636,887.46,0,25.78,193.54
tiiuae__Falcon3-3B-Instruct-1.58bit,2422210560,0.2920,1.60,bitmap_B_streamed,hbm2_streamed,3.59,4139132758,486154240,2027520,1.70882,954.4230,14859.4866,15813.9096,+6.99,805306368,38942.3085,+2.72,1693.356,759.20,0,25.78,193.54
tiiuae__Falcon3-3B-Instruct-1.58bit,2422210560,0.2920,1.60,five_trit,lpddr4_package,12,3878780928,486154240,0,1.60134,856.2120,46545.3711,47401.5831,+0.00,805306368,124710.9944,+0.00,1373.358,936.10,0,26.43,198.43
tiiuae__Falcon3-3B-Instruct-1.58bit,2422210560,0.2920,1.60,bitmap_A,lpddr4_package,12,4137105238,486154240,0,1.70799,1017.2997,49645.2629,50662.5625,+6.88,805306368,127971.9739,+2.61,1624.994,791.14,0,25.79,193.58
tiiuae__Falcon3-3B-Instruct-1.58bit,2422210560,0.2920,1.60,bitmap_B_resident,lpddr4_package,12,4139132758,486154240,2027520,1.70882,844.7145,49669.5931,50514.3076,+6.57,805306368,127823.7189,+2.50,1448.636,887.46,0,25.78,193.54
tiiuae__Falcon3-3B-Instruct-1.58bit,2422210560,0.2920,1.60,bitmap_B_streamed,lpddr4_package,12,4139132758,486154240,2027520,1.70882,954.4230,49669.5931,50624.0161,+6.80,805306368,127933.4274,+2.58,1693.356,759.20,0,25.78,193.54
tiiuae__Falcon3-3B-Instruct-1.58bit,2422210560,0.2920,1.60,five_trit,gddr5,14.0,3878780928,486154240,0,1.60134,856.2120,54302.9330,55159.1450,+0.00,805306368,145353.4582,+0.00,1373.358,936.10,0,26.43,198.43
tiiuae__Falcon3-3B-Instruct-1.58bit,2422210560,0.2920,1.60,bitmap_A,gddr5,14.0,4137105238,486154240,0,1.70799,1017.2997,57919.4733,58936.7730,+6.85,805306368,149131.0862,+2.60,1624.994,791.14,0,25.79,193.58
tiiuae__Falcon3-3B-Instruct-1.58bit,2422210560,0.2920,1.60,bitmap_B_resident,gddr5,14.0,4139132758,486154240,2027520,1.70882,844.7145,57947.8586,58792.5731,+6.59,805306368,148986.8864,+2.50,1448.636,887.46,0,25.78,193.54
tiiuae__Falcon3-3B-Instruct-1.58bit,2422210560,0.2920,1.60,bitmap_B_streamed,gddr5,14.0,4139132758,486154240,2027520,1.70882,954.4230,57947.8586,58902.2816,+6.79,805306368,149096.5948,+2.58,1693.356,759.20,0,25.78,193.54
tiiuae__Falcon3-3B-Instruct-1.58bit,2422210560,0.2920,1.60,five_trit,dram_45nm_horowitz,30.5,3878780928,486154240,0,1.60134,856.2120,118302.8183,119159.0303,+0.00,805306368,315653.7841,+0.00,1373.358,936.10,0,26.43,198.43
tiiuae__Falcon3-3B-Instruct-1.58bit,2422210560,0.2920,1.60,bitmap_A,dram_45nm_horowitz,30.5,4137105238,486154240,0,1.70799,1017.2997,126181.7098,127199.0094,+6.75,805306368,323693.7632,+2.55,1624.994,791.14,0,25.79,193.58
tiiuae__Falcon3-3B-Instruct-1.58bit,2422210560,0.2920,1.60,bitmap_B_resident,dram_45nm_horowitz,30.5,4139132758,486154240,2027520,1.70882,844.7145,126243.5491,127088.2636,+6.65,805306368,323583.0174,+2.51,1448.636,887.46,0,25.78,193.54
tiiuae__Falcon3-3B-Instruct-1.58bit,2422210560,0.2920,1.60,bitmap_B_streamed,dram_45nm_horowitz,30.5,4139132758,486154240,2027520,1.70882,954.4230,126243.5491,127197.9721,+6.75,805306368,323692.7259,+2.55,1693.356,759.20,0,25.78,193.54
tiiuae__Falcon3-3B-Instruct-1.58bit,2422210560,0.2920,1.60,five_trit,ddr3_peak,70,3878780928,486154240,0,1.60134,856.2120,271514.6650,272370.8769,+0.00,805306368,723342.4430,+0.00,1373.358,936.10,0,26.43,198.43
tiiuae__Falcon3-3B-Instruct-1.58bit,2422210560,0.2920,1.60,bitmap_A,ddr3_peak,70,4137105238,486154240,0,1.70799,1017.2997,289597.3667,290614.6663,+6.70,805306368,741586.2324,+2.52,1624.994,791.14,0,25.79,193.58
tiiuae__Falcon3-3B-Instruct-1.58bit,2422210560,0.2920,1.60,bitmap_B_resident,ddr3_peak,70,4139132758,486154240,2027520,1.70882,844.7145,289739.2931,290584.0076,+6.69,805306368,741555.5737,+2.52,1448.636,887.46,0,25.78,193.54
tiiuae__Falcon3-3B-Instruct-1.58bit,2422210560,0.2920,1.60,bitmap_B_streamed,ddr3_peak,70,4139132758,486154240,2027520,1.70882,954.4230,289739.2931,290693.7160,+6.73,805306368,741665.2821,+2.53,1693.356,759.20,0,25.78,193.54
tiiuae__Falcon3-3B-Instruct-1.58bit,2422210560,0.2920,2.00,five_trit,sram_8kb_45nm,0.156,3878780928,486154240,0,1.60134,719.6716,605.0898,1324.7614,+0.00,805306368,2329.7838,+0.00,1221.206,842.18,0,26.43,198.43
tiiuae__Falcon3-3B-Instruct-1.58bit,2422210560,0.2920,2.00,bitmap_A,sram_8kb_45nm,0.156,4137105238,486154240,0,1.70799,928.0616,645.3884,1573.4500,+18.77,805306368,2578.4724,+10.67,1573.656,653.56,0,25.79,193.58
tiiuae__Falcon3-3B-Instruct-1.58bit,2422210560,0.2920,2.00,bitmap_B_resident,sram_8kb_45nm,0.156,4139132758,486154240,2027520,1.70882,782.1005,645.7047,1427.8052,+7.78,805306368,2432.8276,+4.42,1412.194,728.29,0,25.78,193.54
tiiuae__Falcon3-3B-Instruct-1.58bit,2422210560,0.2920,2.00,bitmap_B_streamed,sram_8kb_45nm,0.156,4139132758,486154240,2027520,1.70882,892.7014,645.7047,1538.4061,+16.13,805306368,2543.4285,+9.17,1656.914,620.72,0,25.78,193.54
tiiuae__Falcon3-3B-Instruct-1.58bit,2422210560,0.2920,2.00,five_trit,sram_32kb_45nm,0.313,3878780928,486154240,0,1.60134,719.6716,1214.0584,1933.7300,+0.00,805306368,3950.2172,+0.00,1221.206,842.18,0,26.43,198.43
tiiuae__Falcon3-3B-Instruct-1.58bit,2422210560,0.2920,2.00,bitmap_A,sram_32kb_45nm,0.313,4137105238,486154240,0,1.70799,928.0616,1294.9139,2222.9756,+14.96,805306368,4239.4627,+7.32,1573.656,653.56,0,25.79,193.58
tiiuae__Falcon3-3B-Instruct-1.58bit,2422210560,0.2920,2.00,bitmap_B_resident,sram_32kb_45nm,0.313,4139132758,486154240,2027520,1.70882,782.1005,1295.5486,2077.6490,+7.44,805306368,4094.1362,+3.64,1412.194,728.29,0,25.78,193.54
tiiuae__Falcon3-3B-Instruct-1.58bit,2422210560,0.2920,2.00,bitmap_B_streamed,sram_32kb_45nm,0.313,4139132758,486154240,2027520,1.70882,892.7014,1295.5486,2188.2500,+13.16,805306368,4204.7371,+6.44,1656.914,620.72,0,25.78,193.54
tiiuae__Falcon3-3B-Instruct-1.58bit,2422210560,0.2920,2.00,five_trit,sram_1mb_45nm,1.563,3878780928,486154240,0,1.60134,719.6716,6062.5346,6782.2062,+0.00,805306368,16851.7570,+0.00,1221.206,842.18,0,26.43,198.43
tiiuae__Falcon3-3B-Instruct-1.58bit,2422210560,0.2920,2.00,bitmap_A,sram_1mb_45nm,1.563,4137105238,486154240,0,1.70799,928.0616,6466.2955,7394.3571,+9.03,805306368,17463.9079,+3.63,1573.656,653.56,0,25.79,193.58
tiiuae__Falcon3-3B-Instruct-1.58bit,2422210560,0.2920,2.00,bitmap_B_resident,sram_1mb_45nm,1.563,4139132758,486154240,2027520,1.70882,782.1005,6469.4645,7251.5650,+6.92,805306368,17321.1158,+2.79,1412.194,728.29,0,25.78,193.54
tiiuae__Falcon3-3B-Instruct-1.58bit,2422210560,0.2920,2.00,bitmap_B_streamed,sram_1mb_45nm,1.563,4139132758,486154240,2027520,1.70882,892.7014,6469.4645,7362.1659,+8.55,805306368,17431.7167,+3.44,1656.914,620.72,0,25.78,193.54
tiiuae__Falcon3-3B-Instruct-1.58bit,2422210560,0.2920,2.00,five_trit,sram_1mb_45nm_cacti,1.058,3878780928,486154240,0,1.60134,719.6716,4103.7502,4823.4218,+0.00,805306368,11639.5349,+0.00,1221.206,842.18,0,26.43,198.43
tiiuae__Falcon3-3B-Instruct-1.58bit,2422210560,0.2920,2.00,bitmap_A,sram_1mb_45nm_cacti,1.058,4137105238,486154240,0,1.70799,928.0616,4377.0573,5305.1190,+9.99,805306368,12121.2321,+4.14,1573.656,653.56,0,25.79,193.58
tiiuae__Falcon3-3B-Instruct-1.58bit,2422210560,0.2920,2.00,bitmap_B_resident,sram_1mb_45nm_cacti,1.058,4139132758,486154240,2027520,1.70882,782.1005,4379.2025,5161.3030,+7.01,805306368,11977.4161,+2.90,1412.194,728.29,0,25.78,193.54
tiiuae__Falcon3-3B-Instruct-1.58bit,2422210560,0.2920,2.00,bitmap_B_streamed,sram_1mb_45nm_cacti,1.058,4139132758,486154240,2027520,1.70882,892.7014,4379.2025,5271.9039,+9.30,805306368,12088.0170,+3.85,1656.914,620.72,0,25.78,193.54
tiiuae__Falcon3-3B-Instruct-1.58bit,2422210560,0.2920,2.00,five_trit,sram_32kb_7nm,0.133,3878780928,486154240,0,1.60134,719.6716,515.8779,1235.5495,+0.00,805306368,2092.3954,+0.00,1221.206,842.18,0,26.43,198.43
tiiuae__Falcon3-3B-Instruct-1.58bit,2422210560,0.2920,2.00,bitmap_A,sram_32kb_7nm,0.133,4137105238,486154240,0,1.70799,928.0616,550.2350,1478.2966,+19.65,805306368,2335.1426,+11.60,1573.656,653.56,0,25.79,193.58
tiiuae__Falcon3-3B-Instruct-1.58bit,2422210560,0.2920,2.00,bitmap_B_resident,sram_32kb_7nm,0.133,4139132758,486154240,2027520,1.70882,782.1005,550.5047,1332.6052,+7.86,805306368,2189.4511,+4.64,1412.194,728.29,0,25.78,193.54
tiiuae__Falcon3-3B-Instruct-1.58bit,2422210560,0.2920,2.00,bitmap_B_streamed,sram_32kb_7nm,0.133,4139132758,486154240,2027520,1.70882,892.7014,550.5047,1443.2061,+16.81,805306368,2300.0520,+9.92,1656.914,620.72,0,25.78,193.54
tiiuae__Falcon3-3B-Instruct-1.58bit,2422210560,0.2920,2.00,five_trit,sram_1mb_7nm,0.219,3878780928,486154240,0,1.60134,719.6716,849.4530,1569.1246,+0.00,805306368,2980.0214,+0.00,1221.206,842.18,0,26.43,198.43
tiiuae__Falcon3-3B-Instruct-1.58bit,2422210560,0.2920,2.00,bitmap_A,sram_1mb_7nm,0.219,4137105238,486154240,0,1.70799,928.0616,906.0260,1834.0877,+16.89,805306368,3244.9844,+8.89,1573.656,653.56,0,25.79,193.58
tiiuae__Falcon3-3B-Instruct-1.58bit,2422210560,0.2920,2.00,bitmap_B_resident,sram_1mb_7nm,0.219,4139132758,486154240,2027520,1.70882,782.1005,906.4701,1688.5706,+7.61,805306368,3099.4673,+4.01,1412.194,728.29,0,25.78,193.54
tiiuae__Falcon3-3B-Instruct-1.58bit,2422210560,0.2920,2.00,bitmap_B_streamed,sram_1mb_7nm,0.219,4139132758,486154240,2027520,1.70882,892.7014,906.4701,1799.1715,+14.66,805306368,3210.0682,+7.72,1656.914,620.72,0,25.78,193.54
tiiuae__Falcon3-3B-Instruct-1.58bit,2422210560,0.2920,2.00,five_trit,hbm2,3.97,3878780928,486154240,0,1.60134,719.6716,15398.7603,16118.4319,+0.00,805306368,41694.9621,+0.00,1221.206,842.18,0,26.43,198.43
tiiuae__Falcon3-3B-Instruct-1.58bit,2422210560,0.2920,2.00,bitmap_A,hbm2,3.97,4137105238,486154240,0,1.70799,928.0616,16424.3078,17352.3694,+7.66,805306368,42928.8997,+2.96,1573.656,653.56,0,25.79,193.58
tiiuae__Falcon3-3B-Instruct-1.58bit,2422210560,0.2920,2.00,bitmap_B_resident,hbm2,3.97,4139132758,486154240,2027520,1.70882,782.1005,16432.3570,17214.4575,+6.80,805306368,42790.9878,+2.63,1412.194,728.29,0,25.78,193.54
tiiuae__Falcon3-3B-Instruct-1.58bit,2422210560,0.2920,2.00,bitmap_B_streamed,hbm2,3.97,4139132758,486154240,2027520,1.70882,892.7014,16432.3570,17325.0585,+7.49,805306368,42901.5887,+2.89,1656.914,620.72,0,25.78,193.54
tiiuae__Falcon3-3B-Instruct-1.58bit,2422210560,0.2920,2.00,five_trit,hbm2_streamed,3.59,3878780928,486154240,0,1.60134,719.6716,13924.8235,14644.4951,+0.00,805306368,37772.8940,+0.00,1221.206,842.18,0,26.43,198.43
tiiuae__Falcon3-3B-Instruct-1.58bit,2422210560,0.2920,2.00,bitmap_A,hbm2_streamed,3.59,4137105238,486154240,0,1.70799,928.0616,14852.2078,15780.2694,+7.76,805306368,38908.6683,+3.01,1573.656,653.56,0,25.79,193.58
tiiuae__Falcon3-3B-Instruct-1.58bit,2422210560,0.2920,2.00,bitmap_B_resident,hbm2_streamed,3.59,4139132758,486154240,2027520,1.70882,782.1005,14859.4866,15641.5871,+6.81,805306368,38769.9860,+2.64,1412.194,728.29,0,25.78,193.54
tiiuae__Falcon3-3B-Instruct-1.58bit,2422210560,0.2920,2.00,bitmap_B_streamed,hbm2_streamed,3.59,4139132758,486154240,2027520,1.70882,892.7014,14859.4866,15752.1880,+7.56,805306368,38880.5869,+2.93,1656.914,620.72,0,25.78,193.54
tiiuae__Falcon3-3B-Instruct-1.58bit,2422210560,0.2920,2.00,five_trit,lpddr4_package,12,3878780928,486154240,0,1.60134,719.6716,46545.3711,47265.0427,+0.00,805306368,124574.4541,+0.00,1221.206,842.18,0,26.43,198.43
tiiuae__Falcon3-3B-Instruct-1.58bit,2422210560,0.2920,2.00,bitmap_A,lpddr4_package,12,4137105238,486154240,0,1.70799,928.0616,49645.2629,50573.3245,+7.00,805306368,127882.7358,+2.66,1573.656,653.56,0,25.79,193.58
tiiuae__Falcon3-3B-Instruct-1.58bit,2422210560,0.2920,2.00,bitmap_B_resident,lpddr4_package,12,4139132758,486154240,2027520,1.70882,782.1005,49669.5931,50451.6936,+6.74,805306368,127761.1049,+2.56,1412.194,728.29,0,25.78,193.54
tiiuae__Falcon3-3B-Instruct-1.58bit,2422210560,0.2920,2.00,bitmap_B_streamed,lpddr4_package,12,4139132758,486154240,2027520,1.70882,892.7014,49669.5931,50562.2945,+6.98,805306368,127871.7058,+2.65,1656.914,620.72,0,25.78,193.54
tiiuae__Falcon3-3B-Instruct-1.58bit,2422210560,0.2920,2.00,five_trit,gddr5,14.0,3878780928,486154240,0,1.60134,719.6716,54302.9330,55022.6046,+0.00,805306368,145216.9178,+0.00,1221.206,842.18,0,26.43,198.43
tiiuae__Falcon3-3B-Instruct-1.58bit,2422210560,0.2920,2.00,bitmap_A,gddr5,14.0,4137105238,486154240,0,1.70799,928.0616,57919.4733,58847.5350,+6.95,805306368,149041.8482,+2.63,1573.656,653.56,0,25.79,193.58
tiiuae__Falcon3-3B-Instruct-1.58bit,2422210560,0.2920,2.00,bitmap_B_resident,gddr5,14.0,4139132758,486154240,2027520,1.70882,782.1005,57947.8586,58729.9591,+6.74,805306368,148924.2723,+2.55,1412.194,728.29,0,25.78,193.54
tiiuae__Falcon3-3B-Instruct-1.58bit,2422210560,0.2920,2.00,bitmap_B_streamed,gddr5,14.0,4139132758,486154240,2027520,1.70882,892.7014,57947.8586,58840.5600,+6.94,805306368,149034.8732,+2.63,1656.914,620.72,0,25.78,193.54
tiiuae__Falcon3-3B-Instruct-1.58bit,2422210560,0.2920,2.00,five_trit,dram_45nm_horowitz,30.5,3878780928,486154240,0,1.60134,719.6716,118302.8183,119022.4899,+0.00,805306368,315517.2437,+0.00,1221.206,842.18,0,26.43,198.43
tiiuae__Falcon3-3B-Instruct-1.58bit,2422210560,0.2920,2.00,bitmap_A,dram_45nm_horowitz,30.5,4137105238,486154240,0,1.70799,928.0616,126181.7098,127109.7714,+6.79,805306368,323604.5252,+2.56,1573.656,653.56,0,25.79,193.58
tiiuae__Falcon3-3B-Instruct-1.58bit,2422210560,0.2920,2.00,bitmap_B_resident,dram_45nm_horowitz,30.5,4139132758,486154240,2027520,1.70882,782.1005,126243.5491,127025.6496,+6.72,805306368,323520.4034,+2.54,1412.194,728.29,0,25.78,193.54
tiiuae__Falcon3-3B-Instruct-1.58bit,2422210560,0.2920,2.00,bitmap_B_streamed,dram_45nm_horowitz,30.5,4139132758,486154240,2027520,1.70882,892.7014,126243.5491,127136.2505,+6.82,805306368,323631.0043,+2.57,1656.914,620.72,0,25.78,193.54
tiiuae__Falcon3-3B-Instruct-1.58bit,2422210560,0.2920,2.00,five_trit,ddr3_peak,70,3878780928,486154240,0,1.60134,719.6716,271514.6650,272234.3366,+0.00,805306368,723205.9026,+0.00,1221.206,842.18,0,26.43,198.43
tiiuae__Falcon3-3B-Instruct-1.58bit,2422210560,0.2920,2.00,bitmap_A,ddr3_peak,70,4137105238,486154240,0,1.70799,928.0616,289597.3667,290525.4283,+6.72,805306368,741496.9944,+2.53,1573.656,653.56,0,25.79,193.58
tiiuae__Falcon3-3B-Instruct-1.58bit,2422210560,0.2920,2.00,bitmap_B_resident,ddr3_peak,70,4139132758,486154240,2027520,1.70882,782.1005,289739.2931,290521.3936,+6.72,805306368,741492.9596,+2.53,1412.194,728.29,0,25.78,193.54
tiiuae__Falcon3-3B-Instruct-1.58bit,2422210560,0.2920,2.00,bitmap_B_streamed,ddr3_peak,70,4139132758,486154240,2027520,1.70882,892.7014,289739.2931,290631.9945,+6.76,805306368,741603.5605,+2.54,1656.914,620.72,0,25.78,193.54
tiiuae__Falcon3-3B-Instruct-1.58bit,2422210560,0.2920,2.50,five_trit,sram_8kb_45nm,0.156,3878780928,486154240,0,1.60134,700.4923,605.0898,1305.5821,+0.00,805306368,2310.6045,+0.00,1200.192,685.54,0,26.43,198.43
tiiuae__Falcon3-3B-Instruct-1.58bit,2422210560,0.2920,2.50,bitmap_A,sram_8kb_45nm,0.156,4137105238,486154240,0,1.70799,929.9484,645.3884,1575.3368,+20.66,805306368,2580.3591,+11.67,1545.726,532.30,0,25.79,193.58
tiiuae__Falcon3-3B-Instruct-1.58bit,2422210560,0.2920,2.50,bitmap_B_resident,sram_8kb_45nm,0.156,4139132758,486154240,2027520,1.70882,775.5874,645.7047,1421.2921,+8.86,805306368,2426.3144,+5.01,1386.658,593.36,0,25.78,193.54
tiiuae__Falcon3-3B-Instruct-1.58bit,2422210560,0.2920,2.50,bitmap_B_streamed,sram_8kb_45nm,0.156,4139132758,486154240,2027520,1.70882,887.3041,645.7047,1533.0088,+17.42,805306368,2538.0312,+9.84,1631.378,504.35,0,25.78,193.54
tiiuae__Falcon3-3B-Instruct-1.58bit,2422210560,0.2920,2.50,five_trit,sram_32kb_45nm,0.313,3878780928,486154240,0,1.60134,700.4923,1214.0584,1914.5508,+0.00,805306368,3931.0379,+0.00,1200.192,685.54,0,26.43,198.43
tiiuae__Falcon3-3B-Instruct-1.58bit,2422210560,0.2920,2.50,bitmap_A,sram_32kb_45nm,0.313,4137105238,486154240,0,1.70799,929.9484,1294.9139,2224.8623,+16.21,805306368,4241.3494,+7.89,1545.726,532.30,0,25.79,193.58
tiiuae__Falcon3-3B-Instruct-1.58bit,2422210560,0.2920,2.50,bitmap_B_resident,sram_32kb_45nm,0.313,4139132758,486154240,2027520,1.70882,775.5874,1295.5486,2071.1359,+8.18,805306368,4087.6231,+3.98,1386.658,593.36,0,25.78,193.54
tiiuae__Falcon3-3B-Instruct-1.58bit,2422210560,0.2920,2.50,bitmap_B_streamed,sram_32kb_45nm,0.313,4139132758,486154240,2027520,1.70882,887.3041,1295.5486,2182.8527,+14.01,805306368,4199.3398,+6.83,1631.378,504.35,0,25.78,193.54
tiiuae__Falcon3-3B-Instruct-1.58bit,2422210560,0.2920,2.50,five_trit,sram_1mb_45nm,1.563,3878780928,486154240,0,1.60134,700.4923,6062.5346,6763.0269,+0.00,805306368,16832.5777,+0.00,1200.192,685.54,0,26.43,198.43
tiiuae__Falcon3-3B-Instruct-1.58bit,2422210560,0.2920,2.50,bitmap_A,sram_1mb_45nm,1.563,4137105238,486154240,0,1.70799,929.9484,6466.2955,7396.2438,+9.36,805306368,17465.7947,+3.76,1545.726,532.30,0,25.79,193.58
tiiuae__Falcon3-3B-Instruct-1.58bit,2422210560,0.2920,2.50,bitmap_B_resident,sram_1mb_45nm,1.563,4139132758,486154240,2027520,1.70882,775.5874,6469.4645,7245.0519,+7.13,805306368,17314.6027,+2.86,1386.658,593.36,0,25.78,193.54
tiiuae__Falcon3-3B-Instruct-1.58bit,2422210560,0.2920,2.50,bitmap_B_streamed,sram_1mb_45nm,1.563,4139132758,486154240,2027520,1.70882,887.3041,6469.4645,7356.7686,+8.78,805306368,17426.3194,+3.53,1631.378,504.35,0,25.78,193.54
tiiuae__Falcon3-3B-Instruct-1.58bit,2422210560,0.2920,2.50,five_trit,sram_1mb_45nm_cacti,1.058,3878780928,486154240,0,1.60134,700.4923,4103.7502,4804.2425,+0.00,805306368,11620.3556,+0.00,1200.192,685.54,0,26.43,198.43
tiiuae__Falcon3-3B-Instruct-1.58bit,2422210560,0.2920,2.50,bitmap_A,sram_1mb_45nm_cacti,1.058,4137105238,486154240,0,1.70799,929.9484,4377.0573,5307.0057,+10.46,805306368,12123.1188,+4.33,1545.726,532.30,0,25.79,193.58
tiiuae__Falcon3-3B-Instruct-1.58bit,2422210560,0.2920,2.50,bitmap_B_resident,sram_1mb_45nm_cacti,1.058,4139132758,486154240,2027520,1.70882,775.5874,4379.2025,5154.7898,+7.30,805306368,11970.9029,+3.02,1386.658,593.36,0,25.78,193.54
tiiuae__Falcon3-3B-Instruct-1.58bit,2422210560,0.2920,2.50,bitmap_B_streamed,sram_1mb_45nm_cacti,1.058,4139132758,486154240,2027520,1.70882,887.3041,4379.2025,5266.5066,+9.62,805306368,12082.6197,+3.98,1631.378,504.35,0,25.78,193.54
tiiuae__Falcon3-3B-Instruct-1.58bit,2422210560,0.2920,2.50,five_trit,sram_32kb_7nm,0.133,3878780928,486154240,0,1.60134,700.4923,515.8779,1216.3702,+0.00,805306368,2073.2162,+0.00,1200.192,685.54,0,26.43,198.43
tiiuae__Falcon3-3B-Instruct-1.58bit,2422210560,0.2920,2.50,bitmap_A,sram_32kb_7nm,0.133,4137105238,486154240,0,1.70799,929.9484,550.2350,1480.1834,+21.69,805306368,2337.0293,+12.72,1545.726,532.30,0,25.79,193.58
tiiuae__Falcon3-3B-Instruct-1.58bit,2422210560,0.2920,2.50,bitmap_B_resident,sram_32kb_7nm,0.133,4139132758,486154240,2027520,1.70882,775.5874,550.5047,1326.0920,+9.02,805306368,2182.9380,+5.29,1386.658,593.36,0,25.78,193.54
tiiuae__Falcon3-3B-Instruct-1.58bit,2422210560,0.2920,2.50,bitmap_B_streamed,sram_32kb_7nm,0.133,4139132758,486154240,2027520,1.70882,887.3041,550.5047,1437.8088,+18.20,805306368,2294.6547,+10.68,1631.378,504.35,0,25.78,193.54
tiiuae__Falcon3-3B-Instruct-1.58bit,2422210560,0.2920,2.50,five_trit,sram_1mb_7nm,0.219,3878780928,486154240,0,1.60134,700.4923,849.4530,1549.9453,+0.00,805306368,2960.8421,+0.00,1200.192,685.54,0,26.43,198.43
tiiuae__Falcon3-3B-Instruct-1.58bit,2422210560,0.2920,2.50,bitmap_A,sram_1mb_7nm,0.219,4137105238,486154240,0,1.70799,929.9484,906.0260,1835.9744,+18.45,805306368,3246.8712,+9.66,1545.726,532.30,0,25.79,193.58
tiiuae__Falcon3-3B-Instruct-1.58bit,2422210560,0.2920,2.50,bitmap_B_resident,sram_1mb_7nm,0.219,4139132758,486154240,2027520,1.70882,775.5874,906.4701,1682.0574,+8.52,805306368,3092.9542,+4.46,1386.658,593.36,0,25.78,193.54
tiiuae__Falcon3-3B-Instruct-1.58bit,2422210560,0.2920,2.50,bitmap_B_streamed,sram_1mb_7nm,0.219,4139132758,486154240,2027520,1.70882,887.3041,906.4701,1793.7742,+15.73,805306368,3204.6709,+8.24,1631.378,504.35,0,25.78,193.54
tiiuae__Falcon3-3B-Instruct-1.58bit,2422210560,0.2920,2.50,five_trit,hbm2,3.97,3878780928,486154240,0,1.60134,700.4923,15398.7603,16099.2526,+0.00,805306368,41675.7829,+0.00,1200.192,685.54,0,26.43,198.43
tiiuae__Falcon3-3B-Instruct-1.58bit,2422210560,0.2920,2.50,bitmap_A,hbm2,3.97,4137105238,486154240,0,1.70799,929.9484,16424.3078,17354.2562,+7.80,805306368,42930.7864,+3.01,1545.726,532.30,0,25.79,193.58
tiiuae__Falcon3-3B-Instruct-1.58bit,2422210560,0.2920,2.50,bitmap_B_resident,hbm2,3.97,4139132758,486154240,2027520,1.70882,775.5874,16432.3570,17207.9444,+6.89,805306368,42784.4746,+2.66,1386.658,593.36,0,25.78,193.54
tiiuae__Falcon3-3B-Instruct-1.58bit,2422210560,0.2920,2.50,bitmap_B_streamed,hbm2,3.97,4139132758,486154240,2027520,1.70882,887.3041,16432.3570,17319.6612,+7.58,805306368,42896.1914,+2.93,1631.378,504.35,0,25.78,193.54
tiiuae__Falcon3-3B-Instruct-1.58bit,2422210560,0.2920,2.50,five_trit,hbm2_streamed,3.59,3878780928,486154240,0,1.60134,700.4923,13924.8235,14625.3159,+0.00,805306368,37753.7147,+0.00,1200.192,685.54,0,26.43,198.43
tiiuae__Falcon3-3B-Instruct-1.58bit,2422210560,0.2920,2.50,bitmap_A,hbm2_streamed,3.59,4137105238,486154240,0,1.70799,929.9484,14852.2078,15782.1562,+7.91,805306368,38910.5551,+3.06,1545.726,532.30,0,25.79,193.58
tiiuae__Falcon3-3B-Instruct-1.58bit,2422210560,0.2920,2.50,bitmap_B_resident,hbm2_streamed,3.59,4139132758,486154240,2027520,1.70882,775.5874,14859.4866,15635.0740,+6.90,805306368,38763.4728,+2.67,1386.658,593.36,0,25.78,193.54
tiiuae__Falcon3-3B-Instruct-1.58bit,2422210560,0.2920,2.50,bitmap_B_streamed,hbm2_streamed,3.59,4139132758,486154240,2027520,1.70882,887.3041,14859.4866,15746.7907,+7.67,805306368,38875.1896,+2.97,1631.378,504.35,0,25.78,193.54
tiiuae__Falcon3-3B-Instruct-1.58bit,2422210560,0.2920,2.50,five_trit,lpddr4_package,12,3878780928,486154240,0,1.60134,700.4923,46545.3711,47245.8635,+0.00,805306368,124555.2748,+0.00,1200.192,685.54,0,26.43,198.43
tiiuae__Falcon3-3B-Instruct-1.58bit,2422210560,0.2920,2.50,bitmap_A,lpddr4_package,12,4137105238,486154240,0,1.70799,929.9484,49645.2629,50575.2112,+7.05,805306368,127884.6225,+2.67,1545.726,532.30,0,25.79,193.58
tiiuae__Falcon3-3B-Instruct-1.58bit,2422210560,0.2920,2.50,bitmap_B_resident,lpddr4_package,12,4139132758,486154240,2027520,1.70882,775.5874,49669.5931,50445.1804,+6.77,805306368,127754.5918,+2.57,1386.658,593.36,0,25.78,193.54
tiiuae__Falcon3-3B-Instruct-1.58bit,2422210560,0.2920,2.50,bitmap_B_streamed,lpddr4_package,12,4139132758,486154240,2027520,1.70882,887.3041,49669.5931,50556.8972,+7.01,805306368,127866.3085,+2.66,1631.378,504.35,0,25.78,193.54
tiiuae__Falcon3-3B-Instruct-1.58bit,2422210560,0.2920,2.50,five_trit,gddr5,14.0,3878780928,486154240,0,1.60134,700.4923,54302.9330,55003.4253,+0.00,805306368,145197.7385,+0.00,1200.192,685.54,0,26.43,198.43
tiiuae__Falcon3-3B-Instruct-1.58bit,2422210560,0.2920,2.50,bitmap_A,gddr5,14.0,4137105238,486154240,0,1.70799,929.9484,57919.4733,58849.4217,+6.99,805306368,149043.7349,+2.65,1545.726,532.30,0,25.79,193.58
tiiuae__Falcon3-3B-Instruct-1.58bit,2422210560,0.2920,2.50,bitmap_B_resident,gddr5,14.0,4139132758,486154240,2027520,1.70882,775.5874,57947.8586,58723.4460,+6.76,805306368,148917.7592,+2.56,1386.658,593.36,0,25.78,193.54
tiiuae__Falcon3-3B-Instruct-1.58bit,2422210560,0.2920,2.50,bitmap_B_streamed,gddr5,14.0,4139132758,486154240,2027520,1.70882,887.3041,57947.8586,58835.1627,+6.97,805306368,149029.4759,+2.64,1631.378,504.35,0,25.78,193.54
tiiuae__Falcon3-3B-Instruct-1.58bit,2422210560,0.2920,2.50,five_trit,dram_45nm_horowitz,30.5,3878780928,486154240,0,1.60134,700.4923,118302.8183,119003.3106,+0.00,805306368,315498.0644,+0.00,1200.192,685.54,0,26.43,198.43
tiiuae__Falcon3-3B-Instruct-1.58bit,2422210560,0.2920,2.50,bitmap_A,dram_45nm_horowitz,30.5,4137105238,486154240,0,1.70799,929.9484,126181.7098,127111.6581,+6.81,805306368,323606.4119,+2.57,1545.726,532.30,0,25.79,193.58
tiiuae__Falcon3-3B-Instruct-1.58bit,2422210560,0.2920,2.50,bitmap_B_resident,dram_45nm_horowitz,30.5,4139132758,486154240,2027520,1.70882,775.5874,126243.5491,127019.1365,+6.74,805306368,323513.8903,+2.54,1386.658,593.36,0,25.78,193.54
tiiuae__Falcon3-3B-Instruct-1.58bit,2422210560,0.2920,2.50,bitmap_B_streamed,dram_45nm_horowitz,30.5,4139132758,486154240,2027520,1.70882,887.3041,126243.5491,127130.8532,+6.83,805306368,323625.6070,+2.58,1631.378,504.35,0,25.78,193.54
tiiuae__Falcon3-3B-Instruct-1.58bit,2422210560,0.2920,2.50,five_trit,ddr3_peak,70,3878780928,486154240,0,1.60134,700.4923,271514.6650,272215.1573,+0.00,805306368,723186.7234,+0.00,1200.192,685.54,0,26.43,198.43
tiiuae__Falcon3-3B-Instruct-1.58bit,2422210560,0.2920,2.50,bitmap_A,ddr3_peak,70,4137105238,486154240,0,1.70799,929.9484,289597.3667,290527.3150,+6.73,805306368,741498.8811,+2.53,1545.726,532.30,0,25.79,193.58
tiiuae__Falcon3-3B-Instruct-1.58bit,2422210560,0.2920,2.50,bitmap_B_resident,ddr3_peak,70,4139132758,486154240,2027520,1.70882,775.5874,289739.2931,290514.8804,+6.72,805306368,741486.4465,+2.53,1386.658,593.36,0,25.78,193.54
tiiuae__Falcon3-3B-Instruct-1.58bit,2422210560,0.2920,2.50,bitmap_B_streamed,ddr3_peak,70,4139132758,486154240,2027520,1.70882,887.3041,289739.2931,290626.5972,+6.76,805306368,741598.1632,+2.55,1631.378,504.35,0,25.78,193.54
tiiuae__Falcon3-7B-Instruct-1.58bit,6650068992,0.3133,1.60,five_trit,sram_8kb_45nm,0.156,10647404544,1334136832,0,1.60110,2339.0829,1660.9951,4000.0780,+0.00,805355520,5005.1617,+0.00,1373.358,341.11,0,15.96,119.83
tiiuae__Falcon3-7B-Instruct-1.58bit,6650068992,0.3133,1.60,bitmap_A,sram_8kb_45nm,0.156,11216905504,1334136832,0,1.68674,2786.8921,1749.8373,4536.7294,+13.42,805355520,5541.8131,+10.72,1624.994,288.29,0,15.45,115.97
tiiuae__Falcon3-7B-Instruct-1.58bit,6650068992,0.3133,1.60,bitmap_B_resident,sram_8kb_45nm,0.156,11221464352,1334136832,4558848,1.68742,2312.4637,1750.5484,4063.0122,+1.57,805355520,5068.0959,+1.26,1448.636,323.39,0,15.44,115.94
tiiuae__Falcon3-7B-Instruct-1.58bit,6650068992,0.3133,1.60,bitmap_B_streamed,sram_8kb_45nm,0.156,11221464352,1334136832,4558848,1.68742,2610.2316,1750.5484,4360.7801,+9.02,805355520,5365.8638,+7.21,1693.356,276.65,0,15.44,115.94
tiiuae__Falcon3-7B-Instruct-1.58bit,6650068992,0.3133,1.60,five_trit,sram_32kb_45nm,0.313,10647404544,1334136832,0,1.60110,2339.0829,3332.6376,5671.7205,+0.00,805355520,7688.3307,+0.00,1373.358,341.11,0,15.96,119.83
tiiuae__Falcon3-7B-Instruct-1.58bit,6650068992,0.3133,1.60,bitmap_A,sram_32kb_45nm,0.313,11216905504,1334136832,0,1.68674,2786.8921,3510.8914,6297.7835,+11.04,805355520,8314.3938,+8.14,1624.994,288.29,0,15.45,115.97
tiiuae__Falcon3-7B-Instruct-1.58bit,6650068992,0.3133,1.60,bitmap_B_resident,sram_32kb_45nm,0.313,11221464352,1334136832,4558848,1.68742,2312.4637,3512.3183,5824.7821,+2.70,805355520,7841.3923,+1.99,1448.636,323.39,0,15.44,115.94
tiiuae__Falcon3-7B-Instruct-1.58bit,6650068992,0.3133,1.60,bitmap_B_streamed,sram_32kb_45nm,0.313,11221464352,1334136832,4558848,1.68742,2610.2316,3512.3183,6122.5500,+7.95,805355520,8139.1602,+5.86,1693.356,276.65,0,15.44,115.94
tiiuae__Falcon3-7B-Instruct-1.58bit,6650068992,0.3133,1.60,five_trit,sram_1mb_45nm,1.563,10647404544,1334136832,0,1.60110,2339.0829,16641.8933,18980.9762,+0.00,805355520,29051.1416,+0.00,1373.358,341.11,0,15.96,119.83
tiiuae__Falcon3-7B-Instruct-1.58bit,6650068992,0.3133,1.60,bitmap_A,sram_1mb_45nm,1.563,11216905504,1334136832,0,1.68674,2786.8921,17532.0233,20318.9154,+7.05,805355520,30389.0808,+4.61,1624.994,288.29,0,15.45,115.97
tiiuae__Falcon3-7B-Instruct-1.58bit,6650068992,0.3133,1.60,bitmap_B_resident,sram_1mb_45nm,1.563,11221464352,1334136832,4558848,1.68742,2312.4637,17539.1488,19851.6125,+4.59,805355520,29921.7779,+3.00,1448.636,323.39,0,15.44,115.94
tiiuae__Falcon3-7B-Instruct-1.58bit,6650068992,0.3133,1.60,bitmap_B_streamed,sram_1mb_45nm,1.563,11221464352,1334136832,4558848,1.68742,2610.2316,17539.1488,20149.3804,+6.16,805355520,30219.5458,+4.02,1693.356,276.65,0,15.44,115.94
tiiuae__Falcon3-7B-Instruct-1.58bit,6650068992,0.3133,1.60,five_trit,sram_1mb_45nm_cacti,1.058,10647404544,1334136832,0,1.60110,2339.0829,11264.9540,13604.0369,+0.00,805355520,20420.5660,+0.00,1373.358,341.11,0,15.96,119.83
tiiuae__Falcon3-7B-Instruct-1.58bit,6650068992,0.3133,1.60,bitmap_A,sram_1mb_45nm_cacti,1.058,11216905504,1334136832,0,1.68674,2786.8921,11867.4860,14654.3781,+7.72,805355520,21470.9073,+5.14,1624.994,288.29,0,15.45,115.97
tiiuae__Falcon3-7B-Instruct-1.58bit,6650068992,0.3133,1.60,bitmap_B_resident,sram_1mb_45nm_cacti,1.058,11221464352,1334136832,4558848,1.68742,2312.4637,11872.3093,14184.7730,+4.27,805355520,21001.3021,+2.84,1448.636,323.39,0,15.44,115.94
tiiuae__Falcon3-7B-Instruct-1.58bit,6650068992,0.3133,1.60,bitmap_B_streamed,sram_1mb_45nm_cacti,1.058,11221464352,1334136832,4558848,1.68742,2610.2316,11872.3093,14482.5409,+6.46,805355520,21299.0700,+4.30,1693.356,276.65,0,15.44,115.94
tiiuae__Falcon3-7B-Instruct-1.58bit,6650068992,0.3133,1.60,five_trit,sram_32kb_7nm,0.133,10647404544,1334136832,0,1.60110,2339.0829,1416.1048,3755.1877,+0.00,805355520,4612.0859,+0.00,1373.358,341.11,0,15.96,119.83
tiiuae__Falcon3-7B-Instruct-1.58bit,6650068992,0.3133,1.60,bitmap_A,sram_32kb_7nm,0.133,11216905504,1334136832,0,1.68674,2786.8921,1491.8484,4278.7405,+13.94,805355520,5135.6388,+11.35,1624.994,288.29,0,15.45,115.97
tiiuae__Falcon3-7B-Instruct-1.58bit,6650068992,0.3133,1.60,bitmap_B_resident,sram_32kb_7nm,0.133,11221464352,1334136832,4558848,1.68742,2312.4637,1492.4548,3804.9185,+1.32,805355520,4661.8168,+1.08,1448.636,323.39,0,15.44,115.94
tiiuae__Falcon3-7B-Instruct-1.58bit,6650068992,0.3133,1.60,bitmap_B_streamed,sram_32kb_7nm,0.133,11221464352,1334136832,4558848,1.68742,2610.2316,1492.4548,4102.6864,+9.25,805355520,4959.5847,+7.53,1693.356,276.65,0,15.44,115.94
tiiuae__Falcon3-7B-Instruct-1.58bit,6650068992,0.3133,1.60,five_trit,sram_1mb_7nm,0.219,10647404544,1334136832,0,1.60110,2339.0829,2331.7816,4670.8645,+0.00,805355520,6081.8473,+0.00,1373.358,341.11,0,15.96,119.83
tiiuae__Falcon3-7B-Instruct-1.58bit,6650068992,0.3133,1.60,bitmap_A,sram_1mb_7nm,0.219,11216905504,1334136832,0,1.68674,2786.8921,2456.5023,5243.3944,+12.26,805355520,6654.3773,+9.41,1624.994,288.29,0,15.45,115.97
tiiuae__Falcon3-7B-Instruct-1.58bit,6650068992,0.3133,1.60,bitmap_B_resident,sram_1mb_7nm,0.219,11221464352,1334136832,4558848,1.68742,2312.4637,2457.5007,4769.9644,+2.12,805355520,6180.9473,+1.63,1448.636,323.39,0,15.44,115.94
tiiuae__Falcon3-7B-Instruct-1.58bit,6650068992,0.3133,1.60,bitmap_B_streamed,sram_1mb_7nm,0.219,11221464352,1334136832,4558848,1.68742,2610.2316,2457.5007,5067.7323,+8.50,805355520,6478.7152,+6.53,1693.356,276.65,0,15.44,115.94
tiiuae__Falcon3-7B-Instruct-1.58bit,6650068992,0.3133,1.60,five_trit,hbm2,3.97,10647404544,1334136832,0,1.60110,2339.0829,42270.1960,44609.2789,+0.00,805355520,70187.3702,+0.00,1373.358,341.11,0,15.96,119.83
tiiuae__Falcon3-7B-Instruct-1.58bit,6650068992,0.3133,1.60,bitmap_A,hbm2,3.97,11216905504,1334136832,0,1.68674,2786.8921,44531.1149,47318.0070,+6.07,805355520,72896.0983,+3.86,1624.994,288.29,0,15.45,115.97
tiiuae__Falcon3-7B-Instruct-1.58bit,6650068992,0.3133,1.60,bitmap_B_resident,hbm2,3.97,11221464352,1334136832,4558848,1.68742,2312.4637,44549.2135,46861.6772,+5.05,805355520,72439.7685,+3.21,1448.636,323.39,0,15.44,115.94
tiiuae__Falcon3-7B-Instruct-1.58bit,6650068992,0.3133,1.60,bitmap_B_streamed,hbm2,3.97,11221464352,1334136832,4558848,1.68742,2610.2316,44549.2135,47159.4451,+5.72,805355520,72737.5364,+3.63,1693.356,276.65,0,15.44,115.94
tiiuae__Falcon3-7B-Instruct-1.58bit,6650068992,0.3133,1.60,five_trit,hbm2_streamed,3.59,10647404544,1334136832,0,1.60110,2339.0829,38224.1823,40563.2652,+0.00,805355520,63693.0757,+0.00,1373.358,341.11,0,15.96,119.83
tiiuae__Falcon3-7B-Instruct-1.58bit,6650068992,0.3133,1.60,bitmap_A,hbm2_streamed,3.59,11216905504,1334136832,0,1.68674,2786.8921,40268.6908,43055.5829,+6.14,805355520,66185.3934,+3.91,1624.994,288.29,0,15.45,115.97
tiiuae__Falcon3-7B-Instruct-1.58bit,6650068992,0.3133,1.60,bitmap_B_resident,hbm2_streamed,3.59,11221464352,1334136832,4558848,1.68742,2312.4637,40285.0570,42597.5207,+5.02,805355520,65727.3313,+3.19,1448.636,323.39,0,15.44,115.94
tiiuae__Falcon3-7B-Instruct-1.58bit,6650068992,0.3133,1.60,bitmap_B_streamed,hbm2_streamed,3.59,11221464352,1334136832,4558848,1.68742,2610.2316,40285.0570,42895.2887,+5.75,805355520,66025.0992,+3.66,1693.356,276.65,0,15.44,115.94
tiiuae__Falcon3-7B-Instruct-1.58bit,6650068992,0.3133,1.60,five_trit,lpddr4_package,12,10647404544,1334136832,0,1.60110,2339.0829,127768.8545,130107.9374,+0.00,805355520,207422.0673,+0.00,1373.358,341.11,0,15.96,119.83
tiiuae__Falcon3-7B-Instruct-1.58bit,6650068992,0.3133,1.60,bitmap_A,lpddr4_package,12,11216905504,1334136832,0,1.68674,2786.8921,134602.8660,137389.7582,+5.60,805355520,214703.8881,+3.51,1624.994,288.29,0,15.45,115.97
tiiuae__Falcon3-7B-Instruct-1.58bit,6650068992,0.3133,1.60,bitmap_B_resident,lpddr4_package,12,11221464352,1334136832,4558848,1.68742,2312.4637,134657.5722,136970.0359,+5.27,805355520,214284.1659,+3.31,1448.636,323.39,0,15.44,115.94
tiiuae__Falcon3-7B-Instruct-1.58bit,6650068992,0.3133,1.60,bitmap_B_streamed,lpddr4_package,12,11221464352,1334136832,4558848,1.68742,2610.2316,134657.5722,137267.8039,+5.50,805355520,214581.9338,+3.45,1693.356,276.65,0,15.44,115.94
tiiuae__Falcon3-7B-Instruct-1.58bit,6650068992,0.3133,1.60,five_trit,gddr5,14.0,10647404544,1334136832,0,1.60110,2339.0829,149063.6636,151402.7465,+0.00,805355520,241602.5647,+0.00,1373.358,341.11,0,15.96,119.83
tiiuae__Falcon3-7B-Instruct-1.58bit,6650068992,0.3133,1.60,bitmap_A,gddr5,14.0,11216905504,1334136832,0,1.68674,2786.8921,157036.6771,159823.5692,+5.56,805355520,250023.3874,+3.49,1624.994,288.29,0,15.45,115.97
tiiuae__Falcon3-7B-Instruct-1.58bit,6650068992,0.3133,1.60,bitmap_B_resident,gddr5,14.0,11221464352,1334136832,4558848,1.68742,2312.4637,157100.5009,159412.9647,+5.29,805355520,249612.7829,+3.32,1448.636,323.39,0,15.44,115.94
tiiuae__Falcon3-7B-Instruct-1.58bit,6650068992,0.3133,1.60,bitmap_B_streamed,gddr5,14.0,11221464352,1334136832,4558848,1.68742,2610.2316,157100.5009,159710.7326,+5.49,805355520,249910.5508,+3.44,1693.356,276.65,0,15.44,115.94
tiiuae__Falcon3-7B-Instruct-1.58bit,6650068992,0.3133,1.60,five_trit,dram_45nm_horowitz,30.5,10647404544,1334136832,0,1.60110,2339.0829,324745.8386,327084.9214,+0.00,805355520,523591.6683,+0.00,1373.358,341.11,0,15.96,119.83
tiiuae__Falcon3-7B-Instruct-1.58bit,6650068992,0.3133,1.60,bitmap_A,dram_45nm_horowitz,30.5,11216905504,1334136832,0,1.68674,2786.8921,342115.6179,344902.5100,+5.45,805355520,541409.2569,+3.40,1624.994,288.29,0,15.45,115.97
tiiuae__Falcon3-7B-Instruct-1.58bit,6650068992,0.3133,1.60,bitmap_B_resident,dram_45nm_horowitz,30.5,11221464352,1334136832,4558848,1.68742,2312.4637,342254.6627,344567.1265,+5.34,805355520,541073.8733,+3.34,1448.636,323.39,0,15.44,115.94
tiiuae__Falcon3-7B-Instruct-1.58bit,6650068992,0.3133,1.60,bitmap_B_streamed,dram_45nm_horowitz,30.5,11221464352,1334136832,4558848,1.68742,2610.2316,342254.6627,344864.8944,+5.44,805355520,541371.6413,+3.40,1693.356,276.65,0,15.44,115.94
tiiuae__Falcon3-7B-Instruct-1.58bit,6650068992,0.3133,1.60,five_trit,ddr3_peak,70,10647404544,1334136832,0,1.60110,2339.0829,745318.3181,747657.4009,+0.00,805355520,1198656.4921,+0.00,1373.358,341.11,0,15.96,119.83
tiiuae__Falcon3-7B-Instruct-1.58bit,6650068992,0.3133,1.60,bitmap_A,ddr3_peak,70,11216905504,1334136832,0,1.68674,2786.8921,785183.3853,787970.2774,+5.39,805355520,1238969.3686,+3.36,1624.994,288.29,0,15.45,115.97
tiiuae__Falcon3-7B-Instruct-1.58bit,6650068992,0.3133,1.60,bitmap_B_resident,ddr3_peak,70,11221464352,1334136832,4558848,1.68742,2312.4637,785502.5046,787814.9684,+5.37,805355520,1238814.0596,+3.35,1448.636,323.39,0,15.44,115.94
tiiuae__Falcon3-7B-Instruct-1.58bit,6650068992,0.3133,1.60,bitmap_B_streamed,ddr3_peak,70,11221464352,1334136832,4558848,1.68742,2610.2316,785502.5046,788112.7363,+5.41,805355520,1239111.8275,+3.38,1693.356,276.65,0,15.44,115.94
tiiuae__Falcon3-7B-Instruct-1.58bit,6650068992,0.3133,2.00,five_trit,sram_8kb_45nm,0.156,10647404544,1334136832,0,1.60110,1968.0755,1660.9951,3629.0706,+0.00,805355520,4634.1543,+0.00,1221.206,306.89,0,15.96,119.83
tiiuae__Falcon3-7B-Instruct-1.58bit,6650068992,0.3133,2.00,bitmap_A,sram_8kb_45nm,0.156,11216905504,1334136832,0,1.68674,2544.8298,1749.8373,4294.6671,+18.34,805355520,5299.7508,+14.36,1573.656,238.16,0,15.45,115.97
tiiuae__Falcon3-7B-Instruct-1.58bit,6650068992,0.3133,2.00,bitmap_B_resident,sram_8kb_45nm,0.156,11221464352,1334136832,4558848,1.68742,2142.1593,1750.5484,3892.7077,+7.26,805355520,4897.7914,+5.69,1412.194,265.38,0,15.44,115.94
tiiuae__Falcon3-7B-Instruct-1.58bit,6650068992,0.3133,2.00,bitmap_B_streamed,sram_8kb_45nm,0.156,11221464352,1334136832,4558848,1.68742,2442.3739,1750.5484,4192.9223,+15.54,805355520,5198.0060,+12.17,1656.914,226.19,0,15.44,115.94
tiiuae__Falcon3-7B-Instruct-1.58bit,6650068992,0.3133,2.00,five_trit,sram_32kb_45nm,0.313,10647404544,1334136832,0,1.60110,1968.0755,3332.6376,5300.7131,+0.00,805355520,7317.3233,+0.00,1221.206,306.89,0,15.96,119.83
tiiuae__Falcon3-7B-Instruct-1.58bit,6650068992,0.3133,2.00,bitmap_A,sram_32kb_45nm,0.313,11216905504,1334136832,0,1.68674,2544.8298,3510.8914,6055.7213,+14.24,805355520,8072.3315,+10.32,1573.656,238.16,0,15.45,115.97
tiiuae__Falcon3-7B-Instruct-1.58bit,6650068992,0.3133,2.00,bitmap_B_resident,sram_32kb_45nm,0.313,11221464352,1334136832,4558848,1.68742,2142.1593,3512.3183,5654.4776,+6.67,805355520,7671.0879,+4.83,1412.194,265.38,0,15.44,115.94
tiiuae__Falcon3-7B-Instruct-1.58bit,6650068992,0.3133,2.00,bitmap_B_streamed,sram_32kb_45nm,0.313,11221464352,1334136832,4558848,1.68742,2442.3739,3512.3183,5954.6922,+12.34,805355520,7971.3024,+8.94,1656.914,226.19,0,15.44,115.94
tiiuae__Falcon3-7B-Instruct-1.58bit,6650068992,0.3133,2.00,five_trit,sram_1mb_45nm,1.563,10647404544,1334136832,0,1.60110,1968.0755,16641.8933,18609.9688,+0.00,805355520,28680.1342,+0.00,1221.206,306.89,0,15.96,119.83
tiiuae__Falcon3-7B-Instruct-1.58bit,6650068992,0.3133,2.00,bitmap_A,sram_1mb_45nm,1.563,11216905504,1334136832,0,1.68674,2544.8298,17532.0233,20076.8531,+7.88,805355520,30147.0186,+5.11,1573.656,238.16,0,15.45,115.97
tiiuae__Falcon3-7B-Instruct-1.58bit,6650068992,0.3133,2.00,bitmap_B_resident,sram_1mb_45nm,1.563,11221464352,1334136832,4558848,1.68742,2142.1593,17539.1488,19681.3081,+5.76,805355520,29751.4735,+3.74,1412.194,265.38,0,15.44,115.94
tiiuae__Falcon3-7B-Instruct-1.58bit,6650068992,0.3133,2.00,bitmap_B_streamed,sram_1mb_45nm,1.563,11221464352,1334136832,4558848,1.68742,2442.3739,17539.1488,19981.5226,+7.37,805355520,30051.6881,+4.78,1656.914,226.19,0,15.44,115.94
tiiuae__Falcon3-7B-Instruct-1.58bit,6650068992,0.3133,2.00,five_trit,sram_1mb_45nm_cacti,1.058,10647404544,1334136832,0,1.60110,1968.0755,11264.9540,13233.0295,+0.00,805355520,20049.5586,+0.00,1221.206,306.89,0,15.96,119.83
tiiuae__Falcon3-7B-Instruct-1.58bit,6650068992,0.3133,2.00,bitmap_A,sram_1mb_45nm_cacti,1.058,11216905504,1334136832,0,1.68674,2544.8298,11867.4860,14412.3159,+8.91,805355520,21228.8450,+5.88,1573.656,238.16,0,15.45,115.97
tiiuae__Falcon3-7B-Instruct-1.58bit,6650068992,0.3133,2.00,bitmap_B_resident,sram_1mb_45nm_cacti,1.058,11221464352,1334136832,4558848,1.68742,2142.1593,11872.3093,14014.4686,+5.91,805355520,20830.9977,+3.90,1412.194,265.38,0,15.44,115.94
tiiuae__Falcon3-7B-Instruct-1.58bit,6650068992,0.3133,2.00,bitmap_B_streamed,sram_1mb_45nm_cacti,1.058,11221464352,1334136832,4558848,1.68742,2442.3739,11872.3093,14314.6831,+8.17,805355520,21131.2123,+5.39,1656.914,226.19,0,15.44,115.94
tiiuae__Falcon3-7B-Instruct-1.58bit,6650068992,0.3133,2.00,five_trit,sram_32kb_7nm,0.133,10647404544,1334136832,0,1.60110,1968.0755,1416.1048,3384.1803,+0.00,805355520,4241.0786,+0.00,1221.206,306.89,0,15.96,119.83
tiiuae__Falcon3-7B-Instruct-1.58bit,6650068992,0.3133,2.00,bitmap_A,sram_32kb_7nm,0.133,11216905504,1334136832,0,1.68674,2544.8298,1491.8484,4036.6783,+19.28,805355520,4893.5765,+15.39,1573.656,238.16,0,15.45,115.97
tiiuae__Falcon3-7B-Instruct-1.58bit,6650068992,0.3133,2.00,bitmap_B_resident,sram_32kb_7nm,0.133,11221464352,1334136832,4558848,1.68742,2142.1593,1492.4548,3634.6141,+7.40,805355520,4491.5123,+5.90,1412.194,265.38,0,15.44,115.94
tiiuae__Falcon3-7B-Instruct-1.58bit,6650068992,0.3133,2.00,bitmap_B_streamed,sram_32kb_7nm,0.133,11221464352,1334136832,4558848,1.68742,2442.3739,1492.4548,3934.8286,+16.27,805355520,4791.7269,+12.98,1656.914,226.19,0,15.44,115.94
tiiuae__Falcon3-7B-Instruct-1.58bit,6650068992,0.3133,2.00,five_trit,sram_1mb_7nm,0.219,10647404544,1334136832,0,1.60110,1968.0755,2331.7816,4299.8571,+0.00,805355520,5710.8400,+0.00,1221.206,306.89,0,15.96,119.83
tiiuae__Falcon3-7B-Instruct-1.58bit,6650068992,0.3133,2.00,bitmap_A,sram_1mb_7nm,0.219,11216905504,1334136832,0,1.68674,2544.8298,2456.5023,5001.3321,+16.31,805355520,6412.3150,+12.28,1573.656,238.16,0,15.45,115.97
tiiuae__Falcon3-7B-Instruct-1.58bit,6650068992,0.3133,2.00,bitmap_B_resident,sram_1mb_7nm,0.219,11221464352,1334136832,4558848,1.68742,2142.1593,2457.5007,4599.6600,+6.97,805355520,6010.6429,+5.25,1412.194,265.38,0,15.44,115.94
tiiuae__Falcon3-7B-Instruct-1.58bit,6650068992,0.3133,2.00,bitmap_B_streamed,sram_1mb_7nm,0.219,11221464352,1334136832,4558848,1.68742,2442.3739,2457.5007,4899.8746,+13.95,805355520,6310.8574,+10.51,1656.914,226.19,0,15.44,115.94
tiiuae__Falcon3-7B-Instruct-1.58bit,6650068992,0.3133,2.00,five_trit,hbm2,3.97,10647404544,1334136832,0,1.60110,1968.0755,42270.1960,44238.2715,+0.00,805355520,69816.3629,+0.00,1221.206,306.89,0,15.96,119.83
tiiuae__Falcon3-7B-Instruct-1.58bit,6650068992,0.3133,2.00,bitmap_A,hbm2,3.97,11216905504,1334136832,0,1.68674,2544.8298,44531.1149,47075.9447,+6.41,805355520,72654.0360,+4.06,1573.656,238.16,0,15.45,115.97
tiiuae__Falcon3-7B-Instruct-1.58bit,6650068992,0.3133,2.00,bitmap_B_resident,hbm2,3.97,11221464352,1334136832,4558848,1.68742,2142.1593,44549.2135,46691.3728,+5.55,805355520,72269.4641,+3.51,1412.194,265.38,0,15.44,115.94
tiiuae__Falcon3-7B-Instruct-1.58bit,6650068992,0.3133,2.00,bitmap_B_streamed,hbm2,3.97,11221464352,1334136832,4558848,1.68742,2442.3739,44549.2135,46991.5873,+6.22,805355520,72569.6787,+3.94,1656.914,226.19,0,15.44,115.94
tiiuae__Falcon3-7B-Instruct-1.58bit,6650068992,0.3133,2.00,five_trit,hbm2_streamed,3.59,10647404544,1334136832,0,1.60110,1968.0755,38224.1823,40192.2578,+0.00,805355520,63322.0684,+0.00,1221.206,306.89,0,15.96,119.83
tiiuae__Falcon3-7B-Instruct-1.58bit,6650068992,0.3133,2.00,bitmap_A,hbm2_streamed,3.59,11216905504,1334136832,0,1.68674,2544.8298,40268.6908,42813.5206,+6.52,805355520,65943.3311,+4.14,1573.656,238.16,0,15.45,115.97
tiiuae__Falcon3-7B-Instruct-1.58bit,6650068992,0.3133,2.00,bitmap_B_resident,hbm2_streamed,3.59,11221464352,1334136832,4558848,1.68742,2142.1593,40285.0570,42427.2163,+5.56,805355520,65557.0268,+3.53,1412.194,265.38,0,15.44,115.94
tiiuae__Falcon3-7B-Instruct-1.58bit,6650068992,0.3133,2.00,bitmap_B_streamed,hbm2_streamed,3.59,11221464352,1334136832,4558848,1.68742,2442.3739,40285.0570,42727.4309,+6.31,805355520,65857.2414,+4.00,1656.914,226.19,0,15.44,115.94
tiiuae__Falcon3-7B-Instruct-1.58bit,6650068992,0.3133,2.00,five_trit,lpddr4_package,12,10647404544,1334136832,0,1.60110,1968.0755,127768.8545,129736.9300,+0.00,805355520,207051.0600,+0.00,1221.206,306.89,0,15.96,119.83
tiiuae__Falcon3-7B-Instruct-1.58bit,6650068992,0.3133,2.00,bitmap_A,lpddr4_package,12,11216905504,1334136832,0,1.68674,2544.8298,134602.8660,137147.6959,+5.71,805355520,214461.8258,+3.58,1573.656,238.16,0,15.45,115.97
tiiuae__Falcon3-7B-Instruct-1.58bit,6650068992,0.3133,2.00,bitmap_B_resident,lpddr4_package,12,11221464352,1334136832,4558848,1.68742,2142.1593,134657.5722,136799.7315,+5.44,805355520,214113.8614,+3.41,1412.194,265.38,0,15.44,115.94
tiiuae__Falcon3-7B-Instruct-1.58bit,6650068992,0.3133,2.00,bitmap_B_streamed,lpddr4_package,12,11221464352,1334136832,4558848,1.68742,2442.3739,134657.5722,137099.9461,+5.68,805355520,214414.0760,+3.56,1656.914,226.19,0,15.44,115.94
tiiuae__Falcon3-7B-Instruct-1.58bit,6650068992,0.3133,2.00,five_trit,gddr5,14.0,10647404544,1334136832,0,1.60110,1968.0755,149063.6636,151031.7391,+0.00,805355520,241231.5574,+0.00,1221.206,306.89,0,15.96,119.83
tiiuae__Falcon3-7B-Instruct-1.58bit,6650068992,0.3133,2.00,bitmap_A,gddr5,14.0,11216905504,1334136832,0,1.68674,2544.8298,157036.6771,159581.5069,+5.66,805355520,249781.3251,+3.54,1573.656,238.16,0,15.45,115.97
tiiuae__Falcon3-7B-Instruct-1.58bit,6650068992,0.3133,2.00,bitmap_B_resident,gddr5,14.0,11221464352,1334136832,4558848,1.68742,2142.1593,157100.5009,159242.6602,+5.44,805355520,249442.4785,+3.40,1412.194,265.38,0,15.44,115.94
tiiuae__Falcon3-7B-Instruct-1.58bit,6650068992,0.3133,2.00,bitmap_B_streamed,gddr5,14.0,11221464352,1334136832,4558848,1.68742,2442.3739,157100.5009,159542.8748,+5.64,805355520,249742.6930,+3.53,1656.914,226.19,0,15.44,115.94
tiiuae__Falcon3-7B-Instruct-1.58bit,6650068992,0.3133,2.00,five_trit,dram_45nm_horowitz,30.5,10647404544,1334136832,0,1.60110,1968.0755,324745.8386,326713.9141,+0.00,805355520,523220.6610,+0.00,1221.206,306.89,0,15.96,119.83
tiiuae__Falcon3-7B-Instruct-1.58bit,6650068992,0.3133,2.00,bitmap_A,dram_45nm_horowitz,30.5,11216905504,1334136832,0,1.68674,2544.8298,342115.6179,344660.4477,+5.49,805355520,541167.1946,+3.43,1573.656,238.16,0,15.45,115.97
tiiuae__Falcon3-7B-Instruct-1.58bit,6650068992,0.3133,2.00,bitmap_B_resident,dram_45nm_horowitz,30.5,11221464352,1334136832,4558848,1.68742,2142.1593,342254.6627,344396.8220,+5.41,805355520,540903.5689,+3.38,1412.194,265.38,0,15.44,115.94
tiiuae__Falcon3-7B-Instruct-1.58bit,6650068992,0.3133,2.00,bitmap_B_streamed,dram_45nm_horowitz,30.5,11221464352,1334136832,4558848,1.68742,2442.3739,342254.6627,344697.0366,+5.50,805355520,541203.7835,+3.44,1656.914,226.19,0,15.44,115.94
tiiuae__Falcon3-7B-Instruct-1.58bit,6650068992,0.3133,2.00,five_trit,ddr3_peak,70,10647404544,1334136832,0,1.60110,1968.0755,745318.3181,747286.3936,+0.00,805355520,1198285.4848,+0.00,1221.206,306.89,0,15.96,119.83
tiiuae__Falcon3-7B-Instruct-1.58bit,6650068992,0.3133,2.00,bitmap_A,ddr3_peak,70,11216905504,1334136832,0,1.68674,2544.8298,785183.3853,787728.2151,+5.41,805355520,1238727.3063,+3.37,1573.656,238.16,0,15.45,115.97
tiiuae__Falcon3-7B-Instruct-1.58bit,6650068992,0.3133,2.00,bitmap_B_resident,ddr3_peak,70,11221464352,1334136832,4558848,1.68742,2142.1593,785502.5046,787644.6639,+5.40,805355520,1238643.7551,+3.37,1412.194,265.38,0,15.44,115.94
tiiuae__Falcon3-7B-Instruct-1.58bit,6650068992,0.3133,2.00,bitmap_B_streamed,ddr3_peak,70,11221464352,1334136832,4558848,1.68742,2442.3739,785502.5046,787944.8785,+5.44,805355520,1238943.9697,+3.39,1656.914,226.19,0,15.44,115.94
tiiuae__Falcon3-7B-Instruct-1.58bit,6650068992,0.3133,2.50,five_trit,sram_8kb_45nm,0.156,10647404544,1334136832,0,1.60110,1915.5480,1660.9951,3576.5431,+0.00,805355520,4581.6268,+0.00,1200.192,249.81,0,15.96,119.83
tiiuae__Falcon3-7B-Instruct-1.58bit,6650068992,0.3133,2.50,bitmap_A,sram_8kb_45nm,0.156,11216905504,1334136832,0,1.68674,2550.1078,1749.8373,4299.9450,+20.23,805355520,5305.0287,+15.79,1545.726,193.97,0,15.45,115.97
tiiuae__Falcon3-7B-Instruct-1.58bit,6650068992,0.3133,2.50,bitmap_B_resident,sram_8kb_45nm,0.156,11221464352,1334136832,4558848,1.68742,2123.0654,1750.5484,3873.6138,+8.31,805355520,4878.6975,+6.48,1386.658,216.22,0,15.44,115.94
tiiuae__Falcon3-7B-Instruct-1.58bit,6650068992,0.3133,2.50,bitmap_B_streamed,sram_8kb_45nm,0.156,11221464352,1334136832,4558848,1.68742,2426.3395,1750.5484,4176.8880,+16.79,805355520,5181.9717,+13.10,1631.378,183.78,0,15.44,115.94
tiiuae__Falcon3-7B-Instruct-1.58bit,6650068992,0.3133,2.50,five_trit,sram_32kb_45nm,0.313,10647404544,1334136832,0,1.60110,1915.5480,3332.6376,5248.1856,+0.00,805355520,7264.7958,+0.00,1200.192,249.81,0,15.96,119.83
tiiuae__Falcon3-7B-Instruct-1.58bit,6650068992,0.3133,2.50,bitmap_A,sram_32kb_45nm,0.313,11216905504,1334136832,0,1.68674,2550.1078,3510.8914,6060.9992,+15.49,805355520,8077.6094,+11.19,1545.726,193.97,0,15.45,115.97
tiiuae__Falcon3-7B-Instruct-1.58bit,6650068992,0.3133,2.50,bitmap_B_resident,sram_32kb_45nm,0.313,11221464352,1334136832,4558848,1.68742,2123.0654,3512.3183,5635.3837,+7.38,805355520,7651.9939,+5.33,1386.658,216.22,0,15.44,115.94
tiiuae__Falcon3-7B-Instruct-1.58bit,6650068992,0.3133,2.50,bitmap_B_streamed,sram_32kb_45nm,0.313,11221464352,1334136832,4558848,1.68742,2426.3395,3512.3183,5938.6579,+13.16,805355520,7955.2681,+9.50,1631.378,183.78,0,15.44,115.94
tiiuae__Falcon3-7B-Instruct-1.58bit,6650068992,0.3133,2.50,five_trit,sram_1mb_45nm,1.563,10647404544,1334136832,0,1.60110,1915.5480,16641.8933,18557.4413,+0.00,805355520,28627.6067,+0.00,1200.192,249.81,0,15.96,119.83
tiiuae__Falcon3-7B-Instruct-1.58bit,6650068992,0.3133,2.50,bitmap_A,sram_1mb_45nm,1.563,11216905504,1334136832,0,1.68674,2550.1078,17532.0233,20082.1311,+8.22,805355520,30152.2965,+5.33,1545.726,193.97,0,15.45,115.97
tiiuae__Falcon3-7B-Instruct-1.58bit,6650068992,0.3133,2.50,bitmap_B_resident,sram_1mb_45nm,1.563,11221464352,1334136832,4558848,1.68742,2123.0654,17539.1488,19662.2141,+5.95,805355520,29732.3796,+3.86,1386.658,216.22,0,15.44,115.94
tiiuae__Falcon3-7B-Instruct-1.58bit,6650068992,0.3133,2.50,bitmap_B_streamed,sram_1mb_45nm,1.563,11221464352,1334136832,4558848,1.68742,2426.3395,17539.1488,19965.4883,+7.59,805355520,30035.6537,+4.92,1631.378,183.78,0,15.44,115.94
tiiuae__Falcon3-7B-Instruct-1.58bit,6650068992,0.3133,2.50,five_trit,sram_1mb_45nm_cacti,1.058,10647404544,1334136832,0,1.60110,1915.5480,11264.9540,13180.5020,+0.00,805355520,19997.0311,+0.00,1200.192,249.81,0,15.96,119.83
tiiuae__Falcon3-7B-Instruct-1.58bit,6650068992,0.3133,2.50,bitmap_A,sram_1mb_45nm_cacti,1.058,11216905504,1334136832,0,1.68674,2550.1078,11867.4860,14417.5938,+9.39,805355520,21234.1229,+6.19,1545.726,193.97,0,15.45,115.97
tiiuae__Falcon3-7B-Instruct-1.58bit,6650068992,0.3133,2.50,bitmap_B_resident,sram_1mb_45nm_cacti,1.058,11221464352,1334136832,4558848,1.68742,2123.0654,11872.3093,13995.3747,+6.18,805355520,20811.9038,+4.07,1386.658,216.22,0,15.44,115.94
tiiuae__Falcon3-7B-Instruct-1.58bit,6650068992,0.3133,2.50,bitmap_B_streamed,sram_1mb_45nm_cacti,1.058,11221464352,1334136832,4558848,1.68742,2426.3395,11872.3093,14298.6488,+8.48,805355520,21115.1779,+5.59,1631.378,183.78,0,15.44,115.94
tiiuae__Falcon3-7B-Instruct-1.58bit,6650068992,0.3133,2.50,five_trit,sram_32kb_7nm,0.133,10647404544,1334136832,0,1.60110,1915.5480,1416.1048,3331.6528,+0.00,805355520,4188.5511,+0.00,1200.192,249.81,0,15.96,119.83
tiiuae__Falcon3-7B-Instruct-1.58bit,6650068992,0.3133,2.50,bitmap_A,sram_32kb_7nm,0.133,11216905504,1334136832,0,1.68674,2550.1078,1491.8484,4041.9562,+21.32,805355520,4898.8545,+16.96,1545.726,193.97,0,15.45,115.97
tiiuae__Falcon3-7B-Instruct-1.58bit,6650068992,0.3133,2.50,bitmap_B_resident,sram_32kb_7nm,0.133,11221464352,1334136832,4558848,1.68742,2123.0654,1492.4548,3615.5201,+8.52,805355520,4472.4184,+6.78,1386.658,216.22,0,15.44,115.94
tiiuae__Falcon3-7B-Instruct-1.58bit,6650068992,0.3133,2.50,bitmap_B_streamed,sram_32kb_7nm,0.133,11221464352,1334136832,4558848,1.68742,2426.3395,1492.4548,3918.7943,+17.62,805355520,4775.6926,+14.02,1631.378,183.78,0,15.44,115.94
tiiuae__Falcon3-7B-Instruct-1.58bit,6650068992,0.3133,2.50,five_trit,sram_1mb_7nm,0.219,10647404544,1334136832,0,1.60110,1915.5480,2331.7816,4247.3296,+0.00,805355520,5658.3125,+0.00,1200.192,249.81,0,15.96,119.83
tiiuae__Falcon3-7B-Instruct-1.58bit,6650068992,0.3133,2.50,bitmap_A,sram_1mb_7nm,0.219,11216905504,1334136832,0,1.68674,2550.1078,2456.5023,5006.6101,+17.88,805355520,6417.5929,+13.42,1545.726,193.97,0,15.45,115.97
tiiuae__Falcon3-7B-Instruct-1.58bit,6650068992,0.3133,2.50,bitmap_B_resident,sram_1mb_7nm,0.219,11221464352,1334136832,4558848,1.68742,2123.0654,2457.5007,4580.5661,+7.85,805355520,5991.5489,+5.89,1386.658,216.22,0,15.44,115.94
tiiuae__Falcon3-7B-Instruct-1.58bit,6650068992,0.3133,2.50,bitmap_B_streamed,sram_1mb_7nm,0.219,11221464352,1334136832,4558848,1.68742,2426.3395,2457.5007,4883.8402,+14.99,805355520,6294.8231,+11.25,1631.378,183.78,0,15.44,115.94
tiiuae__Falcon3-7B-Instruct-1.58bit,6650068992,0.3133,2.50,five_trit,hbm2,3.97,10647404544,1334136832,0,1.60110,1915.5480,42270.1960,44185.7440,+0.00,805355520,69763.8354,+0.00,1200.192,249.81,0,15.96,119.83
tiiuae__Falcon3-7B-Instruct-1.58bit,6650068992,0.3133,2.50,bitmap_A,hbm2,3.97,11216905504,1334136832,0,1.68674,2550.1078,44531.1149,47081.2226,+6.55,805355520,72659.3139,+4.15,1545.726,193.97,0,15.45,115.97
tiiuae__Falcon3-7B-Instruct-1.58bit,6650068992,0.3133,2.50,bitmap_B_resident,hbm2,3.97,11221464352,1334136832,4558848,1.68742,2123.0654,44549.2135,46672.2788,+5.63,805355520,72250.3702,+3.56,1386.658,216.22,0,15.44,115.94
tiiuae__Falcon3-7B-Instruct-1.58bit,6650068992,0.3133,2.50,bitmap_B_streamed,hbm2,3.97,11221464352,1334136832,4558848,1.68742,2426.3395,44549.2135,46975.5530,+6.31,805355520,72553.6443,+4.00,1631.378,183.78,0,15.44,115.94
tiiuae__Falcon3-7B-Instruct-1.58bit,6650068992,0.3133,2.50,five_trit,hbm2_streamed,3.59,10647404544,1334136832,0,1.60110,1915.5480,38224.1823,40139.7303,+0.00,805355520,63269.5408,+0.00,1200.192,249.81,0,15.96,119.83
tiiuae__Falcon3-7B-Instruct-1.58bit,6650068992,0.3133,2.50,bitmap_A,hbm2_streamed,3.59,11216905504,1334136832,0,1.68674,2550.1078,40268.6908,42818.7985,+6.67,805355520,65948.6091,+4.23,1545.726,193.97,0,15.45,115.97
tiiuae__Falcon3-7B-Instruct-1.58bit,6650068992,0.3133,2.50,bitmap_B_resident,hbm2_streamed,3.59,11221464352,1334136832,4558848,1.68742,2123.0654,40285.0570,42408.1224,+5.65,805355520,65537.9329,+3.59,1386.658,216.22,0,15.44,115.94
tiiuae__Falcon3-7B-Instruct-1.58bit,6650068992,0.3133,2.50,bitmap_B_streamed,hbm2_streamed,3.59,11221464352,1334136832,4558848,1.68742,2426.3395,40285.0570,42711.3966,+6.41,805355520,65841.2071,+4.06,1631.378,183.78,0,15.44,115.94
tiiuae__Falcon3-7B-Instruct-1.58bit,6650068992,0.3133,2.50,five_trit,lpddr4_package,12,10647404544,1334136832,0,1.60110,1915.5480,127768.8545,129684.4025,+0.00,805355520,206998.5324,+0.00,1200.192,249.81,0,15.96,119.83
tiiuae__Falcon3-7B-Instruct-1.58bit,6650068992,0.3133,2.50,bitmap_A,lpddr4_package,12,11216905504,1334136832,0,1.68674,2550.1078,134602.8660,137152.9738,+5.76,805355520,214467.1037,+3.61,1545.726,193.97,0,15.45,115.97
tiiuae__Falcon3-7B-Instruct-1.58bit,6650068992,0.3133,2.50,bitmap_B_resident,lpddr4_package,12,11221464352,1334136832,4558848,1.68742,2123.0654,134657.5722,136780.6376,+5.47,805355520,214094.7675,+3.43,1386.658,216.22,0,15.44,115.94
tiiuae__Falcon3-7B-Instruct-1.58bit,6650068992,0.3133,2.50,bitmap_B_streamed,lpddr4_package,12,11221464352,1334136832,4558848,1.68742,2426.3395,134657.5722,137083.9118,+5.71,805355520,214398.0417,+3.57,1631.378,183.78,0,15.44,115.94
tiiuae__Falcon3-7B-Instruct-1.58bit,6650068992,0.3133,2.50,five_trit,gddr5,14.0,10647404544,1334136832,0,1.60110,1915.5480,149063.6636,150979.2116,+0.00,805355520,241179.0299,+0.00,1200.192,249.81,0,15.96,119.83
tiiuae__Falcon3-7B-Instruct-1.58bit,6650068992,0.3133,2.50,bitmap_A,gddr5,14.0,11216905504,1334136832,0,1.68674,2550.1078,157036.6771,159586.7848,+5.70,805355520,249786.6031,+3.57,1545.726,193.97,0,15.45,115.97
tiiuae__Falcon3-7B-Instruct-1.58bit,6650068992,0.3133,2.50,bitmap_B_resident,gddr5,14.0,11221464352,1334136832,4558848,1.68742,2123.0654,157100.5009,159223.5663,+5.46,805355520,249423.3845,+3.42,1386.658,216.22,0,15.44,115.94
tiiuae__Falcon3-7B-Instruct-1.58bit,6650068992,0.3133,2.50,bitmap_B_streamed,gddr5,14.0,11221464352,1334136832,4558848,1.68742,2426.3395,157100.5009,159526.8405,+5.66,805355520,249726.6587,+3.54,1631.378,183.78,0,15.44,115.94
tiiuae__Falcon3-7B-Instruct-1.58bit,6650068992,0.3133,2.50,five_trit,dram_45nm_horowitz,30.5,10647404544,1334136832,0,1.60110,1915.5480,324745.8386,326661.3866,+0.00,805355520,523168.1335,+0.00,1200.192,249.81,0,15.96,119.83
tiiuae__Falcon3-7B-Instruct-1.58bit,6650068992,0.3133,2.50,bitmap_A,dram_45nm_horowitz,30.5,11216905504,1334136832,0,1.68674,2550.1078,342115.6179,344665.7256,+5.51,805355520,541172.4725,+3.44,1545.726,193.97,0,15.45,115.97
tiiuae__Falcon3-7B-Instruct-1.58bit,6650068992,0.3133,2.50,bitmap_B_resident,dram_45nm_horowitz,30.5,11221464352,1334136832,4558848,1.68742,2123.0654,342254.6627,344377.7281,+5.42,805355520,540884.4750,+3.39,1386.658,216.22,0,15.44,115.94
tiiuae__Falcon3-7B-Instruct-1.58bit,6650068992,0.3133,2.50,bitmap_B_streamed,dram_45nm_horowitz,30.5,11221464352,1334136832,4558848,1.68742,2426.3395,342254.6627,344681.0023,+5.52,805355520,541187.7492,+3.44,1631.378,183.78,0,15.44,115.94
tiiuae__Falcon3-7B-Instruct-1.58bit,6650068992,0.3133,2.50,five_trit,ddr3_peak,70,10647404544,1334136832,0,1.60110,1915.5480,745318.3181,747233.8661,+0.00,805355520,1198232.9573,+0.00,1200.192,249.81,0,15.96,119.83
tiiuae__Falcon3-7B-Instruct-1.58bit,6650068992,0.3133,2.50,bitmap_A,ddr3_peak,70,11216905504,1334136832,0,1.68674,2550.1078,785183.3853,787733.4930,+5.42,805355520,1238732.5842,+3.38,1545.726,193.97,0,15.45,115.97
tiiuae__Falcon3-7B-Instruct-1.58bit,6650068992,0.3133,2.50,bitmap_B_resident,ddr3_peak,70,11221464352,1334136832,4558848,1.68742,2123.0654,785502.5046,787625.5700,+5.41,805355520,1238624.6612,+3.37,1386.658,216.22,0,15.44,115.94
tiiuae__Falcon3-7B-Instruct-1.58bit,6650068992,0.3133,2.50,bitmap_B_streamed,ddr3_peak,70,11221464352,1334136832,4558848,1.68742,2426.3395,785502.5046,787928.8442,+5.45,805355520,1238927.9354,+3.40,1631.378,183.78,0,15.44,115.94
