engine,recipe,abc_delay_target_ps,sta_period_ns,cells,area,seq_cells,seq_area,comb_area,in2reg_min_period_ns,in2reg_slack_ns,in2reg_stages,in2reg_start,in2reg_end,reg2reg_min_period_ns,reg2reg_slack_ns,reg2reg_stages,reg2reg_start,reg2reg_end,reg2out_min_period_ns,reg2out_slack_ns,reg2out_stages,reg2out_start,reg2out_end,in2out_min_period_ns,in2out_slack_ns,in2out_stages,in2out_start,in2out_end,min_period_ns,fmax_mhz,limiting_class,meets_period
bitcos_stream5_bank_fed,default,,5.000,871,1386.658,93,462.840,923.818,1.887430,3.112570,36,sign_rd_data[0],_1666_,2.060007,2.939993,37,_1640_,_1666_,0.551911,4.448089,7,_1641_,sign_rd_en,0.695872,4.304128,12,presence_rd_data[0],sign_rd_en,2.060007,485.44,reg2reg,yes
bitcos_stream5_bank_fed,map_sized,900,0.900,1326,1776.880,93,462.840,1314.040,1.188857,-0.288857,37,presence_rd_data[2],_2549_,1.271527,-0.371527,40,_2550_,_2549_,0.465936,0.434064,11,_2551_,sign_rd_en,0.613323,0.286677,16,presence_rd_data[2],sign_rd_en,1.271527,786.46,reg2reg,no
bitcos_stream5_bank_fed,map_sized,950,0.950,1326,1776.880,93,462.840,1314.040,1.188857,-0.238857,37,presence_rd_data[2],_2549_,1.271527,-0.321527,40,_2550_,_2549_,0.465936,0.484064,11,_2551_,sign_rd_en,0.613323,0.336677,16,presence_rd_data[2],sign_rd_en,1.271527,786.46,reg2reg,no
bitcos_stream5_bank_fed,map_sized,1000,1.000,1326,1776.880,93,462.840,1314.040,1.188857,-0.188857,37,presence_rd_data[2],_2549_,1.271527,-0.271527,40,_2550_,_2549_,0.465936,0.534064,11,_2551_,sign_rd_en,0.613323,0.386677,16,presence_rd_data[2],sign_rd_en,1.271527,786.46,reg2reg,no
bitcos_stream5_bank_fed,map_sized,1050,1.050,1326,1776.880,93,462.840,1314.040,1.188857,-0.138857,37,presence_rd_data[2],_2549_,1.271527,-0.221527,40,_2550_,_2549_,0.465936,0.584064,11,_2551_,sign_rd_en,0.613323,0.436677,16,presence_rd_data[2],sign_rd_en,1.271527,786.46,reg2reg,no
bitcos_stream5_bank_fed,map_sized,1100,1.100,1326,1776.880,93,462.840,1314.040,1.188857,-0.088857,37,presence_rd_data[2],_2549_,1.271527,-0.171527,40,_2550_,_2549_,0.465936,0.634064,11,_2551_,sign_rd_en,0.613323,0.486677,16,presence_rd_data[2],sign_rd_en,1.271527,786.46,reg2reg,no
bitcos_stream5_bank_fed,map_sized,1150,1.150,1273,1774.486,93,462.840,1311.646,1.204685,-0.054685,39,presence_rd_data[0],_2443_,1.294604,-0.144604,39,_2444_,_2443_,0.453762,0.696238,11,_2446_,sign_rd_en,0.614197,0.535803,19,presence_rd_data[0],sign_rd_en,1.294604,772.44,reg2reg,no
bitcos_stream5_bank_fed,map_sized,1200,1.200,1251,1671.810,93,462.840,1208.970,1.226918,-0.026918,40,presence_rd_data[1],_2426_,1.320197,-0.120197,44,_2400_,_2426_,0.461542,0.738458,11,_2401_,sign_rd_en,0.632351,0.567649,19,presence_rd_data[1],sign_rd_en,1.320197,757.46,reg2reg,no
bitcos_stream5_bank_fed,map_sized,1250,1.250,1197,1558.760,93,462.840,1095.920,1.274173,-0.024173,43,presence_rd_data[0],_2291_,1.371205,-0.121205,45,_2292_,_2318_,0.446124,0.803876,10,_2293_,sign_rd_en,0.611350,0.638650,19,presence_rd_data[0],sign_rd_en,1.371205,729.29,reg2reg,no
bitcos_stream5_bank_fed,map_sized,1300,1.300,1187,1539.342,93,462.840,1076.502,1.316796,-0.016796,44,presence_rd_data[0],_2298_,1.427142,-0.127142,46,_2272_,_2298_,0.462821,0.837179,10,_2273_,sign_rd_en,0.624322,0.675678,18,presence_rd_data[0],sign_rd_en,1.427142,700.70,reg2reg,no
bitcos_stream5_bank_fed,map_sized,1350,1.350,1148,1486.142,93,462.840,1023.302,1.376169,-0.026169,46,presence_rd_data[0],_2193_,1.464254,-0.114254,47,_2194_,_2193_,0.444683,0.905317,10,_2195_,sign_rd_en,0.612365,0.737635,19,presence_rd_data[0],sign_rd_en,1.464254,682.94,reg2reg,no
bitcos_stream5_bank_fed,map_sized,1400,1.400,1117,1466.990,93,462.840,1004.150,1.430670,-0.030670,46,presence_rd_data[0],_2131_,1.515581,-0.115581,45,_2133_,_2131_,0.462821,0.937179,10,_2133_,sign_rd_en,0.614726,0.785274,19,presence_rd_data[0],sign_rd_en,1.515581,659.81,reg2reg,no
bitcos_stream5_bank_fed,map_sized,1450,1.450,1090,1448.636,93,462.840,985.796,1.465267,-0.015267,49,presence_rd_data[0],_2104_,1.567122,-0.117122,51,_2078_,_2104_,0.462821,0.987179,10,_2079_,sign_rd_en,0.612339,0.837661,19,presence_rd_data[0],sign_rd_en,1.567122,638.11,reg2reg,no
bitcos_stream5_bank_fed,map_sized,1500,1.500,1085,1448.104,93,462.840,985.264,1.503198,-0.003198,48,presence_rd_data[0],_2094_,1.620136,-0.120136,49,_2068_,_2094_,0.446864,1.053136,11,_2068_,sign_rd_en,0.609333,0.890667,18,presence_rd_data[0],sign_rd_en,1.620136,617.23,reg2reg,no
bitcos_stream5_bank_fed,map_sized,1550,1.550,1073,1436.666,93,462.840,973.826,1.572601,-0.022601,50,presence_rd_data[0],_2070_,1.658959,-0.108959,52,_2044_,_2070_,0.462821,1.087179,10,_2045_,sign_rd_en,0.633243,0.916757,19,presence_rd_data[0],sign_rd_en,1.658959,602.79,reg2reg,no
bitcos_stream5_bank_fed,map_sized,1600,1.600,1060,1431.346,93,462.840,968.506,1.620693,-0.020693,50,presence_rd_data[0],_2044_,1.723288,-0.123288,53,_2018_,_2044_,0.443384,1.156616,11,_2018_,sign_rd_en,0.624302,0.975698,18,presence_rd_data[0],sign_rd_en,1.723288,580.29,reg2reg,no
bitcos_stream5_bank_fed,map_sized,1650,1.650,1064,1426.026,93,462.840,963.186,1.689918,-0.039918,54,presence_rd_data[0],_2025_,1.764425,-0.114425,57,_2026_,_2025_,0.462821,1.187179,10,_2027_,sign_rd_en,0.652426,0.997574,18,presence_rd_data[0],sign_rd_en,1.764425,566.76,reg2reg,no
bitcos_stream5_bank_fed,map_sized,1700,1.700,1066,1426.824,93,462.840,963.984,1.722993,-0.022993,57,presence_rd_data[0],_2029_,1.817106,-0.117106,60,_2030_,_2029_,0.462821,1.237179,10,_2031_,sign_rd_en,0.652426,1.047574,18,presence_rd_data[0],sign_rd_en,1.817106,550.33,reg2reg,no
bitcos_stream5_bank_fed,map_sized,1750,1.750,1065,1421.504,93,462.840,958.664,1.753557,-0.003557,57,presence_rd_data[0],_2027_,1.869123,-0.119123,60,_2028_,_2027_,0.462821,1.287179,10,_2029_,sign_rd_en,0.652426,1.097574,18,presence_rd_data[0],sign_rd_en,1.869123,535.01,reg2reg,no
bitcos_stream5_bank_fed,map_sized,1800,1.800,1053,1416.982,93,462.840,954.142,1.701837,0.098163,54,presence_rd_data[0],_2029_,1.847463,-0.047463,58,_2004_,_2029_,0.492031,1.307969,11,_2005_,sign_rd_en,0.643057,1.156943,18,presence_rd_data[0],sign_rd_en,1.847463,541.28,reg2reg,no
bitcos_stream5_bank_fed,map_sized,1850,1.850,1027,1414.056,93,462.840,951.216,1.815074,0.034926,55,presence_rd_data[0],_1951_,1.966692,-0.116692,55,_1952_,_1951_,0.536177,1.313823,12,_1952_,sign_rd_en,0.652390,1.197610,18,presence_rd_data[0],sign_rd_en,1.966692,508.47,reg2reg,no
bitcos_stream5_bank_fed,map_sized,1900,1.900,1026,1413.524,93,462.840,950.684,1.817981,0.082019,56,presence_rd_data[0],_1949_,1.973782,-0.073782,58,_1950_,_1949_,0.467416,1.432584,11,_1950_,sign_rd_en,0.652618,1.247382,18,presence_rd_data[0],sign_rd_en,1.973782,506.64,reg2reg,no
bitcos_stream5_bank_fed,map_sized,1950,1.950,1026,1413.524,93,462.840,950.684,1.817981,0.132019,56,presence_rd_data[0],_1949_,1.973782,-0.023782,58,_1950_,_1949_,0.467416,1.482584,11,_1950_,sign_rd_en,0.652618,1.297382,18,presence_rd_data[0],sign_rd_en,1.973782,506.64,reg2reg,no
bitcos_stream5_bank_fed,map_sized,2000,2.000,1026,1413.524,93,462.840,950.684,1.817981,0.182019,56,presence_rd_data[0],_1949_,1.973782,0.026218,58,_1950_,_1949_,0.467416,1.532584,11,_1950_,sign_rd_en,0.652618,1.347382,18,presence_rd_data[0],sign_rd_en,1.973782,506.64,reg2reg,yes
bitcos_stream5_bank_fed,map_sized,2050,2.050,1026,1413.524,93,462.840,950.684,1.817981,0.232019,56,presence_rd_data[0],_1949_,1.973782,0.076218,58,_1950_,_1949_,0.467416,1.582584,11,_1950_,sign_rd_en,0.652618,1.397382,18,presence_rd_data[0],sign_rd_en,1.973782,506.64,reg2reg,yes
bitcos_stream5_bank_fed,map_sized,2100,2.100,1026,1413.524,93,462.840,950.684,1.817981,0.282019,56,presence_rd_data[0],_1949_,1.973782,0.126218,58,_1950_,_1949_,0.467416,1.632584,11,_1950_,sign_rd_en,0.652618,1.447382,18,presence_rd_data[0],sign_rd_en,1.973782,506.64,reg2reg,yes
bitcos_stream5_bank_fed,map_sized,2150,2.150,1026,1413.524,93,462.840,950.684,1.817981,0.332019,56,presence_rd_data[0],_1949_,1.973782,0.176218,58,_1950_,_1949_,0.467416,1.682584,11,_1950_,sign_rd_en,0.652617,1.497383,18,presence_rd_data[0],sign_rd_en,1.973782,506.64,reg2reg,yes
bitcos_stream5_bank_fed,map_sized,2200,2.200,1026,1413.524,93,462.840,950.684,1.817981,0.382019,56,presence_rd_data[0],_1949_,1.973782,0.226218,58,_1950_,_1949_,0.467416,1.732584,11,_1950_,sign_rd_en,0.652618,1.547382,18,presence_rd_data[0],sign_rd_en,1.973782,506.64,reg2reg,yes
bitcos_stream5_bank_fed,map_sized,2250,2.250,1026,1413.524,93,462.840,950.684,1.817981,0.432019,56,presence_rd_data[0],_1949_,1.973782,0.276218,58,_1950_,_1949_,0.467416,1.782584,11,_1950_,sign_rd_en,0.652617,1.597383,18,presence_rd_data[0],sign_rd_en,1.973782,506.64,reg2reg,yes
bitcos_stream5_bank_fed,map_sized,2300,2.300,1026,1413.524,93,462.840,950.684,1.817981,0.482019,56,presence_rd_data[0],_1949_,1.973782,0.326218,58,_1950_,_1949_,0.467416,1.832584,11,_1950_,sign_rd_en,0.652618,1.647382,18,presence_rd_data[0],sign_rd_en,1.973782,506.64,reg2reg,yes
bitcos_stream5_bank_fed,map_sized,2350,2.350,1026,1413.524,93,462.840,950.684,1.817981,0.532019,56,presence_rd_data[0],_1949_,1.973782,0.376218,58,_1950_,_1949_,0.467416,1.882584,11,_1950_,sign_rd_en,0.652618,1.697382,18,presence_rd_data[0],sign_rd_en,1.973782,506.64,reg2reg,yes
bitcos_stream5_bank_fed,map_sized,2400,2.400,1026,1413.524,93,462.840,950.684,1.817981,0.582019,56,presence_rd_data[0],_1949_,1.973782,0.426218,58,_1950_,_1949_,0.467416,1.932584,11,_1950_,sign_rd_en,0.652617,1.747383,18,presence_rd_data[0],sign_rd_en,1.973782,506.64,reg2reg,yes
bitcos_stream5_bank_fed,map_sized,2450,2.450,1026,1413.524,93,462.840,950.684,1.817981,0.632019,56,presence_rd_data[0],_1949_,1.973782,0.476218,58,_1950_,_1949_,0.467416,1.982584,11,_1950_,sign_rd_en,0.652618,1.797382,18,presence_rd_data[0],sign_rd_en,1.973782,506.64,reg2reg,yes
bitcos_stream5_bank_fed,map_sized,2500,2.500,1026,1413.524,93,462.840,950.684,1.817981,0.682019,56,presence_rd_data[0],_1949_,1.973782,0.526218,58,_1950_,_1949_,0.467416,2.032584,11,_1950_,sign_rd_en,0.652617,1.847383,18,presence_rd_data[0],sign_rd_en,1.973782,506.64,reg2reg,yes
bitcos_stream5_bank_fed,map_sized,2550,2.550,1026,1413.524,93,462.840,950.684,1.817981,0.732019,56,presence_rd_data[0],_1949_,1.973782,0.576218,58,_1950_,_1949_,0.467416,2.082584,11,_1950_,sign_rd_en,0.652618,1.897382,18,presence_rd_data[0],sign_rd_en,1.973782,506.64,reg2reg,yes
bitcos_stream5_bank_fed,map_sized,2600,2.600,1026,1413.524,93,462.840,950.684,1.817981,0.782019,56,presence_rd_data[0],_1949_,1.973782,0.626218,58,_1950_,_1949_,0.467416,2.132584,11,_1950_,sign_rd_en,0.652617,1.947383,18,presence_rd_data[0],sign_rd_en,1.973782,506.64,reg2reg,yes
bitcos_stream5_bank_fed,map_sized,2650,2.650,1026,1413.524,93,462.840,950.684,1.817981,0.832019,56,presence_rd_data[0],_1949_,1.973782,0.676218,58,_1950_,_1949_,0.467416,2.182584,11,_1950_,sign_rd_en,0.652617,1.997383,18,presence_rd_data[0],sign_rd_en,1.973782,506.64,reg2reg,yes
bitcos_stream5_bank_fed,map_sized,2700,2.700,1026,1413.524,93,462.840,950.684,1.817981,0.882019,56,presence_rd_data[0],_1949_,1.973782,0.726218,58,_1950_,_1949_,0.467416,2.232584,11,_1950_,sign_rd_en,0.652617,2.047383,18,presence_rd_data[0],sign_rd_en,1.973782,506.64,reg2reg,yes
bitcos_stream5_bank_fed,map_sized,2750,2.750,1026,1413.524,93,462.840,950.684,1.817981,0.932019,56,presence_rd_data[0],_1949_,1.973782,0.776218,58,_1950_,_1949_,0.467416,2.282584,11,_1950_,sign_rd_en,0.652617,2.097383,18,presence_rd_data[0],sign_rd_en,1.973782,506.64,reg2reg,yes
bitcos_stream5_bank_fed,map_sized,2800,2.800,1026,1413.524,93,462.840,950.684,1.817981,0.982019,56,presence_rd_data[0],_1949_,1.973782,0.826218,58,_1950_,_1949_,0.467416,2.332584,11,_1950_,sign_rd_en,0.652618,2.147382,18,presence_rd_data[0],sign_rd_en,1.973782,506.64,reg2reg,yes
bitcos_stream5_bank_fed,map_sized,2850,2.850,1026,1413.524,93,462.840,950.684,1.817981,1.032019,56,presence_rd_data[0],_1949_,1.973782,0.876218,58,_1950_,_1949_,0.467416,2.382584,11,_1950_,sign_rd_en,0.652618,2.197382,18,presence_rd_data[0],sign_rd_en,1.973782,506.64,reg2reg,yes
bitcos_stream5_bank_fed,map_sized,2900,2.900,1026,1413.524,93,462.840,950.684,1.817981,1.082019,56,presence_rd_data[0],_1949_,1.973782,0.926218,58,_1950_,_1949_,0.467416,2.432584,11,_1950_,sign_rd_en,0.652617,2.247383,18,presence_rd_data[0],sign_rd_en,1.973782,506.64,reg2reg,yes
bitcos_stream5_bank_fed,map_sized,2950,2.950,1026,1413.524,93,462.840,950.684,1.817981,1.132019,56,presence_rd_data[0],_1949_,1.973782,0.976218,58,_1950_,_1949_,0.467416,2.482584,11,_1950_,sign_rd_en,0.652617,2.297383,18,presence_rd_data[0],sign_rd_en,1.973782,506.64,reg2reg,yes
bitcos_stream5_bank_fed,map_sized,3000,3.000,1026,1413.524,93,462.840,950.684,1.817981,1.182019,56,presence_rd_data[0],_1949_,1.973782,1.026218,58,_1950_,_1949_,0.467417,2.532583,11,_1950_,sign_rd_en,0.652618,2.347382,18,presence_rd_data[0],sign_rd_en,1.973782,506.64,reg2reg,yes
bitcos_stream5_bank_fed,nf_sized,900,0.900,903,1497.314,93,462.840,1034.474,1.502148,-0.602148,37,presence_rd_data[1],_1730_,1.632190,-0.732190,39,_1704_,_1730_,0.447567,0.452433,8,_1705_,sign_rd_en,0.613227,0.286773,13,presence_rd_data[1],sign_rd_en,1.632190,612.67,reg2reg,no
bitcos_stream5_bank_fed,nf_sized,950,0.950,903,1497.314,93,462.840,1034.474,1.502148,-0.552148,37,presence_rd_data[1],_1730_,1.632190,-0.682190,39,_1704_,_1730_,0.447567,0.502433,8,_1705_,sign_rd_en,0.613227,0.336773,13,presence_rd_data[1],sign_rd_en,1.632190,612.67,reg2reg,no
bitcos_stream5_bank_fed,nf_sized,1000,1.000,903,1497.314,93,462.840,1034.474,1.502148,-0.502148,37,presence_rd_data[1],_1730_,1.632190,-0.632190,39,_1704_,_1730_,0.447567,0.552433,8,_1705_,sign_rd_en,0.613227,0.386773,13,presence_rd_data[1],sign_rd_en,1.632190,612.67,reg2reg,no
bitcos_stream5_bank_fed,nf_sized,1050,1.050,903,1497.314,93,462.840,1034.474,1.502148,-0.452148,37,presence_rd_data[1],_1730_,1.632190,-0.582190,39,_1704_,_1730_,0.447567,0.602433,8,_1705_,sign_rd_en,0.613227,0.436773,13,presence_rd_data[1],sign_rd_en,1.632190,612.67,reg2reg,no
bitcos_stream5_bank_fed,nf_sized,1100,1.100,903,1497.314,93,462.840,1034.474,1.502148,-0.402148,37,presence_rd_data[1],_1730_,1.632190,-0.532190,39,_1704_,_1730_,0.447567,0.652433,8,_1705_,sign_rd_en,0.613227,0.486773,13,presence_rd_data[1],sign_rd_en,1.632190,612.67,reg2reg,no
bitcos_stream5_bank_fed,nf_sized,1150,1.150,903,1497.314,93,462.840,1034.474,1.502148,-0.352148,37,presence_rd_data[1],_1730_,1.632190,-0.482190,39,_1704_,_1730_,0.447567,0.702433,8,_1705_,sign_rd_en,0.613227,0.536773,13,presence_rd_data[1],sign_rd_en,1.632190,612.67,reg2reg,no
bitcos_stream5_bank_fed,nf_sized,1200,1.200,903,1497.314,93,462.840,1034.474,1.502148,-0.302148,37,presence_rd_data[1],_1730_,1.632190,-0.432190,39,_1704_,_1730_,0.447567,0.752433,8,_1705_,sign_rd_en,0.613227,0.586773,13,presence_rd_data[1],sign_rd_en,1.632190,612.67,reg2reg,no
bitcos_stream5_bank_fed,nf_sized,1250,1.250,903,1497.314,93,462.840,1034.474,1.502148,-0.252148,37,presence_rd_data[1],_1730_,1.632190,-0.382190,39,_1704_,_1730_,0.447567,0.802433,8,_1705_,sign_rd_en,0.613227,0.636773,13,presence_rd_data[1],sign_rd_en,1.632190,612.67,reg2reg,no
bitcos_stream5_bank_fed,nf_sized,1300,1.300,903,1497.314,93,462.840,1034.474,1.502148,-0.202148,37,presence_rd_data[1],_1730_,1.632190,-0.332190,39,_1704_,_1730_,0.447567,0.852433,8,_1705_,sign_rd_en,0.613227,0.686773,13,presence_rd_data[1],sign_rd_en,1.632190,612.67,reg2reg,no
bitcos_stream5_bank_fed,nf_sized,1350,1.350,903,1497.314,93,462.840,1034.474,1.502148,-0.152148,37,presence_rd_data[1],_1730_,1.632190,-0.282190,39,_1704_,_1730_,0.447567,0.902433,8,_1705_,sign_rd_en,0.613227,0.736773,13,presence_rd_data[1],sign_rd_en,1.632190,612.67,reg2reg,no
bitcos_stream5_bank_fed,nf_sized,1400,1.400,903,1497.314,93,462.840,1034.474,1.502148,-0.102148,37,presence_rd_data[1],_1730_,1.632190,-0.232190,39,_1704_,_1730_,0.447567,0.952433,8,_1705_,sign_rd_en,0.613227,0.786773,13,presence_rd_data[1],sign_rd_en,1.632190,612.67,reg2reg,no
bitcos_stream5_bank_fed,nf_sized,1450,1.450,903,1497.314,93,462.840,1034.474,1.502148,-0.052148,37,presence_rd_data[1],_1730_,1.632190,-0.182190,39,_1704_,_1730_,0.447567,1.002433,8,_1705_,sign_rd_en,0.613227,0.836773,13,presence_rd_data[1],sign_rd_en,1.632190,612.67,reg2reg,no
bitcos_stream5_bank_fed,nf_sized,1500,1.500,903,1497.314,93,462.840,1034.474,1.502148,-0.002148,37,presence_rd_data[1],_1730_,1.632190,-0.132190,39,_1704_,_1730_,0.447567,1.052433,8,_1705_,sign_rd_en,0.613227,0.886773,13,presence_rd_data[1],sign_rd_en,1.632190,612.67,reg2reg,no
bitcos_stream5_bank_fed,nf_sized,1550,1.550,903,1458.478,93,462.840,995.638,1.548214,0.001786,37,presence_rd_data[1],_1730_,1.680806,-0.130806,39,_1704_,_1730_,0.447567,1.102433,8,_1705_,sign_rd_en,0.613227,0.936773,13,presence_rd_data[1],sign_rd_en,1.680806,594.95,reg2reg,no
bitcos_stream5_bank_fed,nf_sized,1600,1.600,903,1427.356,93,462.840,964.516,1.584753,0.015247,37,presence_rd_data[1],_1730_,1.719740,-0.119740,39,_1704_,_1730_,0.447567,1.152433,8,_1705_,sign_rd_en,0.613227,0.986773,13,presence_rd_data[1],sign_rd_en,1.719740,581.48,reg2reg,no
bitcos_stream5_bank_fed,nf_sized,1650,1.650,903,1416.184,93,462.840,953.344,1.608672,0.041328,37,presence_rd_data[1],_1730_,1.743660,-0.093660,39,_1704_,_1730_,0.447567,1.202433,8,_1705_,sign_rd_en,0.613227,1.036773,13,presence_rd_data[1],sign_rd_en,1.743660,573.51,reg2reg,no
bitcos_stream5_bank_fed,nf_sized,1700,1.700,903,1412.460,93,462.840,949.620,1.628462,0.071538,37,presence_rd_data[1],_1730_,1.790457,-0.090457,39,_1704_,_1730_,0.447567,1.252433,8,_1705_,sign_rd_en,0.613223,1.086777,13,presence_rd_data[1],sign_rd_en,1.790457,558.52,reg2reg,no
bitcos_stream5_bank_fed,nf_sized,1750,1.750,903,1412.194,93,462.840,949.354,1.628462,0.121538,37,presence_rd_data[1],_1730_,1.813145,-0.063145,39,_1704_,_1730_,0.447567,1.302433,8,_1705_,sign_rd_en,0.613223,1.136777,13,presence_rd_data[1],sign_rd_en,1.813145,551.53,reg2reg,no
bitcos_stream5_bank_fed,nf_sized,1800,1.800,903,1412.194,93,462.840,949.354,1.628462,0.171538,37,presence_rd_data[1],_1730_,1.813145,-0.013145,39,_1704_,_1730_,0.447567,1.352433,8,_1705_,sign_rd_en,0.613223,1.186777,13,presence_rd_data[1],sign_rd_en,1.813145,551.53,reg2reg,no
bitcos_stream5_bank_fed,nf_sized,1850,1.850,903,1412.194,93,462.840,949.354,1.628462,0.221538,37,presence_rd_data[1],_1730_,1.813145,0.036855,39,_1704_,_1730_,0.447567,1.402433,8,_1705_,sign_rd_en,0.613223,1.236777,13,presence_rd_data[1],sign_rd_en,1.813145,551.53,reg2reg,yes
bitcos_stream5_bank_fed,nf_sized,1900,1.900,903,1412.194,93,462.840,949.354,1.628462,0.271538,37,presence_rd_data[1],_1730_,1.813145,0.086855,39,_1704_,_1730_,0.447567,1.452433,8,_1705_,sign_rd_en,0.613223,1.286777,13,presence_rd_data[1],sign_rd_en,1.813145,551.53,reg2reg,yes
bitcos_stream5_bank_fed,nf_sized,1950,1.950,903,1412.194,93,462.840,949.354,1.628462,0.321538,37,presence_rd_data[1],_1730_,1.813145,0.136855,39,_1704_,_1730_,0.447567,1.502433,8,_1705_,sign_rd_en,0.613223,1.336777,13,presence_rd_data[1],sign_rd_en,1.813145,551.53,reg2reg,yes
bitcos_stream5_bank_fed,nf_sized,2000,2.000,903,1412.194,93,462.840,949.354,1.628462,0.371538,37,presence_rd_data[1],_1730_,1.813145,0.186855,39,_1704_,_1730_,0.447567,1.552433,8,_1705_,sign_rd_en,0.613223,1.386777,13,presence_rd_data[1],sign_rd_en,1.813145,551.53,reg2reg,yes
bitcos_stream5_bank_fed,nf_sized,2050,2.050,903,1412.194,93,462.840,949.354,1.628462,0.421538,37,presence_rd_data[1],_1730_,1.813145,0.236855,39,_1704_,_1730_,0.447567,1.602433,8,_1705_,sign_rd_en,0.613223,1.436777,13,presence_rd_data[1],sign_rd_en,1.813145,551.53,reg2reg,yes
bitcos_stream5_bank_fed,nf_sized,2100,2.100,903,1412.194,93,462.840,949.354,1.628462,0.471538,37,presence_rd_data[1],_1730_,1.813145,0.286855,39,_1704_,_1730_,0.447567,1.652433,8,_1705_,sign_rd_en,0.613223,1.486777,13,presence_rd_data[1],sign_rd_en,1.813145,551.53,reg2reg,yes
bitcos_stream5_bank_fed,nf_sized,2150,2.150,903,1412.194,93,462.840,949.354,1.628462,0.521538,37,presence_rd_data[1],_1730_,1.813145,0.336855,39,_1704_,_1730_,0.447567,1.702433,8,_1705_,sign_rd_en,0.613223,1.536777,13,presence_rd_data[1],sign_rd_en,1.813145,551.53,reg2reg,yes
bitcos_stream5_bank_fed,nf_sized,2200,2.200,903,1412.194,93,462.840,949.354,1.628462,0.571538,37,presence_rd_data[1],_1730_,1.813145,0.386855,39,_1704_,_1730_,0.447567,1.752433,8,_1705_,sign_rd_en,0.613223,1.586777,13,presence_rd_data[1],sign_rd_en,1.813145,551.53,reg2reg,yes
bitcos_stream5_bank_fed,nf_sized,2250,2.250,903,1412.194,93,462.840,949.354,1.628462,0.621538,37,presence_rd_data[1],_1730_,1.813145,0.436855,39,_1704_,_1730_,0.447567,1.802433,8,_1705_,sign_rd_en,0.613223,1.636777,13,presence_rd_data[1],sign_rd_en,1.813145,551.53,reg2reg,yes
bitcos_stream5_bank_fed,nf_sized,2300,2.300,903,1412.194,93,462.840,949.354,1.628462,0.671538,37,presence_rd_data[1],_1730_,1.813145,0.486855,39,_1704_,_1730_,0.447567,1.852433,8,_1705_,sign_rd_en,0.613223,1.686777,13,presence_rd_data[1],sign_rd_en,1.813145,551.53,reg2reg,yes
bitcos_stream5_bank_fed,nf_sized,2350,2.350,903,1412.194,93,462.840,949.354,1.628462,0.721538,37,presence_rd_data[1],_1730_,1.813145,0.536855,39,_1704_,_1730_,0.447567,1.902433,8,_1705_,sign_rd_en,0.613223,1.736777,13,presence_rd_data[1],sign_rd_en,1.813145,551.53,reg2reg,yes
bitcos_stream5_bank_fed,nf_sized,2400,2.400,903,1412.194,93,462.840,949.354,1.628462,0.771538,37,presence_rd_data[1],_1730_,1.813145,0.586855,39,_1704_,_1730_,0.447567,1.952433,8,_1705_,sign_rd_en,0.613223,1.786777,13,presence_rd_data[1],sign_rd_en,1.813145,551.53,reg2reg,yes
bitcos_stream5_bank_fed,nf_sized,2450,2.450,903,1412.194,93,462.840,949.354,1.628462,0.821538,37,presence_rd_data[1],_1730_,1.813145,0.636855,39,_1704_,_1730_,0.447567,2.002433,8,_1705_,sign_rd_en,0.613223,1.836777,13,presence_rd_data[1],sign_rd_en,1.813145,551.53,reg2reg,yes
bitcos_stream5_bank_fed,nf_sized,2500,2.500,903,1412.194,93,462.840,949.354,1.628462,0.871538,37,presence_rd_data[1],_1730_,1.813145,0.686855,39,_1704_,_1730_,0.447567,2.052433,8,_1705_,sign_rd_en,0.613223,1.886777,13,presence_rd_data[1],sign_rd_en,1.813145,551.53,reg2reg,yes
bitcos_stream5_bank_fed,nf_sized,2550,2.550,903,1412.194,93,462.840,949.354,1.628462,0.921538,37,presence_rd_data[1],_1730_,1.813145,0.736855,39,_1704_,_1730_,0.447567,2.102433,8,_1705_,sign_rd_en,0.613223,1.936777,13,presence_rd_data[1],sign_rd_en,1.813145,551.53,reg2reg,yes
bitcos_stream5_bank_fed,nf_sized,2600,2.600,903,1412.194,93,462.840,949.354,1.628462,0.971538,37,presence_rd_data[1],_1730_,1.813145,0.786855,39,_1704_,_1730_,0.447567,2.152433,8,_1705_,sign_rd_en,0.613223,1.986777,13,presence_rd_data[1],sign_rd_en,1.813145,551.53,reg2reg,yes
bitcos_stream5_bank_fed,nf_sized,2650,2.650,903,1412.194,93,462.840,949.354,1.628462,1.021538,37,presence_rd_data[1],_1730_,1.813145,0.836855,39,_1704_,_1730_,0.447567,2.202433,8,_1705_,sign_rd_en,0.613223,2.036777,13,presence_rd_data[1],sign_rd_en,1.813145,551.53,reg2reg,yes
bitcos_stream5_bank_fed,nf_sized,2700,2.700,903,1412.194,93,462.840,949.354,1.628462,1.071538,37,presence_rd_data[1],_1730_,1.813145,0.886855,39,_1704_,_1730_,0.447567,2.252433,8,_1705_,sign_rd_en,0.613223,2.086777,13,presence_rd_data[1],sign_rd_en,1.813145,551.53,reg2reg,yes
bitcos_stream5_bank_fed,nf_sized,2750,2.750,903,1412.194,93,462.840,949.354,1.628462,1.121538,37,presence_rd_data[1],_1730_,1.813145,0.936855,39,_1704_,_1730_,0.447567,2.302433,8,_1705_,sign_rd_en,0.613223,2.136777,13,presence_rd_data[1],sign_rd_en,1.813145,551.53,reg2reg,yes
bitcos_stream5_bank_fed,nf_sized,2800,2.800,903,1412.194,93,462.840,949.354,1.628462,1.171538,37,presence_rd_data[1],_1730_,1.813145,0.986855,39,_1704_,_1730_,0.447567,2.352433,8,_1705_,sign_rd_en,0.613223,2.186777,13,presence_rd_data[1],sign_rd_en,1.813145,551.53,reg2reg,yes
bitcos_stream5_bank_fed,nf_sized,2850,2.850,903,1412.194,93,462.840,949.354,1.628462,1.221538,37,presence_rd_data[1],_1730_,1.813145,1.036855,39,_1704_,_1730_,0.447567,2.402433,8,_1705_,sign_rd_en,0.613223,2.236777,13,presence_rd_data[1],sign_rd_en,1.813145,551.53,reg2reg,yes
bitcos_stream5_bank_fed,nf_sized,2900,2.900,903,1412.194,93,462.840,949.354,1.628462,1.271538,37,presence_rd_data[1],_1730_,1.813145,1.086855,39,_1704_,_1730_,0.447567,2.452433,8,_1705_,sign_rd_en,0.613223,2.286777,13,presence_rd_data[1],sign_rd_en,1.813145,551.53,reg2reg,yes
bitcos_stream5_bank_fed,nf_sized,2950,2.950,903,1412.194,93,462.840,949.354,1.628462,1.321538,37,presence_rd_data[1],_1730_,1.813145,1.136855,39,_1704_,_1730_,0.447566,2.502434,8,_1705_,sign_rd_en,0.613223,2.336777,13,presence_rd_data[1],sign_rd_en,1.813145,551.53,reg2reg,yes
bitcos_stream5_bank_fed,nf_sized,3000,3.000,903,1412.194,93,462.840,949.354,1.628462,1.371538,37,presence_rd_data[1],_1730_,1.813146,1.186854,39,_1704_,_1730_,0.447567,2.552433,8,_1705_,sign_rd_en,0.613223,2.386777,13,presence_rd_data[1],sign_rd_en,1.813146,551.53,reg2reg,yes
bitcos_stream5_bytecursor,default,,5.000,691,1019.312,52,276.640,742.672,1.910002,3.089998,35,current_sign_byte[7],_1352_,2.055519,2.944481,36,_1378_,_1352_,0.280620,4.719380,5,_1378_,advance_sign_byte,0.487006,4.512994,10,presence[1],advance_sign_byte,2.055519,486.50,reg2reg,yes
bitcos_stream5_bytecursor,map_sized,900,0.900,1077,1397.830,52,276.640,1121.190,1.187087,-0.287087,37,presence[1],_2124_,1.271525,-0.371525,40,_2150_,_2124_,0.308325,0.591675,8,_2151_,advance_sign_byte,0.442005,0.457995,14,presence[2],advance_sign_byte,1.271525,786.46,reg2reg,no
bitcos_stream5_bytecursor,map_sized,950,0.950,1077,1397.830,52,276.640,1121.190,1.187087,-0.237087,37,presence[1],_2124_,1.271525,-0.321525,40,_2150_,_2124_,0.308325,0.641675,8,_2151_,advance_sign_byte,0.442005,0.507995,14,presence[2],advance_sign_byte,1.271525,786.46,reg2reg,no
bitcos_stream5_bytecursor,map_sized,1000,1.000,1077,1397.830,52,276.640,1121.190,1.187087,-0.187087,37,presence[1],_2124_,1.271525,-0.271525,40,_2150_,_2124_,0.308325,0.691675,8,_2151_,advance_sign_byte,0.442005,0.557995,14,presence[2],advance_sign_byte,1.271525,786.46,reg2reg,no
bitcos_stream5_bytecursor,map_sized,1050,1.050,1077,1397.830,52,276.640,1121.190,1.187087,-0.137087,37,presence[1],_2124_,1.271525,-0.221525,40,_2150_,_2124_,0.308325,0.741675,8,_2151_,advance_sign_byte,0.442005,0.607995,14,presence[2],advance_sign_byte,1.271525,786.46,reg2reg,no
bitcos_stream5_bytecursor,map_sized,1100,1.100,1077,1397.830,52,276.640,1121.190,1.187087,-0.087087,37,presence[1],_2124_,1.271525,-0.171525,40,_2150_,_2124_,0.308325,0.791675,8,_2151_,advance_sign_byte,0.442005,0.657995,14,presence[2],advance_sign_byte,1.271525,786.46,reg2reg,no
bitcos_stream5_bytecursor,map_sized,1150,1.150,986,1270.150,52,276.640,993.510,1.202574,-0.052574,41,presence[1],_1942_,1.293915,-0.143915,35,_1968_,_1942_,0.319912,0.830088,8,_1969_,advance_sign_byte,0.402979,0.747021,17,presence[1],advance_sign_byte,1.293915,772.85,reg2reg,no
bitcos_stream5_bytecursor,map_sized,1200,1.200,974,1246.476,52,276.640,969.836,1.221277,-0.021277,42,presence[1],_1918_,1.319448,-0.119448,43,_1945_,_1918_,0.292056,0.907944,9,_1944_,advance_sign_byte,0.451768,0.748232,16,presence[1],advance_sign_byte,1.319448,757.89,reg2reg,no
bitcos_stream5_bytecursor,map_sized,1250,1.250,960,1156.036,52,276.640,879.396,1.275484,-0.025484,44,presence[1],_1890_,1.367373,-0.117373,42,_1916_,_1915_,0.295974,0.954026,7,_1917_,advance_sign_byte,0.453195,0.796805,17,presence[1],advance_sign_byte,1.367373,731.33,reg2reg,no
bitcos_stream5_bytecursor,map_sized,1300,1.300,940,1129.968,52,276.640,853.328,1.325706,-0.025706,43,presence[1],_1874_,1.422652,-0.122652,44,_1876_,_1874_,0.295974,1.004026,7,_1877_,advance_sign_byte,0.452221,0.847779,17,presence[1],advance_sign_byte,1.422652,702.91,reg2reg,no
bitcos_stream5_bytecursor,map_sized,1350,1.350,904,1087.408,52,276.640,810.768,1.367160,-0.017160,47,presence[1],_1778_,1.461957,-0.111957,48,_1804_,_1778_,0.295974,1.054026,7,_1805_,advance_sign_byte,0.452952,0.897048,17,presence[1],advance_sign_byte,1.461957,684.01,reg2reg,no
bitcos_stream5_bytecursor,map_sized,1400,1.400,875,1081.822,52,276.640,805.182,1.377562,0.022438,47,presence[1],_1745_,1.495727,-0.095727,45,_1746_,_1745_,0.309206,1.090794,9,_1746_,advance_sign_byte,0.448069,0.951931,17,presence[1],advance_sign_byte,1.495727,668.57,reg2reg,no
bitcos_stream5_bytecursor,map_sized,1450,1.450,846,1065.330,52,276.640,788.690,1.474308,-0.024308,50,presence[0],_1687_,1.584644,-0.134644,44,_1688_,_1686_,0.300998,1.149002,9,_1688_,advance_sign_byte,0.480789,0.969211,18,presence[0],advance_sign_byte,1.584644,631.06,reg2reg,no
bitcos_stream5_bytecursor,map_sized,1500,1.500,827,1045.114,52,276.640,768.474,1.501002,-0.001002,51,presence[1],_1649_,1.593274,-0.093274,46,_1650_,_1649_,0.285999,1.214001,8,_1650_,advance_sign_byte,0.471724,1.028276,18,presence[1],advance_sign_byte,1.593274,627.64,reg2reg,no
bitcos_stream5_bytecursor,map_sized,1550,1.550,818,1046.710,52,276.640,770.070,1.528983,0.021017,47,current_sign_byte[7],_1631_,1.641578,-0.091578,50,_1632_,_1631_,0.293764,1.256236,8,_1632_,advance_sign_byte,0.481200,1.068800,18,presence[1],advance_sign_byte,1.641578,609.17,reg2reg,no
bitcos_stream5_bytecursor,map_sized,1600,1.600,806,1019.312,52,276.640,742.672,1.598717,0.001283,51,presence[0],_1582_,1.694511,-0.094511,50,_1608_,_1582_,0.295974,1.304026,7,_1609_,advance_sign_byte,0.480178,1.119822,18,presence[0],advance_sign_byte,1.694511,590.14,reg2reg,no
bitcos_stream5_bytecursor,map_sized,1650,1.650,808,1020.110,52,276.640,743.470,1.628458,0.021542,53,presence[0],_1586_,1.724253,-0.074253,52,_1612_,_1586_,0.295975,1.354025,7,_1613_,advance_sign_byte,0.480178,1.169822,18,presence[0],advance_sign_byte,1.724253,579.96,reg2reg,no
bitcos_stream5_bytecursor,map_sized,1700,1.700,812,1021.174,52,276.640,744.534,1.700440,-0.000440,59,presence[0],_1594_,1.788312,-0.088312,59,_1620_,_1594_,0.295975,1.404025,7,_1621_,advance_sign_byte,0.480178,1.219822,18,presence[0],advance_sign_byte,1.788312,559.19,reg2reg,no
bitcos_stream5_bytecursor,map_sized,1750,1.750,808,1019.844,52,276.640,743.204,1.703535,0.046465,58,presence[0],_1586_,1.813952,-0.063952,58,_1612_,_1586_,0.295974,1.454026,7,_1613_,advance_sign_byte,0.480178,1.269822,18,presence[0],advance_sign_byte,1.813952,551.28,reg2reg,no
bitcos_stream5_bytecursor,map_sized,1800,1.800,786,1019.578,52,276.640,742.938,1.770782,0.029218,58,presence[0],_1542_,1.879049,-0.079049,58,_1568_,_1542_,0.317578,1.482422,8,_1568_,advance_sign_byte,0.480178,1.319822,18,presence[0],advance_sign_byte,1.879049,532.18,reg2reg,no
bitcos_stream5_bytecursor,map_sized,1850,1.850,794,1022.770,52,276.640,746.130,1.752400,0.097600,58,presence[0],_1558_,1.899928,-0.049928,60,_1584_,_1558_,0.305933,1.544067,8,_1584_,advance_sign_byte,0.476813,1.373187,19,presence[0],advance_sign_byte,1.899928,526.34,reg2reg,no
bitcos_stream5_bytecursor,map_sized,1900,1.900,794,1022.770,52,276.640,746.130,1.752400,0.147600,58,presence[0],_1558_,1.899928,0.000072,60,_1584_,_1558_,0.305933,1.594067,8,_1584_,advance_sign_byte,0.476813,1.423187,19,presence[0],advance_sign_byte,1.899928,526.34,reg2reg,yes
bitcos_stream5_bytecursor,map_sized,1950,1.950,794,1022.770,52,276.640,746.130,1.752400,0.197600,58,presence[0],_1558_,1.899928,0.050072,60,_1584_,_1558_,0.305933,1.644067,8,_1584_,advance_sign_byte,0.476813,1.473187,19,presence[0],advance_sign_byte,1.899928,526.34,reg2reg,yes
bitcos_stream5_bytecursor,map_sized,2000,2.000,794,1022.770,52,276.640,746.130,1.752400,0.247600,58,presence[0],_1558_,1.899928,0.100072,60,_1584_,_1558_,0.305933,1.694067,8,_1584_,advance_sign_byte,0.476813,1.523187,19,presence[0],advance_sign_byte,1.899928,526.34,reg2reg,yes
bitcos_stream5_bytecursor,map_sized,2050,2.050,794,1022.770,52,276.640,746.130,1.752400,0.297600,58,presence[0],_1558_,1.899928,0.150072,60,_1584_,_1558_,0.305933,1.744067,8,_1584_,advance_sign_byte,0.476813,1.573187,19,presence[0],advance_sign_byte,1.899928,526.34,reg2reg,yes
bitcos_stream5_bytecursor,map_sized,2100,2.100,794,1022.770,52,276.640,746.130,1.752400,0.347600,58,presence[0],_1558_,1.899928,0.200072,60,_1584_,_1558_,0.305933,1.794067,8,_1584_,advance_sign_byte,0.476813,1.623187,19,presence[0],advance_sign_byte,1.899928,526.34,reg2reg,yes
bitcos_stream5_bytecursor,map_sized,2150,2.150,794,1022.770,52,276.640,746.130,1.752400,0.397600,58,presence[0],_1558_,1.899928,0.250072,60,_1584_,_1558_,0.305933,1.844067,8,_1584_,advance_sign_byte,0.476813,1.673187,19,presence[0],advance_sign_byte,1.899928,526.34,reg2reg,yes
bitcos_stream5_bytecursor,map_sized,2200,2.200,794,1022.770,52,276.640,746.130,1.752400,0.447600,58,presence[0],_1558_,1.899928,0.300072,60,_1584_,_1558_,0.305933,1.894067,8,_1584_,advance_sign_byte,0.476813,1.723187,19,presence[0],advance_sign_byte,1.899928,526.34,reg2reg,yes
bitcos_stream5_bytecursor,map_sized,2250,2.250,794,1022.770,52,276.640,746.130,1.752400,0.497600,58,presence[0],_1558_,1.899928,0.350072,60,_1584_,_1558_,0.305933,1.944067,8,_1584_,advance_sign_byte,0.476813,1.773187,19,presence[0],advance_sign_byte,1.899928,526.34,reg2reg,yes
bitcos_stream5_bytecursor,map_sized,2300,2.300,794,1022.770,52,276.640,746.130,1.752400,0.547600,58,presence[0],_1558_,1.899928,0.400072,60,_1584_,_1558_,0.305933,1.994067,8,_1584_,advance_sign_byte,0.476813,1.823187,19,presence[0],advance_sign_byte,1.899928,526.34,reg2reg,yes
bitcos_stream5_bytecursor,map_sized,2350,2.350,794,1022.770,52,276.640,746.130,1.752400,0.597600,58,presence[0],_1558_,1.899928,0.450072,60,_1584_,_1558_,0.305933,2.044067,8,_1584_,advance_sign_byte,0.476813,1.873187,19,presence[0],advance_sign_byte,1.899928,526.34,reg2reg,yes
bitcos_stream5_bytecursor,map_sized,2400,2.400,794,1022.770,52,276.640,746.130,1.752400,0.647600,58,presence[0],_1558_,1.899928,0.500072,60,_1584_,_1558_,0.305933,2.094067,8,_1584_,advance_sign_byte,0.476813,1.923187,19,presence[0],advance_sign_byte,1.899928,526.34,reg2reg,yes
bitcos_stream5_bytecursor,map_sized,2450,2.450,794,1022.770,52,276.640,746.130,1.752400,0.697600,58,presence[0],_1558_,1.899928,0.550072,60,_1584_,_1558_,0.305933,2.144067,8,_1584_,advance_sign_byte,0.476813,1.973187,19,presence[0],advance_sign_byte,1.899928,526.34,reg2reg,yes
bitcos_stream5_bytecursor,map_sized,2500,2.500,794,1022.770,52,276.640,746.130,1.752400,0.747600,58,presence[0],_1558_,1.899928,0.600072,60,_1584_,_1558_,0.305933,2.194067,8,_1584_,advance_sign_byte,0.476813,2.023187,19,presence[0],advance_sign_byte,1.899928,526.34,reg2reg,yes
bitcos_stream5_bytecursor,map_sized,2550,2.550,794,1022.770,52,276.640,746.130,1.752400,0.797600,58,presence[0],_1558_,1.899928,0.650072,60,_1584_,_1558_,0.305933,2.244067,8,_1584_,advance_sign_byte,0.476813,2.073187,19,presence[0],advance_sign_byte,1.899928,526.34,reg2reg,yes
bitcos_stream5_bytecursor,map_sized,2600,2.600,794,1022.770,52,276.640,746.130,1.752400,0.847600,58,presence[0],_1558_,1.899928,0.700072,60,_1584_,_1558_,0.305933,2.294067,8,_1584_,advance_sign_byte,0.476813,2.123187,19,presence[0],advance_sign_byte,1.899928,526.34,reg2reg,yes
bitcos_stream5_bytecursor,map_sized,2650,2.650,794,1022.770,52,276.640,746.130,1.752400,0.897600,58,presence[0],_1558_,1.899928,0.750072,60,_1584_,_1558_,0.305933,2.344067,8,_1584_,advance_sign_byte,0.476813,2.173187,19,presence[0],advance_sign_byte,1.899928,526.34,reg2reg,yes
bitcos_stream5_bytecursor,map_sized,2700,2.700,794,1022.770,52,276.640,746.130,1.752400,0.947600,58,presence[0],_1558_,1.899928,0.800072,60,_1584_,_1558_,0.305933,2.394067,8,_1584_,advance_sign_byte,0.476813,2.223187,19,presence[0],advance_sign_byte,1.899928,526.34,reg2reg,yes
bitcos_stream5_bytecursor,map_sized,2750,2.750,794,1022.770,52,276.640,746.130,1.752400,0.997600,58,presence[0],_1558_,1.899928,0.850072,60,_1584_,_1558_,0.305933,2.444067,8,_1584_,advance_sign_byte,0.476813,2.273187,19,presence[0],advance_sign_byte,1.899928,526.34,reg2reg,yes
bitcos_stream5_bytecursor,map_sized,2800,2.800,794,1022.770,52,276.640,746.130,1.752400,1.047600,58,presence[0],_1558_,1.899928,0.900072,60,_1584_,_1558_,0.305933,2.494067,8,_1584_,advance_sign_byte,0.476813,2.323187,19,presence[0],advance_sign_byte,1.899928,526.34,reg2reg,yes
bitcos_stream5_bytecursor,map_sized,2850,2.850,794,1022.770,52,276.640,746.130,1.752400,1.097600,58,presence[0],_1558_,1.899928,0.950072,60,_1584_,_1558_,0.305933,2.544067,8,_1584_,advance_sign_byte,0.476813,2.373187,19,presence[0],advance_sign_byte,1.899928,526.34,reg2reg,yes
bitcos_stream5_bytecursor,map_sized,2900,2.900,794,1022.770,52,276.640,746.130,1.752400,1.147600,58,presence[0],_1558_,1.899928,1.000072,60,_1584_,_1558_,0.305933,2.594067,8,_1584_,advance_sign_byte,0.476813,2.423187,19,presence[0],advance_sign_byte,1.899928,526.34,reg2reg,yes
bitcos_stream5_bytecursor,map_sized,2950,2.950,794,1022.770,52,276.640,746.130,1.752400,1.197600,58,presence[0],_1558_,1.899928,1.050072,60,_1584_,_1558_,0.305933,2.644067,8,_1584_,advance_sign_byte,0.476813,2.473187,19,presence[0],advance_sign_byte,1.899928,526.34,reg2reg,yes
bitcos_stream5_bytecursor,map_sized,3000,3.000,794,1022.770,52,276.640,746.130,1.752400,1.247600,58,presence[0],_1558_,1.899928,1.100072,60,_1584_,_1558_,0.305934,2.694066,8,_1584_,advance_sign_byte,0.476813,2.523187,19,presence[0],advance_sign_byte,1.899928,526.34,reg2reg,yes
bitcos_stream5_bytecursor,nf_sized,900,0.900,714,1109.486,52,276.640,832.846,1.498418,-0.598418,35,presence[1],_1423_,1.619574,-0.719574,38,_1424_,_1423_,0.301057,0.598943,6,_1425_,advance_sign_byte,0.541743,0.358257,11,presence[1],advance_sign_byte,1.619574,617.45,reg2reg,no
bitcos_stream5_bytecursor,nf_sized,950,0.950,714,1109.486,52,276.640,832.846,1.498418,-0.548418,35,presence[1],_1423_,1.619574,-0.669574,38,_1424_,_1423_,0.301057,0.648943,6,_1425_,advance_sign_byte,0.541743,0.408257,11,presence[1],advance_sign_byte,1.619574,617.45,reg2reg,no
bitcos_stream5_bytecursor,nf_sized,1000,1.000,714,1109.486,52,276.640,832.846,1.498418,-0.498418,35,presence[1],_1423_,1.619574,-0.619574,38,_1424_,_1423_,0.301057,0.698943,6,_1425_,advance_sign_byte,0.541743,0.458257,11,presence[1],advance_sign_byte,1.619574,617.45,reg2reg,no
bitcos_stream5_bytecursor,nf_sized,1050,1.050,714,1109.486,52,276.640,832.846,1.498418,-0.448418,35,presence[1],_1423_,1.619574,-0.569574,38,_1424_,_1423_,0.301056,0.748944,6,_1425_,advance_sign_byte,0.541743,0.508257,11,presence[1],advance_sign_byte,1.619574,617.45,reg2reg,no
bitcos_stream5_bytecursor,nf_sized,1100,1.100,714,1109.486,52,276.640,832.846,1.498418,-0.398418,35,presence[1],_1423_,1.619574,-0.519574,38,_1424_,_1423_,0.301057,0.798943,6,_1425_,advance_sign_byte,0.541743,0.558257,11,presence[1],advance_sign_byte,1.619574,617.45,reg2reg,no
bitcos_stream5_bytecursor,nf_sized,1150,1.150,714,1109.486,52,276.640,832.846,1.498418,-0.348418,35,presence[1],_1423_,1.619574,-0.469574,38,_1424_,_1423_,0.301057,0.848943,6,_1425_,advance_sign_byte,0.541743,0.608257,11,presence[1],advance_sign_byte,1.619574,617.45,reg2reg,no
bitcos_stream5_bytecursor,nf_sized,1200,1.200,714,1109.486,52,276.640,832.846,1.498418,-0.298418,35,presence[1],_1423_,1.619574,-0.419574,38,_1424_,_1423_,0.301057,0.898943,6,_1425_,advance_sign_byte,0.541743,0.658257,11,presence[1],advance_sign_byte,1.619574,617.45,reg2reg,no
bitcos_stream5_bytecursor,nf_sized,1250,1.250,714,1109.486,52,276.640,832.846,1.498418,-0.248418,35,presence[1],_1423_,1.619574,-0.369574,38,_1424_,_1423_,0.301057,0.948943,6,_1425_,advance_sign_byte,0.541743,0.708257,11,presence[1],advance_sign_byte,1.619574,617.45,reg2reg,no
bitcos_stream5_bytecursor,nf_sized,1300,1.300,714,1109.486,52,276.640,832.846,1.498418,-0.198418,35,presence[1],_1423_,1.619574,-0.319574,38,_1424_,_1423_,0.301056,0.998944,6,_1425_,advance_sign_byte,0.541743,0.758257,11,presence[1],advance_sign_byte,1.619574,617.45,reg2reg,no
bitcos_stream5_bytecursor,nf_sized,1350,1.350,714,1109.486,52,276.640,832.846,1.498418,-0.148418,35,presence[1],_1423_,1.619574,-0.269574,38,_1424_,_1423_,0.301056,1.048944,6,_1425_,advance_sign_byte,0.541743,0.808257,11,presence[1],advance_sign_byte,1.619574,617.45,reg2reg,no
bitcos_stream5_bytecursor,nf_sized,1400,1.400,714,1109.486,52,276.640,832.846,1.498418,-0.098418,35,presence[1],_1423_,1.619574,-0.219574,38,_1424_,_1423_,0.301057,1.098943,6,_1425_,advance_sign_byte,0.541743,0.858257,11,presence[1],advance_sign_byte,1.619574,617.45,reg2reg,no
bitcos_stream5_bytecursor,nf_sized,1450,1.450,714,1109.486,52,276.640,832.846,1.498418,-0.048418,35,presence[1],_1423_,1.619574,-0.169574,38,_1424_,_1423_,0.301056,1.148944,6,_1425_,advance_sign_byte,0.541743,0.908257,11,presence[1],advance_sign_byte,1.619574,617.45,reg2reg,no
bitcos_stream5_bytecursor,nf_sized,1500,1.500,714,1106.560,52,276.640,829.920,1.495936,0.004064,36,current_sign_byte[7],_1423_,1.617694,-0.117694,38,_1424_,_1423_,0.301057,1.198943,6,_1425_,advance_sign_byte,0.539586,0.960414,11,presence[1],advance_sign_byte,1.617694,618.16,reg2reg,no
bitcos_stream5_bytecursor,nf_sized,1550,1.550,714,1068.522,52,276.640,791.882,1.539925,0.010075,36,current_sign_byte[7],_1423_,1.662834,-0.112834,38,_1424_,_1423_,0.301057,1.248943,6,_1425_,advance_sign_byte,0.539586,1.010414,11,presence[1],advance_sign_byte,1.662834,601.38,reg2reg,no
bitcos_stream5_bytecursor,nf_sized,1600,1.600,714,1053.094,52,276.640,776.454,1.580533,0.019467,36,current_sign_byte[7],_1423_,1.708650,-0.108650,38,_1424_,_1423_,0.299252,1.300748,6,_1425_,advance_sign_byte,0.539410,1.060590,11,presence[1],advance_sign_byte,1.708650,585.26,reg2reg,no
bitcos_stream5_bytecursor,nf_sized,1650,1.650,714,1043.784,52,276.640,767.144,1.591429,0.058571,36,current_sign_byte[7],_1423_,1.735772,-0.085772,38,_1424_,_1423_,0.299252,1.350748,6,_1425_,advance_sign_byte,0.539410,1.110590,11,presence[1],advance_sign_byte,1.735772,576.11,reg2reg,no
bitcos_stream5_bytecursor,nf_sized,1700,1.700,714,1039.794,52,276.640,763.154,1.628231,0.071769,35,presence[1],_1423_,1.784190,-0.084190,38,_1424_,_1423_,0.299252,1.400748,6,_1425_,advance_sign_byte,0.539268,1.160732,11,presence[1],advance_sign_byte,1.784190,560.48,reg2reg,no
bitcos_stream5_bytecursor,nf_sized,1750,1.750,714,1037.666,52,276.640,761.026,1.637267,0.112733,35,presence[1],_1423_,1.815914,-0.065914,38,_1424_,_1423_,0.323328,1.426672,7,_1424_,advance_sign_byte,0.539268,1.210732,11,presence[1],advance_sign_byte,1.815914,550.69,reg2reg,no
bitcos_stream5_bytecursor,nf_sized,1800,1.800,714,1037.666,52,276.640,761.026,1.637267,0.162733,35,presence[1],_1423_,1.815914,-0.015914,38,_1424_,_1423_,0.323328,1.476672,7,_1424_,advance_sign_byte,0.539268,1.260732,11,presence[1],advance_sign_byte,1.815914,550.69,reg2reg,no
bitcos_stream5_bytecursor,nf_sized,1850,1.850,714,1037.666,52,276.640,761.026,1.637267,0.212733,35,presence[1],_1423_,1.815914,0.034086,38,_1424_,_1423_,0.323328,1.526672,7,_1424_,advance_sign_byte,0.539268,1.310732,11,presence[1],advance_sign_byte,1.815914,550.69,reg2reg,yes
bitcos_stream5_bytecursor,nf_sized,1900,1.900,714,1037.666,52,276.640,761.026,1.637267,0.262733,35,presence[1],_1423_,1.815914,0.084086,38,_1424_,_1423_,0.323328,1.576672,7,_1424_,advance_sign_byte,0.539268,1.360732,11,presence[1],advance_sign_byte,1.815914,550.69,reg2reg,yes
bitcos_stream5_bytecursor,nf_sized,1950,1.950,714,1037.666,52,276.640,761.026,1.637267,0.312733,35,presence[1],_1423_,1.815914,0.134086,38,_1424_,_1423_,0.323328,1.626672,7,_1424_,advance_sign_byte,0.539268,1.410732,11,presence[1],advance_sign_byte,1.815914,550.69,reg2reg,yes
bitcos_stream5_bytecursor,nf_sized,2000,2.000,714,1037.666,52,276.640,761.026,1.637267,0.362733,35,presence[1],_1423_,1.815914,0.184086,38,_1424_,_1423_,0.323328,1.676672,7,_1424_,advance_sign_byte,0.539268,1.460732,11,presence[1],advance_sign_byte,1.815914,550.69,reg2reg,yes
bitcos_stream5_bytecursor,nf_sized,2050,2.050,714,1037.666,52,276.640,761.026,1.637267,0.412733,35,presence[1],_1423_,1.815914,0.234086,38,_1424_,_1423_,0.323328,1.726672,7,_1424_,advance_sign_byte,0.539268,1.510732,11,presence[1],advance_sign_byte,1.815914,550.69,reg2reg,yes
bitcos_stream5_bytecursor,nf_sized,2100,2.100,714,1037.666,52,276.640,761.026,1.637267,0.462733,35,presence[1],_1423_,1.815914,0.284086,38,_1424_,_1423_,0.323328,1.776672,7,_1424_,advance_sign_byte,0.539268,1.560732,11,presence[1],advance_sign_byte,1.815914,550.69,reg2reg,yes
bitcos_stream5_bytecursor,nf_sized,2150,2.150,714,1037.666,52,276.640,761.026,1.637267,0.512733,35,presence[1],_1423_,1.815914,0.334086,38,_1424_,_1423_,0.323328,1.826672,7,_1424_,advance_sign_byte,0.539268,1.610732,11,presence[1],advance_sign_byte,1.815914,550.69,reg2reg,yes
bitcos_stream5_bytecursor,nf_sized,2200,2.200,714,1037.666,52,276.640,761.026,1.637267,0.562733,35,presence[1],_1423_,1.815914,0.384086,38,_1424_,_1423_,0.323328,1.876672,7,_1424_,advance_sign_byte,0.539268,1.660732,11,presence[1],advance_sign_byte,1.815914,550.69,reg2reg,yes
bitcos_stream5_bytecursor,nf_sized,2250,2.250,714,1037.666,52,276.640,761.026,1.637267,0.612733,35,presence[1],_1423_,1.815914,0.434086,38,_1424_,_1423_,0.323328,1.926672,7,_1424_,advance_sign_byte,0.539268,1.710732,11,presence[1],advance_sign_byte,1.815914,550.69,reg2reg,yes
bitcos_stream5_bytecursor,nf_sized,2300,2.300,714,1037.666,52,276.640,761.026,1.637267,0.662733,35,presence[1],_1423_,1.815914,0.484086,38,_1424_,_1423_,0.323328,1.976672,7,_1424_,advance_sign_byte,0.539268,1.760732,11,presence[1],advance_sign_byte,1.815914,550.69,reg2reg,yes
bitcos_stream5_bytecursor,nf_sized,2350,2.350,714,1037.666,52,276.640,761.026,1.637267,0.712733,35,presence[1],_1423_,1.815914,0.534086,38,_1424_,_1423_,0.323328,2.026672,7,_1424_,advance_sign_byte,0.539268,1.810732,11,presence[1],advance_sign_byte,1.815914,550.69,reg2reg,yes
bitcos_stream5_bytecursor,nf_sized,2400,2.400,714,1037.666,52,276.640,761.026,1.637267,0.762733,35,presence[1],_1423_,1.815914,0.584086,38,_1424_,_1423_,0.323328,2.076672,7,_1424_,advance_sign_byte,0.539268,1.860732,11,presence[1],advance_sign_byte,1.815914,550.69,reg2reg,yes
bitcos_stream5_bytecursor,nf_sized,2450,2.450,714,1037.666,52,276.640,761.026,1.637267,0.812733,35,presence[1],_1423_,1.815914,0.634086,38,_1424_,_1423_,0.323328,2.126672,7,_1424_,advance_sign_byte,0.539268,1.910732,11,presence[1],advance_sign_byte,1.815914,550.69,reg2reg,yes
bitcos_stream5_bytecursor,nf_sized,2500,2.500,714,1037.666,52,276.640,761.026,1.637267,0.862733,35,presence[1],_1423_,1.815914,0.684086,38,_1424_,_1423_,0.323328,2.176672,7,_1424_,advance_sign_byte,0.539268,1.960732,11,presence[1],advance_sign_byte,1.815914,550.69,reg2reg,yes
bitcos_stream5_bytecursor,nf_sized,2550,2.550,714,1037.666,52,276.640,761.026,1.637267,0.912733,35,presence[1],_1423_,1.815914,0.734086,38,_1424_,_1423_,0.323328,2.226672,7,_1424_,advance_sign_byte,0.539268,2.010732,11,presence[1],advance_sign_byte,1.815914,550.69,reg2reg,yes
bitcos_stream5_bytecursor,nf_sized,2600,2.600,714,1037.666,52,276.640,761.026,1.637267,0.962733,35,presence[1],_1423_,1.815914,0.784086,38,_1424_,_1423_,0.323328,2.276672,7,_1424_,advance_sign_byte,0.539268,2.060732,11,presence[1],advance_sign_byte,1.815914,550.69,reg2reg,yes
bitcos_stream5_bytecursor,nf_sized,2650,2.650,714,1037.666,52,276.640,761.026,1.637267,1.012733,35,presence[1],_1423_,1.815914,0.834086,38,_1424_,_1423_,0.323328,2.326672,7,_1424_,advance_sign_byte,0.539268,2.110732,11,presence[1],advance_sign_byte,1.815914,550.69,reg2reg,yes
bitcos_stream5_bytecursor,nf_sized,2700,2.700,714,1037.666,52,276.640,761.026,1.637267,1.062733,35,presence[1],_1423_,1.815914,0.884086,38,_1424_,_1423_,0.323328,2.376672,7,_1424_,advance_sign_byte,0.539268,2.160732,11,presence[1],advance_sign_byte,1.815914,550.69,reg2reg,yes
bitcos_stream5_bytecursor,nf_sized,2750,2.750,714,1037.666,52,276.640,761.026,1.637267,1.112733,35,presence[1],_1423_,1.815914,0.934086,38,_1424_,_1423_,0.323328,2.426672,7,_1424_,advance_sign_byte,0.539268,2.210732,11,presence[1],advance_sign_byte,1.815914,550.69,reg2reg,yes
bitcos_stream5_bytecursor,nf_sized,2800,2.800,714,1037.666,52,276.640,761.026,1.637267,1.162733,35,presence[1],_1423_,1.815914,0.984086,38,_1424_,_1423_,0.323328,2.476672,7,_1424_,advance_sign_byte,0.539268,2.260732,11,presence[1],advance_sign_byte,1.815914,550.69,reg2reg,yes
bitcos_stream5_bytecursor,nf_sized,2850,2.850,714,1037.666,52,276.640,761.026,1.637267,1.212733,35,presence[1],_1423_,1.815914,1.034086,38,_1424_,_1423_,0.323328,2.526672,7,_1424_,advance_sign_byte,0.539268,2.310732,11,presence[1],advance_sign_byte,1.815914,550.69,reg2reg,yes
bitcos_stream5_bytecursor,nf_sized,2900,2.900,714,1037.666,52,276.640,761.026,1.637267,1.262733,35,presence[1],_1423_,1.815914,1.084086,38,_1424_,_1423_,0.323328,2.576672,7,_1424_,advance_sign_byte,0.539268,2.360732,11,presence[1],advance_sign_byte,1.815914,550.69,reg2reg,yes
bitcos_stream5_bytecursor,nf_sized,2950,2.950,714,1037.666,52,276.640,761.026,1.637267,1.312733,35,presence[1],_1423_,1.815914,1.134086,38,_1424_,_1423_,0.323328,2.626672,7,_1424_,advance_sign_byte,0.539268,2.410732,11,presence[1],advance_sign_byte,1.815914,550.69,reg2reg,yes
bitcos_stream5_bytecursor,nf_sized,3000,3.000,714,1037.666,52,276.640,761.026,1.637267,1.362733,35,presence[1],_1423_,1.815915,1.184085,38,_1424_,_1423_,0.323328,2.676672,7,_1424_,advance_sign_byte,0.539268,2.460732,11,presence[1],advance_sign_byte,1.815915,550.69,reg2reg,yes
bitcos_stream5_direct,default,,5.000,752,1093.792,55,292.600,801.192,1.979599,3.020401,36,current_presence_byte[5],_1473_,2.131234,2.868766,37,_1498_,_1473_,0.829423,4.170577,12,_1498_,advance_sign_byte,0.677789,4.322211,11,current_presence_byte[5],advance_sign_byte,2.131234,469.21,reg2reg,yes
bitcos_stream5_direct,map_sized,900,0.900,1099,1403.150,55,292.600,1110.550,1.234694,-0.334694,42,current_sign_byte[7],_2167_,1.344273,-0.444273,42,_2193_,_2167_,0.617465,0.282535,16,_2193_,advance_sign_byte,0.501969,0.398031,15,current_presence_byte[3],advance_sign_byte,1.344273,743.90,reg2reg,no
bitcos_stream5_direct,map_sized,950,0.950,1099,1403.150,55,292.600,1110.550,1.234694,-0.284694,42,current_sign_byte[7],_2167_,1.344273,-0.394273,42,_2193_,_2167_,0.617465,0.332535,16,_2193_,advance_sign_byte,0.501969,0.448031,15,current_presence_byte[3],advance_sign_byte,1.344273,743.90,reg2reg,no
bitcos_stream5_direct,map_sized,1000,1.000,1099,1403.150,55,292.600,1110.550,1.234694,-0.234694,42,current_sign_byte[7],_2167_,1.344272,-0.344272,42,_2193_,_2167_,0.617465,0.382535,16,_2193_,advance_sign_byte,0.501969,0.498031,15,current_presence_byte[3],advance_sign_byte,1.344272,743.90,reg2reg,no
bitcos_stream5_direct,map_sized,1050,1.050,1099,1403.150,55,292.600,1110.550,1.234694,-0.184694,42,current_sign_byte[7],_2167_,1.344273,-0.294273,42,_2193_,_2167_,0.617465,0.432535,16,_2193_,advance_sign_byte,0.501969,0.548031,15,current_presence_byte[3],advance_sign_byte,1.344273,743.90,reg2reg,no
bitcos_stream5_direct,map_sized,1100,1.100,1099,1403.150,55,292.600,1110.550,1.234694,-0.134694,42,current_sign_byte[7],_2167_,1.344273,-0.244273,42,_2193_,_2167_,0.617465,0.482535,16,_2193_,advance_sign_byte,0.501969,0.598031,15,current_presence_byte[3],advance_sign_byte,1.344273,743.90,reg2reg,no
bitcos_stream5_direct,map_sized,1150,1.150,1099,1403.150,55,292.600,1110.550,1.234694,-0.084694,42,current_sign_byte[7],_2167_,1.344272,-0.194272,42,_2193_,_2167_,0.617465,0.532535,16,_2193_,advance_sign_byte,0.501969,0.648031,15,current_presence_byte[3],advance_sign_byte,1.344272,743.90,reg2reg,no
bitcos_stream5_direct,map_sized,1200,1.200,1068,1422.834,55,292.600,1130.234,1.236778,-0.036778,41,current_presence_byte[5],_2105_,1.361000,-0.161000,45,_2130_,_2105_,0.637080,0.562920,16,_2130_,advance_sign_byte,0.515339,0.684661,14,current_presence_byte[7],advance_sign_byte,1.361000,734.75,reg2reg,no
bitcos_stream5_direct,map_sized,1250,1.250,1052,1353.940,55,292.600,1061.340,1.260038,-0.010038,43,next_presence_byte[1],_2073_,1.376450,-0.126450,41,_2046_,_2073_,0.634259,0.615741,22,_2098_,advance_sign_byte,0.522447,0.727553,18,next_presence_byte[1],advance_sign_byte,1.376450,726.51,reg2reg,no
bitcos_stream5_direct,map_sized,1300,1.300,1040,1325.744,55,292.600,1033.144,1.305376,-0.005376,43,current_presence_byte[6],_2049_,1.427291,-0.127291,45,_2074_,_2049_,0.659606,0.640394,18,_2074_,advance_sign_byte,0.537692,0.762308,16,current_presence_byte[6],advance_sign_byte,1.427291,700.63,reg2reg,no
bitcos_stream5_direct,map_sized,1350,1.350,1012,1255.254,55,292.600,962.654,1.353477,-0.003477,46,next_presence_byte[1],_2015_,1.473167,-0.123167,49,_2018_,_2015_,0.675674,0.674326,24,_2018_,advance_sign_byte,0.555985,0.794015,21,next_presence_byte[1],advance_sign_byte,1.473167,678.81,reg2reg,no
bitcos_stream5_direct,map_sized,1400,1.400,992,1202.054,55,292.600,909.454,1.403974,-0.003974,53,next_presence_byte[1],_1953_,1.529969,-0.129969,56,_1978_,_1953_,0.677865,0.722135,24,_1978_,advance_sign_byte,0.552173,0.847827,18,current_presence_byte[6],advance_sign_byte,1.529969,653.61,reg2reg,no
bitcos_stream5_direct,map_sized,1450,1.450,977,1186.892,55,292.600,894.292,1.440698,0.009302,47,current_presence_byte[6],_1923_,1.568614,-0.118614,52,_1948_,_1923_,0.696847,0.753153,23,_1948_,advance_sign_byte,0.574507,0.875493,18,current_presence_byte[6],advance_sign_byte,1.568614,637.51,reg2reg,no
bitcos_stream5_direct,map_sized,1500,1.500,945,1164.548,55,292.600,871.948,1.492082,0.007918,50,current_presence_byte[6],_1883_,1.611653,-0.111653,52,_1884_,_1883_,0.682012,0.817988,20,_1884_,advance_sign_byte,0.562441,0.937559,18,current_presence_byte[6],advance_sign_byte,1.611653,620.48,reg2reg,no
bitcos_stream5_direct,map_sized,1550,1.550,915,1142.204,55,292.600,849.604,1.544862,0.005138,55,next_presence_byte[1],_1799_,1.673263,-0.123263,56,_1824_,_1799_,0.696411,0.853589,22,_1824_,advance_sign_byte,0.569098,0.980902,20,next_presence_byte[1],advance_sign_byte,1.673263,597.63,reg2reg,no
bitcos_stream5_direct,map_sized,1600,1.600,903,1135.288,55,292.600,842.688,1.608240,-0.008240,48,current_presence_byte[6],_1775_,1.730024,-0.130024,53,_1800_,_1775_,0.683683,0.916317,23,_1800_,advance_sign_byte,0.561899,1.038101,18,current_presence_byte[6],advance_sign_byte,1.730024,578.03,reg2reg,no
bitcos_stream5_direct,map_sized,1650,1.650,893,1121.456,55,292.600,828.856,1.637386,0.012614,49,current_presence_byte[6],_1779_,1.763081,-0.113081,54,_1780_,_1779_,0.703954,0.946046,23,_1780_,advance_sign_byte,0.578259,1.071741,18,current_presence_byte[6],advance_sign_byte,1.763081,567.19,reg2reg,no
bitcos_stream5_direct,map_sized,1700,1.700,882,1114.806,55,292.600,822.206,1.688343,0.011657,50,current_presence_byte[6],_1757_,1.814039,-0.114039,55,_1758_,_1757_,0.703954,0.996046,23,_1758_,advance_sign_byte,0.578259,1.121741,18,current_presence_byte[6],advance_sign_byte,1.814039,551.26,reg2reg,no
bitcos_stream5_direct,map_sized,1750,1.750,865,1114.274,55,292.600,821.674,1.755838,-0.005838,56,next_presence_byte[1],_1699_,1.884239,-0.134239,57,_1724_,_1699_,0.708646,1.041354,22,_1724_,advance_sign_byte,0.580245,1.169755,21,next_presence_byte[1],advance_sign_byte,1.884239,530.72,reg2reg,no
bitcos_stream5_direct,map_sized,1800,1.800,879,1102.836,55,292.600,810.236,1.783169,0.016831,58,current_presence_byte[5],_1751_,1.910004,-0.110004,58,_1752_,_1751_,0.733461,1.066539,22,_1752_,advance_sign_byte,0.606626,1.193374,22,current_presence_byte[5],advance_sign_byte,1.910004,523.56,reg2reg,no
bitcos_stream5_direct,map_sized,1850,1.850,875,1099.644,55,292.600,807.044,1.787996,0.062004,55,current_presence_byte[5],_1742_,1.914831,-0.064831,55,_1744_,_1742_,0.733461,1.116539,22,_1744_,advance_sign_byte,0.606626,1.243374,22,current_presence_byte[5],advance_sign_byte,1.914831,522.24,reg2reg,no
bitcos_stream5_direct,map_sized,1900,1.900,855,1102.304,55,292.600,809.704,1.774830,0.125170,55,current_presence_byte[6],_1679_,1.950992,-0.050992,56,_1704_,_1679_,0.799462,1.100538,22,_1704_,advance_sign_byte,0.623301,1.276699,21,current_presence_byte[6],advance_sign_byte,1.950992,512.56,reg2reg,no
bitcos_stream5_direct,map_sized,1950,1.950,856,1101.506,55,292.600,808.906,1.873472,0.076528,58,current_presence_byte[6],_1681_,2.021719,-0.071719,60,_1706_,_1681_,0.776726,1.173274,27,_1706_,advance_sign_byte,0.628479,1.321521,25,current_presence_byte[6],advance_sign_byte,2.021719,494.63,reg2reg,no
bitcos_stream5_direct,map_sized,2000,2.000,857,1101.240,55,292.600,808.640,1.895190,0.104810,63,current_presence_byte[6],_1683_,2.043437,-0.043437,65,_1708_,_1683_,0.808659,1.191341,27,_1708_,advance_sign_byte,0.660412,1.339588,25,current_presence_byte[6],advance_sign_byte,2.043437,489.37,reg2reg,no
bitcos_stream5_direct,map_sized,2050,2.050,857,1101.240,55,292.600,808.640,1.895190,0.154810,63,current_presence_byte[6],_1683_,2.043437,0.006563,65,_1708_,_1683_,0.808659,1.241341,27,_1708_,advance_sign_byte,0.660412,1.389588,25,current_presence_byte[6],advance_sign_byte,2.043437,489.37,reg2reg,yes
bitcos_stream5_direct,map_sized,2100,2.100,857,1101.240,55,292.600,808.640,1.895190,0.204810,63,current_presence_byte[6],_1683_,2.043437,0.056563,65,_1708_,_1683_,0.808659,1.291341,27,_1708_,advance_sign_byte,0.660412,1.439588,25,current_presence_byte[6],advance_sign_byte,2.043437,489.37,reg2reg,yes
bitcos_stream5_direct,map_sized,2150,2.150,857,1101.240,55,292.600,808.640,1.895190,0.254810,63,current_presence_byte[6],_1683_,2.043437,0.106563,65,_1708_,_1683_,0.808659,1.341341,27,_1708_,advance_sign_byte,0.660412,1.489588,25,current_presence_byte[6],advance_sign_byte,2.043437,489.37,reg2reg,yes
bitcos_stream5_direct,map_sized,2200,2.200,857,1101.240,55,292.600,808.640,1.895190,0.304810,63,current_presence_byte[6],_1683_,2.043437,0.156563,65,_1708_,_1683_,0.808659,1.391341,27,_1708_,advance_sign_byte,0.660412,1.539588,25,current_presence_byte[6],advance_sign_byte,2.043437,489.37,reg2reg,yes
bitcos_stream5_direct,map_sized,2250,2.250,857,1101.240,55,292.600,808.640,1.895190,0.354810,63,current_presence_byte[6],_1683_,2.043437,0.206563,65,_1708_,_1683_,0.808659,1.441341,27,_1708_,advance_sign_byte,0.660412,1.589588,25,current_presence_byte[6],advance_sign_byte,2.043437,489.37,reg2reg,yes
bitcos_stream5_direct,map_sized,2300,2.300,857,1101.240,55,292.600,808.640,1.895190,0.404810,63,current_presence_byte[6],_1683_,2.043437,0.256563,65,_1708_,_1683_,0.808659,1.491341,27,_1708_,advance_sign_byte,0.660412,1.639588,25,current_presence_byte[6],advance_sign_byte,2.043437,489.37,reg2reg,yes
bitcos_stream5_direct,map_sized,2350,2.350,857,1101.240,55,292.600,808.640,1.895190,0.454810,63,current_presence_byte[6],_1683_,2.043437,0.306563,65,_1708_,_1683_,0.808659,1.541341,27,_1708_,advance_sign_byte,0.660412,1.689588,25,current_presence_byte[6],advance_sign_byte,2.043437,489.37,reg2reg,yes
bitcos_stream5_direct,map_sized,2400,2.400,857,1101.240,55,292.600,808.640,1.895190,0.504810,63,current_presence_byte[6],_1683_,2.043437,0.356563,65,_1708_,_1683_,0.808659,1.591341,27,_1708_,advance_sign_byte,0.660412,1.739588,25,current_presence_byte[6],advance_sign_byte,2.043437,489.37,reg2reg,yes
bitcos_stream5_direct,map_sized,2450,2.450,857,1101.240,55,292.600,808.640,1.895190,0.554810,63,current_presence_byte[6],_1683_,2.043437,0.406563,65,_1708_,_1683_,0.808659,1.641341,27,_1708_,advance_sign_byte,0.660412,1.789588,25,current_presence_byte[6],advance_sign_byte,2.043437,489.37,reg2reg,yes
bitcos_stream5_direct,map_sized,2500,2.500,857,1101.240,55,292.600,808.640,1.895190,0.604810,63,current_presence_byte[6],_1683_,2.043437,0.456563,65,_1708_,_1683_,0.808659,1.691341,27,_1708_,advance_sign_byte,0.660412,1.839588,25,current_presence_byte[6],advance_sign_byte,2.043437,489.37,reg2reg,yes
bitcos_stream5_direct,map_sized,2550,2.550,857,1101.240,55,292.600,808.640,1.895190,0.654810,63,current_presence_byte[6],_1683_,2.043437,0.506563,65,_1708_,_1683_,0.808659,1.741341,27,_1708_,advance_sign_byte,0.660412,1.889588,25,current_presence_byte[6],advance_sign_byte,2.043437,489.37,reg2reg,yes
bitcos_stream5_direct,map_sized,2600,2.600,857,1101.240,55,292.600,808.640,1.895190,0.704810,63,current_presence_byte[6],_1683_,2.043437,0.556563,65,_1708_,_1683_,0.808659,1.791341,27,_1708_,advance_sign_byte,0.660412,1.939588,25,current_presence_byte[6],advance_sign_byte,2.043437,489.37,reg2reg,yes
bitcos_stream5_direct,map_sized,2650,2.650,857,1101.240,55,292.600,808.640,1.895190,0.754810,63,current_presence_byte[6],_1683_,2.043436,0.606564,65,_1708_,_1683_,0.808659,1.841341,27,_1708_,advance_sign_byte,0.660412,1.989588,25,current_presence_byte[6],advance_sign_byte,2.043436,489.37,reg2reg,yes
bitcos_stream5_direct,map_sized,2700,2.700,857,1101.240,55,292.600,808.640,1.895190,0.804810,63,current_presence_byte[6],_1683_,2.043437,0.656563,65,_1708_,_1683_,0.808659,1.891341,27,_1708_,advance_sign_byte,0.660412,2.039588,25,current_presence_byte[6],advance_sign_byte,2.043437,489.37,reg2reg,yes
bitcos_stream5_direct,map_sized,2750,2.750,857,1101.240,55,292.600,808.640,1.895190,0.854810,63,current_presence_byte[6],_1683_,2.043437,0.706563,65,_1708_,_1683_,0.808659,1.941341,27,_1708_,advance_sign_byte,0.660412,2.089588,25,current_presence_byte[6],advance_sign_byte,2.043437,489.37,reg2reg,yes
bitcos_stream5_direct,map_sized,2800,2.800,857,1101.240,55,292.600,808.640,1.895190,0.904810,63,current_presence_byte[6],_1683_,2.043437,0.756563,65,_1708_,_1683_,0.808659,1.991341,27,_1708_,advance_sign_byte,0.660412,2.139588,25,current_presence_byte[6],advance_sign_byte,2.043437,489.37,reg2reg,yes
bitcos_stream5_direct,map_sized,2850,2.850,857,1101.240,55,292.600,808.640,1.895190,0.954810,63,current_presence_byte[6],_1683_,2.043437,0.806563,65,_1708_,_1683_,0.808659,2.041341,27,_1708_,advance_sign_byte,0.660412,2.189588,25,current_presence_byte[6],advance_sign_byte,2.043437,489.37,reg2reg,yes
bitcos_stream5_direct,map_sized,2900,2.900,857,1101.240,55,292.600,808.640,1.895190,1.004810,63,current_presence_byte[6],_1683_,2.043436,0.856564,65,_1708_,_1683_,0.808659,2.091341,27,_1708_,advance_sign_byte,0.660412,2.239588,25,current_presence_byte[6],advance_sign_byte,2.043436,489.37,reg2reg,yes
bitcos_stream5_direct,map_sized,2950,2.950,857,1101.240,55,292.600,808.640,1.895190,1.054810,63,current_presence_byte[6],_1683_,2.043436,0.906564,65,_1708_,_1683_,0.808659,2.141341,27,_1708_,advance_sign_byte,0.660412,2.289588,25,current_presence_byte[6],advance_sign_byte,2.043436,489.37,reg2reg,yes
bitcos_stream5_direct,map_sized,3000,3.000,857,1101.240,55,292.600,808.640,1.895190,1.104810,63,current_presence_byte[6],_1683_,2.043437,0.956563,65,_1708_,_1683_,0.808659,2.191341,27,_1708_,advance_sign_byte,0.660412,2.339588,25,current_presence_byte[6],advance_sign_byte,2.043437,489.37,reg2reg,yes
bitcos_stream5_direct,nf_sized,900,0.900,781,1231.048,55,292.600,938.448,1.526158,-0.626158,37,next_presence_byte[0],_1555_,1.664611,-0.764611,39,_1504_,_1555_,0.717134,0.182866,15,_1556_,advance_sign_byte,0.583626,0.316374,12,next_presence_byte[0],advance_sign_byte,1.664611,600.74,reg2reg,no
bitcos_stream5_direct,nf_sized,950,0.950,781,1231.048,55,292.600,938.448,1.526158,-0.576158,37,next_presence_byte[0],_1555_,1.664611,-0.714611,39,_1504_,_1555_,0.717134,0.232866,15,_1556_,advance_sign_byte,0.583626,0.366374,12,next_presence_byte[0],advance_sign_byte,1.664611,600.74,reg2reg,no
bitcos_stream5_direct,nf_sized,1000,1.000,781,1231.048,55,292.600,938.448,1.526158,-0.526158,37,next_presence_byte[0],_1555_,1.664611,-0.664611,39,_1504_,_1555_,0.717134,0.282866,15,_1556_,advance_sign_byte,0.583626,0.416374,12,next_presence_byte[0],advance_sign_byte,1.664611,600.74,reg2reg,no
bitcos_stream5_direct,nf_sized,1050,1.050,781,1231.048,55,292.600,938.448,1.526158,-0.476158,37,next_presence_byte[0],_1555_,1.664611,-0.614611,39,_1504_,_1555_,0.717134,0.332866,15,_1556_,advance_sign_byte,0.583626,0.466374,12,next_presence_byte[0],advance_sign_byte,1.664611,600.74,reg2reg,no
bitcos_stream5_direct,nf_sized,1100,1.100,781,1231.048,55,292.600,938.448,1.526158,-0.426158,37,next_presence_byte[0],_1555_,1.664611,-0.564611,39,_1504_,_1555_,0.717134,0.382866,15,_1556_,advance_sign_byte,0.583626,0.516374,12,next_presence_byte[0],advance_sign_byte,1.664611,600.74,reg2reg,no
bitcos_stream5_direct,nf_sized,1150,1.150,781,1231.048,55,292.600,938.448,1.526158,-0.376158,37,next_presence_byte[0],_1555_,1.664611,-0.514611,39,_1504_,_1555_,0.717134,0.432866,15,_1556_,advance_sign_byte,0.583626,0.566374,12,next_presence_byte[0],advance_sign_byte,1.664611,600.74,reg2reg,no
bitcos_stream5_direct,nf_sized,1200,1.200,781,1231.048,55,292.600,938.448,1.526158,-0.326158,37,next_presence_byte[0],_1555_,1.664611,-0.464611,39,_1504_,_1555_,0.717134,0.482866,15,_1556_,advance_sign_byte,0.583626,0.616374,12,next_presence_byte[0],advance_sign_byte,1.664611,600.74,reg2reg,no
bitcos_stream5_direct,nf_sized,1250,1.250,781,1231.048,55,292.600,938.448,1.526158,-0.276158,37,next_presence_byte[0],_1555_,1.664611,-0.414611,39,_1504_,_1555_,0.717134,0.532866,15,_1556_,advance_sign_byte,0.583626,0.666374,12,next_presence_byte[0],advance_sign_byte,1.664611,600.74,reg2reg,no
bitcos_stream5_direct,nf_sized,1300,1.300,781,1231.048,55,292.600,938.448,1.526158,-0.226158,37,next_presence_byte[0],_1555_,1.664611,-0.364611,39,_1504_,_1555_,0.717134,0.582866,15,_1556_,advance_sign_byte,0.583626,0.716374,12,next_presence_byte[0],advance_sign_byte,1.664611,600.74,reg2reg,no
bitcos_stream5_direct,nf_sized,1350,1.350,781,1231.048,55,292.600,938.448,1.526158,-0.176158,37,next_presence_byte[0],_1555_,1.664611,-0.314611,39,_1504_,_1555_,0.717134,0.632866,15,_1556_,advance_sign_byte,0.583626,0.766374,12,next_presence_byte[0],advance_sign_byte,1.664611,600.74,reg2reg,no
bitcos_stream5_direct,nf_sized,1400,1.400,781,1231.048,55,292.600,938.448,1.526158,-0.126158,37,next_presence_byte[0],_1555_,1.664611,-0.264611,39,_1504_,_1555_,0.717134,0.682866,15,_1556_,advance_sign_byte,0.583626,0.816374,12,next_presence_byte[0],advance_sign_byte,1.664611,600.74,reg2reg,no
bitcos_stream5_direct,nf_sized,1450,1.450,781,1231.048,55,292.600,938.448,1.526158,-0.076158,37,next_presence_byte[0],_1555_,1.664611,-0.214611,39,_1504_,_1555_,0.717134,0.732866,15,_1556_,advance_sign_byte,0.583626,0.866374,12,next_presence_byte[0],advance_sign_byte,1.664611,600.74,reg2reg,no
bitcos_stream5_direct,nf_sized,1500,1.500,781,1231.048,55,292.600,938.448,1.526158,-0.026158,37,next_presence_byte[0],_1555_,1.664611,-0.164611,39,_1504_,_1555_,0.717134,0.782866,15,_1556_,advance_sign_byte,0.583626,0.916374,12,next_presence_byte[0],advance_sign_byte,1.664611,600.74,reg2reg,no
bitcos_stream5_direct,nf_sized,1550,1.550,781,1220.142,55,292.600,927.542,1.548849,0.001151,37,next_presence_byte[0],_1555_,1.685687,-0.135687,40,_1556_,_1555_,0.721628,0.828372,15,_1556_,advance_sign_byte,0.584791,0.965209,12,next_presence_byte[0],advance_sign_byte,1.685687,593.23,reg2reg,no
bitcos_stream5_direct,nf_sized,1600,1.600,781,1156.302,55,292.600,863.702,1.580122,0.019878,36,current_presence_byte[7],_1554_,1.722354,-0.122354,38,_1504_,_1554_,0.724209,0.875791,15,_1556_,advance_sign_byte,0.584790,1.015210,12,next_presence_byte[0],advance_sign_byte,1.722354,580.60,reg2reg,no
bitcos_stream5_direct,nf_sized,1650,1.650,781,1135.022,55,292.600,842.422,1.616325,0.033675,37,current_presence_byte[7],_1555_,1.759683,-0.109683,40,_1556_,_1555_,0.731323,0.918677,15,_1556_,advance_sign_byte,0.584790,1.065210,12,next_presence_byte[0],advance_sign_byte,1.759683,568.28,reg2reg,no
bitcos_stream5_direct,nf_sized,1700,1.700,781,1126.776,55,292.600,834.176,1.656057,0.043943,37,next_presence_byte[0],_1555_,1.802590,-0.102590,40,_1556_,_1555_,0.743822,0.956178,15,_1556_,advance_sign_byte,0.597289,1.102711,12,next_presence_byte[0],advance_sign_byte,1.802590,554.76,reg2reg,no
bitcos_stream5_direct,nf_sized,1750,1.750,781,1120.658,55,292.600,828.058,1.704812,0.045188,37,next_presence_byte[0],_1555_,1.851306,-0.101306,40,_1556_,_1555_,0.752007,0.997993,15,_1556_,advance_sign_byte,0.605513,1.144487,12,next_presence_byte[0],advance_sign_byte,1.851306,540.16,reg2reg,no
bitcos_stream5_direct,nf_sized,1800,1.800,781,1117.466,55,292.600,824.866,1.737086,0.062914,37,next_presence_byte[0],_1555_,1.893725,-0.093725,40,_1556_,_1555_,0.783666,1.016334,15,_1556_,advance_sign_byte,0.627026,1.172974,12,next_presence_byte[0],advance_sign_byte,1.893725,528.06,reg2reg,no
bitcos_stream5_direct,nf_sized,1850,1.850,781,1116.934,55,292.600,824.334,1.737086,0.112914,37,next_presence_byte[0],_1555_,1.931359,-0.081359,40,_1556_,_1555_,0.821300,1.028700,15,_1556_,advance_sign_byte,0.627026,1.222974,12,next_presence_byte[0],advance_sign_byte,1.931359,517.77,reg2reg,no
bitcos_stream5_direct,nf_sized,1900,1.900,781,1116.934,55,292.600,824.334,1.737086,0.162914,37,next_presence_byte[0],_1555_,1.931359,-0.031359,40,_1556_,_1555_,0.821299,1.078701,15,_1556_,advance_sign_byte,0.627026,1.272974,12,next_presence_byte[0],advance_sign_byte,1.931359,517.77,reg2reg,no
bitcos_stream5_direct,nf_sized,1950,1.950,781,1116.934,55,292.600,824.334,1.737086,0.212914,37,next_presence_byte[0],_1555_,1.931359,0.018641,40,_1556_,_1555_,0.821300,1.128700,15,_1556_,advance_sign_byte,0.627026,1.322974,12,next_presence_byte[0],advance_sign_byte,1.931359,517.77,reg2reg,yes
bitcos_stream5_direct,nf_sized,2000,2.000,781,1116.934,55,292.600,824.334,1.737086,0.262914,37,next_presence_byte[0],_1555_,1.931359,0.068641,40,_1556_,_1555_,0.821300,1.178700,15,_1556_,advance_sign_byte,0.627026,1.372974,12,next_presence_byte[0],advance_sign_byte,1.931359,517.77,reg2reg,yes
bitcos_stream5_direct,nf_sized,2050,2.050,781,1116.934,55,292.600,824.334,1.737086,0.312914,37,next_presence_byte[0],_1555_,1.931359,0.118641,40,_1556_,_1555_,0.821299,1.228701,15,_1556_,advance_sign_byte,0.627026,1.422974,12,next_presence_byte[0],advance_sign_byte,1.931359,517.77,reg2reg,yes
bitcos_stream5_direct,nf_sized,2100,2.100,781,1116.934,55,292.600,824.334,1.737086,0.362914,37,next_presence_byte[0],_1555_,1.931359,0.168641,40,_1556_,_1555_,0.821300,1.278700,15,_1556_,advance_sign_byte,0.627026,1.472974,12,next_presence_byte[0],advance_sign_byte,1.931359,517.77,reg2reg,yes
bitcos_stream5_direct,nf_sized,2150,2.150,781,1116.934,55,292.600,824.334,1.737086,0.412914,37,next_presence_byte[0],_1555_,1.931359,0.218641,40,_1556_,_1555_,0.821299,1.328701,15,_1556_,advance_sign_byte,0.627026,1.522974,12,next_presence_byte[0],advance_sign_byte,1.931359,517.77,reg2reg,yes
bitcos_stream5_direct,nf_sized,2200,2.200,781,1116.934,55,292.600,824.334,1.737086,0.462914,37,next_presence_byte[0],_1555_,1.931359,0.268641,40,_1556_,_1555_,0.821300,1.378700,15,_1556_,advance_sign_byte,0.627026,1.572974,12,next_presence_byte[0],advance_sign_byte,1.931359,517.77,reg2reg,yes
bitcos_stream5_direct,nf_sized,2250,2.250,781,1116.934,55,292.600,824.334,1.737086,0.512914,37,next_presence_byte[0],_1555_,1.931359,0.318641,40,_1556_,_1555_,0.821299,1.428701,15,_1556_,advance_sign_byte,0.627026,1.622974,12,next_presence_byte[0],advance_sign_byte,1.931359,517.77,reg2reg,yes
bitcos_stream5_direct,nf_sized,2300,2.300,781,1116.934,55,292.600,824.334,1.737086,0.562914,37,next_presence_byte[0],_1555_,1.931359,0.368641,40,_1556_,_1555_,0.821299,1.478701,15,_1556_,advance_sign_byte,0.627026,1.672974,12,next_presence_byte[0],advance_sign_byte,1.931359,517.77,reg2reg,yes
bitcos_stream5_direct,nf_sized,2350,2.350,781,1116.934,55,292.600,824.334,1.737086,0.612914,37,next_presence_byte[0],_1555_,1.931359,0.418641,40,_1556_,_1555_,0.821299,1.528701,15,_1556_,advance_sign_byte,0.627026,1.722974,12,next_presence_byte[0],advance_sign_byte,1.931359,517.77,reg2reg,yes
bitcos_stream5_direct,nf_sized,2400,2.400,781,1116.934,55,292.600,824.334,1.737086,0.662914,37,next_presence_byte[0],_1555_,1.931359,0.468641,40,_1556_,_1555_,0.821299,1.578701,15,_1556_,advance_sign_byte,0.627026,1.772974,12,next_presence_byte[0],advance_sign_byte,1.931359,517.77,reg2reg,yes
bitcos_stream5_direct,nf_sized,2450,2.450,781,1116.934,55,292.600,824.334,1.737086,0.712914,37,next_presence_byte[0],_1555_,1.931359,0.518641,40,_1556_,_1555_,0.821300,1.628700,15,_1556_,advance_sign_byte,0.627026,1.822974,12,next_presence_byte[0],advance_sign_byte,1.931359,517.77,reg2reg,yes
bitcos_stream5_direct,nf_sized,2500,2.500,781,1116.934,55,292.600,824.334,1.737086,0.762914,37,next_presence_byte[0],_1555_,1.931359,0.568641,40,_1556_,_1555_,0.821299,1.678701,15,_1556_,advance_sign_byte,0.627026,1.872974,12,next_presence_byte[0],advance_sign_byte,1.931359,517.77,reg2reg,yes
bitcos_stream5_direct,nf_sized,2550,2.550,781,1116.934,55,292.600,824.334,1.737086,0.812914,37,next_presence_byte[0],_1555_,1.931359,0.618641,40,_1556_,_1555_,0.821299,1.728701,15,_1556_,advance_sign_byte,0.627026,1.922974,12,next_presence_byte[0],advance_sign_byte,1.931359,517.77,reg2reg,yes
bitcos_stream5_direct,nf_sized,2600,2.600,781,1116.934,55,292.600,824.334,1.737086,0.862914,37,next_presence_byte[0],_1555_,1.931359,0.668641,40,_1556_,_1555_,0.821299,1.778701,15,_1556_,advance_sign_byte,0.627026,1.972974,12,next_presence_byte[0],advance_sign_byte,1.931359,517.77,reg2reg,yes
bitcos_stream5_direct,nf_sized,2650,2.650,781,1116.934,55,292.600,824.334,1.737086,0.912914,37,next_presence_byte[0],_1555_,1.931359,0.718641,40,_1556_,_1555_,0.821299,1.828701,15,_1556_,advance_sign_byte,0.627026,2.022974,12,next_presence_byte[0],advance_sign_byte,1.931359,517.77,reg2reg,yes
bitcos_stream5_direct,nf_sized,2700,2.700,781,1116.934,55,292.600,824.334,1.737086,0.962914,37,next_presence_byte[0],_1555_,1.931359,0.768641,40,_1556_,_1555_,0.821299,1.878701,15,_1556_,advance_sign_byte,0.627026,2.072974,12,next_presence_byte[0],advance_sign_byte,1.931359,517.77,reg2reg,yes
bitcos_stream5_direct,nf_sized,2750,2.750,781,1116.934,55,292.600,824.334,1.737086,1.012914,37,next_presence_byte[0],_1555_,1.931359,0.818641,40,_1556_,_1555_,0.821299,1.928701,15,_1556_,advance_sign_byte,0.627026,2.122974,12,next_presence_byte[0],advance_sign_byte,1.931359,517.77,reg2reg,yes
bitcos_stream5_direct,nf_sized,2800,2.800,781,1116.934,55,292.600,824.334,1.737086,1.062914,37,next_presence_byte[0],_1555_,1.931359,0.868641,40,_1556_,_1555_,0.821299,1.978701,15,_1556_,advance_sign_byte,0.627026,2.172974,12,next_presence_byte[0],advance_sign_byte,1.931359,517.77,reg2reg,yes
bitcos_stream5_direct,nf_sized,2850,2.850,781,1116.934,55,292.600,824.334,1.737086,1.112914,37,next_presence_byte[0],_1555_,1.931359,0.918641,40,_1556_,_1555_,0.821299,2.028701,15,_1556_,advance_sign_byte,0.627026,2.222974,12,next_presence_byte[0],advance_sign_byte,1.931359,517.77,reg2reg,yes
bitcos_stream5_direct,nf_sized,2900,2.900,781,1116.934,55,292.600,824.334,1.737086,1.162914,37,next_presence_byte[0],_1555_,1.931359,0.968641,40,_1556_,_1555_,0.821299,2.078701,15,_1556_,advance_sign_byte,0.627026,2.272974,12,next_presence_byte[0],advance_sign_byte,1.931359,517.77,reg2reg,yes
bitcos_stream5_direct,nf_sized,2950,2.950,781,1116.934,55,292.600,824.334,1.737086,1.212914,37,next_presence_byte[0],_1555_,1.931359,1.018641,40,_1556_,_1555_,0.821300,2.128700,15,_1556_,advance_sign_byte,0.627026,2.322974,12,next_presence_byte[0],advance_sign_byte,1.931359,517.77,reg2reg,yes
bitcos_stream5_direct,nf_sized,3000,3.000,781,1116.934,55,292.600,824.334,1.737086,1.262914,37,next_presence_byte[0],_1555_,1.931359,1.068641,40,_1556_,_1555_,0.821300,2.178700,15,_1556_,advance_sign_byte,0.627026,2.372974,12,next_presence_byte[0],advance_sign_byte,1.931359,517.77,reg2reg,yes
bitcos_stream5_directiso,default,,5.000,748,1088.738,55,292.600,796.138,2.022796,2.977204,38,current_presence_byte[7],_1465_,2.172689,2.827311,39,_1490_,_1465_,0.799085,4.200915,13,_1490_,advance_sign_byte,0.649192,4.350808,12,current_presence_byte[7],advance_sign_byte,2.172689,460.26,reg2reg,yes
bitcos_stream5_directiso,map_sized,900,0.900,1118,1467.256,55,292.600,1174.656,1.235940,-0.335940,39,current_presence_byte[4],_2203_,1.362518,-0.462518,41,_2230_,_2203_,0.625698,0.274302,19,_2230_,advance_sign_byte,0.494179,0.405821,16,current_presence_byte[6],advance_sign_byte,1.362518,733.94,reg2reg,no
bitcos_stream5_directiso,map_sized,950,0.950,1118,1467.256,55,292.600,1174.656,1.235940,-0.285940,39,current_presence_byte[4],_2203_,1.362518,-0.412518,41,_2230_,_2203_,0.625698,0.324302,19,_2230_,advance_sign_byte,0.494179,0.455821,16,current_presence_byte[6],advance_sign_byte,1.362518,733.94,reg2reg,no
bitcos_stream5_directiso,map_sized,1000,1.000,1118,1467.256,55,292.600,1174.656,1.235940,-0.235940,39,current_presence_byte[4],_2203_,1.362518,-0.362518,41,_2230_,_2203_,0.625698,0.374302,19,_2230_,advance_sign_byte,0.494179,0.505821,16,current_presence_byte[6],advance_sign_byte,1.362518,733.94,reg2reg,no
bitcos_stream5_directiso,map_sized,1050,1.050,1118,1467.256,55,292.600,1174.656,1.235940,-0.185940,39,current_presence_byte[4],_2203_,1.362518,-0.312518,41,_2230_,_2203_,0.625698,0.424302,19,_2230_,advance_sign_byte,0.494179,0.555821,16,current_presence_byte[6],advance_sign_byte,1.362518,733.94,reg2reg,no
bitcos_stream5_directiso,map_sized,1100,1.100,1118,1467.256,55,292.600,1174.656,1.235940,-0.135940,39,current_presence_byte[4],_2203_,1.362518,-0.262518,41,_2230_,_2203_,0.625698,0.474302,19,_2230_,advance_sign_byte,0.494179,0.605821,16,current_presence_byte[6],advance_sign_byte,1.362518,733.94,reg2reg,no
bitcos_stream5_directiso,map_sized,1150,1.150,1118,1467.256,55,292.600,1174.656,1.235940,-0.085940,39,current_presence_byte[4],_2203_,1.362518,-0.212518,41,_2230_,_2203_,0.625698,0.524302,19,_2230_,advance_sign_byte,0.494179,0.655821,16,current_presence_byte[6],advance_sign_byte,1.362518,733.94,reg2reg,no
bitcos_stream5_directiso,map_sized,1200,1.200,1101,1405.810,55,292.600,1113.210,1.261077,-0.061077,39,current_presence_byte[3],_2171_,1.384087,-0.184087,43,_2196_,_2171_,0.640225,0.559775,19,_2196_,advance_sign_byte,0.508556,0.691444,15,current_presence_byte[4],advance_sign_byte,1.384087,722.50,reg2reg,no
bitcos_stream5_directiso,map_sized,1250,1.250,1059,1379.210,55,292.600,1086.610,1.265125,-0.015125,40,current_presence_byte[6],_2087_,1.384611,-0.134611,42,_2112_,_2087_,0.644975,0.605025,20,_2112_,advance_sign_byte,0.529620,0.720380,17,current_presence_byte[6],advance_sign_byte,1.384611,722.22,reg2reg,no
bitcos_stream5_directiso,map_sized,1300,1.300,1008,1286.908,55,292.600,994.308,1.309165,-0.009165,44,current_presence_byte[6],_1985_,1.424001,-0.124001,44,_2010_,_1985_,0.655583,0.644417,19,_2010_,advance_sign_byte,0.536122,0.763878,17,current_presence_byte[6],advance_sign_byte,1.424001,702.25,reg2reg,no
bitcos_stream5_directiso,map_sized,1350,1.350,1000,1236.102,55,292.600,943.502,1.359580,-0.009580,44,current_presence_byte[6],_1969_,1.475230,-0.125230,45,_1994_,_1969_,0.665875,0.684125,20,_1994_,advance_sign_byte,0.548599,0.801401,17,current_presence_byte[6],advance_sign_byte,1.475230,677.86,reg2reg,no
bitcos_stream5_directiso,map_sized,1400,1.400,1005,1237.432,55,292.600,944.832,1.416285,-0.016285,44,current_presence_byte[6],_2003_,1.536586,-0.136586,47,_2004_,_2003_,0.686828,0.713172,22,_2004_,advance_sign_byte,0.566527,0.833473,19,current_presence_byte[6],advance_sign_byte,1.536586,650.79,reg2reg,no
bitcos_stream5_directiso,map_sized,1450,1.450,985,1194.872,55,292.600,902.272,1.462119,-0.012119,45,current_presence_byte[6],_1939_,1.583322,-0.133322,47,_1964_,_1939_,0.692004,0.757996,22,_1964_,advance_sign_byte,0.570801,0.879199,20,current_presence_byte[6],advance_sign_byte,1.583322,631.58,reg2reg,no
bitcos_stream5_directiso,map_sized,1500,1.500,954,1168.538,55,292.600,875.938,1.501627,-0.001627,51,current_presence_byte[6],_1877_,1.621525,-0.121525,53,_1902_,_1877_,0.694509,0.805491,22,_1902_,advance_sign_byte,0.577030,0.922970,19,current_presence_byte[6],advance_sign_byte,1.621525,616.70,reg2reg,no
bitcos_stream5_directiso,map_sized,1550,1.550,925,1148.854,55,292.600,856.254,1.542663,0.007337,45,current_presence_byte[6],_1819_,1.671986,-0.121986,47,_1844_,_1819_,0.704113,0.845887,22,_1844_,advance_sign_byte,0.576778,0.973222,19,current_presence_byte[6],advance_sign_byte,1.671986,598.09,reg2reg,no
bitcos_stream5_directiso,map_sized,1600,1.600,896,1131.032,55,292.600,838.432,1.577683,0.022317,50,current_presence_byte[6],_1785_,1.698081,-0.098081,49,_1786_,_1785_,0.691966,0.908034,22,_1786_,advance_sign_byte,0.567345,1.032655,19,current_presence_byte[6],advance_sign_byte,1.698081,588.90,reg2reg,no
bitcos_stream5_directiso,map_sized,1650,1.650,889,1119.062,55,292.600,826.462,1.622489,0.027511,48,current_presence_byte[6],_1747_,1.747452,-0.097452,51,_1772_,_1747_,0.691959,0.958041,22,_1772_,advance_sign_byte,0.567080,1.082920,19,current_presence_byte[6],advance_sign_byte,1.747452,572.26,reg2reg,no
bitcos_stream5_directiso,map_sized,1700,1.700,876,1107.092,55,292.600,814.492,1.669350,0.030650,48,current_presence_byte[6],_1745_,1.796713,-0.096713,52,_1746_,_1745_,0.694251,1.005749,23,_1746_,advance_sign_byte,0.567080,1.132920,19,current_presence_byte[6],advance_sign_byte,1.796713,556.57,reg2reg,no
bitcos_stream5_directiso,map_sized,1750,1.750,871,1103.634,55,292.600,811.034,1.710337,0.039663,53,current_presence_byte[6],_1735_,1.829757,-0.079757,55,_1736_,_1735_,0.705351,1.044649,22,_1736_,advance_sign_byte,0.585931,1.164069,20,current_presence_byte[6],advance_sign_byte,1.829757,546.52,reg2reg,no
bitcos_stream5_directiso,map_sized,1800,1.800,860,1095.122,55,292.600,802.522,1.762847,0.037153,53,current_presence_byte[6],_1689_,1.897098,-0.097098,55,_1714_,_1689_,0.758210,1.041790,22,_1714_,advance_sign_byte,0.623959,1.176041,20,current_presence_byte[6],advance_sign_byte,1.897098,527.12,reg2reg,no
bitcos_stream5_directiso,map_sized,1850,1.850,846,1098.846,55,292.600,806.246,1.795859,0.054141,57,current_presence_byte[6],_1661_,1.938009,-0.088009,60,_1686_,_1661_,0.766109,1.083891,23,_1686_,advance_sign_byte,0.623959,1.226041,20,current_presence_byte[6],advance_sign_byte,1.938009,515.99,reg2reg,no
bitcos_stream5_directiso,map_sized,1900,1.900,846,1099.910,55,292.600,807.310,1.792936,0.107064,57,current_presence_byte[6],_1661_,1.935086,-0.035086,60,_1686_,_1661_,0.766109,1.133891,23,_1686_,advance_sign_byte,0.623959,1.276041,20,current_presence_byte[6],advance_sign_byte,1.935086,516.77,reg2reg,no
bitcos_stream5_directiso,map_sized,1950,1.950,837,1095.654,55,292.600,803.054,1.890567,0.059433,60,current_presence_byte[7],_1643_,2.038665,-0.088665,62,_1668_,_1643_,0.811778,1.138222,23,_1668_,advance_sign_byte,0.663680,1.286320,21,current_presence_byte[7],advance_sign_byte,2.038665,490.52,reg2reg,no
bitcos_stream5_directiso,map_sized,2000,2.000,841,1097.516,55,292.600,804.916,1.872513,0.127487,61,current_presence_byte[7],_1651_,2.028235,-0.028235,63,_1676_,_1651_,0.804181,1.195819,23,_1676_,advance_sign_byte,0.648460,1.351540,21,current_presence_byte[7],advance_sign_byte,2.028235,493.04,reg2reg,no
bitcos_stream5_directiso,map_sized,2050,2.050,845,1098.846,55,292.600,806.246,1.896956,0.153044,64,current_presence_byte[6],_1659_,2.031487,0.018513,65,_1684_,_1659_,0.803702,1.246298,26,_1684_,advance_sign_byte,0.669171,1.380829,25,current_presence_byte[6],advance_sign_byte,2.031487,492.25,reg2reg,yes
bitcos_stream5_directiso,map_sized,2100,2.100,845,1098.846,55,292.600,806.246,1.896956,0.203044,64,current_presence_byte[6],_1659_,2.031487,0.068513,65,_1684_,_1659_,0.803702,1.296298,26,_1684_,advance_sign_byte,0.669171,1.430829,25,current_presence_byte[6],advance_sign_byte,2.031487,492.25,reg2reg,yes
bitcos_stream5_directiso,map_sized,2150,2.150,845,1098.846,55,292.600,806.246,1.896956,0.253044,64,current_presence_byte[6],_1659_,2.031487,0.118513,65,_1684_,_1659_,0.803702,1.346298,26,_1684_,advance_sign_byte,0.669171,1.480829,25,current_presence_byte[6],advance_sign_byte,2.031487,492.25,reg2reg,yes
bitcos_stream5_directiso,map_sized,2200,2.200,845,1098.846,55,292.600,806.246,1.896956,0.303044,64,current_presence_byte[6],_1659_,2.031487,0.168513,65,_1684_,_1659_,0.803702,1.396298,26,_1684_,advance_sign_byte,0.669171,1.530829,25,current_presence_byte[6],advance_sign_byte,2.031487,492.25,reg2reg,yes
bitcos_stream5_directiso,map_sized,2250,2.250,845,1098.846,55,292.600,806.246,1.896956,0.353044,64,current_presence_byte[6],_1659_,2.031487,0.218513,65,_1684_,_1659_,0.803702,1.446298,26,_1684_,advance_sign_byte,0.669171,1.580829,25,current_presence_byte[6],advance_sign_byte,2.031487,492.25,reg2reg,yes
bitcos_stream5_directiso,map_sized,2300,2.300,845,1098.846,55,292.600,806.246,1.896956,0.403044,64,current_presence_byte[6],_1659_,2.031487,0.268513,65,_1684_,_1659_,0.803702,1.496298,26,_1684_,advance_sign_byte,0.669171,1.630829,25,current_presence_byte[6],advance_sign_byte,2.031487,492.25,reg2reg,yes
bitcos_stream5_directiso,map_sized,2350,2.350,845,1098.846,55,292.600,806.246,1.896956,0.453044,64,current_presence_byte[6],_1659_,2.031487,0.318513,65,_1684_,_1659_,0.803702,1.546298,26,_1684_,advance_sign_byte,0.669171,1.680829,25,current_presence_byte[6],advance_sign_byte,2.031487,492.25,reg2reg,yes
bitcos_stream5_directiso,map_sized,2400,2.400,845,1098.846,55,292.600,806.246,1.896956,0.503044,64,current_presence_byte[6],_1659_,2.031487,0.368513,65,_1684_,_1659_,0.803702,1.596298,26,_1684_,advance_sign_byte,0.669171,1.730829,25,current_presence_byte[6],advance_sign_byte,2.031487,492.25,reg2reg,yes
bitcos_stream5_directiso,map_sized,2450,2.450,845,1098.846,55,292.600,806.246,1.896956,0.553044,64,current_presence_byte[6],_1659_,2.031487,0.418513,65,_1684_,_1659_,0.803702,1.646298,26,_1684_,advance_sign_byte,0.669171,1.780829,25,current_presence_byte[6],advance_sign_byte,2.031487,492.25,reg2reg,yes
bitcos_stream5_directiso,map_sized,2500,2.500,845,1098.846,55,292.600,806.246,1.896956,0.603044,64,current_presence_byte[6],_1659_,2.031487,0.468513,65,_1684_,_1659_,0.803702,1.696298,26,_1684_,advance_sign_byte,0.669171,1.830829,25,current_presence_byte[6],advance_sign_byte,2.031487,492.25,reg2reg,yes
bitcos_stream5_directiso,map_sized,2550,2.550,845,1098.846,55,292.600,806.246,1.896956,0.653044,64,current_presence_byte[6],_1659_,2.031487,0.518513,65,_1684_,_1659_,0.803702,1.746298,26,_1684_,advance_sign_byte,0.669171,1.880829,25,current_presence_byte[6],advance_sign_byte,2.031487,492.25,reg2reg,yes
bitcos_stream5_directiso,map_sized,2600,2.600,845,1098.846,55,292.600,806.246,1.896956,0.703044,64,current_presence_byte[6],_1659_,2.031487,0.568513,65,_1684_,_1659_,0.803702,1.796298,26,_1684_,advance_sign_byte,0.669171,1.930829,25,current_presence_byte[6],advance_sign_byte,2.031487,492.25,reg2reg,yes
bitcos_stream5_directiso,map_sized,2650,2.650,845,1098.846,55,292.600,806.246,1.896956,0.753044,64,current_presence_byte[6],_1659_,2.031487,0.618513,65,_1684_,_1659_,0.803702,1.846298,26,_1684_,advance_sign_byte,0.669171,1.980829,25,current_presence_byte[6],advance_sign_byte,2.031487,492.25,reg2reg,yes
bitcos_stream5_directiso,map_sized,2700,2.700,845,1098.846,55,292.600,806.246,1.896956,0.803044,64,current_presence_byte[6],_1659_,2.031487,0.668513,65,_1684_,_1659_,0.803702,1.896298,26,_1684_,advance_sign_byte,0.669171,2.030829,25,current_presence_byte[6],advance_sign_byte,2.031487,492.25,reg2reg,yes
bitcos_stream5_directiso,map_sized,2750,2.750,845,1098.846,55,292.600,806.246,1.896956,0.853044,64,current_presence_byte[6],_1659_,2.031487,0.718513,65,_1684_,_1659_,0.803702,1.946298,26,_1684_,advance_sign_byte,0.669171,2.080829,25,current_presence_byte[6],advance_sign_byte,2.031487,492.25,reg2reg,yes
bitcos_stream5_directiso,map_sized,2800,2.800,845,1098.846,55,292.600,806.246,1.896956,0.903044,64,current_presence_byte[6],_1659_,2.031487,0.768513,65,_1684_,_1659_,0.803702,1.996298,26,_1684_,advance_sign_byte,0.669171,2.130829,25,current_presence_byte[6],advance_sign_byte,2.031487,492.25,reg2reg,yes
bitcos_stream5_directiso,map_sized,2850,2.850,845,1098.846,55,292.600,806.246,1.896956,0.953044,64,current_presence_byte[6],_1659_,2.031487,0.818513,65,_1684_,_1659_,0.803702,2.046298,26,_1684_,advance_sign_byte,0.669171,2.180829,25,current_presence_byte[6],advance_sign_byte,2.031487,492.25,reg2reg,yes
bitcos_stream5_directiso,map_sized,2900,2.900,845,1098.846,55,292.600,806.246,1.896956,1.003044,64,current_presence_byte[6],_1659_,2.031487,0.868513,65,_1684_,_1659_,0.803702,2.096298,26,_1684_,advance_sign_byte,0.669171,2.230829,25,current_presence_byte[6],advance_sign_byte,2.031487,492.25,reg2reg,yes
bitcos_stream5_directiso,map_sized,2950,2.950,845,1098.846,55,292.600,806.246,1.896956,1.053044,64,current_presence_byte[6],_1659_,2.031487,0.918513,65,_1684_,_1659_,0.803702,2.146298,26,_1684_,advance_sign_byte,0.669171,2.280829,25,current_presence_byte[6],advance_sign_byte,2.031487,492.25,reg2reg,yes
bitcos_stream5_directiso,map_sized,3000,3.000,845,1098.846,55,292.600,806.246,1.896956,1.103044,64,current_presence_byte[6],_1659_,2.031488,0.968512,65,_1684_,_1659_,0.803702,2.196298,26,_1684_,advance_sign_byte,0.669171,2.330829,25,current_presence_byte[6],advance_sign_byte,2.031488,492.25,reg2reg,yes
bitcos_stream5_directiso,nf_sized,900,0.900,773,1176.784,55,292.600,884.184,1.677826,-0.777826,37,current_presence_byte[7],_1538_,1.800873,-0.900873,40,_1540_,_1538_,0.722887,0.177113,15,_1540_,advance_sign_byte,0.599840,0.300160,12,current_presence_byte[7],advance_sign_byte,1.800873,555.29,reg2reg,no
bitcos_stream5_directiso,nf_sized,950,0.950,773,1176.784,55,292.600,884.184,1.677826,-0.727826,37,current_presence_byte[7],_1538_,1.800873,-0.850873,40,_1540_,_1538_,0.722887,0.227113,15,_1540_,advance_sign_byte,0.599840,0.350160,12,current_presence_byte[7],advance_sign_byte,1.800873,555.29,reg2reg,no
bitcos_stream5_directiso,nf_sized,1000,1.000,773,1176.784,55,292.600,884.184,1.677826,-0.677826,37,current_presence_byte[7],_1538_,1.800873,-0.800873,40,_1540_,_1538_,0.722887,0.277113,15,_1540_,advance_sign_byte,0.599840,0.400160,12,current_presence_byte[7],advance_sign_byte,1.800873,555.29,reg2reg,no
bitcos_stream5_directiso,nf_sized,1050,1.050,773,1176.784,55,292.600,884.184,1.677826,-0.627826,37,current_presence_byte[7],_1538_,1.800873,-0.750873,40,_1540_,_1538_,0.722887,0.327113,15,_1540_,advance_sign_byte,0.599840,0.450160,12,current_presence_byte[7],advance_sign_byte,1.800873,555.29,reg2reg,no
bitcos_stream5_directiso,nf_sized,1100,1.100,773,1176.784,55,292.600,884.184,1.677826,-0.577826,37,current_presence_byte[7],_1538_,1.800873,-0.700873,40,_1540_,_1538_,0.722887,0.377113,15,_1540_,advance_sign_byte,0.599840,0.500160,12,current_presence_byte[7],advance_sign_byte,1.800873,555.29,reg2reg,no
bitcos_stream5_directiso,nf_sized,1150,1.150,773,1176.784,55,292.600,884.184,1.677826,-0.527826,37,current_presence_byte[7],_1538_,1.800873,-0.650873,40,_1540_,_1538_,0.722887,0.427113,15,_1540_,advance_sign_byte,0.599840,0.550160,12,current_presence_byte[7],advance_sign_byte,1.800873,555.29,reg2reg,no
bitcos_stream5_directiso,nf_sized,1200,1.200,773,1176.784,55,292.600,884.184,1.677826,-0.477826,37,current_presence_byte[7],_1538_,1.800873,-0.600873,40,_1540_,_1538_,0.722887,0.477113,15,_1540_,advance_sign_byte,0.599840,0.600160,12,current_presence_byte[7],advance_sign_byte,1.800873,555.29,reg2reg,no
bitcos_stream5_directiso,nf_sized,1250,1.250,773,1176.784,55,292.600,884.184,1.677826,-0.427826,37,current_presence_byte[7],_1538_,1.800873,-0.550873,40,_1540_,_1538_,0.722887,0.527113,15,_1540_,advance_sign_byte,0.599840,0.650160,12,current_presence_byte[7],advance_sign_byte,1.800873,555.29,reg2reg,no
bitcos_stream5_directiso,nf_sized,1300,1.300,773,1176.784,55,292.600,884.184,1.677826,-0.377826,37,current_presence_byte[7],_1538_,1.800873,-0.500873,40,_1540_,_1538_,0.722887,0.577113,15,_1540_,advance_sign_byte,0.599840,0.700160,12,current_presence_byte[7],advance_sign_byte,1.800873,555.29,reg2reg,no
bitcos_stream5_directiso,nf_sized,1350,1.350,773,1176.784,55,292.600,884.184,1.677826,-0.327826,37,current_presence_byte[7],_1538_,1.800873,-0.450873,40,_1540_,_1538_,0.722887,0.627113,15,_1540_,advance_sign_byte,0.599840,0.750160,12,current_presence_byte[7],advance_sign_byte,1.800873,555.29,reg2reg,no
bitcos_stream5_directiso,nf_sized,1400,1.400,773,1176.784,55,292.600,884.184,1.677826,-0.277826,37,current_presence_byte[7],_1538_,1.800873,-0.400873,40,_1540_,_1538_,0.722887,0.677113,15,_1540_,advance_sign_byte,0.599840,0.800160,12,current_presence_byte[7],advance_sign_byte,1.800873,555.29,reg2reg,no
bitcos_stream5_directiso,nf_sized,1450,1.450,773,1176.784,55,292.600,884.184,1.677826,-0.227826,37,current_presence_byte[7],_1538_,1.800873,-0.350873,40,_1540_,_1538_,0.722887,0.727113,15,_1540_,advance_sign_byte,0.599840,0.850160,12,current_presence_byte[7],advance_sign_byte,1.800873,555.29,reg2reg,no
bitcos_stream5_directiso,nf_sized,1500,1.500,773,1176.784,55,292.600,884.184,1.677826,-0.177826,37,current_presence_byte[7],_1538_,1.800873,-0.300873,40,_1540_,_1538_,0.722887,0.777113,15,_1540_,advance_sign_byte,0.599840,0.900160,12,current_presence_byte[7],advance_sign_byte,1.800873,555.29,reg2reg,no
bitcos_stream5_directiso,nf_sized,1550,1.550,773,1176.784,55,292.600,884.184,1.677826,-0.127826,37,current_presence_byte[7],_1538_,1.800873,-0.250873,40,_1540_,_1538_,0.722887,0.827113,15,_1540_,advance_sign_byte,0.599840,0.950160,12,current_presence_byte[7],advance_sign_byte,1.800873,555.29,reg2reg,no
bitcos_stream5_directiso,nf_sized,1600,1.600,773,1176.784,55,292.600,884.184,1.677826,-0.077826,37,current_presence_byte[7],_1538_,1.800873,-0.200873,40,_1540_,_1538_,0.722887,0.877113,15,_1540_,advance_sign_byte,0.599840,1.000160,12,current_presence_byte[7],advance_sign_byte,1.800873,555.29,reg2reg,no
bitcos_stream5_directiso,nf_sized,1650,1.650,773,1196.202,55,292.600,903.602,1.715541,-0.065541,38,current_presence_byte[7],_1539_,1.838723,-0.188723,41,_1540_,_1539_,0.723886,0.926114,15,_1540_,advance_sign_byte,0.600704,1.049296,12,current_presence_byte[7],advance_sign_byte,1.838723,543.86,reg2reg,no
bitcos_stream5_directiso,nf_sized,1700,1.700,773,1133.692,55,292.600,841.092,1.712503,-0.012503,38,current_presence_byte[7],_1539_,1.838613,-0.138613,41,_1540_,_1539_,0.725555,0.974445,15,_1540_,advance_sign_byte,0.599444,1.100556,12,current_presence_byte[7],advance_sign_byte,1.838613,543.89,reg2reg,no
bitcos_stream5_directiso,nf_sized,1750,1.750,773,1121.190,55,292.600,828.590,1.758821,-0.008821,38,current_presence_byte[7],_1539_,1.884932,-0.134932,41,_1540_,_1539_,0.725555,1.024445,15,_1540_,advance_sign_byte,0.599444,1.150556,12,current_presence_byte[7],advance_sign_byte,1.884932,530.52,reg2reg,no
bitcos_stream5_directiso,nf_sized,1800,1.800,773,1112.412,55,292.600,819.812,1.801700,-0.001700,38,current_presence_byte[7],_1539_,1.935679,-0.135679,41,_1540_,_1539_,0.749660,1.050340,15,_1540_,advance_sign_byte,0.615681,1.184319,12,current_presence_byte[7],advance_sign_byte,1.935679,516.61,reg2reg,no
bitcos_stream5_directiso,nf_sized,1850,1.850,773,1110.018,55,292.600,817.418,1.793975,0.056025,38,current_presence_byte[7],_1539_,1.935180,-0.085180,41,_1540_,_1539_,0.755921,1.094079,15,_1540_,advance_sign_byte,0.614716,1.235284,12,current_presence_byte[7],advance_sign_byte,1.935180,516.75,reg2reg,no
bitcos_stream5_directiso,nf_sized,1900,1.900,773,1108.954,55,292.600,816.354,1.793975,0.106025,38,current_presence_byte[7],_1539_,1.961674,-0.061674,41,_1540_,_1539_,0.782414,1.117586,15,_1540_,advance_sign_byte,0.614716,1.285284,12,current_presence_byte[7],advance_sign_byte,1.961674,509.77,reg2reg,no
bitcos_stream5_directiso,nf_sized,1950,1.950,773,1108.688,55,292.600,816.088,1.793975,0.156025,38,current_presence_byte[7],_1539_,1.982008,-0.032008,41,_1540_,_1539_,0.802749,1.147251,15,_1540_,advance_sign_byte,0.614716,1.335284,12,current_presence_byte[7],advance_sign_byte,1.982008,504.54,reg2reg,no
bitcos_stream5_directiso,nf_sized,2000,2.000,773,1108.688,55,292.600,816.088,1.793975,0.206025,38,current_presence_byte[7],_1539_,1.982008,0.017992,41,_1540_,_1539_,0.802749,1.197251,15,_1540_,advance_sign_byte,0.614716,1.385284,12,current_presence_byte[7],advance_sign_byte,1.982008,504.54,reg2reg,yes
bitcos_stream5_directiso,nf_sized,2050,2.050,773,1108.688,55,292.600,816.088,1.793975,0.256025,38,current_presence_byte[7],_1539_,1.982008,0.067992,41,_1540_,_1539_,0.802749,1.247251,15,_1540_,advance_sign_byte,0.614716,1.435284,12,current_presence_byte[7],advance_sign_byte,1.982008,504.54,reg2reg,yes
bitcos_stream5_directiso,nf_sized,2100,2.100,773,1108.688,55,292.600,816.088,1.793975,0.306025,38,current_presence_byte[7],_1539_,1.982008,0.117992,41,_1540_,_1539_,0.802749,1.297251,15,_1540_,advance_sign_byte,0.614716,1.485284,12,current_presence_byte[7],advance_sign_byte,1.982008,504.54,reg2reg,yes
bitcos_stream5_directiso,nf_sized,2150,2.150,773,1108.688,55,292.600,816.088,1.793975,0.356025,38,current_presence_byte[7],_1539_,1.982008,0.167992,41,_1540_,_1539_,0.802749,1.347251,15,_1540_,advance_sign_byte,0.614716,1.535284,12,current_presence_byte[7],advance_sign_byte,1.982008,504.54,reg2reg,yes
bitcos_stream5_directiso,nf_sized,2200,2.200,773,1108.688,55,292.600,816.088,1.793975,0.406025,38,current_presence_byte[7],_1539_,1.982008,0.217992,41,_1540_,_1539_,0.802749,1.397251,15,_1540_,advance_sign_byte,0.614716,1.585284,12,current_presence_byte[7],advance_sign_byte,1.982008,504.54,reg2reg,yes
bitcos_stream5_directiso,nf_sized,2250,2.250,773,1108.688,55,292.600,816.088,1.793975,0.456025,38,current_presence_byte[7],_1539_,1.982008,0.267992,41,_1540_,_1539_,0.802749,1.447251,15,_1540_,advance_sign_byte,0.614716,1.635284,12,current_presence_byte[7],advance_sign_byte,1.982008,504.54,reg2reg,yes
bitcos_stream5_directiso,nf_sized,2300,2.300,773,1108.688,55,292.600,816.088,1.793975,0.506025,38,current_presence_byte[7],_1539_,1.982008,0.317992,41,_1540_,_1539_,0.802749,1.497251,15,_1540_,advance_sign_byte,0.614716,1.685284,12,current_presence_byte[7],advance_sign_byte,1.982008,504.54,reg2reg,yes
bitcos_stream5_directiso,nf_sized,2350,2.350,773,1108.688,55,292.600,816.088,1.793975,0.556025,38,current_presence_byte[7],_1539_,1.982008,0.367992,41,_1540_,_1539_,0.802749,1.547251,15,_1540_,advance_sign_byte,0.614716,1.735284,12,current_presence_byte[7],advance_sign_byte,1.982008,504.54,reg2reg,yes
bitcos_stream5_directiso,nf_sized,2400,2.400,773,1108.688,55,292.600,816.088,1.793975,0.606025,38,current_presence_byte[7],_1539_,1.982008,0.417992,41,_1540_,_1539_,0.802749,1.597251,15,_1540_,advance_sign_byte,0.614716,1.785284,12,current_presence_byte[7],advance_sign_byte,1.982008,504.54,reg2reg,yes
bitcos_stream5_directiso,nf_sized,2450,2.450,773,1108.688,55,292.600,816.088,1.793975,0.656025,38,current_presence_byte[7],_1539_,1.982008,0.467992,41,_1540_,_1539_,0.802749,1.647251,15,_1540_,advance_sign_byte,0.614716,1.835284,12,current_presence_byte[7],advance_sign_byte,1.982008,504.54,reg2reg,yes
bitcos_stream5_directiso,nf_sized,2500,2.500,773,1108.688,55,292.600,816.088,1.793975,0.706025,38,current_presence_byte[7],_1539_,1.982008,0.517992,41,_1540_,_1539_,0.802749,1.697251,15,_1540_,advance_sign_byte,0.614716,1.885284,12,current_presence_byte[7],advance_sign_byte,1.982008,504.54,reg2reg,yes
bitcos_stream5_directiso,nf_sized,2550,2.550,773,1108.688,55,292.600,816.088,1.793975,0.756025,38,current_presence_byte[7],_1539_,1.982008,0.567992,41,_1540_,_1539_,0.802749,1.747251,15,_1540_,advance_sign_byte,0.614716,1.935284,12,current_presence_byte[7],advance_sign_byte,1.982008,504.54,reg2reg,yes
bitcos_stream5_directiso,nf_sized,2600,2.600,773,1108.688,55,292.600,816.088,1.793975,0.806025,38,current_presence_byte[7],_1539_,1.982008,0.617992,41,_1540_,_1539_,0.802749,1.797251,15,_1540_,advance_sign_byte,0.614716,1.985284,12,current_presence_byte[7],advance_sign_byte,1.982008,504.54,reg2reg,yes
bitcos_stream5_directiso,nf_sized,2650,2.650,773,1108.688,55,292.600,816.088,1.793975,0.856025,38,current_presence_byte[7],_1539_,1.982008,0.667992,41,_1540_,_1539_,0.802749,1.847251,15,_1540_,advance_sign_byte,0.614715,2.035285,12,current_presence_byte[7],advance_sign_byte,1.982008,504.54,reg2reg,yes
bitcos_stream5_directiso,nf_sized,2700,2.700,773,1108.688,55,292.600,816.088,1.793975,0.906025,38,current_presence_byte[7],_1539_,1.982008,0.717992,41,_1540_,_1539_,0.802749,1.897251,15,_1540_,advance_sign_byte,0.614716,2.085284,12,current_presence_byte[7],advance_sign_byte,1.982008,504.54,reg2reg,yes
bitcos_stream5_directiso,nf_sized,2750,2.750,773,1108.688,55,292.600,816.088,1.793975,0.956025,38,current_presence_byte[7],_1539_,1.982008,0.767992,41,_1540_,_1539_,0.802749,1.947251,15,_1540_,advance_sign_byte,0.614716,2.135284,12,current_presence_byte[7],advance_sign_byte,1.982008,504.54,reg2reg,yes
bitcos_stream5_directiso,nf_sized,2800,2.800,773,1108.688,55,292.600,816.088,1.793975,1.006025,38,current_presence_byte[7],_1539_,1.982008,0.817992,41,_1540_,_1539_,0.802749,1.997251,15,_1540_,advance_sign_byte,0.614716,2.185284,12,current_presence_byte[7],advance_sign_byte,1.982008,504.54,reg2reg,yes
bitcos_stream5_directiso,nf_sized,2850,2.850,773,1108.688,55,292.600,816.088,1.793975,1.056025,38,current_presence_byte[7],_1539_,1.982008,0.867992,41,_1540_,_1539_,0.802749,2.047251,15,_1540_,advance_sign_byte,0.614715,2.235285,12,current_presence_byte[7],advance_sign_byte,1.982008,504.54,reg2reg,yes
bitcos_stream5_directiso,nf_sized,2900,2.900,773,1108.688,55,292.600,816.088,1.793975,1.106025,38,current_presence_byte[7],_1539_,1.982008,0.917992,41,_1540_,_1539_,0.802749,2.097251,15,_1540_,advance_sign_byte,0.614715,2.285285,12,current_presence_byte[7],advance_sign_byte,1.982008,504.54,reg2reg,yes
bitcos_stream5_directiso,nf_sized,2950,2.950,773,1108.688,55,292.600,816.088,1.793975,1.156025,38,current_presence_byte[7],_1539_,1.982008,0.967992,41,_1540_,_1539_,0.802749,2.147251,15,_1540_,advance_sign_byte,0.614716,2.335284,12,current_presence_byte[7],advance_sign_byte,1.982008,504.54,reg2reg,yes
bitcos_stream5_directiso,nf_sized,3000,3.000,773,1108.688,55,292.600,816.088,1.793975,1.206025,38,current_presence_byte[7],_1539_,1.982008,1.017992,41,_1540_,_1539_,0.802749,2.197251,15,_1540_,advance_sign_byte,0.614716,2.385284,12,current_presence_byte[7],advance_sign_byte,1.982008,504.54,reg2reg,yes
bitcos_stream5_fed,default,,5.000,966,1545.726,104,514.976,1030.750,2.024578,2.975422,37,presence_rd_data[0],_1861_,2.182567,2.817433,38,_1794_,_1861_,0.930713,4.069287,16,_1794_,sign_rd_en,0.772724,4.227276,15,presence_rd_data[0],sign_rd_en,2.182567,458.18,reg2reg,yes
bitcos_stream5_fed,map_sized,900,0.900,1419,1895.516,104,514.976,1380.540,1.232001,-0.332001,35,presence_rd_data[0],_2765_,1.352293,-0.452293,42,_2700_,_2765_,0.740567,0.159433,21,_2700_,sign_rd_en,0.621390,0.278610,18,presence_rd_data[0],sign_rd_en,1.352293,739.48,reg2reg,no
bitcos_stream5_fed,map_sized,950,0.950,1419,1895.516,104,514.976,1380.540,1.232001,-0.282001,35,presence_rd_data[0],_2765_,1.352293,-0.402293,42,_2700_,_2765_,0.740567,0.209433,21,_2700_,sign_rd_en,0.621390,0.328610,18,presence_rd_data[0],sign_rd_en,1.352293,739.48,reg2reg,no
bitcos_stream5_fed,map_sized,1000,1.000,1419,1895.516,104,514.976,1380.540,1.232001,-0.232001,35,presence_rd_data[0],_2765_,1.352293,-0.352293,42,_2700_,_2765_,0.740567,0.259433,21,_2700_,sign_rd_en,0.621390,0.378610,18,presence_rd_data[0],sign_rd_en,1.352293,739.48,reg2reg,no
bitcos_stream5_fed,map_sized,1050,1.050,1419,1895.516,104,514.976,1380.540,1.232001,-0.182001,35,presence_rd_data[0],_2765_,1.352293,-0.302293,42,_2700_,_2765_,0.740567,0.309433,21,_2700_,sign_rd_en,0.621390,0.428610,18,presence_rd_data[0],sign_rd_en,1.352293,739.48,reg2reg,no
bitcos_stream5_fed,map_sized,1100,1.100,1419,1895.516,104,514.976,1380.540,1.232001,-0.132001,35,presence_rd_data[0],_2765_,1.352293,-0.252293,42,_2700_,_2765_,0.740567,0.359433,21,_2700_,sign_rd_en,0.621390,0.478610,18,presence_rd_data[0],sign_rd_en,1.352293,739.48,reg2reg,no
bitcos_stream5_fed,map_sized,1150,1.150,1419,1895.516,104,514.976,1380.540,1.232001,-0.082001,35,presence_rd_data[0],_2765_,1.352293,-0.202293,42,_2700_,_2765_,0.740567,0.409433,21,_2700_,sign_rd_en,0.621390,0.528610,18,presence_rd_data[0],sign_rd_en,1.352293,739.48,reg2reg,no
bitcos_stream5_fed,map_sized,1200,1.200,1375,1831.144,104,514.976,1316.168,1.251303,-0.051303,41,presence_rd_data[0],_2679_,1.381155,-0.181155,43,_2612_,_2679_,0.738027,0.461973,21,_2612_,sign_rd_en,0.609806,0.590194,21,presence_rd_data[1],sign_rd_en,1.381155,724.03,reg2reg,no
bitcos_stream5_fed,map_sized,1250,1.250,1355,1850.828,104,514.976,1335.852,1.244719,0.005281,45,presence_rd_data[1],_2639_,1.380126,-0.130126,43,_2640_,_2639_,0.769931,0.480069,24,_2572_,sign_rd_en,0.649021,0.600979,21,presence_rd_data[1],sign_rd_en,1.380126,724.57,reg2reg,no
bitcos_stream5_fed,map_sized,1300,1.300,1333,1804.012,104,514.976,1289.036,1.298538,0.001462,46,presence_rd_data[1],_2622_,1.429503,-0.129503,47,_2528_,_2622_,0.765070,0.534930,25,_2528_,sign_rd_en,0.628853,0.671147,23,presence_rd_data[0],sign_rd_en,1.429503,699.54,reg2reg,no
bitcos_stream5_fed,map_sized,1350,1.350,1318,1732.724,104,514.976,1217.748,1.333419,0.016581,49,presence_rd_data[1],_2565_,1.471859,-0.121859,50,_2498_,_2565_,0.807316,0.542684,27,_2498_,sign_rd_en,0.668876,0.681124,26,presence_rd_data[1],sign_rd_en,1.471859,679.41,reg2reg,no
bitcos_stream5_fed,map_sized,1400,1.400,1298,1700.538,104,514.976,1185.562,1.413207,-0.013207,49,presence_rd_data[1],_2523_,1.527602,-0.127602,49,_2458_,_2523_,0.810471,0.589529,26,_2458_,sign_rd_en,0.696075,0.703925,26,presence_rd_data[1],sign_rd_en,1.527602,654.62,reg2reg,no
bitcos_stream5_fed,map_sized,1450,1.450,1287,1658.510,104,514.976,1143.534,1.442092,0.007908,52,presence_rd_data[1],_2530_,1.562462,-0.112462,54,_2436_,_2530_,0.814658,0.635342,28,_2436_,sign_rd_en,0.694288,0.755712,26,presence_rd_data[1],sign_rd_en,1.562462,640.02,reg2reg,no
bitcos_stream5_fed,map_sized,1500,1.500,1244,1624.994,104,514.976,1110.018,1.480649,0.019351,52,presence_rd_data[1],_2444_,1.599841,-0.099841,54,_2350_,_2444_,0.797726,0.702274,28,_2350_,sign_rd_en,0.678535,0.821465,26,presence_rd_data[1],sign_rd_en,1.599841,625.06,reg2reg,no
bitcos_stream5_fed,map_sized,1550,1.550,1219,1611.162,104,514.976,1096.186,1.529041,0.020959,52,presence_rd_data[1],_2394_,1.653589,-0.103589,54,_2300_,_2394_,0.803083,0.746917,28,_2300_,sign_rd_en,0.678534,0.871466,26,presence_rd_data[1],sign_rd_en,1.653589,604.75,reg2reg,no
bitcos_stream5_fed,map_sized,1600,1.600,1211,1605.842,104,514.976,1090.866,1.602110,-0.002110,55,presence_rd_data[1],_2351_,1.748653,-0.148653,55,_2284_,_2351_,0.815011,0.784989,26,_2284_,sign_rd_en,0.671266,0.928734,26,presence_rd_data[1],sign_rd_en,1.748653,571.87,reg2reg,no
bitcos_stream5_fed,map_sized,1650,1.650,1208,1596.000,104,514.976,1081.024,1.626563,0.023437,55,presence_rd_data[1],_2345_,1.745245,-0.095245,57,_2278_,_2345_,0.813165,0.836835,28,_2278_,sign_rd_en,0.694484,0.955516,26,presence_rd_data[1],sign_rd_en,1.745245,572.99,reg2reg,no
bitcos_stream5_fed,map_sized,1700,1.700,1199,1586.956,104,514.976,1071.980,1.656171,0.043829,54,presence_rd_data[1],_2327_,1.806701,-0.106701,55,_2260_,_2327_,0.846031,0.853969,27,_2260_,sign_rd_en,0.695500,1.004500,26,presence_rd_data[1],sign_rd_en,1.806701,553.50,reg2reg,no
bitcos_stream5_fed,map_sized,1750,1.750,1193,1580.040,104,514.976,1065.064,1.691686,0.058314,57,presence_rd_data[1],_2342_,1.849478,-0.099478,58,_2248_,_2342_,0.816144,0.933856,23,_2248_,sign_rd_en,0.661044,1.088956,24,presence_rd_data[1],sign_rd_en,1.849478,540.69,reg2reg,no
bitcos_stream5_fed,map_sized,1800,1.800,1192,1577.380,104,514.976,1062.404,1.743987,0.056013,56,presence_rd_data[0],_2313_,1.914017,-0.114017,58,_2246_,_2313_,0.867705,0.932295,27,_2246_,sign_rd_en,0.697674,1.102326,25,presence_rd_data[0],sign_rd_en,1.914017,522.46,reg2reg,no
bitcos_stream5_fed,map_sized,1850,1.850,1190,1577.380,104,514.976,1062.404,1.756244,0.093756,57,presence_rd_data[1],_2336_,1.951978,-0.101978,58,_2242_,_2336_,0.854054,0.995946,23,_2242_,sign_rd_en,0.661013,1.188987,24,presence_rd_data[1],sign_rd_en,1.951978,512.30,reg2reg,no
bitcos_stream5_fed,map_sized,1900,1.900,1166,1578.178,104,514.976,1063.202,1.799114,0.100886,58,presence_rd_data[0],_2261_,1.999294,-0.099294,58,_2194_,_2261_,0.914499,0.985501,27,_2194_,sign_rd_en,0.714320,1.185680,27,presence_rd_data[0],sign_rd_en,1.999294,500.18,reg2reg,no
bitcos_stream5_fed,map_sized,1950,1.950,1164,1576.582,104,514.976,1061.606,1.879964,0.070036,62,presence_rd_data[0],_2257_,2.077237,-0.127237,61,_2190_,_2257_,0.908487,1.041513,28,_2190_,sign_rd_en,0.711215,1.238785,29,presence_rd_data[0],sign_rd_en,2.077237,481.41,reg2reg,no
bitcos_stream5_fed,map_sized,2000,2.000,1168,1576.316,104,514.976,1061.340,1.872731,0.127269,62,presence_rd_data[0],_2265_,2.057867,-0.057867,63,_2198_,_2265_,0.927610,1.072390,30,_2198_,sign_rd_en,0.742474,1.257526,29,presence_rd_data[0],sign_rd_en,2.057867,485.94,reg2reg,no
bitcos_stream5_fed,map_sized,2050,2.050,1167,1575.784,104,514.976,1060.808,1.882020,0.167980,61,presence_rd_data[0],_2263_,2.067156,-0.017156,62,_2196_,_2263_,0.927610,1.122390,30,_2196_,sign_rd_en,0.742474,1.307526,29,presence_rd_data[0],sign_rd_en,2.067156,483.76,reg2reg,no
bitcos_stream5_fed,map_sized,2100,2.100,1167,1575.784,104,514.976,1060.808,1.882020,0.217980,61,presence_rd_data[0],_2263_,2.067156,0.032844,62,_2196_,_2263_,0.927610,1.172390,30,_2196_,sign_rd_en,0.742474,1.357526,29,presence_rd_data[0],sign_rd_en,2.067156,483.76,reg2reg,yes
bitcos_stream5_fed,map_sized,2150,2.150,1167,1575.784,104,514.976,1060.808,1.882020,0.267980,61,presence_rd_data[0],_2263_,2.067156,0.082844,62,_2196_,_2263_,0.927610,1.222390,30,_2196_,sign_rd_en,0.742474,1.407526,29,presence_rd_data[0],sign_rd_en,2.067156,483.76,reg2reg,yes
bitcos_stream5_fed,map_sized,2200,2.200,1167,1575.784,104,514.976,1060.808,1.882020,0.317980,61,presence_rd_data[0],_2263_,2.067156,0.132844,62,_2196_,_2263_,0.927610,1.272390,30,_2196_,sign_rd_en,0.742474,1.457526,29,presence_rd_data[0],sign_rd_en,2.067156,483.76,reg2reg,yes
bitcos_stream5_fed,map_sized,2250,2.250,1167,1575.784,104,514.976,1060.808,1.882020,0.367980,61,presence_rd_data[0],_2263_,2.067156,0.182844,62,_2196_,_2263_,0.927610,1.322390,30,_2196_,sign_rd_en,0.742474,1.507526,29,presence_rd_data[0],sign_rd_en,2.067156,483.76,reg2reg,yes
bitcos_stream5_fed,map_sized,2300,2.300,1167,1575.784,104,514.976,1060.808,1.882020,0.417980,61,presence_rd_data[0],_2263_,2.067156,0.232844,62,_2196_,_2263_,0.927610,1.372390,30,_2196_,sign_rd_en,0.742474,1.557526,29,presence_rd_data[0],sign_rd_en,2.067156,483.76,reg2reg,yes
bitcos_stream5_fed,map_sized,2350,2.350,1167,1575.784,104,514.976,1060.808,1.882020,0.467980,61,presence_rd_data[0],_2263_,2.067156,0.282844,62,_2196_,_2263_,0.927610,1.422390,30,_2196_,sign_rd_en,0.742474,1.607526,29,presence_rd_data[0],sign_rd_en,2.067156,483.76,reg2reg,yes
bitcos_stream5_fed,map_sized,2400,2.400,1167,1575.784,104,514.976,1060.808,1.882020,0.517980,61,presence_rd_data[0],_2263_,2.067156,0.332844,62,_2196_,_2263_,0.927610,1.472390,30,_2196_,sign_rd_en,0.742474,1.657526,29,presence_rd_data[0],sign_rd_en,2.067156,483.76,reg2reg,yes
bitcos_stream5_fed,map_sized,2450,2.450,1167,1575.784,104,514.976,1060.808,1.882020,0.567980,61,presence_rd_data[0],_2263_,2.067156,0.382844,62,_2196_,_2263_,0.927610,1.522390,30,_2196_,sign_rd_en,0.742474,1.707526,29,presence_rd_data[0],sign_rd_en,2.067156,483.76,reg2reg,yes
bitcos_stream5_fed,map_sized,2500,2.500,1167,1575.784,104,514.976,1060.808,1.882020,0.617980,61,presence_rd_data[0],_2263_,2.067156,0.432844,62,_2196_,_2263_,0.927610,1.572390,30,_2196_,sign_rd_en,0.742474,1.757526,29,presence_rd_data[0],sign_rd_en,2.067156,483.76,reg2reg,yes
bitcos_stream5_fed,map_sized,2550,2.550,1167,1575.784,104,514.976,1060.808,1.882020,0.667980,61,presence_rd_data[0],_2263_,2.067156,0.482844,62,_2196_,_2263_,0.927610,1.622390,30,_2196_,sign_rd_en,0.742474,1.807526,29,presence_rd_data[0],sign_rd_en,2.067156,483.76,reg2reg,yes
bitcos_stream5_fed,map_sized,2600,2.600,1167,1575.784,104,514.976,1060.808,1.882020,0.717980,61,presence_rd_data[0],_2263_,2.067156,0.532844,62,_2196_,_2263_,0.927610,1.672390,30,_2196_,sign_rd_en,0.742474,1.857526,29,presence_rd_data[0],sign_rd_en,2.067156,483.76,reg2reg,yes
bitcos_stream5_fed,map_sized,2650,2.650,1167,1575.784,104,514.976,1060.808,1.882020,0.767980,61,presence_rd_data[0],_2263_,2.067156,0.582844,62,_2196_,_2263_,0.927610,1.722390,30,_2196_,sign_rd_en,0.742474,1.907526,29,presence_rd_data[0],sign_rd_en,2.067156,483.76,reg2reg,yes
bitcos_stream5_fed,map_sized,2700,2.700,1167,1575.784,104,514.976,1060.808,1.882020,0.817980,61,presence_rd_data[0],_2263_,2.067156,0.632844,62,_2196_,_2263_,0.927610,1.772390,30,_2196_,sign_rd_en,0.742474,1.957526,29,presence_rd_data[0],sign_rd_en,2.067156,483.76,reg2reg,yes
bitcos_stream5_fed,map_sized,2750,2.750,1167,1575.784,104,514.976,1060.808,1.882020,0.867980,61,presence_rd_data[0],_2263_,2.067156,0.682844,62,_2196_,_2263_,0.927610,1.822390,30,_2196_,sign_rd_en,0.742474,2.007526,29,presence_rd_data[0],sign_rd_en,2.067156,483.76,reg2reg,yes
bitcos_stream5_fed,map_sized,2800,2.800,1167,1575.784,104,514.976,1060.808,1.882020,0.917980,61,presence_rd_data[0],_2263_,2.067156,0.732844,62,_2196_,_2263_,0.927610,1.872390,30,_2196_,sign_rd_en,0.742474,2.057526,29,presence_rd_data[0],sign_rd_en,2.067156,483.76,reg2reg,yes
bitcos_stream5_fed,map_sized,2850,2.850,1167,1575.784,104,514.976,1060.808,1.882020,0.967980,61,presence_rd_data[0],_2263_,2.067156,0.782844,62,_2196_,_2263_,0.927610,1.922390,30,_2196_,sign_rd_en,0.742474,2.107526,29,presence_rd_data[0],sign_rd_en,2.067156,483.76,reg2reg,yes
bitcos_stream5_fed,map_sized,2900,2.900,1167,1575.784,104,514.976,1060.808,1.882020,1.017980,61,presence_rd_data[0],_2263_,2.067156,0.832844,62,_2196_,_2263_,0.927610,1.972390,30,_2196_,sign_rd_en,0.742474,2.157526,29,presence_rd_data[0],sign_rd_en,2.067156,483.76,reg2reg,yes
bitcos_stream5_fed,map_sized,2950,2.950,1167,1575.784,104,514.976,1060.808,1.882020,1.067980,61,presence_rd_data[0],_2263_,2.067156,0.882844,62,_2196_,_2263_,0.927610,2.022390,30,_2196_,sign_rd_en,0.742474,2.207526,29,presence_rd_data[0],sign_rd_en,2.067156,483.76,reg2reg,yes
bitcos_stream5_fed,map_sized,3000,3.000,1167,1575.784,104,514.976,1060.808,1.882020,1.117980,61,presence_rd_data[0],_2263_,2.067156,0.932844,62,_2196_,_2263_,0.927610,2.072390,30,_2196_,sign_rd_en,0.742475,2.257525,29,presence_rd_data[0],sign_rd_en,2.067156,483.76,reg2reg,yes
bitcos_stream5_fed,nf_sized,900,0.900,1001,1664.628,104,514.976,1149.652,1.544916,-0.644916,37,presence_rd_data[0],_1958_,1.682862,-0.782862,40,_1864_,_1958_,0.868415,0.031585,19,_1864_,sign_rd_en,0.730470,0.169530,16,presence_rd_data[0],sign_rd_en,1.682862,594.23,reg2reg,no
bitcos_stream5_fed,nf_sized,950,0.950,1001,1664.628,104,514.976,1149.652,1.544916,-0.594916,37,presence_rd_data[0],_1958_,1.682862,-0.732862,40,_1864_,_1958_,0.868415,0.081585,19,_1864_,sign_rd_en,0.730470,0.219530,16,presence_rd_data[0],sign_rd_en,1.682862,594.23,reg2reg,no
bitcos_stream5_fed,nf_sized,1000,1.000,1001,1664.628,104,514.976,1149.652,1.544916,-0.544916,37,presence_rd_data[0],_1958_,1.682862,-0.682862,40,_1864_,_1958_,0.868415,0.131585,19,_1864_,sign_rd_en,0.730470,0.269530,16,presence_rd_data[0],sign_rd_en,1.682862,594.23,reg2reg,no
bitcos_stream5_fed,nf_sized,1050,1.050,1001,1664.628,104,514.976,1149.652,1.544916,-0.494916,37,presence_rd_data[0],_1958_,1.682862,-0.632862,40,_1864_,_1958_,0.868415,0.181585,19,_1864_,sign_rd_en,0.730470,0.319530,16,presence_rd_data[0],sign_rd_en,1.682862,594.23,reg2reg,no
bitcos_stream5_fed,nf_sized,1100,1.100,1001,1664.628,104,514.976,1149.652,1.544916,-0.444916,37,presence_rd_data[0],_1958_,1.682862,-0.582862,40,_1864_,_1958_,0.868415,0.231585,19,_1864_,sign_rd_en,0.730470,0.369530,16,presence_rd_data[0],sign_rd_en,1.682862,594.23,reg2reg,no
bitcos_stream5_fed,nf_sized,1150,1.150,1001,1664.628,104,514.976,1149.652,1.544916,-0.394916,37,presence_rd_data[0],_1958_,1.682862,-0.532862,40,_1864_,_1958_,0.868415,0.281585,19,_1864_,sign_rd_en,0.730470,0.419530,16,presence_rd_data[0],sign_rd_en,1.682862,594.23,reg2reg,no
bitcos_stream5_fed,nf_sized,1200,1.200,1001,1664.628,104,514.976,1149.652,1.544916,-0.344916,37,presence_rd_data[0],_1958_,1.682862,-0.482862,40,_1864_,_1958_,0.868415,0.331585,19,_1864_,sign_rd_en,0.730470,0.469530,16,presence_rd_data[0],sign_rd_en,1.682862,594.23,reg2reg,no
bitcos_stream5_fed,nf_sized,1250,1.250,1001,1664.628,104,514.976,1149.652,1.544916,-0.294916,37,presence_rd_data[0],_1958_,1.682862,-0.432862,40,_1864_,_1958_,0.868415,0.381585,19,_1864_,sign_rd_en,0.730470,0.519530,16,presence_rd_data[0],sign_rd_en,1.682862,594.23,reg2reg,no
bitcos_stream5_fed,nf_sized,1300,1.300,1001,1664.628,104,514.976,1149.652,1.544916,-0.244916,37,presence_rd_data[0],_1958_,1.682862,-0.382862,40,_1864_,_1958_,0.868415,0.431585,19,_1864_,sign_rd_en,0.730470,0.569530,16,presence_rd_data[0],sign_rd_en,1.682862,594.23,reg2reg,no
bitcos_stream5_fed,nf_sized,1350,1.350,1001,1664.628,104,514.976,1149.652,1.544916,-0.194916,37,presence_rd_data[0],_1958_,1.682862,-0.332862,40,_1864_,_1958_,0.868415,0.481585,19,_1864_,sign_rd_en,0.730470,0.619530,16,presence_rd_data[0],sign_rd_en,1.682862,594.23,reg2reg,no
bitcos_stream5_fed,nf_sized,1400,1.400,1001,1664.628,104,514.976,1149.652,1.544916,-0.144916,37,presence_rd_data[0],_1958_,1.682862,-0.282862,40,_1864_,_1958_,0.868415,0.531585,19,_1864_,sign_rd_en,0.730470,0.669530,16,presence_rd_data[0],sign_rd_en,1.682862,594.23,reg2reg,no
bitcos_stream5_fed,nf_sized,1450,1.450,1001,1664.628,104,514.976,1149.652,1.544916,-0.094916,37,presence_rd_data[0],_1958_,1.682862,-0.232862,40,_1864_,_1958_,0.868415,0.581585,19,_1864_,sign_rd_en,0.730470,0.719530,16,presence_rd_data[0],sign_rd_en,1.682862,594.23,reg2reg,no
bitcos_stream5_fed,nf_sized,1500,1.500,1001,1664.628,104,514.976,1149.652,1.544916,-0.044916,37,presence_rd_data[0],_1958_,1.682862,-0.182862,40,_1864_,_1958_,0.868415,0.631585,19,_1864_,sign_rd_en,0.730470,0.769530,16,presence_rd_data[0],sign_rd_en,1.682862,594.23,reg2reg,no
bitcos_stream5_fed,nf_sized,1550,1.550,1001,1667.554,104,514.976,1152.578,1.545455,0.004545,37,presence_rd_data[0],_1958_,1.686770,-0.136770,40,_1864_,_1958_,0.871798,0.678202,19,_1864_,sign_rd_en,0.730484,0.819516,16,presence_rd_data[0],sign_rd_en,1.686770,592.85,reg2reg,no
bitcos_stream5_fed,nf_sized,1600,1.600,1001,1617.280,104,514.976,1102.304,1.570530,0.029470,37,presence_rd_data[0],_1958_,1.715060,-0.115060,40,_1864_,_1958_,0.875000,0.725000,19,_1864_,sign_rd_en,0.730470,0.869530,16,presence_rd_data[0],sign_rd_en,1.715060,583.07,reg2reg,no
bitcos_stream5_fed,nf_sized,1650,1.650,1001,1603.714,104,514.976,1088.738,1.615029,0.034971,37,presence_rd_data[0],_1958_,1.759559,-0.109559,40,_1864_,_1958_,0.891710,0.758290,19,_1864_,sign_rd_en,0.747180,0.902820,16,presence_rd_data[0],sign_rd_en,1.759559,568.32,reg2reg,no
bitcos_stream5_fed,nf_sized,1700,1.700,1001,1585.892,104,514.976,1070.916,1.668011,0.031989,36,presence_rd_data[0],_1958_,1.829054,-0.129054,39,_1932_,_1958_,0.910269,0.789731,19,_1864_,sign_rd_en,0.758755,0.941245,16,presence_rd_data[0],sign_rd_en,1.829054,546.73,reg2reg,no
bitcos_stream5_fed,nf_sized,1750,1.750,1001,1580.040,104,514.976,1065.064,1.695178,0.054822,37,presence_rd_data[0],_1958_,1.846692,-0.096692,40,_1864_,_1958_,0.910269,0.839731,19,_1864_,sign_rd_en,0.758755,0.991245,16,presence_rd_data[0],sign_rd_en,1.846692,541.51,reg2reg,no
bitcos_stream5_fed,nf_sized,1800,1.800,1001,1574.720,104,514.976,1059.744,1.699439,0.100561,38,presence_rd_data[0],_1958_,1.877906,-0.077906,41,_1864_,_1958_,0.943631,0.856369,19,_1864_,sign_rd_en,0.765163,1.034837,16,presence_rd_data[0],sign_rd_en,1.877906,532.51,reg2reg,no
bitcos_stream5_fed,nf_sized,1850,1.850,1001,1573.656,104,514.976,1058.680,1.715202,0.134798,38,presence_rd_data[1],_1958_,1.914815,-0.064815,41,_1864_,_1958_,0.986542,0.863458,19,_1864_,sign_rd_en,0.786930,1.063070,16,presence_rd_data[1],sign_rd_en,1.914815,522.24,reg2reg,no
bitcos_stream5_fed,nf_sized,1900,1.900,1001,1573.656,104,514.976,1058.680,1.715202,0.184798,38,presence_rd_data[1],_1958_,1.914815,-0.014815,41,_1864_,_1958_,0.986542,0.913458,19,_1864_,sign_rd_en,0.786930,1.113070,16,presence_rd_data[1],sign_rd_en,1.914815,522.24,reg2reg,no
bitcos_stream5_fed,nf_sized,1950,1.950,1001,1573.656,104,514.976,1058.680,1.715203,0.234797,38,presence_rd_data[1],_1958_,1.914815,0.035185,41,_1864_,_1958_,0.986542,0.963458,19,_1864_,sign_rd_en,0.786930,1.163070,16,presence_rd_data[1],sign_rd_en,1.914815,522.24,reg2reg,yes
bitcos_stream5_fed,nf_sized,2000,2.000,1001,1573.656,104,514.976,1058.680,1.715203,0.284797,38,presence_rd_data[1],_1958_,1.914815,0.085185,41,_1864_,_1958_,0.986542,1.013458,19,_1864_,sign_rd_en,0.786930,1.213070,16,presence_rd_data[1],sign_rd_en,1.914815,522.24,reg2reg,yes
bitcos_stream5_fed,nf_sized,2050,2.050,1001,1573.656,104,514.976,1058.680,1.715203,0.334797,38,presence_rd_data[1],_1958_,1.914815,0.135185,41,_1864_,_1958_,0.986542,1.063458,19,_1864_,sign_rd_en,0.786930,1.263070,16,presence_rd_data[1],sign_rd_en,1.914815,522.24,reg2reg,yes
bitcos_stream5_fed,nf_sized,2100,2.100,1001,1573.656,104,514.976,1058.680,1.715203,0.384797,38,presence_rd_data[1],_1958_,1.914815,0.185185,41,_1864_,_1958_,0.986542,1.113458,19,_1864_,sign_rd_en,0.786930,1.313070,16,presence_rd_data[1],sign_rd_en,1.914815,522.24,reg2reg,yes
bitcos_stream5_fed,nf_sized,2150,2.150,1001,1573.656,104,514.976,1058.680,1.715203,0.434797,38,presence_rd_data[1],_1958_,1.914815,0.235185,41,_1864_,_1958_,0.986542,1.163458,19,_1864_,sign_rd_en,0.786930,1.363070,16,presence_rd_data[1],sign_rd_en,1.914815,522.24,reg2reg,yes
bitcos_stream5_fed,nf_sized,2200,2.200,1001,1573.656,104,514.976,1058.680,1.715203,0.484797,38,presence_rd_data[1],_1958_,1.914815,0.285185,41,_1864_,_1958_,0.986542,1.213458,19,_1864_,sign_rd_en,0.786930,1.413070,16,presence_rd_data[1],sign_rd_en,1.914815,522.24,reg2reg,yes
bitcos_stream5_fed,nf_sized,2250,2.250,1001,1573.656,104,514.976,1058.680,1.715203,0.534797,38,presence_rd_data[1],_1958_,1.914815,0.335185,41,_1864_,_1958_,0.986542,1.263458,19,_1864_,sign_rd_en,0.786930,1.463070,16,presence_rd_data[1],sign_rd_en,1.914815,522.24,reg2reg,yes
bitcos_stream5_fed,nf_sized,2300,2.300,1001,1573.656,104,514.976,1058.680,1.715203,0.584797,38,presence_rd_data[1],_1958_,1.914815,0.385185,41,_1864_,_1958_,0.986542,1.313458,19,_1864_,sign_rd_en,0.786930,1.513070,16,presence_rd_data[1],sign_rd_en,1.914815,522.24,reg2reg,yes
bitcos_stream5_fed,nf_sized,2350,2.350,1001,1573.656,104,514.976,1058.680,1.715203,0.634797,38,presence_rd_data[1],_1958_,1.914815,0.435185,41,_1864_,_1958_,0.986542,1.363458,19,_1864_,sign_rd_en,0.786930,1.563070,16,presence_rd_data[1],sign_rd_en,1.914815,522.24,reg2reg,yes
bitcos_stream5_fed,nf_sized,2400,2.400,1001,1573.656,104,514.976,1058.680,1.715203,0.684797,38,presence_rd_data[1],_1958_,1.914815,0.485185,41,_1864_,_1958_,0.986542,1.413458,19,_1864_,sign_rd_en,0.786930,1.613070,16,presence_rd_data[1],sign_rd_en,1.914815,522.24,reg2reg,yes
bitcos_stream5_fed,nf_sized,2450,2.450,1001,1573.656,104,514.976,1058.680,1.715203,0.734797,38,presence_rd_data[1],_1958_,1.914815,0.535185,41,_1864_,_1958_,0.986542,1.463458,19,_1864_,sign_rd_en,0.786930,1.663070,16,presence_rd_data[1],sign_rd_en,1.914815,522.24,reg2reg,yes
bitcos_stream5_fed,nf_sized,2500,2.500,1001,1573.656,104,514.976,1058.680,1.715203,0.784797,38,presence_rd_data[1],_1958_,1.914815,0.585185,41,_1864_,_1958_,0.986542,1.513458,19,_1864_,sign_rd_en,0.786930,1.713070,16,presence_rd_data[1],sign_rd_en,1.914815,522.24,reg2reg,yes
bitcos_stream5_fed,nf_sized,2550,2.550,1001,1573.656,104,514.976,1058.680,1.715202,0.834798,38,presence_rd_data[1],_1958_,1.914815,0.635185,41,_1864_,_1958_,0.986542,1.563458,19,_1864_,sign_rd_en,0.786930,1.763070,16,presence_rd_data[1],sign_rd_en,1.914815,522.24,reg2reg,yes
bitcos_stream5_fed,nf_sized,2600,2.600,1001,1573.656,104,514.976,1058.680,1.715203,0.884797,38,presence_rd_data[1],_1958_,1.914815,0.685185,41,_1864_,_1958_,0.986542,1.613458,19,_1864_,sign_rd_en,0.786930,1.813070,16,presence_rd_data[1],sign_rd_en,1.914815,522.24,reg2reg,yes
bitcos_stream5_fed,nf_sized,2650,2.650,1001,1573.656,104,514.976,1058.680,1.715203,0.934797,38,presence_rd_data[1],_1958_,1.914815,0.735185,41,_1864_,_1958_,0.986542,1.663458,19,_1864_,sign_rd_en,0.786930,1.863070,16,presence_rd_data[1],sign_rd_en,1.914815,522.24,reg2reg,yes
bitcos_stream5_fed,nf_sized,2700,2.700,1001,1573.656,104,514.976,1058.680,1.715203,0.984797,38,presence_rd_data[1],_1958_,1.914815,0.785185,41,_1864_,_1958_,0.986542,1.713458,19,_1864_,sign_rd_en,0.786930,1.913070,16,presence_rd_data[1],sign_rd_en,1.914815,522.24,reg2reg,yes
bitcos_stream5_fed,nf_sized,2750,2.750,1001,1573.656,104,514.976,1058.680,1.715202,1.034798,38,presence_rd_data[1],_1958_,1.914815,0.835185,41,_1864_,_1958_,0.986542,1.763458,19,_1864_,sign_rd_en,0.786930,1.963070,16,presence_rd_data[1],sign_rd_en,1.914815,522.24,reg2reg,yes
bitcos_stream5_fed,nf_sized,2800,2.800,1001,1573.656,104,514.976,1058.680,1.715202,1.084798,38,presence_rd_data[1],_1958_,1.914815,0.885185,41,_1864_,_1958_,0.986542,1.813458,19,_1864_,sign_rd_en,0.786930,2.013070,16,presence_rd_data[1],sign_rd_en,1.914815,522.24,reg2reg,yes
bitcos_stream5_fed,nf_sized,2850,2.850,1001,1573.656,104,514.976,1058.680,1.715203,1.134797,38,presence_rd_data[1],_1958_,1.914815,0.935185,41,_1864_,_1958_,0.986542,1.863458,19,_1864_,sign_rd_en,0.786930,2.063070,16,presence_rd_data[1],sign_rd_en,1.914815,522.24,reg2reg,yes
bitcos_stream5_fed,nf_sized,2900,2.900,1001,1573.656,104,514.976,1058.680,1.715202,1.184798,38,presence_rd_data[1],_1958_,1.914815,0.985185,41,_1864_,_1958_,0.986542,1.913458,19,_1864_,sign_rd_en,0.786930,2.113070,16,presence_rd_data[1],sign_rd_en,1.914815,522.24,reg2reg,yes
bitcos_stream5_fed,nf_sized,2950,2.950,1001,1573.656,104,514.976,1058.680,1.715203,1.234797,38,presence_rd_data[1],_1958_,1.914815,1.035185,41,_1864_,_1958_,0.986542,1.963458,19,_1864_,sign_rd_en,0.786930,2.163070,16,presence_rd_data[1],sign_rd_en,1.914815,522.24,reg2reg,yes
bitcos_stream5_fed,nf_sized,3000,3.000,1001,1573.656,104,514.976,1058.680,1.715203,1.284797,38,presence_rd_data[1],_1958_,1.914815,1.085185,41,_1864_,_1958_,0.986542,2.013458,19,_1864_,sign_rd_en,0.786930,2.213070,16,presence_rd_data[1],sign_rd_en,1.914815,522.24,reg2reg,yes
bitcos_stream5_fullfront,default,,5.000,747,1089.802,55,292.600,797.202,2.035092,2.964908,37,current_presence_byte[7],_1483_,2.184985,2.815015,38,_1485_,_1483_,0.811800,4.188200,14,_1485_,advance_sign_byte,0.661907,4.338093,13,current_presence_byte[7],advance_sign_byte,2.184985,457.67,reg2reg,yes
bitcos_stream5_fullfront,map_sized,900,0.900,1082,1491.728,55,292.600,1199.128,1.213825,-0.313825,37,next_presence_byte[0],_2152_,1.329004,-0.429004,41,_2155_,_2152_,0.597835,0.302165,18,_2155_,advance_sign_byte,0.466722,0.433278,15,next_presence_byte[0],advance_sign_byte,1.329004,752.44,reg2reg,no
bitcos_stream5_fullfront,map_sized,950,0.950,1082,1491.728,55,292.600,1199.128,1.213825,-0.263825,37,next_presence_byte[0],_2152_,1.329004,-0.379004,41,_2155_,_2152_,0.597835,0.352165,18,_2155_,advance_sign_byte,0.466722,0.483278,15,next_presence_byte[0],advance_sign_byte,1.329004,752.44,reg2reg,no
bitcos_stream5_fullfront,map_sized,1000,1.000,1082,1491.728,55,292.600,1199.128,1.213825,-0.213825,37,next_presence_byte[0],_2152_,1.329004,-0.329004,41,_2155_,_2152_,0.597835,0.402165,18,_2155_,advance_sign_byte,0.466722,0.533278,15,next_presence_byte[0],advance_sign_byte,1.329004,752.44,reg2reg,no
bitcos_stream5_fullfront,map_sized,1050,1.050,1082,1491.728,55,292.600,1199.128,1.213825,-0.163825,37,next_presence_byte[0],_2152_,1.329004,-0.279004,41,_2155_,_2152_,0.597835,0.452165,18,_2155_,advance_sign_byte,0.466722,0.583278,15,next_presence_byte[0],advance_sign_byte,1.329004,752.44,reg2reg,no
bitcos_stream5_fullfront,map_sized,1100,1.100,1082,1491.728,55,292.600,1199.128,1.213825,-0.113825,37,next_presence_byte[0],_2152_,1.329004,-0.229004,41,_2155_,_2152_,0.597835,0.502165,18,_2155_,advance_sign_byte,0.466722,0.633278,15,next_presence_byte[0],advance_sign_byte,1.329004,752.44,reg2reg,no
bitcos_stream5_fullfront,map_sized,1150,1.150,1082,1491.728,55,292.600,1199.128,1.213825,-0.063825,37,next_presence_byte[0],_2152_,1.329004,-0.179004,41,_2155_,_2152_,0.597835,0.552165,18,_2155_,advance_sign_byte,0.466722,0.683278,15,next_presence_byte[0],advance_sign_byte,1.329004,752.44,reg2reg,no
bitcos_stream5_fullfront,map_sized,1200,1.200,1049,1410.598,55,292.600,1117.998,1.251710,-0.051710,40,current_presence_byte[2],_2086_,1.360274,-0.160274,43,_2089_,_2086_,0.616308,0.583692,19,_2089_,advance_sign_byte,0.512039,0.687961,19,current_presence_byte[2],advance_sign_byte,1.360274,735.15,reg2reg,no
bitcos_stream5_fullfront,map_sized,1250,1.250,1026,1324.680,55,292.600,1032.080,1.261135,-0.011135,42,current_sign_byte[6],_2040_,1.372367,-0.122367,44,_2043_,_2040_,0.624775,0.625225,23,_2043_,advance_sign_byte,0.514417,0.735583,20,current_presence_byte[2],advance_sign_byte,1.372367,728.67,reg2reg,no
bitcos_stream5_fullfront,map_sized,1300,1.300,1008,1297.814,55,292.600,1005.214,1.321546,-0.021546,45,current_presence_byte[2],_2004_,1.436510,-0.136510,48,_2007_,_2004_,0.637594,0.662406,22,_2007_,advance_sign_byte,0.522629,0.777371,19,current_presence_byte[2],advance_sign_byte,1.436510,696.13,reg2reg,no
bitcos_stream5_fullfront,map_sized,1350,1.350,966,1248.072,55,292.600,955.472,1.357605,-0.007605,47,current_presence_byte[2],_1920_,1.472571,-0.122571,50,_1923_,_1920_,0.650616,0.699384,22,_1923_,advance_sign_byte,0.535651,0.814349,19,current_presence_byte[2],advance_sign_byte,1.472571,679.08,reg2reg,no
bitcos_stream5_fullfront,map_sized,1400,1.400,961,1208.704,55,292.600,916.104,1.426372,-0.026372,44,current_presence_byte[6],_1909_,1.541556,-0.141556,46,_1913_,_1909_,0.655531,0.744469,21,_1913_,advance_sign_byte,0.540347,0.859653,19,current_presence_byte[6],advance_sign_byte,1.541556,648.70,reg2reg,no
bitcos_stream5_fullfront,map_sized,1450,1.450,951,1182.902,55,292.600,890.302,1.456951,-0.006951,49,current_presence_byte[2],_1890_,1.579680,-0.129680,50,_1893_,_1890_,0.673541,0.776459,22,_1893_,advance_sign_byte,0.550812,0.899188,21,current_presence_byte[2],advance_sign_byte,1.579680,633.04,reg2reg,no
bitcos_stream5_fullfront,map_sized,1500,1.500,906,1155.770,55,292.600,863.170,1.510081,-0.010081,47,current_presence_byte[2],_1800_,1.636480,-0.136480,48,_1803_,_1800_,0.692525,0.807475,21,_1803_,advance_sign_byte,0.566126,0.933874,20,current_presence_byte[2],advance_sign_byte,1.636480,611.07,reg2reg,no
bitcos_stream5_fullfront,map_sized,1550,1.550,896,1133.160,55,292.600,840.560,1.540999,0.009001,49,current_presence_byte[2],_1780_,1.662696,-0.112696,49,_1783_,_1780_,0.682534,0.867466,21,_1783_,advance_sign_byte,0.559659,0.990341,20,current_presence_byte[2],advance_sign_byte,1.662696,601.43,reg2reg,no
bitcos_stream5_fullfront,map_sized,1600,1.600,872,1125.978,55,292.600,833.378,1.597370,0.002630,54,current_presence_byte[2],_1732_,1.727215,-0.127215,55,_1735_,_1732_,0.680645,0.919355,22,_1735_,advance_sign_byte,0.550801,1.049199,21,current_presence_byte[2],advance_sign_byte,1.727215,578.97,reg2reg,no
bitcos_stream5_fullfront,map_sized,1650,1.650,856,1107.890,55,292.600,815.290,1.656715,-0.006715,56,current_presence_byte[2],_1677_,1.788004,-0.138004,57,_1703_,_1677_,0.690545,0.959455,21,_1703_,advance_sign_byte,0.559257,1.090743,20,current_presence_byte[2],advance_sign_byte,1.788004,559.28,reg2reg,no
bitcos_stream5_fullfront,map_sized,1700,1.700,851,1104.964,55,292.600,812.364,1.709598,-0.009598,55,current_presence_byte[2],_1690_,1.852295,-0.152295,56,_1693_,_1690_,0.711730,0.988270,23,_1693_,advance_sign_byte,0.569034,1.130966,22,current_presence_byte[2],advance_sign_byte,1.852295,539.87,reg2reg,no
bitcos_stream5_fullfront,map_sized,1750,1.750,853,1098.314,55,292.600,805.714,1.738436,0.011564,60,current_presence_byte[2],_1694_,1.879211,-0.129211,61,_1697_,_1694_,0.709808,1.040192,23,_1697_,advance_sign_byte,0.569034,1.180966,22,current_presence_byte[2],advance_sign_byte,1.879211,532.14,reg2reg,no
bitcos_stream5_fullfront,map_sized,1800,1.800,848,1095.654,55,292.600,803.054,1.737635,0.062365,59,current_presence_byte[2],_1685_,1.892085,-0.092085,60,_1687_,_1685_,0.723484,1.076516,23,_1687_,advance_sign_byte,0.569034,1.230966,22,current_presence_byte[2],advance_sign_byte,1.892085,528.52,reg2reg,no
bitcos_stream5_fullfront,map_sized,1850,1.850,851,1096.718,55,292.600,804.118,1.816679,0.033321,63,current_presence_byte[7],_1691_,1.972077,-0.122077,64,_1693_,_1691_,0.748473,1.101527,25,_1693_,advance_sign_byte,0.593076,1.256924,24,current_presence_byte[7],advance_sign_byte,1.972077,507.08,reg2reg,no
bitcos_stream5_fullfront,map_sized,1900,1.900,864,1095.920,55,292.600,803.320,1.741559,0.158441,59,current_presence_byte[3],_1692_,1.926707,-0.026707,62,_1719_,_1692_,0.754546,1.145454,25,_1719_,advance_sign_byte,0.568908,1.331092,24,current_presence_byte[7],advance_sign_byte,1.926707,519.02,reg2reg,no
bitcos_stream5_fullfront,map_sized,1950,1.950,841,1096.186,55,292.600,803.586,1.885130,0.064870,61,current_presence_byte[5],_1671_,2.026108,-0.076108,63,_1673_,_1671_,0.765435,1.184565,24,_1673_,advance_sign_byte,0.624457,1.325543,22,current_presence_byte[5],advance_sign_byte,2.026108,493.56,reg2reg,no
bitcos_stream5_fullfront,map_sized,2000,2.000,851,1100.442,55,292.600,807.842,1.874958,0.125042,61,current_presence_byte[3],_1691_,2.044172,-0.044172,62,_1693_,_1691_,0.709766,1.290234,24,_1693_,advance_sign_byte,0.540552,1.459448,23,current_presence_byte[3],advance_sign_byte,2.044172,489.20,reg2reg,no
bitcos_stream5_fullfront,map_sized,2050,2.050,851,1100.442,55,292.600,807.842,1.874958,0.175042,61,current_presence_byte[3],_1691_,2.044172,0.005828,62,_1693_,_1691_,0.709766,1.340234,24,_1693_,advance_sign_byte,0.540552,1.509448,23,current_presence_byte[3],advance_sign_byte,2.044172,489.20,reg2reg,yes
bitcos_stream5_fullfront,map_sized,2100,2.100,851,1100.442,55,292.600,807.842,1.874958,0.225042,61,current_presence_byte[3],_1691_,2.044172,0.055828,62,_1693_,_1691_,0.709766,1.390234,24,_1693_,advance_sign_byte,0.540552,1.559448,23,current_presence_byte[3],advance_sign_byte,2.044172,489.20,reg2reg,yes
bitcos_stream5_fullfront,map_sized,2150,2.150,851,1100.442,55,292.600,807.842,1.874958,0.275042,61,current_presence_byte[3],_1691_,2.044172,0.105828,62,_1693_,_1691_,0.709766,1.440234,24,_1693_,advance_sign_byte,0.540552,1.609448,23,current_presence_byte[3],advance_sign_byte,2.044172,489.20,reg2reg,yes
bitcos_stream5_fullfront,map_sized,2200,2.200,851,1100.442,55,292.600,807.842,1.874958,0.325042,61,current_presence_byte[3],_1691_,2.044172,0.155828,62,_1693_,_1691_,0.709766,1.490234,24,_1693_,advance_sign_byte,0.540552,1.659448,23,current_presence_byte[3],advance_sign_byte,2.044172,489.20,reg2reg,yes
bitcos_stream5_fullfront,map_sized,2250,2.250,851,1100.442,55,292.600,807.842,1.874958,0.375042,61,current_presence_byte[3],_1691_,2.044172,0.205828,62,_1693_,_1691_,0.709766,1.540234,24,_1693_,advance_sign_byte,0.540552,1.709448,23,current_presence_byte[3],advance_sign_byte,2.044172,489.20,reg2reg,yes
bitcos_stream5_fullfront,map_sized,2300,2.300,851,1100.442,55,292.600,807.842,1.874958,0.425042,61,current_presence_byte[3],_1691_,2.044172,0.255828,62,_1693_,_1691_,0.709766,1.590234,24,_1693_,advance_sign_byte,0.540552,1.759448,23,current_presence_byte[3],advance_sign_byte,2.044172,489.20,reg2reg,yes
bitcos_stream5_fullfront,map_sized,2350,2.350,851,1100.442,55,292.600,807.842,1.874958,0.475042,61,current_presence_byte[3],_1691_,2.044172,0.305828,62,_1693_,_1691_,0.709766,1.640234,24,_1693_,advance_sign_byte,0.540552,1.809448,23,current_presence_byte[3],advance_sign_byte,2.044172,489.20,reg2reg,yes
bitcos_stream5_fullfront,map_sized,2400,2.400,851,1100.442,55,292.600,807.842,1.874958,0.525042,61,current_presence_byte[3],_1691_,2.044172,0.355828,62,_1693_,_1691_,0.709766,1.690234,24,_1693_,advance_sign_byte,0.540552,1.859448,23,current_presence_byte[3],advance_sign_byte,2.044172,489.20,reg2reg,yes
bitcos_stream5_fullfront,map_sized,2450,2.450,851,1100.442,55,292.600,807.842,1.874958,0.575042,61,current_presence_byte[3],_1691_,2.044172,0.405828,62,_1693_,_1691_,0.709766,1.740234,24,_1693_,advance_sign_byte,0.540552,1.909448,23,current_presence_byte[3],advance_sign_byte,2.044172,489.20,reg2reg,yes
bitcos_stream5_fullfront,map_sized,2500,2.500,851,1100.442,55,292.600,807.842,1.874958,0.625042,61,current_presence_byte[3],_1691_,2.044172,0.455828,62,_1693_,_1691_,0.709766,1.790234,24,_1693_,advance_sign_byte,0.540552,1.959448,23,current_presence_byte[3],advance_sign_byte,2.044172,489.20,reg2reg,yes
bitcos_stream5_fullfront,map_sized,2550,2.550,851,1100.442,55,292.600,807.842,1.874957,0.675043,61,current_presence_byte[3],_1691_,2.044172,0.505828,62,_1693_,_1691_,0.709766,1.840234,24,_1693_,advance_sign_byte,0.540552,2.009448,23,current_presence_byte[3],advance_sign_byte,2.044172,489.20,reg2reg,yes
bitcos_stream5_fullfront,map_sized,2600,2.600,851,1100.442,55,292.600,807.842,1.874958,0.725042,61,current_presence_byte[3],_1691_,2.044172,0.555828,62,_1693_,_1691_,0.709766,1.890234,24,_1693_,advance_sign_byte,0.540552,2.059448,23,current_presence_byte[3],advance_sign_byte,2.044172,489.20,reg2reg,yes
bitcos_stream5_fullfront,map_sized,2650,2.650,851,1100.442,55,292.600,807.842,1.874958,0.775042,61,current_presence_byte[3],_1691_,2.044172,0.605828,62,_1693_,_1691_,0.709766,1.940234,24,_1693_,advance_sign_byte,0.540552,2.109448,23,current_presence_byte[3],advance_sign_byte,2.044172,489.20,reg2reg,yes
bitcos_stream5_fullfront,map_sized,2700,2.700,851,1100.442,55,292.600,807.842,1.874958,0.825042,61,current_presence_byte[3],_1691_,2.044172,0.655828,62,_1693_,_1691_,0.709766,1.990234,24,_1693_,advance_sign_byte,0.540552,2.159448,23,current_presence_byte[3],advance_sign_byte,2.044172,489.20,reg2reg,yes
bitcos_stream5_fullfront,map_sized,2750,2.750,851,1100.442,55,292.600,807.842,1.874958,0.875042,61,current_presence_byte[3],_1691_,2.044172,0.705828,62,_1693_,_1691_,0.709766,2.040234,24,_1693_,advance_sign_byte,0.540552,2.209448,23,current_presence_byte[3],advance_sign_byte,2.044172,489.20,reg2reg,yes
bitcos_stream5_fullfront,map_sized,2800,2.800,851,1100.442,55,292.600,807.842,1.874957,0.925043,61,current_presence_byte[3],_1691_,2.044172,0.755828,62,_1693_,_1691_,0.709766,2.090234,24,_1693_,advance_sign_byte,0.540552,2.259448,23,current_presence_byte[3],advance_sign_byte,2.044172,489.20,reg2reg,yes
bitcos_stream5_fullfront,map_sized,2850,2.850,851,1100.442,55,292.600,807.842,1.874957,0.975043,61,current_presence_byte[3],_1691_,2.044172,0.805828,62,_1693_,_1691_,0.709766,2.140234,24,_1693_,advance_sign_byte,0.540552,2.309448,23,current_presence_byte[3],advance_sign_byte,2.044172,489.20,reg2reg,yes
bitcos_stream5_fullfront,map_sized,2900,2.900,851,1100.442,55,292.600,807.842,1.874957,1.025043,61,current_presence_byte[3],_1691_,2.044172,0.855828,62,_1693_,_1691_,0.709766,2.190234,24,_1693_,advance_sign_byte,0.540552,2.359448,23,current_presence_byte[3],advance_sign_byte,2.044172,489.20,reg2reg,yes
bitcos_stream5_fullfront,map_sized,2950,2.950,851,1100.442,55,292.600,807.842,1.874958,1.075042,61,current_presence_byte[3],_1691_,2.044172,0.905828,62,_1693_,_1691_,0.709766,2.240234,24,_1693_,advance_sign_byte,0.540552,2.409448,23,current_presence_byte[3],advance_sign_byte,2.044172,489.20,reg2reg,yes
bitcos_stream5_fullfront,map_sized,3000,3.000,851,1100.442,55,292.600,807.842,1.874958,1.125042,61,current_presence_byte[3],_1691_,2.044172,0.955828,62,_1693_,_1691_,0.709766,2.290234,24,_1693_,advance_sign_byte,0.540552,2.459448,23,current_presence_byte[3],advance_sign_byte,2.044172,489.20,reg2reg,yes
bitcos_stream5_fullfront,nf_sized,900,0.900,767,1200.458,55,292.600,907.858,1.549179,-0.649179,37,current_presence_byte[4],_1523_,1.677998,-0.777998,40,_1525_,_1523_,0.744929,0.155071,16,_1525_,advance_sign_byte,0.616110,0.283890,13,current_presence_byte[4],advance_sign_byte,1.677998,595.95,reg2reg,no
bitcos_stream5_fullfront,nf_sized,950,0.950,767,1200.458,55,292.600,907.858,1.549179,-0.599179,37,current_presence_byte[4],_1523_,1.677998,-0.727998,40,_1525_,_1523_,0.744929,0.205071,16,_1525_,advance_sign_byte,0.616110,0.333890,13,current_presence_byte[4],advance_sign_byte,1.677998,595.95,reg2reg,no
bitcos_stream5_fullfront,nf_sized,1000,1.000,767,1200.458,55,292.600,907.858,1.549179,-0.549179,37,current_presence_byte[4],_1523_,1.677998,-0.677998,40,_1525_,_1523_,0.744929,0.255071,16,_1525_,advance_sign_byte,0.616110,0.383890,13,current_presence_byte[4],advance_sign_byte,1.677998,595.95,reg2reg,no
bitcos_stream5_fullfront,nf_sized,1050,1.050,767,1200.458,55,292.600,907.858,1.549179,-0.499179,37,current_presence_byte[4],_1523_,1.677998,-0.627998,40,_1525_,_1523_,0.744929,0.305071,16,_1525_,advance_sign_byte,0.616110,0.433890,13,current_presence_byte[4],advance_sign_byte,1.677998,595.95,reg2reg,no
bitcos_stream5_fullfront,nf_sized,1100,1.100,767,1200.458,55,292.600,907.858,1.549179,-0.449179,37,current_presence_byte[4],_1523_,1.677998,-0.577998,40,_1525_,_1523_,0.744929,0.355071,16,_1525_,advance_sign_byte,0.616110,0.483890,13,current_presence_byte[4],advance_sign_byte,1.677998,595.95,reg2reg,no
bitcos_stream5_fullfront,nf_sized,1150,1.150,767,1200.458,55,292.600,907.858,1.549179,-0.399179,37,current_presence_byte[4],_1523_,1.677998,-0.527998,40,_1525_,_1523_,0.744929,0.405071,16,_1525_,advance_sign_byte,0.616110,0.533890,13,current_presence_byte[4],advance_sign_byte,1.677998,595.95,reg2reg,no
bitcos_stream5_fullfront,nf_sized,1200,1.200,767,1200.458,55,292.600,907.858,1.549179,-0.349179,37,current_presence_byte[4],_1523_,1.677998,-0.477998,40,_1525_,_1523_,0.744929,0.455071,16,_1525_,advance_sign_byte,0.616110,0.583890,13,current_presence_byte[4],advance_sign_byte,1.677998,595.95,reg2reg,no
bitcos_stream5_fullfront,nf_sized,1250,1.250,767,1200.458,55,292.600,907.858,1.549179,-0.299179,37,current_presence_byte[4],_1523_,1.677998,-0.427998,40,_1525_,_1523_,0.744929,0.505071,16,_1525_,advance_sign_byte,0.616110,0.633890,13,current_presence_byte[4],advance_sign_byte,1.677998,595.95,reg2reg,no
bitcos_stream5_fullfront,nf_sized,1300,1.300,767,1200.458,55,292.600,907.858,1.549179,-0.249179,37,current_presence_byte[4],_1523_,1.677998,-0.377998,40,_1525_,_1523_,0.744929,0.555071,16,_1525_,advance_sign_byte,0.616110,0.683890,13,current_presence_byte[4],advance_sign_byte,1.677998,595.95,reg2reg,no
bitcos_stream5_fullfront,nf_sized,1350,1.350,767,1200.458,55,292.600,907.858,1.549179,-0.199179,37,current_presence_byte[4],_1523_,1.677998,-0.327998,40,_1525_,_1523_,0.744929,0.605071,16,_1525_,advance_sign_byte,0.616110,0.733890,13,current_presence_byte[4],advance_sign_byte,1.677998,595.95,reg2reg,no
bitcos_stream5_fullfront,nf_sized,1400,1.400,767,1200.458,55,292.600,907.858,1.549179,-0.149179,37,current_presence_byte[4],_1523_,1.677998,-0.277998,40,_1525_,_1523_,0.744929,0.655071,16,_1525_,advance_sign_byte,0.616110,0.783890,13,current_presence_byte[4],advance_sign_byte,1.677998,595.95,reg2reg,no
bitcos_stream5_fullfront,nf_sized,1450,1.450,767,1200.458,55,292.600,907.858,1.549179,-0.099179,37,current_presence_byte[4],_1523_,1.677998,-0.227998,40,_1525_,_1523_,0.744929,0.705071,16,_1525_,advance_sign_byte,0.616110,0.833890,13,current_presence_byte[4],advance_sign_byte,1.677998,595.95,reg2reg,no
bitcos_stream5_fullfront,nf_sized,1500,1.500,767,1200.458,55,292.600,907.858,1.549179,-0.049179,37,current_presence_byte[4],_1523_,1.677998,-0.177998,40,_1525_,_1523_,0.744929,0.755071,16,_1525_,advance_sign_byte,0.616110,0.883890,13,current_presence_byte[4],advance_sign_byte,1.677998,595.95,reg2reg,no
bitcos_stream5_fullfront,nf_sized,1550,1.550,767,1200.458,55,292.600,907.858,1.549179,0.000821,37,current_presence_byte[4],_1523_,1.677998,-0.127998,40,_1525_,_1523_,0.744929,0.805071,16,_1525_,advance_sign_byte,0.616110,0.933890,13,current_presence_byte[4],advance_sign_byte,1.677998,595.95,reg2reg,no
bitcos_stream5_fullfront,nf_sized,1600,1.600,767,1142.736,55,292.600,850.136,1.570263,0.029737,37,current_presence_byte[4],_1523_,1.706199,-0.106199,40,_1525_,_1523_,0.752046,0.847954,16,_1525_,advance_sign_byte,0.616110,0.983890,13,current_presence_byte[4],advance_sign_byte,1.706199,586.10,reg2reg,no
bitcos_stream5_fullfront,nf_sized,1650,1.650,767,1131.830,55,292.600,839.230,1.632439,0.017561,37,current_presence_byte[4],_1523_,1.759926,-0.109926,40,_1525_,_1523_,0.760989,0.889011,16,_1525_,advance_sign_byte,0.643358,1.006642,13,current_presence_byte[4],advance_sign_byte,1.759926,568.21,reg2reg,no
bitcos_stream5_fullfront,nf_sized,1700,1.700,767,1117.998,55,292.600,825.398,1.655469,0.044531,37,current_presence_byte[4],_1523_,1.782955,-0.082955,40,_1525_,_1523_,0.760989,0.939011,16,_1525_,advance_sign_byte,0.643358,1.056642,13,current_presence_byte[4],advance_sign_byte,1.782955,560.87,reg2reg,no
bitcos_stream5_fullfront,nf_sized,1750,1.750,767,1110.284,55,292.600,817.684,1.683579,0.066421,37,current_presence_byte[4],_1523_,1.811066,-0.061066,40,_1525_,_1523_,0.760989,0.989011,16,_1525_,advance_sign_byte,0.643358,1.106642,13,current_presence_byte[4],advance_sign_byte,1.811066,552.16,reg2reg,no
bitcos_stream5_fullfront,nf_sized,1800,1.800,767,1106.826,55,292.600,814.226,1.714891,0.085109,37,current_presence_byte[4],_1523_,1.886354,-0.086354,40,_1525_,_1523_,0.823990,0.976010,16,_1525_,advance_sign_byte,0.652527,1.147473,13,current_presence_byte[4],advance_sign_byte,1.886354,530.12,reg2reg,no
bitcos_stream5_fullfront,nf_sized,1850,1.850,767,1105.762,55,292.600,813.162,1.733400,0.116600,37,current_presence_byte[4],_1523_,1.904863,-0.054863,40,_1525_,_1523_,0.823990,1.026010,16,_1525_,advance_sign_byte,0.652527,1.197473,13,current_presence_byte[4],advance_sign_byte,1.904863,524.97,reg2reg,no
bitcos_stream5_fullfront,nf_sized,1900,1.900,767,1105.762,55,292.600,813.162,1.733400,0.166600,37,current_presence_byte[4],_1523_,1.904863,-0.004863,40,_1525_,_1523_,0.823990,1.076010,16,_1525_,advance_sign_byte,0.652527,1.247473,13,current_presence_byte[4],advance_sign_byte,1.904863,524.97,reg2reg,no
bitcos_stream5_fullfront,nf_sized,1950,1.950,767,1105.762,55,292.600,813.162,1.733400,0.216600,37,current_presence_byte[4],_1523_,1.904863,0.045137,40,_1525_,_1523_,0.823990,1.126010,16,_1525_,advance_sign_byte,0.652527,1.297473,13,current_presence_byte[4],advance_sign_byte,1.904863,524.97,reg2reg,yes
bitcos_stream5_fullfront,nf_sized,2000,2.000,767,1105.762,55,292.600,813.162,1.733400,0.266600,37,current_presence_byte[4],_1523_,1.904863,0.095137,40,_1525_,_1523_,0.823990,1.176010,16,_1525_,advance_sign_byte,0.652527,1.347473,13,current_presence_byte[4],advance_sign_byte,1.904863,524.97,reg2reg,yes
bitcos_stream5_fullfront,nf_sized,2050,2.050,767,1105.762,55,292.600,813.162,1.733400,0.316600,37,current_presence_byte[4],_1523_,1.904863,0.145137,40,_1525_,_1523_,0.823990,1.226010,16,_1525_,advance_sign_byte,0.652527,1.397473,13,current_presence_byte[4],advance_sign_byte,1.904863,524.97,reg2reg,yes
bitcos_stream5_fullfront,nf_sized,2100,2.100,767,1105.762,55,292.600,813.162,1.733400,0.366600,37,current_presence_byte[4],_1523_,1.904863,0.195137,40,_1525_,_1523_,0.823990,1.276010,16,_1525_,advance_sign_byte,0.652527,1.447473,13,current_presence_byte[4],advance_sign_byte,1.904863,524.97,reg2reg,yes
bitcos_stream5_fullfront,nf_sized,2150,2.150,767,1105.762,55,292.600,813.162,1.733400,0.416600,37,current_presence_byte[4],_1523_,1.904863,0.245137,40,_1525_,_1523_,0.823990,1.326010,16,_1525_,advance_sign_byte,0.652527,1.497473,13,current_presence_byte[4],advance_sign_byte,1.904863,524.97,reg2reg,yes
bitcos_stream5_fullfront,nf_sized,2200,2.200,767,1105.762,55,292.600,813.162,1.733400,0.466600,37,current_presence_byte[4],_1523_,1.904863,0.295137,40,_1525_,_1523_,0.823990,1.376010,16,_1525_,advance_sign_byte,0.652527,1.547473,13,current_presence_byte[4],advance_sign_byte,1.904863,524.97,reg2reg,yes
bitcos_stream5_fullfront,nf_sized,2250,2.250,767,1105.762,55,292.600,813.162,1.733400,0.516600,37,current_presence_byte[4],_1523_,1.904863,0.345137,40,_1525_,_1523_,0.823990,1.426010,16,_1525_,advance_sign_byte,0.652527,1.597473,13,current_presence_byte[4],advance_sign_byte,1.904863,524.97,reg2reg,yes
bitcos_stream5_fullfront,nf_sized,2300,2.300,767,1105.762,55,292.600,813.162,1.733400,0.566600,37,current_presence_byte[4],_1523_,1.904863,0.395137,40,_1525_,_1523_,0.823990,1.476010,16,_1525_,advance_sign_byte,0.652527,1.647473,13,current_presence_byte[4],advance_sign_byte,1.904863,524.97,reg2reg,yes
bitcos_stream5_fullfront,nf_sized,2350,2.350,767,1105.762,55,292.600,813.162,1.733400,0.616600,37,current_presence_byte[4],_1523_,1.904863,0.445137,40,_1525_,_1523_,0.823990,1.526010,16,_1525_,advance_sign_byte,0.652527,1.697473,13,current_presence_byte[4],advance_sign_byte,1.904863,524.97,reg2reg,yes
bitcos_stream5_fullfront,nf_sized,2400,2.400,767,1105.762,55,292.600,813.162,1.733400,0.666600,37,current_presence_byte[4],_1523_,1.904863,0.495137,40,_1525_,_1523_,0.823990,1.576010,16,_1525_,advance_sign_byte,0.652527,1.747473,13,current_presence_byte[4],advance_sign_byte,1.904863,524.97,reg2reg,yes
bitcos_stream5_fullfront,nf_sized,2450,2.450,767,1105.762,55,292.600,813.162,1.733400,0.716600,37,current_presence_byte[4],_1523_,1.904863,0.545137,40,_1525_,_1523_,0.823990,1.626010,16,_1525_,advance_sign_byte,0.652527,1.797473,13,current_presence_byte[4],advance_sign_byte,1.904863,524.97,reg2reg,yes
bitcos_stream5_fullfront,nf_sized,2500,2.500,767,1105.762,55,292.600,813.162,1.733400,0.766600,37,current_presence_byte[4],_1523_,1.904863,0.595137,40,_1525_,_1523_,0.823990,1.676010,16,_1525_,advance_sign_byte,0.652527,1.847473,13,current_presence_byte[4],advance_sign_byte,1.904863,524.97,reg2reg,yes
bitcos_stream5_fullfront,nf_sized,2550,2.550,767,1105.762,55,292.600,813.162,1.733400,0.816600,37,current_presence_byte[4],_1523_,1.904863,0.645137,40,_1525_,_1523_,0.823990,1.726010,16,_1525_,advance_sign_byte,0.652527,1.897473,13,current_presence_byte[4],advance_sign_byte,1.904863,524.97,reg2reg,yes
bitcos_stream5_fullfront,nf_sized,2600,2.600,767,1105.762,55,292.600,813.162,1.733400,0.866600,37,current_presence_byte[4],_1523_,1.904863,0.695137,40,_1525_,_1523_,0.823990,1.776010,16,_1525_,advance_sign_byte,0.652527,1.947473,13,current_presence_byte[4],advance_sign_byte,1.904863,524.97,reg2reg,yes
bitcos_stream5_fullfront,nf_sized,2650,2.650,767,1105.762,55,292.600,813.162,1.733400,0.916600,37,current_presence_byte[4],_1523_,1.904863,0.745137,40,_1525_,_1523_,0.823990,1.826010,16,_1525_,advance_sign_byte,0.652527,1.997473,13,current_presence_byte[4],advance_sign_byte,1.904863,524.97,reg2reg,yes
bitcos_stream5_fullfront,nf_sized,2700,2.700,767,1105.762,55,292.600,813.162,1.733400,0.966600,37,current_presence_byte[4],_1523_,1.904863,0.795137,40,_1525_,_1523_,0.823990,1.876010,16,_1525_,advance_sign_byte,0.652527,2.047473,13,current_presence_byte[4],advance_sign_byte,1.904863,524.97,reg2reg,yes
bitcos_stream5_fullfront,nf_sized,2750,2.750,767,1105.762,55,292.600,813.162,1.733400,1.016600,37,current_presence_byte[4],_1523_,1.904863,0.845137,40,_1525_,_1523_,0.823990,1.926010,16,_1525_,advance_sign_byte,0.652527,2.097473,13,current_presence_byte[4],advance_sign_byte,1.904863,524.97,reg2reg,yes
bitcos_stream5_fullfront,nf_sized,2800,2.800,767,1105.762,55,292.600,813.162,1.733400,1.066600,37,current_presence_byte[4],_1523_,1.904863,0.895137,40,_1525_,_1523_,0.823990,1.976010,16,_1525_,advance_sign_byte,0.652527,2.147473,13,current_presence_byte[4],advance_sign_byte,1.904863,524.97,reg2reg,yes
bitcos_stream5_fullfront,nf_sized,2850,2.850,767,1105.762,55,292.600,813.162,1.733400,1.116600,37,current_presence_byte[4],_1523_,1.904863,0.945137,40,_1525_,_1523_,0.823990,2.026010,16,_1525_,advance_sign_byte,0.652527,2.197473,13,current_presence_byte[4],advance_sign_byte,1.904863,524.97,reg2reg,yes
bitcos_stream5_fullfront,nf_sized,2900,2.900,767,1105.762,55,292.600,813.162,1.733400,1.166600,37,current_presence_byte[4],_1523_,1.904863,0.995137,40,_1525_,_1523_,0.823990,2.076010,16,_1525_,advance_sign_byte,0.652527,2.247473,13,current_presence_byte[4],advance_sign_byte,1.904863,524.97,reg2reg,yes
bitcos_stream5_fullfront,nf_sized,2950,2.950,767,1105.762,55,292.600,813.162,1.733400,1.216600,37,current_presence_byte[4],_1523_,1.904863,1.045137,40,_1525_,_1523_,0.823990,2.126010,16,_1525_,advance_sign_byte,0.652527,2.297473,13,current_presence_byte[4],advance_sign_byte,1.904863,524.97,reg2reg,yes
bitcos_stream5_fullfront,nf_sized,3000,3.000,767,1105.762,55,292.600,813.162,1.733400,1.266600,37,current_presence_byte[4],_1523_,1.904863,1.095137,40,_1525_,_1523_,0.823990,2.176010,16,_1525_,advance_sign_byte,0.652527,2.347473,13,current_presence_byte[4],advance_sign_byte,1.904863,524.97,reg2reg,yes
tace_stream5,default,,5.000,840,1121.190,49,260.680,860.510,2.458926,2.541074,43,packed_weights[6],_1678_,0.944695,4.055305,24,_1631_,_1678_,0.099240,4.900760,1,_1655_,dot[0],,,,,,2.458926,406.68,in2reg,yes
tace_stream5,map_sized,900,0.900,1021,1381.604,49,260.680,1120.924,1.518671,-0.618671,46,packed_weights[5],_2039_,0.783763,0.116237,24,_1994_,_2039_,0.099434,0.800566,1,_2028_,dot[11],,,,,,1.518671,658.47,in2reg,no
tace_stream5,map_sized,950,0.950,1021,1381.604,49,260.680,1120.924,1.518671,-0.568671,46,packed_weights[5],_2039_,0.783763,0.166237,24,_1994_,_2039_,0.099434,0.850566,1,_2028_,dot[11],,,,,,1.518671,658.47,in2reg,no
tace_stream5,map_sized,1000,1.000,1021,1381.604,49,260.680,1120.924,1.518671,-0.518671,46,packed_weights[5],_2039_,0.783763,0.216237,24,_1994_,_2039_,0.099434,0.900566,1,_2028_,dot[11],,,,,,1.518671,658.47,in2reg,no
tace_stream5,map_sized,1050,1.050,1021,1381.604,49,260.680,1120.924,1.518671,-0.468671,46,packed_weights[5],_2039_,0.783763,0.266237,24,_1994_,_2039_,0.099434,0.950566,1,_2028_,dot[11],,,,,,1.518671,658.47,in2reg,no
tace_stream5,map_sized,1100,1.100,1021,1381.604,49,260.680,1120.924,1.518671,-0.418671,46,packed_weights[5],_2039_,0.783763,0.316237,24,_1994_,_2039_,0.099434,1.000566,1,_2028_,dot[11],,,,,,1.518671,658.47,in2reg,no
tace_stream5,map_sized,1150,1.150,1021,1381.604,49,260.680,1120.924,1.518671,-0.368671,46,packed_weights[5],_2039_,0.783763,0.366237,24,_1994_,_2039_,0.099434,1.050566,1,_2028_,dot[11],,,,,,1.518671,658.47,in2reg,no
tace_stream5,map_sized,1200,1.200,1021,1381.604,49,260.680,1120.924,1.518671,-0.318671,46,packed_weights[5],_2039_,0.783763,0.416237,24,_1994_,_2039_,0.099434,1.100566,1,_2028_,dot[11],,,,,,1.518671,658.47,in2reg,no
tace_stream5,map_sized,1250,1.250,1021,1381.604,49,260.680,1120.924,1.518671,-0.268671,46,packed_weights[5],_2039_,0.783763,0.466237,24,_1994_,_2039_,0.099434,1.150566,1,_2028_,dot[11],,,,,,1.518671,658.47,in2reg,no
tace_stream5,map_sized,1300,1.300,1021,1381.604,49,260.680,1120.924,1.518671,-0.218671,46,packed_weights[5],_2039_,0.783763,0.516237,24,_1994_,_2039_,0.099434,1.200566,1,_2028_,dot[11],,,,,,1.518671,658.47,in2reg,no
tace_stream5,map_sized,1350,1.350,1021,1381.604,49,260.680,1120.924,1.518671,-0.168671,46,packed_weights[5],_2039_,0.783763,0.566237,24,_1994_,_2039_,0.099434,1.250566,1,_2028_,dot[11],,,,,,1.518671,658.47,in2reg,no
tace_stream5,map_sized,1400,1.400,1035,1400.490,49,260.680,1139.810,1.522137,-0.122137,46,packed_weights[6],_2067_,0.783798,0.616202,23,_2021_,_2067_,0.099434,1.300566,1,_2056_,dot[11],,,,,,1.522137,656.97,in2reg,no
tace_stream5,map_sized,1450,1.450,978,1305.528,49,260.680,1044.848,1.524980,-0.074980,48,packed_weights[5],_1953_,0.784960,0.665040,23,_1907_,_1953_,0.099434,1.350566,1,_1942_,dot[11],,,,,,1.524980,655.75,in2reg,no
tace_stream5,map_sized,1500,1.500,959,1272.544,49,260.680,1011.864,1.550563,-0.050563,51,packed_weights[5],_1915_,0.785507,0.714493,24,_1870_,_1915_,0.099434,1.400566,1,_1904_,dot[11],,,,,,1.550563,644.93,in2reg,no
tace_stream5,map_sized,1550,1.550,968,1217.748,49,260.680,957.068,1.599425,-0.049425,53,packed_weights[5],_1933_,0.791492,0.758508,23,_1887_,_1933_,0.099434,1.450566,1,_1922_,dot[11],,,,,,1.599425,625.22,in2reg,no
tace_stream5,map_sized,1600,1.600,947,1185.562,49,260.680,924.882,1.642264,-0.042264,58,packed_weights[2],_1891_,0.798713,0.801287,22,_1845_,_1890_,0.099434,1.500566,1,_1880_,dot[11],,,,,,1.642264,608.92,in2reg,no
tace_stream5,map_sized,1650,1.650,933,1184.232,49,260.680,923.552,1.700239,-0.050239,58,packed_weights[2],_1863_,0.805319,0.844681,23,_1817_,_1863_,0.099434,1.550566,1,_1852_,dot[11],,,,,,1.700239,588.15,in2reg,no
tace_stream5,map_sized,1700,1.700,916,1128.904,49,260.680,868.224,1.759238,-0.059238,55,packed_weights[2],_1829_,0.825905,0.874095,23,_1785_,_1829_,0.099434,1.600566,1,_1818_,dot[11],,,,,,1.759238,568.43,in2reg,no
tace_stream5,map_sized,1750,1.750,875,1079.162,49,260.680,818.482,1.798669,-0.048669,58,packed_weights[2],_1747_,0.863984,0.886016,24,_1702_,_1747_,0.099434,1.650566,1,_1736_,dot[11],,,,,,1.798669,555.97,in2reg,no
tace_stream5,map_sized,1800,1.800,859,1063.734,49,260.680,803.054,1.828012,-0.028012,62,packed_weights[6],_1692_,0.881863,0.918137,29,_1670_,_1692_,0.099542,1.700458,1,_1716_,dot[23],,,,,,1.828012,547.04,in2reg,no
tace_stream5,map_sized,1850,1.850,842,1066.128,49,260.680,805.448,1.877778,-0.027778,62,packed_weights[6],_1658_,0.925912,0.924088,29,_1636_,_1658_,0.099542,1.750458,1,_1682_,dot[23],,,,,,1.877778,532.54,in2reg,no
tace_stream5,map_sized,1900,1.900,835,1054.158,49,260.680,793.478,1.922105,-0.022105,67,packed_weights[2],_1667_,0.922253,0.977747,29,_1622_,_1667_,0.099542,1.800458,1,_1668_,dot[23],,,,,,1.922105,520.26,in2reg,no
tace_stream5,map_sized,1950,1.950,825,1044.050,49,260.680,783.370,1.974391,-0.024391,63,packed_weights[5],_1648_,0.972195,0.977805,34,_1602_,_1648_,0.099542,1.850458,1,_1648_,dot[23],,,,,,1.974391,506.49,in2reg,no
tace_stream5,map_sized,2000,2.000,821,1036.868,49,260.680,776.188,2.003695,-0.003695,64,packed_weights[5],_1640_,0.991474,1.008526,35,_1594_,_1640_,0.099542,1.900458,1,_1640_,dot[23],,,,,,2.003695,499.08,in2reg,no
tace_stream5,map_sized,2050,2.050,820,1035.804,49,260.680,775.124,2.049080,0.000920,67,packed_weights[5],_1638_,1.023268,1.026732,37,_1592_,_1638_,0.099542,1.950458,1,_1638_,dot[23],,,,,,2.049080,488.02,in2reg,yes
tace_stream5,map_sized,2100,2.100,825,1033.942,49,260.680,773.262,2.097820,0.002180,69,packed_weights[5],_1648_,1.054844,1.045156,39,_1602_,_1648_,0.099542,2.000458,1,_1648_,dot[23],,,,,,2.097820,476.69,in2reg,yes
tace_stream5,map_sized,2150,2.150,835,1029.952,49,260.680,769.272,2.138791,0.011209,67,packed_weights[5],_1644_,1.028069,1.121931,37,_1622_,_1644_,0.099434,2.050566,1,_1645_,dot[0],,,,,,2.138791,467.55,in2reg,yes
tace_stream5,map_sized,2200,2.200,819,1031.814,49,260.680,771.134,2.197722,0.002278,69,packed_weights[7],_1636_,1.086894,1.113106,38,_1590_,_1636_,0.097291,2.102709,1,_1613_,dot[0],,,,,,2.197722,455.02,in2reg,yes
tace_stream5,map_sized,2250,2.250,815,1030.218,49,260.680,769.538,2.183097,0.066903,72,packed_weights[7],_1628_,1.086894,1.163106,38,_1582_,_1628_,0.097291,2.152709,1,_1605_,dot[0],,,,,,2.183097,458.06,in2reg,yes
tace_stream5,map_sized,2300,2.300,817,1028.888,49,260.680,768.208,2.179089,0.120911,72,packed_weights[7],_1632_,1.086894,1.213106,38,_1586_,_1632_,0.097292,2.202708,1,_1609_,dot[0],,,,,,2.179089,458.91,in2reg,yes
tace_stream5,map_sized,2350,2.350,817,1028.888,49,260.680,768.208,2.179089,0.170911,72,packed_weights[7],_1632_,1.086894,1.263106,38,_1586_,_1632_,0.097292,2.252708,1,_1609_,dot[0],,,,,,2.179089,458.91,in2reg,yes
tace_stream5,map_sized,2400,2.400,817,1028.888,49,260.680,768.208,2.179089,0.220911,72,packed_weights[7],_1632_,1.086894,1.313106,38,_1586_,_1632_,0.097291,2.302709,1,_1609_,dot[0],,,,,,2.179089,458.91,in2reg,yes
tace_stream5,map_sized,2450,2.450,817,1028.888,49,260.680,768.208,2.179089,0.270911,72,packed_weights[7],_1632_,1.086894,1.363106,38,_1586_,_1632_,0.097291,2.352709,1,_1609_,dot[0],,,,,,2.179089,458.91,in2reg,yes
tace_stream5,map_sized,2500,2.500,817,1028.888,49,260.680,768.208,2.179089,0.320911,72,packed_weights[7],_1632_,1.086894,1.413106,38,_1586_,_1632_,0.097291,2.402709,1,_1609_,dot[0],,,,,,2.179089,458.91,in2reg,yes
tace_stream5,map_sized,2550,2.550,817,1028.888,49,260.680,768.208,2.179089,0.370911,72,packed_weights[7],_1632_,1.086894,1.463106,38,_1586_,_1632_,0.097292,2.452708,1,_1609_,dot[0],,,,,,2.179089,458.91,in2reg,yes
tace_stream5,map_sized,2600,2.600,817,1028.888,49,260.680,768.208,2.179089,0.420911,72,packed_weights[7],_1632_,1.086894,1.513106,38,_1586_,_1632_,0.097291,2.502709,1,_1609_,dot[0],,,,,,2.179089,458.91,in2reg,yes
tace_stream5,map_sized,2650,2.650,817,1028.888,49,260.680,768.208,2.179089,0.470911,72,packed_weights[7],_1632_,1.086894,1.563106,38,_1586_,_1632_,0.097291,2.552709,1,_1609_,dot[0],,,,,,2.179089,458.91,in2reg,yes
tace_stream5,map_sized,2700,2.700,817,1028.888,49,260.680,768.208,2.179089,0.520911,72,packed_weights[7],_1632_,1.086894,1.613106,38,_1586_,_1632_,0.097291,2.602709,1,_1609_,dot[0],,,,,,2.179089,458.91,in2reg,yes
tace_stream5,map_sized,2750,2.750,817,1028.888,49,260.680,768.208,2.179089,0.570911,72,packed_weights[7],_1632_,1.086894,1.663106,38,_1586_,_1632_,0.097291,2.652709,1,_1609_,dot[0],,,,,,2.179089,458.91,in2reg,yes
tace_stream5,map_sized,2800,2.800,817,1028.888,49,260.680,768.208,2.179089,0.620911,72,packed_weights[7],_1632_,1.086894,1.713106,38,_1586_,_1632_,0.097292,2.702708,1,_1609_,dot[0],,,,,,2.179089,458.91,in2reg,yes
tace_stream5,map_sized,2850,2.850,817,1028.888,49,260.680,768.208,2.179089,0.670911,72,packed_weights[7],_1632_,1.086894,1.763106,38,_1586_,_1632_,0.097291,2.752709,1,_1609_,dot[0],,,,,,2.179089,458.91,in2reg,yes
tace_stream5,map_sized,2900,2.900,817,1028.888,49,260.680,768.208,2.179089,0.720911,72,packed_weights[7],_1632_,1.086894,1.813106,38,_1586_,_1632_,0.097291,2.802709,1,_1609_,dot[0],,,,,,2.179089,458.91,in2reg,yes
tace_stream5,map_sized,2950,2.950,817,1028.888,49,260.680,768.208,2.179089,0.770911,72,packed_weights[7],_1632_,1.086894,1.863106,38,_1586_,_1632_,0.097291,2.852709,1,_1609_,dot[0],,,,,,2.179089,458.91,in2reg,yes
tace_stream5,map_sized,3000,3.000,817,1028.888,49,260.680,768.208,2.179089,0.820911,72,packed_weights[7],_1632_,1.086894,1.913106,38,_1586_,_1632_,0.097292,2.902708,1,_1609_,dot[0],,,,,,2.179089,458.91,in2reg,yes
tace_stream5,nf_sized,900,0.900,861,1235.304,49,260.680,974.624,1.823002,-0.923002,45,packed_weights[5],_1720_,0.851921,0.048079,24,_1674_,_1720_,0.099240,0.800760,1,_1697_,dot[0],,,,,,1.823002,548.55,in2reg,no
tace_stream5,nf_sized,950,0.950,861,1235.304,49,260.680,974.624,1.823002,-0.873002,45,packed_weights[5],_1720_,0.851921,0.098079,24,_1674_,_1720_,0.099240,0.850760,1,_1697_,dot[0],,,,,,1.823002,548.55,in2reg,no
tace_stream5,nf_sized,1000,1.000,861,1235.304,49,260.680,974.624,1.823002,-0.823002,45,packed_weights[5],_1720_,0.851921,0.148079,24,_1674_,_1720_,0.099240,0.900760,1,_1697_,dot[0],,,,,,1.823002,548.55,in2reg,no
tace_stream5,nf_sized,1050,1.050,861,1235.304,49,260.680,974.624,1.823002,-0.773002,45,packed_weights[5],_1720_,0.851921,0.198079,24,_1674_,_1720_,0.099240,0.950760,1,_1697_,dot[0],,,,,,1.823002,548.55,in2reg,no
tace_stream5,nf_sized,1100,1.100,861,1235.304,49,260.680,974.624,1.823002,-0.723002,45,packed_weights[5],_1720_,0.851921,0.248079,24,_1674_,_1720_,0.099240,1.000760,1,_1697_,dot[0],,,,,,1.823002,548.55,in2reg,no
tace_stream5,nf_sized,1150,1.150,861,1235.304,49,260.680,974.624,1.823002,-0.673002,45,packed_weights[5],_1720_,0.851921,0.298079,24,_1674_,_1720_,0.099240,1.050760,1,_1697_,dot[0],,,,,,1.823002,548.55,in2reg,no
tace_stream5,nf_sized,1200,1.200,861,1235.304,49,260.680,974.624,1.823002,-0.623002,45,packed_weights[5],_1720_,0.851921,0.348079,24,_1674_,_1720_,0.099240,1.100760,1,_1697_,dot[0],,,,,,1.823002,548.55,in2reg,no
tace_stream5,nf_sized,1250,1.250,861,1235.304,49,260.680,974.624,1.823002,-0.573002,45,packed_weights[5],_1720_,0.851921,0.398079,24,_1674_,_1720_,0.099240,1.150760,1,_1697_,dot[0],,,,,,1.823002,548.55,in2reg,no
tace_stream5,nf_sized,1300,1.300,861,1235.304,49,260.680,974.624,1.823002,-0.523002,45,packed_weights[5],_1720_,0.851921,0.448079,24,_1674_,_1720_,0.099240,1.200760,1,_1697_,dot[0],,,,,,1.823002,548.55,in2reg,no
tace_stream5,nf_sized,1350,1.350,861,1235.304,49,260.680,974.624,1.823002,-0.473002,45,packed_weights[5],_1720_,0.851921,0.498079,24,_1674_,_1720_,0.099240,1.250760,1,_1697_,dot[0],,,,,,1.823002,548.55,in2reg,no
tace_stream5,nf_sized,1400,1.400,861,1235.304,49,260.680,974.624,1.823002,-0.423002,45,packed_weights[5],_1720_,0.851921,0.548079,24,_1674_,_1720_,0.099240,1.300760,1,_1697_,dot[0],,,,,,1.823002,548.55,in2reg,no
tace_stream5,nf_sized,1450,1.450,861,1235.304,49,260.680,974.624,1.823002,-0.373002,45,packed_weights[5],_1720_,0.851921,0.598079,24,_1674_,_1720_,0.099240,1.350760,1,_1697_,dot[0],,,,,,1.823002,548.55,in2reg,no
tace_stream5,nf_sized,1500,1.500,861,1235.304,49,260.680,974.624,1.823002,-0.323002,45,packed_weights[5],_1720_,0.851921,0.648079,24,_1674_,_1720_,0.099240,1.400760,1,_1697_,dot[0],,,,,,1.823002,548.55,in2reg,no
tace_stream5,nf_sized,1550,1.550,861,1235.304,49,260.680,974.624,1.823002,-0.273002,45,packed_weights[5],_1720_,0.851921,0.698079,24,_1674_,_1720_,0.099240,1.450760,1,_1697_,dot[0],,,,,,1.823002,548.55,in2reg,no
tace_stream5,nf_sized,1600,1.600,861,1235.304,49,260.680,974.624,1.823002,-0.223002,45,packed_weights[5],_1720_,0.851921,0.748079,24,_1674_,_1720_,0.099240,1.500760,1,_1697_,dot[0],,,,,,1.823002,548.55,in2reg,no
tace_stream5,nf_sized,1650,1.650,861,1235.304,49,260.680,974.624,1.823002,-0.173002,45,packed_weights[5],_1720_,0.851921,0.798079,24,_1674_,_1720_,0.099240,1.550760,1,_1697_,dot[0],,,,,,1.823002,548.55,in2reg,no
tace_stream5,nf_sized,1700,1.700,861,1235.304,49,260.680,974.624,1.823002,-0.123002,45,packed_weights[5],_1720_,0.851921,0.848079,24,_1674_,_1720_,0.099240,1.600760,1,_1697_,dot[0],,,,,,1.823002,548.55,in2reg,no
tace_stream5,nf_sized,1750,1.750,861,1235.304,49,260.680,974.624,1.823002,-0.073002,45,packed_weights[5],_1720_,0.851921,0.898079,24,_1674_,_1720_,0.099240,1.650760,1,_1697_,dot[0],,,,,,1.823002,548.55,in2reg,no
tace_stream5,nf_sized,1800,1.800,861,1221.472,49,260.680,960.792,1.825055,-0.025055,45,packed_weights[7],_1720_,0.866859,0.933141,24,_1673_,_1720_,0.099240,1.700760,1,_1697_,dot[0],,,,,,1.825055,547.93,in2reg,no
tace_stream5,nf_sized,1850,1.850,861,1186.094,49,260.680,925.414,1.867103,-0.017103,44,packed_weights[4],_1720_,0.878167,0.971833,24,_1674_,_1720_,0.099240,1.750760,1,_1697_,dot[0],,,,,,1.867103,535.59,in2reg,no
tace_stream5,nf_sized,1900,1.900,861,1163.750,49,260.680,903.070,1.910568,-0.010568,45,packed_weights[4],_1720_,0.907041,0.992959,24,_1673_,_1720_,0.099240,1.800760,1,_1697_,dot[0],,,,,,1.910568,523.40,in2reg,no
tace_stream5,nf_sized,1950,1.950,861,1153.908,49,260.680,893.228,1.992218,-0.042218,43,packed_weights[5],_1720_,0.926455,1.023545,24,_1674_,_1720_,0.099240,1.850760,1,_1697_,dot[0],,,,,,1.992218,501.95,in2reg,no
tace_stream5,nf_sized,2000,2.000,861,1147.258,49,260.680,886.578,2.015445,-0.015445,43,packed_weights[5],_1720_,0.936406,1.063594,24,_1674_,_1720_,0.099239,1.900761,1,_1697_,dot[0],,,,,,2.015445,496.17,in2reg,no
tace_stream5,nf_sized,2050,2.050,861,1143.268,49,260.680,882.588,2.049982,0.000018,44,packed_weights[4],_1720_,0.932934,1.117066,24,_1674_,_1720_,0.099240,1.950760,1,_1697_,dot[0],,,,,,2.049982,487.81,in2reg,yes
tace_stream5,nf_sized,2100,2.100,861,1140.874,49,260.680,880.194,2.092240,0.007760,44,packed_weights[4],_1720_,0.932934,1.167066,24,_1674_,_1720_,0.099239,2.000761,1,_1697_,dot[0],,,,,,2.092240,477.96,in2reg,yes
tace_stream5,nf_sized,2150,2.150,861,1137.948,49,260.680,877.268,2.149422,0.000578,44,packed_weights[4],_1720_,0.932934,1.217066,24,_1674_,_1720_,0.099239,2.050761,1,_1697_,dot[0],,,,,,2.149422,465.24,in2reg,yes
tace_stream5,nf_sized,2200,2.200,861,1137.948,49,260.680,877.268,2.149422,0.050578,44,packed_weights[4],_1720_,0.932934,1.267066,24,_1674_,_1720_,0.099240,2.100760,1,_1697_,dot[0],,,,,,2.149422,465.24,in2reg,yes
tace_stream5,nf_sized,2250,2.250,861,1137.948,49,260.680,877.268,2.149422,0.100578,44,packed_weights[4],_1720_,0.932934,1.317066,24,_1674_,_1720_,0.099240,2.150760,1,_1697_,dot[0],,,,,,2.149422,465.24,in2reg,yes
tace_stream5,nf_sized,2300,2.300,861,1137.948,49,260.680,877.268,2.149422,0.150578,44,packed_weights[4],_1720_,0.932934,1.367066,24,_1674_,_1720_,0.099239,2.200761,1,_1697_,dot[0],,,,,,2.149422,465.24,in2reg,yes
tace_stream5,nf_sized,2350,2.350,861,1137.948,49,260.680,877.268,2.149422,0.200578,44,packed_weights[4],_1720_,0.932934,1.417066,24,_1674_,_1720_,0.099239,2.250761,1,_1697_,dot[0],,,,,,2.149422,465.24,in2reg,yes
tace_stream5,nf_sized,2400,2.400,861,1137.948,49,260.680,877.268,2.149422,0.250578,44,packed_weights[4],_1720_,0.932934,1.467066,24,_1674_,_1720_,0.099239,2.300761,1,_1697_,dot[0],,,,,,2.149422,465.24,in2reg,yes
tace_stream5,nf_sized,2450,2.450,861,1137.948,49,260.680,877.268,2.149422,0.300578,44,packed_weights[4],_1720_,0.932934,1.517066,24,_1674_,_1720_,0.099240,2.350760,1,_1697_,dot[0],,,,,,2.149422,465.24,in2reg,yes
tace_stream5,nf_sized,2500,2.500,861,1137.948,49,260.680,877.268,2.149422,0.350578,44,packed_weights[4],_1720_,0.932934,1.567066,24,_1674_,_1720_,0.099239,2.400761,1,_1697_,dot[0],,,,,,2.149422,465.24,in2reg,yes
tace_stream5,nf_sized,2550,2.550,861,1137.948,49,260.680,877.268,2.149422,0.400578,44,packed_weights[4],_1720_,0.932934,1.617066,24,_1674_,_1720_,0.099239,2.450761,1,_1697_,dot[0],,,,,,2.149422,465.24,in2reg,yes
tace_stream5,nf_sized,2600,2.600,861,1137.948,49,260.680,877.268,2.149422,0.450578,44,packed_weights[4],_1720_,0.932934,1.667066,24,_1674_,_1720_,0.099239,2.500761,1,_1697_,dot[0],,,,,,2.149422,465.24,in2reg,yes
tace_stream5,nf_sized,2650,2.650,861,1137.948,49,260.680,877.268,2.149422,0.500578,44,packed_weights[4],_1720_,0.932934,1.717066,24,_1674_,_1720_,0.099239,2.550761,1,_1697_,dot[0],,,,,,2.149422,465.24,in2reg,yes
tace_stream5,nf_sized,2700,2.700,861,1137.948,49,260.680,877.268,2.149422,0.550578,44,packed_weights[4],_1720_,0.932934,1.767066,24,_1674_,_1720_,0.099240,2.600760,1,_1697_,dot[0],,,,,,2.149422,465.24,in2reg,yes
tace_stream5,nf_sized,2750,2.750,861,1137.948,49,260.680,877.268,2.149422,0.600578,44,packed_weights[4],_1720_,0.932934,1.817066,24,_1674_,_1720_,0.099239,2.650761,1,_1697_,dot[0],,,,,,2.149422,465.24,in2reg,yes
tace_stream5,nf_sized,2800,2.800,861,1137.948,49,260.680,877.268,2.149422,0.650578,44,packed_weights[4],_1720_,0.932934,1.867066,24,_1674_,_1720_,0.099239,2.700761,1,_1697_,dot[0],,,,,,2.149422,465.24,in2reg,yes
tace_stream5,nf_sized,2850,2.850,861,1137.948,49,260.680,877.268,2.149422,0.700578,44,packed_weights[4],_1720_,0.932934,1.917066,24,_1674_,_1720_,0.099239,2.750761,1,_1697_,dot[0],,,,,,2.149422,465.24,in2reg,yes
tace_stream5,nf_sized,2900,2.900,861,1137.948,49,260.680,877.268,2.149422,0.750578,44,packed_weights[4],_1720_,0.932934,1.967066,24,_1674_,_1720_,0.099239,2.800761,1,_1697_,dot[0],,,,,,2.149422,465.24,in2reg,yes
tace_stream5,nf_sized,2950,2.950,861,1137.948,49,260.680,877.268,2.149422,0.800578,44,packed_weights[4],_1720_,0.932934,2.017066,24,_1674_,_1720_,0.099239,2.850761,1,_1697_,dot[0],,,,,,2.149422,465.24,in2reg,yes
tace_stream5,nf_sized,3000,3.000,861,1137.948,49,260.680,877.268,2.149422,0.850578,44,packed_weights[4],_1720_,0.932935,2.067065,24,_1674_,_1720_,0.099240,2.900760,1,_1697_,dot[0],,,,,,2.149422,465.24,in2reg,yes
tace_stream5_fed,default,,5.000,935,1285.312,65,333.032,952.280,2.403334,2.596666,43,tace_rd_data[5],_1828_,0.940779,4.059221,24,_1830_,_1852_,0.144580,4.855420,2,_1793_,tace_rd_addr[5],0.452839,4.547161,2,start,tace_rd_en,2.403334,416.09,in2reg,yes
tace_stream5_fed,map_sized,900,0.900,1164,1563.016,65,333.032,1229.984,1.484244,-0.584244,43,tace_rd_data[2],_2310_,0.766777,0.133223,24,_2287_,_2286_,0.148958,0.751042,5,_2250_,tace_rd_addr[4],0.251928,0.648072,5,start,tace_rd_en,1.484244,673.74,in2reg,no
tace_stream5_fed,map_sized,950,0.950,1164,1563.016,65,333.032,1229.984,1.484244,-0.534244,43,tace_rd_data[2],_2310_,0.766777,0.183223,24,_2287_,_2286_,0.148958,0.801042,5,_2250_,tace_rd_addr[4],0.251928,0.698072,5,start,tace_rd_en,1.484244,673.74,in2reg,no
tace_stream5_fed,map_sized,1000,1.000,1164,1563.016,65,333.032,1229.984,1.484244,-0.484244,43,tace_rd_data[2],_2310_,0.766777,0.233223,24,_2287_,_2286_,0.148958,0.851042,5,_2250_,tace_rd_addr[4],0.251928,0.748072,5,start,tace_rd_en,1.484244,673.74,in2reg,no
tace_stream5_fed,map_sized,1050,1.050,1164,1563.016,65,333.032,1229.984,1.484244,-0.434244,43,tace_rd_data[2],_2310_,0.766777,0.283223,24,_2287_,_2286_,0.148958,0.901042,5,_2250_,tace_rd_addr[4],0.251928,0.798072,5,start,tace_rd_en,1.484244,673.74,in2reg,no
tace_stream5_fed,map_sized,1100,1.100,1164,1563.016,65,333.032,1229.984,1.484244,-0.384244,43,tace_rd_data[2],_2310_,0.766777,0.333223,24,_2287_,_2286_,0.148958,0.951042,5,_2250_,tace_rd_addr[4],0.251928,0.848072,5,start,tace_rd_en,1.484244,673.74,in2reg,no
tace_stream5_fed,map_sized,1150,1.150,1164,1563.016,65,333.032,1229.984,1.484244,-0.334244,43,tace_rd_data[2],_2310_,0.766777,0.383223,24,_2287_,_2286_,0.148958,1.001042,5,_2250_,tace_rd_addr[4],0.251928,0.898072,5,start,tace_rd_en,1.484244,673.74,in2reg,no
tace_stream5_fed,map_sized,1200,1.200,1164,1563.016,65,333.032,1229.984,1.484244,-0.284244,43,tace_rd_data[2],_2310_,0.766777,0.433223,24,_2287_,_2286_,0.148958,1.051042,5,_2250_,tace_rd_addr[4],0.251928,0.948072,5,start,tace_rd_en,1.484244,673.74,in2reg,no
tace_stream5_fed,map_sized,1250,1.250,1164,1563.016,65,333.032,1229.984,1.484244,-0.234244,43,tace_rd_data[2],_2310_,0.766777,0.483223,24,_2287_,_2286_,0.148958,1.101042,5,_2250_,tace_rd_addr[4],0.251928,0.998072,5,start,tace_rd_en,1.484244,673.74,in2reg,no
tace_stream5_fed,map_sized,1300,1.300,1164,1563.016,65,333.032,1229.984,1.484244,-0.184244,43,tace_rd_data[2],_2310_,0.766777,0.533223,24,_2287_,_2286_,0.148958,1.151042,5,_2250_,tace_rd_addr[4],0.251928,1.048072,5,start,tace_rd_en,1.484244,673.74,in2reg,no
tace_stream5_fed,map_sized,1350,1.350,1164,1563.016,65,333.032,1229.984,1.484244,-0.134244,43,tace_rd_data[2],_2310_,0.766777,0.583223,24,_2287_,_2286_,0.148958,1.201042,5,_2250_,tace_rd_addr[4],0.251928,1.098072,5,start,tace_rd_en,1.484244,673.74,in2reg,no
tace_stream5_fed,map_sized,1400,1.400,1149,1535.618,65,333.032,1202.586,1.516245,-0.116245,50,tace_rd_data[4],_2256_,0.772089,0.627911,24,_2257_,_2256_,0.148958,1.251042,5,_2220_,tace_rd_addr[4],0.251928,1.148072,5,start,tace_rd_en,1.516245,659.52,in2reg,no
tace_stream5_fed,map_sized,1450,1.450,1131,1520.988,65,333.032,1187.956,1.518242,-0.068242,47,tace_rd_data[5],_2220_,0.771174,0.678826,24,_2221_,_2220_,0.148958,1.301042,5,_2184_,tace_rd_addr[4],0.251928,1.198072,5,start,tace_rd_en,1.518242,658.66,in2reg,no
tace_stream5_fed,map_sized,1500,1.500,1104,1418.046,65,333.032,1085.014,1.563604,-0.063604,50,tace_rd_data[3],_2190_,0.774651,0.725349,24,_2168_,_2190_,0.148958,1.351042,5,_2130_,tace_rd_addr[4],0.251928,1.248072,5,start,tace_rd_en,1.563604,639.55,in2reg,no
tace_stream5_fed,map_sized,1550,1.550,1096,1373.358,65,333.032,1040.326,1.588377,-0.038377,57,tace_rd_data[3],_2150_,0.794459,0.755541,25,_2151_,_2174_,0.148958,1.401042,5,_2114_,tace_rd_addr[4],0.251928,1.298072,5,start,tace_rd_en,1.588377,629.57,in2reg,no
tace_stream5_fed,map_sized,1600,1.600,1062,1332.394,65,333.032,999.362,1.647040,-0.047040,55,tace_rd_data[5],_2082_,0.799007,0.800993,25,_2083_,_2082_,0.148972,1.451028,5,_2046_,tace_rd_addr[4],0.234843,1.365157,5,start,tace_rd_en,1.647040,607.15,in2reg,no
tace_stream5_fed,map_sized,1650,1.650,1074,1391.180,65,333.032,1058.148,1.685041,-0.035041,57,tace_rd_data[3],_2106_,0.784650,0.865350,24,_2107_,_2106_,0.148996,1.501004,5,_2070_,tace_rd_addr[4],0.237223,1.412777,5,start,tace_rd_en,1.685041,593.46,in2reg,no
tace_stream5_fed,map_sized,1700,1.700,1055,1290.898,65,333.032,957.866,1.737647,-0.037647,60,tace_rd_data[3],_2068_,0.807120,0.892880,24,_2071_,_2068_,0.148958,1.551042,5,_2032_,tace_rd_addr[4],0.271837,1.428163,6,start,tace_rd_en,1.737647,575.49,in2reg,no
tace_stream5_fed,map_sized,1750,1.750,1022,1279.992,65,333.032,946.960,1.766069,-0.016069,57,tace_rd_data[3],_2026_,0.846160,0.903840,27,_2004_,_2026_,0.148996,1.601004,5,_1966_,tace_rd_addr[4],0.221389,1.528611,5,start,tace_rd_en,1.766069,566.23,in2reg,no
tace_stream5_fed,map_sized,1800,1.800,1000,1268.288,65,333.032,935.256,1.837371,-0.037371,54,tace_rd_data[3],_1981_,0.893384,0.906616,27,_1960_,_1981_,0.148996,1.651004,5,_1922_,tace_rd_addr[4],0.267386,1.532614,5,start,tace_rd_en,1.837371,544.26,in2reg,no
tace_stream5_fed,map_sized,1850,1.850,983,1237.166,65,333.032,904.134,1.882478,-0.032478,57,tace_rd_data[3],_1947_,0.876772,0.973228,29,_1926_,_1947_,0.148958,1.701042,5,_1888_,tace_rd_addr[4],0.272648,1.577352,5,start,tace_rd_en,1.882478,531.21,in2reg,no
tace_stream5_fed,map_sized,1900,1.900,979,1224.930,65,333.032,891.898,1.921146,-0.021146,69,tace_rd_data[3],_1916_,0.953402,0.946598,34,_1918_,_1916_,0.148958,1.751042,5,_1880_,tace_rd_addr[4],0.266994,1.633006,5,start,tace_rd_en,1.921146,520.52,in2reg,no
tace_stream5_fed,map_sized,1950,1.950,970,1221.206,65,333.032,888.174,1.968390,-0.018390,61,tace_rd_data[7],_1898_,0.988026,0.961974,34,_1900_,_1898_,0.148996,1.801004,5,_1862_,tace_rd_addr[4],0.223491,1.726509,5,start,tace_rd_en,1.968390,508.03,in2reg,no
tace_stream5_fed,map_sized,2000,2.000,972,1218.546,65,333.032,885.514,2.022178,-0.022178,64,tace_rd_data[7],_1902_,1.025716,0.974284,37,_1904_,_1902_,0.148996,1.851004,5,_1866_,tace_rd_addr[4],0.226973,1.773027,5,start,tace_rd_en,2.022178,494.52,in2reg,no
tace_stream5_fed,map_sized,2050,2.050,974,1207.108,65,333.032,874.076,2.063579,-0.013579,69,tace_rd_data[7],_1906_,1.026265,1.023735,39,_1908_,_1906_,0.148958,1.901042,5,_1870_,tace_rd_addr[4],0.258072,1.791928,5,start,tace_rd_en,2.063579,484.59,in2reg,no
tace_stream5_fed,map_sized,2100,2.100,976,1205.778,65,333.032,872.746,2.104234,-0.004234,71,tace_rd_data[7],_1910_,1.059891,1.040109,41,_1912_,_1910_,0.148958,1.951042,5,_1874_,tace_rd_addr[4],0.258072,1.841928,5,start,tace_rd_en,2.104234,475.23,in2reg,no
tace_stream5_fed,map_sized,2150,2.150,948,1203.118,65,333.032,870.086,2.189782,-0.039782,69,tace_rd_data[7],_1854_,1.086894,1.063106,38,_1856_,_1854_,0.145659,2.004341,5,_1824_,tace_rd_addr[10],0.282995,1.867005,6,start,tace_rd_en,2.189782,456.67,in2reg,no
tace_stream5_fed,map_sized,2200,2.200,943,1201.522,65,333.032,868.490,2.230066,-0.030066,70,tace_rd_data[7],_1844_,1.086894,1.113106,38,_1846_,_1844_,0.145659,2.054341,5,_1814_,tace_rd_addr[10],0.283792,1.916208,6,start,tace_rd_en,2.230066,448.42,in2reg,no
tace_stream5_fed,map_sized,2250,2.250,948,1200.192,65,333.032,867.160,2.172461,0.077539,72,tace_rd_data[7],_1854_,1.086894,1.163106,38,_1856_,_1854_,0.145659,2.104341,5,_1824_,tace_rd_addr[10],0.282995,1.967005,6,start,tace_rd_en,2.172461,460.31,in2reg,yes
tace_stream5_fed,map_sized,2300,2.300,948,1200.192,65,333.032,867.160,2.172461,0.127539,72,tace_rd_data[7],_1854_,1.086894,1.213106,38,_1856_,_1854_,0.145659,2.154341,5,_1824_,tace_rd_addr[10],0.282995,2.017005,6,start,tace_rd_en,2.172461,460.31,in2reg,yes
tace_stream5_fed,map_sized,2350,2.350,948,1200.192,65,333.032,867.160,2.172461,0.177539,72,tace_rd_data[7],_1854_,1.086894,1.263106,38,_1856_,_1854_,0.145659,2.204341,5,_1824_,tace_rd_addr[10],0.282995,2.067005,6,start,tace_rd_en,2.172461,460.31,in2reg,yes
tace_stream5_fed,map_sized,2400,2.400,948,1200.192,65,333.032,867.160,2.172461,0.227539,72,tace_rd_data[7],_1854_,1.086894,1.313106,38,_1856_,_1854_,0.145659,2.254341,5,_1824_,tace_rd_addr[10],0.282995,2.117005,6,start,tace_rd_en,2.172461,460.31,in2reg,yes
tace_stream5_fed,map_sized,2450,2.450,948,1200.192,65,333.032,867.160,2.172461,0.277539,72,tace_rd_data[7],_1854_,1.086894,1.363106,38,_1856_,_1854_,0.145659,2.304341,5,_1824_,tace_rd_addr[10],0.282995,2.167005,6,start,tace_rd_en,2.172461,460.31,in2reg,yes
tace_stream5_fed,map_sized,2500,2.500,948,1200.192,65,333.032,867.160,2.172461,0.327539,72,tace_rd_data[7],_1854_,1.086894,1.413106,38,_1856_,_1854_,0.145659,2.354341,5,_1824_,tace_rd_addr[10],0.282995,2.217005,6,start,tace_rd_en,2.172461,460.31,in2reg,yes
tace_stream5_fed,map_sized,2550,2.550,948,1200.192,65,333.032,867.160,2.172461,0.377539,72,tace_rd_data[7],_1854_,1.086894,1.463106,38,_1856_,_1854_,0.145659,2.404341,5,_1824_,tace_rd_addr[10],0.282995,2.267005,6,start,tace_rd_en,2.172461,460.31,in2reg,yes
tace_stream5_fed,map_sized,2600,2.600,948,1200.192,65,333.032,867.160,2.172461,0.427539,72,tace_rd_data[7],_1854_,1.086894,1.513106,38,_1856_,_1854_,0.145659,2.454341,5,_1824_,tace_rd_addr[10],0.282995,2.317005,6,start,tace_rd_en,2.172461,460.31,in2reg,yes
tace_stream5_fed,map_sized,2650,2.650,948,1200.192,65,333.032,867.160,2.172461,0.477539,72,tace_rd_data[7],_1854_,1.086894,1.563106,38,_1856_,_1854_,0.145659,2.504341,5,_1824_,tace_rd_addr[10],0.282995,2.367005,6,start,tace_rd_en,2.172461,460.31,in2reg,yes
tace_stream5_fed,map_sized,2700,2.700,948,1200.192,65,333.032,867.160,2.172461,0.527539,72,tace_rd_data[7],_1854_,1.086894,1.613106,38,_1856_,_1854_,0.145659,2.554341,5,_1824_,tace_rd_addr[10],0.282995,2.417005,6,start,tace_rd_en,2.172461,460.31,in2reg,yes
tace_stream5_fed,map_sized,2750,2.750,948,1200.192,65,333.032,867.160,2.172461,0.577539,72,tace_rd_data[7],_1854_,1.086894,1.663106,38,_1856_,_1854_,0.145659,2.604341,5,_1824_,tace_rd_addr[10],0.282995,2.467005,6,start,tace_rd_en,2.172461,460.31,in2reg,yes
tace_stream5_fed,map_sized,2800,2.800,948,1200.192,65,333.032,867.160,2.172461,0.627539,72,tace_rd_data[7],_1854_,1.086894,1.713106,38,_1856_,_1854_,0.145659,2.654341,5,_1824_,tace_rd_addr[10],0.282995,2.517005,6,start,tace_rd_en,2.172461,460.31,in2reg,yes
tace_stream5_fed,map_sized,2850,2.850,948,1200.192,65,333.032,867.160,2.172461,0.677539,72,tace_rd_data[7],_1854_,1.086894,1.763106,38,_1856_,_1854_,0.145659,2.704341,5,_1824_,tace_rd_addr[10],0.282995,2.567005,6,start,tace_rd_en,2.172461,460.31,in2reg,yes
tace_stream5_fed,map_sized,2900,2.900,948,1200.192,65,333.032,867.160,2.172461,0.727539,72,tace_rd_data[7],_1854_,1.086894,1.813106,38,_1856_,_1854_,0.145659,2.754341,5,_1824_,tace_rd_addr[10],0.282995,2.617005,6,start,tace_rd_en,2.172461,460.31,in2reg,yes
tace_stream5_fed,map_sized,2950,2.950,948,1200.192,65,333.032,867.160,2.172461,0.777539,72,tace_rd_data[7],_1854_,1.086894,1.863106,38,_1856_,_1854_,0.145659,2.804341,5,_1824_,tace_rd_addr[10],0.282995,2.667005,6,start,tace_rd_en,2.172461,460.31,in2reg,yes
tace_stream5_fed,map_sized,3000,3.000,948,1200.192,65,333.032,867.160,2.172462,0.827538,72,tace_rd_data[7],_1854_,1.086894,1.913106,38,_1856_,_1854_,0.145659,2.854341,5,_1824_,tace_rd_addr[10],0.282995,2.717005,6,start,tace_rd_en,2.172462,460.31,in2reg,yes
tace_stream5_fed,nf_sized,900,0.900,962,1394.372,65,333.032,1061.340,1.830588,-0.930588,45,tace_rd_data[3],_1906_,0.853136,0.046864,24,_1884_,_1906_,0.144580,0.755420,2,_1847_,tace_rd_addr[5],0.253565,0.646435,5,start,tace_rd_en,1.830588,546.27,in2reg,no
tace_stream5_fed,nf_sized,950,0.950,962,1394.372,65,333.032,1061.340,1.830588,-0.880588,45,tace_rd_data[3],_1906_,0.853136,0.096864,24,_1884_,_1906_,0.144580,0.805420,2,_1847_,tace_rd_addr[5],0.253565,0.696435,5,start,tace_rd_en,1.830588,546.27,in2reg,no
tace_stream5_fed,nf_sized,1000,1.000,962,1394.372,65,333.032,1061.340,1.830588,-0.830588,45,tace_rd_data[3],_1906_,0.853136,0.146864,24,_1884_,_1906_,0.144580,0.855420,2,_1847_,tace_rd_addr[5],0.253565,0.746435,5,start,tace_rd_en,1.830588,546.27,in2reg,no
tace_stream5_fed,nf_sized,1050,1.050,962,1394.372,65,333.032,1061.340,1.830588,-0.780588,45,tace_rd_data[3],_1906_,0.853136,0.196864,24,_1884_,_1906_,0.144580,0.905420,2,_1847_,tace_rd_addr[5],0.253565,0.796435,5,start,tace_rd_en,1.830588,546.27,in2reg,no
tace_stream5_fed,nf_sized,1100,1.100,962,1394.372,65,333.032,1061.340,1.830588,-0.730588,45,tace_rd_data[3],_1906_,0.853136,0.246864,24,_1884_,_1906_,0.144580,0.955420,2,_1847_,tace_rd_addr[5],0.253565,0.846435,5,start,tace_rd_en,1.830588,546.27,in2reg,no
tace_stream5_fed,nf_sized,1150,1.150,962,1394.372,65,333.032,1061.340,1.830588,-0.680588,45,tace_rd_data[3],_1906_,0.853136,0.296864,24,_1884_,_1906_,0.144580,1.005420,2,_1847_,tace_rd_addr[5],0.253565,0.896435,5,start,tace_rd_en,1.830588,546.27,in2reg,no
tace_stream5_fed,nf_sized,1200,1.200,962,1394.372,65,333.032,1061.340,1.830588,-0.630588,45,tace_rd_data[3],_1906_,0.853136,0.346864,24,_1884_,_1906_,0.144580,1.055420,2,_1847_,tace_rd_addr[5],0.253565,0.946435,5,start,tace_rd_en,1.830588,546.27,in2reg,no
tace_stream5_fed,nf_sized,1250,1.250,962,1394.372,65,333.032,1061.340,1.830588,-0.580588,45,tace_rd_data[3],_1906_,0.853136,0.396864,24,_1884_,_1906_,0.144580,1.105420,2,_1847_,tace_rd_addr[5],0.253565,0.996435,5,start,tace_rd_en,1.830588,546.27,in2reg,no
tace_stream5_fed,nf_sized,1300,1.300,962,1394.372,65,333.032,1061.340,1.830588,-0.530588,45,tace_rd_data[3],_1906_,0.853136,0.446864,24,_1884_,_1906_,0.144580,1.155420,2,_1847_,tace_rd_addr[5],0.253565,1.046435,5,start,tace_rd_en,1.830588,546.27,in2reg,no
tace_stream5_fed,nf_sized,1350,1.350,962,1394.372,65,333.032,1061.340,1.830588,-0.480588,45,tace_rd_data[3],_1906_,0.853136,0.496864,24,_1884_,_1906_,0.144580,1.205420,2,_1847_,tace_rd_addr[5],0.253565,1.096435,5,start,tace_rd_en,1.830588,546.27,in2reg,no
tace_stream5_fed,nf_sized,1400,1.400,962,1394.372,65,333.032,1061.340,1.830588,-0.430588,45,tace_rd_data[3],_1906_,0.853136,0.546864,24,_1884_,_1906_,0.144580,1.255420,2,_1847_,tace_rd_addr[5],0.253565,1.146435,5,start,tace_rd_en,1.830588,546.27,in2reg,no
tace_stream5_fed,nf_sized,1450,1.450,962,1394.372,65,333.032,1061.340,1.830588,-0.380588,45,tace_rd_data[3],_1906_,0.853136,0.596864,24,_1884_,_1906_,0.144580,1.305420,2,_1847_,tace_rd_addr[5],0.253565,1.196435,5,start,tace_rd_en,1.830588,546.27,in2reg,no
tace_stream5_fed,nf_sized,1500,1.500,962,1394.372,65,333.032,1061.340,1.830588,-0.330588,45,tace_rd_data[3],_1906_,0.853136,0.646864,24,_1884_,_1906_,0.144580,1.355420,2,_1847_,tace_rd_addr[5],0.253565,1.246435,5,start,tace_rd_en,1.830588,546.27,in2reg,no
tace_stream5_fed,nf_sized,1550,1.550,962,1394.372,65,333.032,1061.340,1.830588,-0.280588,45,tace_rd_data[3],_1906_,0.853136,0.696864,24,_1884_,_1906_,0.144580,1.405420,2,_1847_,tace_rd_addr[5],0.253565,1.296435,5,start,tace_rd_en,1.830588,546.27,in2reg,no
tace_stream5_fed,nf_sized,1600,1.600,962,1394.372,65,333.032,1061.340,1.830588,-0.230588,45,tace_rd_data[3],_1906_,0.853136,0.746864,24,_1884_,_1906_,0.144580,1.455420,2,_1847_,tace_rd_addr[5],0.253565,1.346435,5,start,tace_rd_en,1.830588,546.27,in2reg,no
tace_stream5_fed,nf_sized,1650,1.650,962,1394.372,65,333.032,1061.340,1.830588,-0.180588,45,tace_rd_data[3],_1906_,0.853136,0.796864,24,_1884_,_1906_,0.144580,1.505420,2,_1847_,tace_rd_addr[5],0.253565,1.396435,5,start,tace_rd_en,1.830588,546.27,in2reg,no
tace_stream5_fed,nf_sized,1700,1.700,962,1394.372,65,333.032,1061.340,1.830588,-0.130588,45,tace_rd_data[3],_1906_,0.853136,0.846864,24,_1884_,_1906_,0.144580,1.555420,2,_1847_,tace_rd_addr[5],0.253565,1.446435,5,start,tace_rd_en,1.830588,546.27,in2reg,no
tace_stream5_fed,nf_sized,1750,1.750,962,1394.372,65,333.032,1061.340,1.830588,-0.080588,45,tace_rd_data[3],_1906_,0.853136,0.896864,24,_1884_,_1906_,0.144580,1.605420,2,_1847_,tace_rd_addr[5],0.253565,1.496435,5,start,tace_rd_en,1.830588,546.27,in2reg,no
tace_stream5_fed,nf_sized,1800,1.800,962,1394.372,65,333.032,1061.340,1.830588,-0.030588,45,tace_rd_data[3],_1906_,0.853136,0.946864,24,_1884_,_1906_,0.144580,1.655420,2,_1847_,tace_rd_addr[5],0.253565,1.546435,5,start,tace_rd_en,1.830588,546.27,in2reg,no
tace_stream5_fed,nf_sized,1850,1.850,962,1367.772,65,333.032,1034.740,1.867327,-0.017327,44,tace_rd_data[1],_1906_,0.876955,0.973045,24,_1884_,_1906_,0.144580,1.705420,2,_1847_,tace_rd_addr[5],0.253565,1.596435,5,start,tace_rd_en,1.867327,535.52,in2reg,no
tace_stream5_fed,nf_sized,1900,1.900,962,1340.108,65,333.032,1007.076,1.909531,-0.009531,44,tace_rd_data[4],_1906_,0.911875,0.988125,24,_1883_,_1906_,0.144580,1.755420,2,_1847_,tace_rd_addr[5],0.253565,1.646435,5,start,tace_rd_en,1.909531,523.69,in2reg,no
tace_stream5_fed,nf_sized,1950,1.950,962,1324.946,65,333.032,991.914,1.964142,-0.014142,44,tace_rd_data[4],_1906_,0.930785,1.019215,24,_1884_,_1906_,0.144580,1.805420,2,_1847_,tace_rd_addr[5],0.253565,1.696435,5,start,tace_rd_en,1.964142,509.13,in2reg,no
tace_stream5_fed,nf_sized,2000,2.000,962,1317.232,65,333.032,984.200,2.001092,-0.001092,44,tace_rd_data[4],_1906_,0.940255,1.059745,24,_1884_,_1906_,0.144580,1.855420,2,_1847_,tace_rd_addr[5],0.253565,1.746435,5,start,tace_rd_en,2.001092,499.73,in2reg,no
tace_stream5_fed,nf_sized,2050,2.050,962,1312.976,65,333.032,979.944,2.032115,0.017885,44,tace_rd_data[4],_1906_,0.940248,1.109752,24,_1884_,_1906_,0.144580,1.905420,2,_1847_,tace_rd_addr[5],0.253565,1.796435,5,start,tace_rd_en,2.032115,492.10,in2reg,yes
tace_stream5_fed,nf_sized,2100,2.100,962,1311.114,65,333.032,978.082,2.070153,0.029847,43,tace_rd_data[4],_1906_,0.936775,1.163225,24,_1884_,_1906_,0.144580,1.955420,2,_1847_,tace_rd_addr[5],0.253565,1.846435,5,start,tace_rd_en,2.070153,483.06,in2reg,yes
tace_stream5_fed,nf_sized,2150,2.150,962,1308.986,65,333.032,975.954,2.102119,0.047881,44,tace_rd_data[4],_1906_,0.936775,1.213225,24,_1884_,_1906_,0.144580,2.005420,2,_1847_,tace_rd_addr[5],0.253565,1.896435,5,start,tace_rd_en,2.102119,475.71,in2reg,yes
tace_stream5_fed,nf_sized,2200,2.200,962,1306.858,65,333.032,973.826,2.142153,0.057847,45,tace_rd_data[5],_1906_,0.936775,1.263225,24,_1884_,_1906_,0.144580,2.055420,2,_1847_,tace_rd_addr[5],0.253565,1.946435,5,start,tace_rd_en,2.142153,466.82,in2reg,yes
tace_stream5_fed,nf_sized,2250,2.250,962,1306.858,65,333.032,973.826,2.142153,0.107847,45,tace_rd_data[5],_1906_,0.936775,1.313225,24,_1884_,_1906_,0.144580,2.105420,2,_1847_,tace_rd_addr[5],0.253565,1.996435,5,start,tace_rd_en,2.142153,466.82,in2reg,yes
tace_stream5_fed,nf_sized,2300,2.300,962,1306.858,65,333.032,973.826,2.142153,0.157847,45,tace_rd_data[5],_1906_,0.936775,1.363225,24,_1884_,_1906_,0.144580,2.155420,2,_1847_,tace_rd_addr[5],0.253565,2.046435,5,start,tace_rd_en,2.142153,466.82,in2reg,yes
tace_stream5_fed,nf_sized,2350,2.350,962,1306.858,65,333.032,973.826,2.142153,0.207847,45,tace_rd_data[5],_1906_,0.936775,1.413225,24,_1884_,_1906_,0.144580,2.205420,2,_1847_,tace_rd_addr[5],0.253565,2.096435,5,start,tace_rd_en,2.142153,466.82,in2reg,yes
tace_stream5_fed,nf_sized,2400,2.400,962,1306.858,65,333.032,973.826,2.142153,0.257847,45,tace_rd_data[5],_1906_,0.936775,1.463225,24,_1884_,_1906_,0.144580,2.255420,2,_1847_,tace_rd_addr[5],0.253565,2.146435,5,start,tace_rd_en,2.142153,466.82,in2reg,yes
tace_stream5_fed,nf_sized,2450,2.450,962,1306.858,65,333.032,973.826,2.142153,0.307847,45,tace_rd_data[5],_1906_,0.936775,1.513225,24,_1884_,_1906_,0.144580,2.305420,2,_1847_,tace_rd_addr[5],0.253565,2.196435,5,start,tace_rd_en,2.142153,466.82,in2reg,yes
tace_stream5_fed,nf_sized,2500,2.500,962,1306.858,65,333.032,973.826,2.142153,0.357847,45,tace_rd_data[5],_1906_,0.936775,1.563225,24,_1884_,_1906_,0.144580,2.355420,2,_1847_,tace_rd_addr[5],0.253565,2.246435,5,start,tace_rd_en,2.142153,466.82,in2reg,yes
tace_stream5_fed,nf_sized,2550,2.550,962,1306.858,65,333.032,973.826,2.142153,0.407847,45,tace_rd_data[5],_1906_,0.936775,1.613225,24,_1884_,_1906_,0.144580,2.405420,2,_1847_,tace_rd_addr[5],0.253565,2.296435,5,start,tace_rd_en,2.142153,466.82,in2reg,yes
tace_stream5_fed,nf_sized,2600,2.600,962,1306.858,65,333.032,973.826,2.142153,0.457847,45,tace_rd_data[5],_1906_,0.936775,1.663225,24,_1884_,_1906_,0.144580,2.455420,2,_1847_,tace_rd_addr[5],0.253565,2.346435,5,start,tace_rd_en,2.142153,466.82,in2reg,yes
tace_stream5_fed,nf_sized,2650,2.650,962,1306.858,65,333.032,973.826,2.142153,0.507847,45,tace_rd_data[5],_1906_,0.936775,1.713225,24,_1884_,_1906_,0.144580,2.505420,2,_1847_,tace_rd_addr[5],0.253565,2.396435,5,start,tace_rd_en,2.142153,466.82,in2reg,yes
tace_stream5_fed,nf_sized,2700,2.700,962,1306.858,65,333.032,973.826,2.142153,0.557847,45,tace_rd_data[5],_1906_,0.936775,1.763225,24,_1884_,_1906_,0.144580,2.555420,2,_1847_,tace_rd_addr[5],0.253565,2.446435,5,start,tace_rd_en,2.142153,466.82,in2reg,yes
tace_stream5_fed,nf_sized,2750,2.750,962,1306.858,65,333.032,973.826,2.142153,0.607847,45,tace_rd_data[5],_1906_,0.936775,1.813225,24,_1884_,_1906_,0.144580,2.605420,2,_1847_,tace_rd_addr[5],0.253565,2.496435,5,start,tace_rd_en,2.142153,466.82,in2reg,yes
tace_stream5_fed,nf_sized,2800,2.800,962,1306.858,65,333.032,973.826,2.142153,0.657847,45,tace_rd_data[5],_1906_,0.936775,1.863225,24,_1884_,_1906_,0.144580,2.655420,2,_1847_,tace_rd_addr[5],0.253565,2.546435,5,start,tace_rd_en,2.142153,466.82,in2reg,yes
tace_stream5_fed,nf_sized,2850,2.850,962,1306.858,65,333.032,973.826,2.142153,0.707847,45,tace_rd_data[5],_1906_,0.936775,1.913225,24,_1884_,_1906_,0.144580,2.705420,2,_1847_,tace_rd_addr[5],0.253565,2.596435,5,start,tace_rd_en,2.142153,466.82,in2reg,yes
tace_stream5_fed,nf_sized,2900,2.900,962,1306.858,65,333.032,973.826,2.142153,0.757847,45,tace_rd_data[5],_1906_,0.936775,1.963225,24,_1884_,_1906_,0.144580,2.755420,2,_1847_,tace_rd_addr[5],0.253565,2.646435,5,start,tace_rd_en,2.142153,466.82,in2reg,yes
tace_stream5_fed,nf_sized,2950,2.950,962,1306.858,65,333.032,973.826,2.142153,0.807847,45,tace_rd_data[5],_1906_,0.936775,2.013225,24,_1884_,_1906_,0.144580,2.805420,2,_1847_,tace_rd_addr[5],0.253565,2.696435,5,start,tace_rd_en,2.142153,466.82,in2reg,yes
tace_stream5_fed,nf_sized,3000,3.000,962,1306.858,65,333.032,973.826,2.142153,0.857847,45,tace_rd_data[5],_1906_,0.936775,2.063225,24,_1884_,_1906_,0.144580,2.855420,2,_1847_,tace_rd_addr[5],0.253565,2.746435,5,start,tace_rd_en,2.142153,466.82,in2reg,yes
